{
    "nn.conv2d": [
        0.13890826422936042,
        0.29431739248315303,
        0.12238243712534548,
        1.968262862183088,
        0.10219696887045206
    ],
    "nn.conv2d_transpose": [],
    "nn.dense": [
        0.053623647566140645,
        0.023947377505998266,
        0.007206277393108135
    ],
    "nn.layer_norm": [],
    "nn.relu": [
        0.001666084246993042,
        0.0015544214393969239,
        0.0013740430578955021,
        0.0012025225433428112,
        0.0012280224633467323,
        0.0012025225433428112,
        0.0012025225433428112
    ],
    "nn.bias_add": [
        0.0018724993889195198,
        0.001666084246993042,
        0.0014773848389640248,
        0.0012540592237717885,
        0.0012712381172481145,
        0.001314185350938929,
        0.0012712381172481145,
        0.0013053274839901986
    ],
    "nn.max_pool2d": [
        0.0016319948802509577,
        0.0016319948802509577,
        0.0014344376052732102
    ],
    "nn.adaptive_avg_pool2d": [
        0.0011421279959651029
    ],
    "nn.batch_matmul": [],
    "nn.softmax": [],
    "nn.batch_norm": [],
    "multiply": [],
    "add": [],
    "squeeze": [],
    "reshape": [],
    "transpose": [],
    "latency": 2.738612492879232,
    "batch_size": 1,
    "model_name": "alexnet",
    "sm_partition": 30
}