{
    "nn.conv2d": [
        0.1860563213740051,
        0.4782666152896125,
        0.17422394580442693,
        3.782234419730884,
        0.14549670239854978
    ],
    "nn.conv2d_transpose": [],
    "nn.dense": [
        0.07078407306195675,
        0.03141798983217454,
        0.008085375551111626
    ],
    "nn.layer_norm": [],
    "nn.relu": [
        0.0014972106806242548,
        0.0011546945457154133,
        0.0007238734697753859,
        0.0005785635943595136,
        0.0005837532327672233,
        0.00036578841964341494,
        0.00036578841964341494
    ],
    "nn.bias_add": [
        0.0017202840440556522,
        0.0013181681555582696,
        0.0008120973227064512,
        0.000638325524148296,
        0.0006538133512713046,
        0.0003865469732742539,
        0.00038403324217051936,
        0.0003813573348665442
    ],
    "nn.max_pool2d": [
        0.0012480269489540678,
        0.001011979489503396,
        0.0005993221479903526
    ],
    "nn.adaptive_avg_pool2d": [
        0.00041776589182063265
    ],
    "nn.batch_matmul": [],
    "nn.softmax": [],
    "nn.batch_norm": [],
    "multiply": [],
    "add": [],
    "squeeze": [],
    "reshape": [],
    "transpose": [],
    "latency": 4.8917388916015625,
    "batch_size": 1,
    "model_name": "alexnet",
    "sm_partition": 5
}