{
    "nn.conv2d": [
        0.031155223312195807,
        0.13724903381350037,
        0.13404045906627626,
        0.1320903877902911,
        0.07253777863116832,
        0.011064147792194659,
        0.010435364598448354,
        0.010465351278328953,
        0.26301316923273144,
        0.013702975621687347,
        0.008905106840791552,
        0.008846070564776622,
        0.008996003964179617,
        0.00893509352067215,
        0.008905106840791552,
        0.009085964003821412,
        0.008785160121269158,
        0.008815146801149755,
        0.32454583634771994,
        0.0830921528653928,
        0.07361729910686987,
        0.07046776063566072
    ],
    "nn.conv2d_transpose": [],
    "nn.dense": [
        0.008276323647045248
    ],
    "nn.layer_norm": [],
    "nn.relu": [],
    "nn.bias_add": [
        0.005697469177313757,
        0.005606572053925693,
        0.0124735217465828,
        0.005876452172851081,
        0.005546598694164494,
        0.012353575027060406,
        0.005517549098030164,
        0.005697469177313757,
        0.013224125827344037,
        0.0057265187734480884,
        0.005306705255119705,
        0.004887828820537592,
        0.007946470168358661,
        0.00539760237850777,
        0.0046769849776271315,
        0.007675652965687003,
        0.00539760237850777,
        0.004796931697149527,
        0.007706576729313871,
        0.00518675853559731,
        0.004527988661970407,
        0.004258108543045019,
        0.006387162814567528,
        0.005366678614880903,
        0.004347131498940547,
        0.006116345611895872,
        0.00518675853559731,
        0.0044670782184629415,
        0.006147269375522739,
        0.004976851776433118,
        0.004258108543045019,
        0.006207242735283935,
        0.005217682299224177,
        0.004287158139179349,
        0.006327189454806331,
        0.004887828820537592,
        0.0046170116178659345,
        0.006267216095045132,
        0.005096798495955513,
        0.004258108543045019,
        0.006116345611895872,
        0.005306705255119705,
        0.004347131498940547,
        0.006327189454806331,
        0.005036825136194316,
        0.0044980019820898085,
        0.006327189454806331,
        0.0054266519746421,
        0.0045879620217316045,
        0.004258108543045019,
        0.005697469177313757,
        0.00494780218029879,
        0.004707908741253999,
        0.005486625334403298,
        0.004887828820537592,
        0.004407104858701744,
        0.005337629018746571,
        0.004647935381492802,
        0.0044670782184629415
    ],
    "nn.max_pool2d": [],
    "nn.adaptive_avg_pool2d": [
        0.006836963012776509
    ],
    "nn.batch_matmul": [
        0.15410061082265056,
        0.0937983346665128,
        0.15374170774782964,
        0.09337758406443816,
        0.15062215595650114,
        0.09250797034790079,
        0.2148536242607436,
        0.20576859734066844,
        0.20861733192932527,
        0.20648734057405652,
        0.20798761165183274,
        0.20537877050222064,
        0.3222068753170333,
        0.3410975465580642,
        0.3362397044174072,
        0.33953917628801933,
        0.32949270144427245,
        0.3374991449723923,
        0.32181611139483923,
        0.3383387720090491,
        0.32217595155340645,
        0.3380098556141088,
        0.3507232707997364,
        0.34307666743018367,
        0.3447568585872435,
        0.340737706399497,
        0.3426577909956016,
        0.3389984789664223,
        0.3217570751188243,
        0.33881949597088495,
        0.5728046219954506,
        0.582431283320869,
        0.5726256389999131,
        0.580241318605839,
        0.5818006259596302,
        0.5824012966409884
    ],
    "nn.softmax": [],
    "nn.batch_norm": [],
    "multiply": [
        0.005546598694164494,
        0.005786492133209285,
        0.005217682299224177,
        0.005517549098030164,
        0.013283162103358965,
        0.013763886065194813,
        0.021079698872314635,
        0.005757442537074955,
        0.005337629018746571,
        0.005546598694164494,
        0.012593468466105194,
        0.012893335264911182,
        0.02056992531434446,
        0.005306705255119705,
        0.005157708939462979,
        0.005546598694164494,
        0.013344072546866434,
        0.01364393934567242,
        0.02030004519541907,
        0.005337629018746571,
        0.005337629018746571,
        0.005757442537074955,
        0.00494780218029879,
        0.005757442537074955,
        0.006717016293254115,
        0.006387162814567528,
        0.010164547395776697,
        0.005096798495955513,
        0.004976851776433118,
        0.005306705255119705,
        0.006207242735283935,
        0.006537096213970523,
        0.009565750881910993,
        0.0046769849776271315,
        0.0046769849776271315,
        0.005306705255119705,
        0.006597069573731719,
        0.006776989653015313,
        0.009924653956731906,
        0.004736958337388329,
        0.004976851776433118,
        0.005096798495955513,
        0.0044670782184629415,
        0.005306705255119705,
        0.005546598694164494,
        0.005246731895358508,
        0.0060273226560003425,
        0.004767882101015197,
        0.004258108543045019,
        0.00494780218029879,
        0.005337629018746571,
        0.005157708939462979,
        0.005366678614880903,
        0.004407104858701744,
        0.004287158139179349,
        0.005096798495955513,
        0.005306705255119705,
        0.005337629018746571,
        0.005457575738268967,
        0.0044670782184629415,
        0.004227184779418152,
        0.005217682299224177,
        0.005306705255119705,
        0.005127722259582383,
        0.005337629018746571,
        0.004287158139179349,
        0.004107238059895757,
        0.004887828820537592,
        0.005517549098030164,
        0.00518675853559731,
        0.005517549098030164,
        0.004258108543045019,
        0.004258108543045019,
        0.004916878416671921,
        0.005546598694164494,
        0.005127722259582383,
        0.00539760237850777,
        0.004407104858701744,
        0.004258108543045019,
        0.004887828820537592,
        0.00539760237850777,
        0.005127722259582383,
        0.0054266519746421,
        0.004258108543045019,
        0.004258108543045019,
        0.004887828820537592,
        0.005337629018746571,
        0.005127722259582383,
        0.005366678614880903,
        0.004287158139179349,
        0.004167211419656954,
        0.004976851776433118,
        0.005217682299224177,
        0.0054266519746421,
        0.005337629018746571,
        0.004287158139179349,
        0.004258108543045019,
        0.005096798495955513,
        0.004287158139179349,
        0.004887828820537592,
        0.005157708939462979,
        0.0046769849776271315,
        0.005096798495955513,
        0.004916878416671921,
        0.004018215104000229,
        0.004527988661970407,
        0.004856905056910724,
        0.004557038258104737,
        0.004707908741253999,
        0.004287158139179349,
        0.004018215104000229,
        0.0044670782184629415,
        0.004767882101015197,
        0.004707908741253999,
        0.0046769849776271315,
        0.004107238059895757,
        0.004227184779418152,
        0.004647935381492802
    ],