{
    "nn.conv2d": [
        0.017690739798379804,
        0.06914920005987686,
        0.0690620722193281,
        0.0660427847557462,
        0.07703237554604996,
        0.009193881261384963,
        0.00917494042648306,
        0.009099058706657299,
        0.04612093298614006,
        0.004765514061319441,
        0.004549470163219581,
        0.004424579033085141,
        0.004435825153808147,
        0.004424579033085141,
        0.004466248869869334,
        0.004572199165101868,
        0.004424579033085141,
        0.00442079086610476,
        0.05157589343788887,
        0.04186303330019169,
        0.04046508130421292,
        0.04110906969087771
    ],
    "nn.conv2d_transpose": [],
    "nn.dense": [
        0.0027653618956782135
    ],
    "nn.layer_norm": [],
    "nn.relu": [],
    "nn.bias_add": [
        0.0034472319521468135,
        0.003655581136067775,
        0.009458934569793504,
        0.0034889017889310056,
        0.0037351326426557784,
        0.009587732247126463,
        0.0034130200691052472,
        0.0037047089265945924,
        0.009303738103816015,
        0.003428291117244908,
        0.0020342456684646583,
        0.0019962456184427105,
        0.005458748618729185,
        0.0021781960137191403,
        0.0020342456684646583,
        0.005405714281003849,
        0.0021629249655794793,
        0.001988669284481948,
        0.005382866898903425,
        0.002102314293893381,
        0.001325740062915253,
        0.0013220702761530087,
        0.0036593693030481564,
        0.0014243507846232986,
        0.0013220702761530087,
        0.0036668272567907815,
        0.0013749862336602076,
        0.0012840702261310607,
        0.0036440982549084946,
        0.0013711980666798265,
        0.001295553107290341,
        0.0036328521341854876,
        0.00139404544878025,
        0.001295553107290341,
        0.0037124036407734915,
        0.0013902572817998688,
        0.001303129441251103,
        0.003663157470028537,
        0.00139404544878025,
        0.0013182821091726276,
        0.003655581136067775,
        0.0014243507846232986,
        0.0013105873949937287,
        0.0036025467983424393,
        0.0013902572817998688,
        0.001295553107290341,
        0.003610004752085065,
        0.0013902572817998688,
        0.0009507115318575229,
        0.0009584062460364219,
        0.0022462646391478635,
        0.0009923813686417149,
        0.00101901691772252,
        0.0022197474702851964,
        0.0009810168677005717,
        0.0009772287007201905,
        0.0022197474702851964,
        0.0009544996988379038,
        0.0005606487130964048
    ],
    "nn.max_pool2d": [],
    "nn.adaptive_avg_pool2d": [
        0.0011326619271339528
    ],
    "nn.batch_matmul": [
        0.2827979112061732,
        0.16285318010636599,
        0.28283579287597704,
        0.16243648173852404,
        0.28288882721370234,
        0.1629783079969367,
        0.3797069172785009,
        0.39412077425863296,
        0.3797333160671455,
        0.3888060943653764,
        0.37860065414001154,
        0.37825214277781655,
        0.5885788682427547,
        0.6023261262145579,
        0.5880787118211264,
        0.6065573903514254,
        0.5886167499125586,
        0.5990113617265063,
        0.591703987621351,
        0.5920184054807227,
        0.5891583394105351,
        0.6022617273758913,
        0.5894310874331224,
        0.5964278318458863,
        0.5887454292096735,
        0.5874424181486406,
        0.5902267208792206,
        0.5925752660268387,
        0.5920033711930193,
        0.5970719386127692,
        1.0207556863665144,
        1.047288007897104,
        1.0202177666553005,
        1.0482955419336668,
        1.0216042357701198,
        1.0323208417774
    ],
    "nn.softmax": [],
    "nn.batch_norm": [],
    "multiply": [
        0.003363892278578429,
        0.0031328140927751815,
        0.003291798725733051,
        0.003106296923912513,
        0.010250779848911295,
        0.010072617620615246,
        0.01086813268649528,
        0.0034245029502645266,
        0.0032805526050100446,
        0.0031025087569321323,
        0.010042312284772198,
        0.010425035530008824,
        0.011050083081771706,
        0.0034889017889310056,
        0.0033032816068923315,
        0.0030987205899517508,
        0.010364424858322728,
        0.010178686296065918,
        0.010720394174260415,
        0.003462266239850201,
        0.0032805526050100446,
        0.0030987205899517508,
        0.0019698468297981793,
        0.0019812113307393223,
        0.004738878512238637,
        0.004674479673572158,
        0.006773124180703295,
        0.0019848811175015666,
        0.0019812113307393223,
        0.0019471178279158925,
        0.004651869051908008,
        0.004704903389633344,
        0.006780818894882195,
        0.00196215211561928,
        0.001977423163758941,
        0.0019924574514623293,
        0.004674479673572158,
        0.00465565721888839,
        0.006667173885470761,
        0.0019394231137369934,
        0.0020001521656412284,
        0.0019698468297981793,
        0.0012727057251899173,
        0.0013182821091726276,
        0.0031669075955986117,
        0.00311754304463552,
        0.003363892278578429,
        0.00129176494030996,
        0.0012349424356042432,
        0.0012463069365453864,
        0.0031290259257948008,
        0.0031100850908928946,
        0.003371468612539192,
        0.0012689175582095362,
        0.0012766122723884355,
        0.0012463069365453864,
        0.0031554247144393315,
        0.0031100850908928946,
        0.0033486212304387683,
        0.0012840702261310607,
        0.0012614596044669111,
        0.0012766122723884355,
        0.0031328140927751815,
        0.0031440602134981876,
        0.0033904094474410977,
        0.0012840702261310607,
        0.0012463069365453864,
        0.0012727057251899173,
        0.0031290259257948008,
        0.0031100850908928946,
        0.003397985781401859,
        0.00129176494030996,
        0.0012463069365453864,
        0.0012766122723884355,
        0.003147848380478569,
        0.0030987205899517508,
        0.0032993750596938135,
        0.0012652477714472923,
        0.0012463069365453864,
        0.0012424003893468684,
        0.0031328140927751815,
        0.0031290259257948008,
        0.0033486212304387683,
        0.0012727057251899173,
        0.0012424003893468684,
        0.0012463069365453864,
        0.0031896365974808977,
        0.0031213312116159016,
        0.0033032816068923315,
        0.0012424003893468684,
        0.0012424003893468684,
        0.0012614596044669111,
        0.0031290259257948008,
        0.0031290259257948008,
        0.0033373751097157613,
        0.0012689175582095362,
        0.0012463069365453864,
        0.0012727057251899173,
        0.0008901008601714249,
        0.0009507115318575229,
        0.0019924574514623293,
        0.0018827189892494135,
        0.0019433296609355115,
        0.0009281009101933729,
        0.0008294901884853271,
        0.0008940074073699427,
        0.001924388826033606,
        0.0018902953232101758,
        0.001924388826033606,
        0.0009166180290340927,
        0.0008333967356838451,
        0.0009241943629948548,
        0.001863778154347508,
        0.0018333544382863219,
        0.0019130243250924626,
        0.0009205245762326106,
        0.0005379197112141181,
        0.000598412002682079
    ],