{
    "nn.conv2d": [
        0.03552176749794948,
        0.14626938501342326,
        0.13976578509941262,
        0.13855142871061027,
        0.0815272327358281,
        0.01233419572355936,
        0.011828652734292129,
        0.012267843206218033,
        0.29520340286610924,
        0.01563812980133288,
        0.01014350943673471,
        0.00990758937507667,
        0.009841236857735346,
        0.00990758937507667,
        0.010110859785344532,
        0.00990758937507667,
        0.010077156919393385,
        0.01021196838319798,
        0.36392249332593996,
        0.09133371351305129,
        0.07970727797446608,
        0.0795724665106615
    ],
    "nn.conv2d_transpose": [],
    "nn.dense": [
        0.009436802466321566
    ],
    "nn.layer_norm": [],
    "nn.relu": [],
    "nn.bias_add": [
        0.006201327335011315,
        0.00626873306691361,
        0.014188906565433493,
        0.006403544530718205,
        0.006336138798815907,
        0.014728152420651869,
        0.00623397698640149,
        0.006706870324278541,
        0.014222609431384644,
        0.00623397698640149,
        0.005358755686232603,
        0.0050891327586234155,
        0.008963909128444513,
        0.006166571254499192,
        0.005055429892672266,
        0.008796448013249745,
        0.005796892943597532,
        0.0052239442224280095,
        0.008862800530591068,
        0.005628378613841791,
        0.005256593873818184,
        0.0048184566164532535,
        0.007649497356349724,
        0.006403544530718205,
        0.004885862348355551,
        0.006976493251887726,
        0.005661028265231965,
        0.004785806965063077,
        0.0072798190454480645,
        0.005864298675499829,
        0.004718401233160783,
        0.007043898983790025,
        0.005829542594987708,
        0.0048184566164532535,
        0.007143954367082498,
        0.006133921603109016,
        0.0048184566164532535,
        0.007245062964935943,
        0.005864298675499829,
        0.004885862348355551,
        0.007414630509252658,
        0.006166571254499192,
        0.004853212696965375,
        0.006739519975668716,
        0.005796892943597532,
        0.0048184566164532535,
        0.007211360098984794,
        0.005999110139304422,
        0.005055429892672266,
        0.004920618428867673,
        0.006099165522596895,
        0.005864298675499829,
        0.005256593873818184,
        0.006031759790694598,
        0.005931704407402126,
        0.0048184566164532535,
        0.006031759790694598,
        0.005358755686232603,
        0.0050891327586234155
    ],
    "nn.max_pool2d": [],
    "nn.adaptive_avg_pool2d": [
        0.007649497356349724
    ],
    "nn.batch_matmul": [
        0.14337093854162453,
        0.0850649804461377,
        0.1434383442735268,
        0.08503127758018655,
        0.1420902296354809,
        0.08530090050779573,
        0.1787262981389402,
        0.1857701971227302,
        0.1778837264901615,
        0.1850624369377561,
        0.17700639876087068,
        0.1852298980529509,
        0.2718799664133535,
        0.31481741763511667,
        0.2733976485957162,
        0.3102338278657605,
        0.2718473167619634,
        0.3102338278657605,
        0.2721158864750116,
        0.3135714648094851,
        0.2713744234240863,
        0.3109078851847835,
        0.2742054641639827,
        0.3090552807720312,
        0.27171250529815877,
        0.3093923094315427,
        0.2724876712150352,
        0.3092574979677381,
        0.272218048287426,
        0.3091216332893726,
        0.4721771519755897,
        0.5448057748857537,
        0.47150204144200575,
        0.5433239019984639,
        0.472243504492931,
        0.5454808854193376
    ],
    "nn.softmax": [],
    "nn.batch_norm": [],
    "multiply": [
        0.005964354058792302,
        0.006436194182108379,
        0.005628378613841791,
        0.006336138798815907,
        0.014659693474188598,
        0.014694449554700721,
        0.023457194701999317,
        0.006166571254499192,
        0.005593622533329668,
        0.006166571254499192,
        0.015064127865602383,
        0.014728152420651869,
        0.022343946911050443,
        0.0058969483268900055,
        0.0056957843457440885,
        0.0058969483268900055,
        0.014524882010384007,
        0.015098883946114501,
        0.022310244045099296,
        0.005796892943597532,
        0.005628378613841791,
        0.0064709502626205005,
        0.005323999605720481,
        0.006403544530718205,
        0.007414630509252658,
        0.006976493251887726,
        0.010751214238416353,
        0.005593622533329668,
        0.005055429892672266,
        0.006133921603109016,
        0.007143954367082498,
        0.006976493251887726,
        0.011088242897927838,
        0.005358755686232603,
        0.0050891327586234155,
        0.00623397698640149,
        0.007111304715692322,
        0.007414630509252658,
        0.010582699908660611,
        0.0050891327586234155,
        0.0050891327586234155,
        0.006166571254499192,
        0.005055429892672266,
        0.005864298675499829,
        0.006166571254499192,
        0.005628378613841791,
        0.006436194182108379,
        0.005189188141915886,
        0.0048184566164532535,
        0.005593622533329668,
        0.0058969483268900055,
        0.005829542594987708,
        0.005999110139304422,
        0.0048184566164532535,
        0.005055429892672266,
        0.006166571254499192,
        0.005964354058792302,
        0.005593622533329668,
        0.0058969483268900055,
        0.005055429892672266,
        0.0048184566164532535,
        0.005829542594987708,
        0.006133921603109016,
        0.005661028265231965,
        0.005999110139304422,
        0.0048184566164532535,
        0.0048184566164532535,
        0.005864298675499829,
        0.005829542594987708,
        0.005526216801427372,
        0.005999110139304422,
        0.0048184566164532535,
        0.004853212696965375,
        0.005593622533329668,
        0.006031759790694598,
        0.005796892943597532,
        0.0058969483268900055,
        0.005121782410013591,
        0.005020673812160145,
        0.005864298675499829,
        0.005931704407402126,
        0.005728433997134262,
        0.005999110139304422,
        0.0050891327586234155,
        0.004853212696965375,
        0.005728433997134262,
        0.00623397698640149,
        0.005931704407402126,
        0.005999110139304422,
        0.0048184566164532535,
        0.004785806965063077,
        0.005864298675499829,
        0.006166571254499192,
        0.005999110139304422,
        0.0058969483268900055,
        0.004853212696965375,
        0.0048184566164532535,
        0.005728433997134262,
        0.0048184566164532535,
        0.005323999605720481,
        0.005493567150037197,
        0.0050891327586234155,
        0.0054261614181349,
        0.005055429892672266,
        0.00468364515264866,
        0.005055429892672266,
        0.005189188141915886,
        0.0050891327586234155,
        0.0051565384905257125,
        0.004853212696965375,
        0.004548833688844066,
        0.005055429892672266,
        0.0051565384905257125,
        0.005358755686232603,
        0.0050891327586234155,
        0.0048184566164532535,
        0.004920618428867673,
        0.005055429892672266
    ],