{
    "nn.conv2d": [
        0.014139170470881274,
        0.051555404658306166,
        0.05048248807870487,
        0.05083493236006158,
        0.05926227023009009,
        0.006941216181645911,
        0.006568465820657669,
        0.006709506497788355,
        0.060738160172921905,
        0.0038381638733008035,
        0.0035308966838375234,
        0.003586462932751733,
        0.003495636514554852,
        0.003500673681595234,
        0.0034905993475144704,
        0.003500673681595234,
        0.0035308966838375234,
        0.003535933850877905,
        0.0672209941538931,
        0.029910697885786222,
        0.028641174380140036,
        0.02860607162232738
    ],
    "nn.conv2d_transpose": [],
    "nn.dense": [
        0.002286716424863256
    ],
    "nn.layer_norm": [],
    "nn.relu": [],
    "nn.bias_add": [
        0.002679615454013025,
        0.003037254313880122,
        0.006855584341959422,
        0.0026947269551341694,
        0.0030827462287135684,
        0.006764757923762541,
        0.0026493924517707345,
        0.0030474860594308967,
        0.006754683589681778,
        0.0026696985314022736,
        0.0017124793822597484,
        0.001616773208492497,
        0.004059956634547608,
        0.001798268633416248,
        0.0016370792881240355,
        0.004049882300466845,
        0.001717673960770142,
        0.0016268475425732605,
        0.004054919467507227,
        0.0017124793822597484,
        0.0012490600145446367,
        0.0011735025089389122,
        0.0029014082152598293,
        0.0012692086827061637,
        0.0011887714215300688,
        0.002815776375573342,
        0.001304468851988835,
        0.0011634281748581488,
        0.0028408047993052376,
        0.0012440228475042552,
        0.0011938085885704504,
        0.0028307304652244744,
        0.0012490600145446367,
        0.0011887714215300688,
        0.0028357676322648562,
        0.0012440228475042552,
        0.0011986883441408203,
        0.0027905905403714333,
        0.0012542545930550304,
        0.001203882922651214,
        0.0028458419663456194,
        0.0012893573508676898,
        0.0011835768430196753,
        0.0028307304652244744,
        0.0012893573508676898,
        0.0012139572567319774,
        0.0028105817970629477,
        0.0012440228475042552,
        0.000987127328444791,
        0.0010124705751167113,
        0.001868788971981591,
        0.0010374989988486075,
        0.0009923219069551848,
        0.0018031483889866182,
        0.0010072759966063176,
        0.0009923219069551848,
        0.0018536774708604465,
        0.0009972016625255545,
        0.0007555750560572473
    ],
    "nn.max_pool2d": [],
    "nn.adaptive_avg_pool2d": [
        0.0013096634304992285
    ],
    "nn.batch_matmul": [
        0.1897599993337874,
        0.10923096727067602,
        0.189291542799032,
        0.11008224850050052,
        0.1890497587810936,
        0.10992090174373831,
        0.25399914801124457,
        0.263494207882364,
        0.2563160874383501,
        0.28349679819971957,
        0.25357098881281215,
        0.27374484280954064,
        0.4032049155029193,
        0.42119783358263263,
        0.3962285965634608,
        0.4112291225982474,
        0.3935186006957355,
        0.41614036046261954,
        0.39687839111167006,
        0.42200378030909375,
        0.396772453192352,
        0.4218071733830488,
        0.3955385046789285,
        0.42273920669698944,
        0.3947527066206289,
        0.4212885025893595,
        0.3961982161497485,
        0.4228045324570444,
        0.3925865673817948,
        0.4115969932036652,
        0.6888174812710693,
        0.7174588130626792,
        0.6884747965008533,
        0.7320363744775438,
        0.6940460606589854,
        0.7128546849763004
    ],
    "nn.softmax": [],
    "nn.batch_norm": [],
    "multiply": [
        0.0025437693553927326,
        0.0024531003486658624,
        0.0025185835201908236,
        0.0023775428430601376,
        0.007293660463002614,
        0.007439738307173682,
        0.007822563002242686,
        0.0026696985314022736,
        0.0025185835201908236,
        0.002417682767913179,
        0.007127433950670021,
        0.007449812641254446,
        0.007863017750035752,
        0.0026493924517707345,
        0.002488203106478522,
        0.0024128030123428093,
        0.007510258645739025,
        0.007329078043755297,
        0.007852786004484975,
        0.002619326860998457,
        0.002493240273518904,
        0.002432951680504336,
        0.0016421164551644173,
        0.0017025624596489972,
        0.0035308966838375234,
        0.0034200790089491274,
        0.004936423699574015,
        0.0017074422152193664,
        0.0015966245403309708,
        0.0016318847096136423,
        0.0034553391782317982,
        0.0034706080908229555,
        0.004770039775771408,
        0.0016318847096136423,
        0.0015816704506798375,
        0.0016622651233259439,
        0.0034655709237825737,
        0.00346037634527218,
        0.004906200697331725,
        0.001616773208492497,
        0.001576475872169444,
        0.001616773208492497,
        0.0011735025089389122,
        0.0012289113463831102,
        0.0024682118497870074,
        0.0023926543441812826,
        0.0026090951154476814,
        0.0012289113463831102,
        0.0011332051726158589,
        0.0011835768430196753,
        0.0024128030123428093,
        0.0023876171771409008,
        0.0025687977791246284,
        0.0011835768430196753,
        0.0011585484192877789,
        0.0011835768430196753,
        0.002437831436074706,
        0.0024025712667920343,
        0.00257383494616501,
        0.0012188370123023468,
        0.0011585484192877789,
        0.0011887714215300688,
        0.002407765845302428,
        0.0023975340997516525,
        0.0025234632757611935,
        0.0012087626782215834,
        0.0011432795066966222,
        0.0011835768430196753,
        0.002432951680504336,
        0.0024025712667920343,
        0.002558880856513877,
        0.0011835768430196753,
        0.0011484740852070157,
        0.0011835768430196753,
        0.002432951680504336,
        0.0023775428430601376,
        0.0025637606120842466,
        0.0012087626782215834,
        0.0011735025089389122,
        0.0011835768430196753,
        0.0024025712667920343,
        0.0023622739304689807,
        0.002558880856513877,
        0.0012087626782215834,
        0.0011432795066966222,
        0.0011887714215300688,
        0.002407765845302428,
        0.002437831436074706,
        0.0025637606120842466,
        0.0011735025089389122,
        0.0011484740852070157,
        0.0011887714215300688,
        0.002432951680504336,
        0.0024025712667920343,
        0.002558880856513877,
        0.0011786970874493056,
        0.0011533538407773854,
        0.0011786970874493056,
        0.0009518671591621195,
        0.001047573332929371,
        0.0016018191188413643,
        0.0015413731143567842,
        0.0016370792881240355,
        0.000987127328444791,
        0.0009216441569198297,
        0.0009469874035917498,
        0.0015464102813971658,
        0.0015714387051290622,
        0.001616773208492497,
        0.0009469874035917498,
        0.0008712724865160132,
        0.0009115698228390664,
        0.0015212244461952577,
        0.0015464102813971658,
        0.001616773208492497,
        0.0009518671591621195,
        0.0007152777197341939,
        0.0007555750560572473
    ],