{
    "nn.conv2d": [
        0.10029415308732072,
        0.06562456930404938,
        0.01750891368519006,
        0.014416178971105184,
        0.09746398298256391,
        0.14469244660569375,
        0.11762618114096349,
        0.03086654270500435,
        0.01803957057983197,
        0.08410911780074251,
        0.14097784834320043,
        0.14469244660569375,
        0.07022083188628632,
        0.028652708472670138,
        0.11152639069057446,
        0.14124317679052134,
        0.11621109608858506,
        0.03652688291451805,
        0.023257696710477404,
        0.061995650019336726,
        0.12585412684590602,
        0.13593384400610936,
        0.07367010170145873,
        0.03396204125708215,
        0.1331064377393454,
        0.12841620466534898,
        0.048201334596640034,
        0.0722550166490803,
        0.02184261165809898,
        0.11099573379593256,
        0.13708636444915973,
        0.04439552968038009,
        0.081718397936861,
        0.02431901049976122,
        0.24206522293449104,
        0.15264953618732946,
        0.057487830252873434,
        0.09171243611928362,
        0.029714022261953955,
        0.23171741348897387,
        0.15096912268763008,
        0.08676240227395206,
        0.08950412956293526,
        0.03342862052444732,
        0.29911083910849623,
        0.2554228519543053,
        0.11488445385198029,
        0.17679718873152922,
        0.05801572330952243,
        0.4083377165889558,
        0.2541818886954813,
        0.09737554016679023,
        0.18059746597180332,
        0.05297724664841721,
        0.42098503924458786,
        0.24985095456056533,
        0.1930706668338811,
        0.17820950994591475,
        0.04749379207045083,
        0.2503788476172143,
        0.4964295249375056,
        0.12302119290315623,
        0.33847065596576403,
        0.06588989775137033,
        0.5215445207792296,
        0.4828065674703702,
        0.1072811355334392,
        0.3377603496015819,
        0.04749379207045083,
        0.5310106659050032,
        0.4827208884925896,
        0.10445096542868235,
        0.33749502115426094,
        0.04758223488622447,
        0.5277382817213782,
        0.4959845470206443,
        0.08393223216919521,
        0.3349301794968251,
        0.04758223488622447,
        0.45335510981774446,
        0.2535627889850658
    ],
    "nn.conv2d_transpose": [],
    "nn.dense": [
        0.06925072475076909
    ],
    "nn.layer_norm": [],
    "nn.relu": [],
    "nn.bias_add": [
        0.012558879839858502,
        0.012558879839858502,
        0.012912651102953109,
        0.012558879839858502,
        0.012821444449186533,
        0.013440544159602094,
        0.012735765471405806,
        0.012735765471405806,
        0.013175215712281143,
        0.012821444449186533,
        0.012205108576763898,
        0.011851337313669294,
        0.012558879839858502,
        0.012735765471405806,
        0.011851337313669294,
        0.021314718601449994,
        0.011851337313669294,
        0.020341847627939835,
        0.013175215712281143,
        0.036789447523846074,
        0.0335198271782139,
        0.025029316863943354,
        0.011851337313669294,
        0.02140039757923072,
        0.012735765471405806,
        0.013354865181821367,
        0.011937016291450017,
        0.01264455881763923,
        0.012467673186091925,
        0.011937016291450017,
        0.012821444449186533,
        0.012558879839858502,
        0.015565935576162654
    ],
    "nn.max_pool2d": [],
    "nn.adaptive_avg_pool2d": [
        0.12010257998262575,
        0.04501462939079566,
        0.07110802388201577,
        0.026532844732095433,
        0.0296255794461803,
        0.02202226112763921,
        0.02334890336424398,
        0.034047720234862876,
        0.03130599294587968,
        0.03908896073396101,
        0.0445724153119274,
        0.036880654177612646,
        0.037054775971167034,
        0.03493491223059232,
        0.03608190499765686,
        0.0354628052872413,
        0.038914838940406635
    ],
    "nn.batch_matmul": [],
    "nn.softmax": [],
    "nn.batch_norm": [
        0.24356045928866438,
        0.2327704357642789,
        0.2900786165476121,
        0.5119844051616965,
        0.22391509883494207,
        0.25965152408348313,
        0.2533748480015467,
        0.2428501529244822,
        0.1329184967558264,
        0.24310718985782442,
        0.1522819457342702,
        0.23249681580297912,
        0.20747026277702868,
        0.1795278606685407,
        0.11734979734167082,
        0.1805753552678599,
        0.12619407891903597,
        0.23948379824909757,
        0.15023946945749747,
        0.144230885660875,
        0.13318382520314737,
        0.2049966277733594,
        0.2202889433882223,
        0.1692629663628113,
        0.2175610352892037,
        0.2208251279588501,
        0.3898448765782838,
        0.22312187733097213,
        0.22560933152460608,
        0.13954065258687853,
        0.20879690501363352,
        0.23631091223321787,
        0.2004031290291154,
        0.19402971861742663,
        0.1791713255674532,
        0.642528765081599,
        0.14520099279639226,
        0.18942240068321795,
        0.10982663032492457,
        0.12778328576496875,
        0.1883693784079129,
        0.1083313939707513,
        0.1296350572202296,
        0.23498150615862012,
        0.10903340882095468,
        0.13609967428568492,
        0.20119358669509238,
        0.3580054628997693,
        0.18633242980712605
    ],
    "multiply": [
        0.05270915436310333,
        0.05173628338959317,
        0.01211390192299732,
        0.04855234202174171,
        0.1382361210542172,
        0.045548050123430495,
        0.012558879839858502,
        0.04368798715419088,
        0.05668908107291764,
        0.05616118801626867,
        0.013089536734500412,
        0.050498083968762056,
        0.05536243883631286,
        0.02431901049976122,
        0.012467673186091925,
        0.025029316863943354,
        0.033074849261352714,
        0.03183941367851452,
        0.012467673186091925,
        0.033254498730892944,
        0.032193184941609124,
        0.017600120338956637,
        0.011497566050574688,
        0.01768579931673736,
        0.022464475206507465,
        0.022284825736967235,
        0.012290787554544623,
        0.02272980365382842,
        0.03378239178754192,
        0.03086654270500435,
        0.021046626316136116,
        0.031574085231193566,
        0.03272107799825811,
        0.032193184941609124,
        0.02069561889103444,
        0.030333121972369516,
        0.03723442544070726,
        0.03935705301927489,
        0.012558879839858502,
        0.036701004708072416,
        0.03634723344497781,
        0.04006183170747117,
        0.023965239236666613,
        0.035109034024146696,
        0.036701004708072416,
        0.027771044152926555,
        0.011851337313669294,
        0.021931054473872627,
        0.03122031396809896,
        0.02838738002534919,
        0.012558879839858502,
        0.01874711310602118,
        0.017862684948284663,
        0.0296255794461803,
        0.011583245028355412,
        0.01750891368519006,
        0.017953891602051242,
        0.029539900468399587,
        0.011406359396808107,
        0.024584338947082174,
        0.02812481541602116,
        0.02803360876225458,
        0.011317916581034456,
        0.018130777233598544,
        0.03095222168278508
    ],
    "add": [
        0.02202226112763921,
        0.01582850018549068,
        0.024410217153527796,
        0.023257696710477404,
        0.0259994239994606,
        0.025117759679717005,
        0.013354865181821367,
        0.012205108576763898,
        0.012467673186091925
    ],
    "squeeze": [],
    "reshape": [],
    "transpose": [],
    "latency": 26.629764238993328,
    "batch_size": 1,
    "model_name": "efficientnet_b0",
    "sm_partition": 10
}