{
    "nn.conv2d": [
        0.04070561243388082,
        0.027749431754213297,
        0.038768832626122685,
        0.03161392687764957,
        0.05897660696978325,
        0.0582997915611439,
        0.05781937348090436,
        0.05201809854970995,
        0.041669470091719896,
        0.0863392870619169,
        0.06236370551033999,
        0.061103741111221195,
        0.09871534024846501,
        0.05047109190139143,
        0.08856310911887477,
        0.06381402424313859,
        0.05520577826450688,
        0.06033023778706193,
        0.04505354713491664,
        0.07580030427024705,
        0.06671466170873579,
        0.05752628823698465,
        0.09166014391287179,
        0.05394883536274809,
        0.14560897927561992,
        0.0624573719284999,
        0.0472773691918745,
        0.09175683182839171,
        0.0389652299545225,
        0.13168894093811326,
        0.08769291787919561,
        0.05569223933946641,
        0.1040361970994199,
        0.04428004381075739,
        0.2564133304614332,
        0.08991673993615347,
        0.053078644123068924,
        0.10151928979854229,
        0.034420897925086874,
        0.24935813412584007,
        0.09136705866895208,
        0.08865979703439467,
        0.10065212005622312,
        0.032583827530208644,
        0.2750771196541353,
        0.1154453711307689,
        0.08711279038607617,
        0.1962764685054111,
        0.06332756316817906,
        0.377273224861317,
        0.11583212279284853,
        0.05636905474810575,
        0.19588971684333148,
        0.05897660696978325,
        0.3734087297378807,
        0.1110944149323731,
        0.14406499412466137,
        0.19375956120453353,
        0.0583995009740238,
        0.27749129604477296,
        0.1098374720306143,
        0.049887942910911996,
        0.3716653257611624,
        0.07029211458297235,
        0.5713288928071302,
        0.09378425655694975,
        0.05172501330579023,
        0.3694415037042045,
        0.04805389401339375,
        0.5591462154516219,
        0.10210243878902175,
        0.0472773691918745,
        0.3649968810876487,
        0.04785749668499394,
        0.57152226863817,
        0.09214056199311134,
        0.04486319280123683,
        0.365864050829968,
        0.04795418460051385,
        0.43344890377838297,
        0.14996295697137568
    ],
    "nn.conv2d_transpose": [],
    "nn.dense": [
        0.04776080876947404
    ],
    "nn.layer_norm": [],
    "nn.relu": [],
    "nn.bias_add": [
        0.03499800392084632,
        0.0334509972725278,
        0.029486792736211628,
        0.03171061479316948,
        0.03393443685012734,
        0.03268051544572855,
        0.031810324206049394,
        0.03499800392084632,
        0.022915035978217948,
        0.023975581551576926,
        0.015760130229744835,
        0.02513885803517581,
        0.015953506060784647,
        0.02736268009213367,
        0.01334293234174716,
        0.02552560969725544,
        0.013243222928867256,
        0.024749084875736183,
        0.014886917492705673,
        0.0263958009369346,
        0.01334293234174716,
        0.029586502149091524,
        0.01334293234174716,
        0.025235545950695715,
        0.014016726253026511,
        0.014793251074545762,
        0.013923059834866603,
        0.013436598759907069,
        0.013823350421986699,
        0.013923059834866603,
        0.01334293234174716,
        0.01334293234174716,
        0.0264894673550945
    ],
    "nn.max_pool2d": [],
    "nn.adaptive_avg_pool2d": [
        0.1512198998731345,
        0.06932221393041328,
        0.10664677081845737,
        0.059846798209462405,
        0.043412874068438224,
        0.04437975322363729,
        0.04263937074427897,
        0.04012246344340139,
        0.03828539304852316,
        0.04263937074427897,
        0.04805389401339375,
        0.03838208096404307,
        0.04157278217619999,
        0.03857847829244288,
        0.037804974968283625,
        0.030647047722450513,
        0.034224500596687066
    ],
    "nn.batch_matmul": [],
    "nn.softmax": [],
    "nn.batch_norm": [
        0.1455968932861799,
        0.15923291087184677,
        0.3147131220225772,
        0.37619455030379795,
        0.29121191555651976,
        0.312776342214819,
        0.3058117908000257,
        0.2891754263358817,
        0.27254208336909774,
        0.27505294767525534,
        0.27042099222237975,
        0.3289171811119235,
        0.291979375885959,
        0.23803356202057097,
        0.21985623390282844,
        0.23658324328777233,
        0.23890073176289003,
        0.2838696769717268,
        0.231745826014417,
        0.20699371964132085,
        0.19452097853925285,
        0.21414560389243395,
        0.2073865142981204,
        0.19646077984437094,
        0.217148972268271,
        0.21579231995363235,
        0.29575624758595537,
        0.23947783775864956,
        0.22517406925642328,
        0.15700908881488895,
        0.2277785999807408,
        0.23000846503241867,
        0.23571607354545313,
        0.2217869707158666,
        0.20235269969636527,
        0.257661208871112,
        0.2053409605854024,
        0.19664206968597076,
        0.1207420560028438,
        0.18823324253309887,
        0.19974514747468777,
        0.11872067426900577,
        0.2075708256370802,
        0.19549390068917188,
        0.11824025618876624,
        0.1983945381547691,
        0.20322289093604443,
        0.26269200197550724,
        0.2152091709631529
    ],
    "multiply": [
        0.019821022681580928,
        0.03432118851220697,
        0.031907012121569295,
        0.03838208096404307,
        0.08314858584975997,
        0.03577150724500558,
        0.03171061479316948,
        0.03789864138644353,
        0.0417691795045998,
        0.03809503871484334,
        0.03113350879741004,
        0.044666795472837015,
        0.037221825977804185,
        0.039351981616602125,
        0.027649722341333394,
        0.030550359806930605,
        0.03644832265364493,
        0.028619622993892455,
        0.02736268009213367,
        0.031810324206049394,
        0.027846119669733205,
        0.027072616345573952,
        0.025912361359335064,
        0.02736268009213367,
        0.02793978608789311,
        0.030163608144850976,
        0.02378522721789711,
        0.024652396960216278,
        0.028326537749972742,
        0.03219707586812902,
        0.02349516347133739,
        0.02349516347133739,
        0.026009049274854975,
        0.027262970679253765,
        0.022915035978217948,
        0.025235545950695715,
        0.029683190064611432,
        0.0264894673550945,
        0.01334293234174716,
        0.027459368007653574,
        0.025235545950695715,
        0.029486792736211628,
        0.012663095435747812,
        0.026299113021414692,
        0.026102715693014877,
        0.028619622993892455,
        0.015953506060784647,
        0.02571596403093525,
        0.0291997504870119,
        0.02581265194645516,
        0.01334293234174716,
        0.01459987524350595,
        0.024749084875736183,
        0.025235545950695715,
        0.012663095435747812,
        0.013436598759907069,
        0.025329212368855627,
        0.024848794288616086,
        0.012956180679667532,
        0.013436598759907069,
        0.02417197887997674,
        0.024462042626536458,
        0.01334293234174716,
        0.01334293234174716,
        0.026782552599014228
    ],
    "add": [
        0.03354768518804772,
        0.028713289412052367,
        0.0264894673550945,
        0.026009049274854975,
        0.026009049274854975,
        0.02320207822741767,
        0.014016726253026511,
        0.01334293234174716,
        0.01334293234174716
    ],
    "squeeze": [],
    "reshape": [],
    "transpose": [],
    "latency": 26.56350612640381,
    "batch_size": 1,
    "model_name": "efficientnet_b0",
    "sm_partition": 80
}