{
    "nn.conv2d": [
        0.038963895337897216,
        0.02969054093699132,
        0.01891846259250467,
        0.015358993226500387,
        0.04139932174621594,
        0.0517996463000097,
        0.0571359231538138,
        0.04421235633563214,
        0.0332500103029956,
        0.07980704999567496,
        0.06247805439802255,
        0.06116667094738939,
        0.15314792578945566,
        0.041214908448470644,
        0.07905768802388459,
        0.058540976850920766,
        0.05460975369422359,
        0.05105028432821933,
        0.037933522626685444,
        0.07165773855245465,
        0.05948060651086105,
        0.055637199210233065,
        0.09001417966611655,
        0.05245533802532628,
        0.13806994330237665,
        0.05929033882271113,
        0.09507530017090386,
        0.08654838054658605,
        0.03718416065489507,
        0.13169743934695616,
        0.08711040202542882,
        0.05816922306022789,
        0.0973204588910727,
        0.04486804806094872,
        0.2472894506908239,
        0.0850496566030053,
        0.04701953653464373,
        0.09853817209523204,
        0.033905702028312175,
        0.24260301117193175,
        0.08964242587542365,
        0.0850496566030053,
        0.09722678864459892,
        0.03147027561999346,
        0.27070408511407074,
        0.11352833872624185,
        0.08168045492515091,
        0.19145905659723858,
        0.05779161487913038,
        0.3640025777971749,
        0.11399376276340853,
        0.11390009251693474,
        0.22321327015185574,
        0.05526544541954017,
        0.39004290631689037,
        0.1094068478813948,
        0.14078638045011677,
        0.189120227630596,
        0.055637199210233065,
        0.26958296935158754,
        0.12542153283321178,
        0.05338911329486195,
        0.3630629481372346,
        0.08673864823473595,
        0.561834138349834,
        0.12542153283321178,
        0.051143954574693125,
        0.3610051299100133,
        0.061728692426232176,
        0.5563046666126776,
        0.12532786258673798,
        0.0483309199852769,
        0.35632161758632347,
        0.06078906276629189,
        0.5534008889719899,
        0.12664217323257346,
        0.04758448520868884,
        0.3543516152151715,
        0.0517996463000097,
        0.422921162829193,
        0.146219254745597
    ],
    "nn.conv2d_transpose": [],
    "nn.dense": [
        0.049080281957067276
    ],
    "nn.layer_norm": [],
    "nn.relu": [],
    "nn.bias_add": [
        0.01367585598517435,
        0.013953939529393436,
        0.028847508718727145,
        0.024538677380932485,
        0.022949210386080245,
        0.024447934329660994,
        0.023601974916194517,
        0.022949210386080245,
        0.02566272033861805,
        0.024073253343765807,
        0.022574529400185055,
        0.02276186989313265,
        0.025571977287346562,
        0.024822615315556185,
        0.02388298565561591,
        0.024822615315556185,
        0.01882771954123318,
        0.024073253343765807,
        0.013766599036445842,
        0.025852988026767953,
        0.013488515492226755,
        0.022949210386080245,
        0.01311383450633157,
        0.023508304669720724,
        0.01320457755760306,
        0.01386319647812194,
        0.01320457755760306,
        0.02191883767486848,
        0.012455215585812683,
        0.025381709599196656,
        0.012551813027488786,
        0.014144207217543333,
        0.026508679752084527
    ],
    "nn.max_pool2d": [],
    "nn.adaptive_avg_pool2d": [
        0.12729493776268772,
        0.06294347843518922,
        0.16007952402851663,
        0.041308578694944434,
        0.0427136323920514,
        0.04111831100679454,
        0.037839852380211654,
        0.036715809422526086,
        0.03475166144177866,
        0.04064995977442556,
        0.05105028432821933,
        0.03999426804910898,
        0.04158958943436584,
        0.03858921435200202,
        0.03550102341356903,
        0.035969374645938024,
        0.041308578694944434
    ],
    "nn.batch_matmul": [],
    "nn.softmax": [],
    "nn.batch_norm": [
        0.1479872806477899,
        0.13804945293596052,
        0.18310776868505915,
        0.32286963081436876,
        0.23509768267321868,
        0.2656371102188788,
        0.24352800485586043,
        0.23078299694501947,
        0.20324687167692543,
        0.22965895398733385,
        0.2119611317941909,
        0.24614784456192448,
        0.22976140581941465,
        0.21159523239390268,
        0.21223921533841,
        0.30965627167115883,
        0.28334078680242647,
        0.27602279879666103,
        0.22320156137104658,
        0.19818575117213813,
        0.2055915550339727,
        0.20971304587881978,
        0.19023548900267462,
        0.20952277819066986,
        0.2042772443881372,
        0.19210303954174593,
        0.30067270959528114,
        0.22779140344826257,
        0.20016160793369484,
        0.1984784706923687,
        0.26657673987881914,
        0.2971103130340746,
        0.22610241181653193,
        0.2126226779099121,
        0.20128565089138034,
        0.2986997800289269,
        0.22675517634664621,
        0.19566250890775022,
        0.17093063664346556,
        0.20250043690033742,
        0.1906043155981652,
        0.15360164104581311,
        0.20859193011633656,
        0.19678362467023353,
        0.1534172277480678,
        0.20342835777946847,
        0.1910726668305342,
        0.2911183444549539,
        0.229000335066815
    ],
    "multiply": [
        0.021731497181920884,
        0.019855165057242642,
        0.01320457755760306,
        0.02051085678255922,
        0.08027540122804397,
        0.02866309542098186,
        0.022852612944404143,
        0.03156687306166957,
        0.036625066371254594,
        0.03240697808473143,
        0.02023277323834014,
        0.045992091018634294,
        0.034376980455883464,
        0.028191816993410567,
        0.021169475703078106,
        0.02528803935272286,
        0.02969054093699132,
        0.025478307040872762,
        0.024728945069082388,
        0.03184495660588864,
        0.025381709599196656,
        0.02566272033861805,
        0.026318412063934628,
        0.027536125268093993,
        0.028472827732831957,
        0.029037776406877044,
        0.0243542640831872,
        0.02388298565561591,
        0.02528803935272286,
        0.025852988026767953,
        0.022949210386080245,
        0.02098213521013051,
        0.026131071570987034,
        0.024257666641511102,
        0.023042880632554046,
        0.022852612944404143,
        0.0303462326623079,
        0.028191816993410567,
        0.024447934329660994,
        0.0273517119703487,
        0.023133623683825533,
        0.051984059597754984,
        0.022949210386080245,
        0.02388298565561591,
        0.027258041723874905,
        0.028191816993410567,
        0.024163996395037298,
        0.024447934329660994,
        0.025478307040872762,
        0.024073253343765807,
        0.01311383450633157,
        0.0243542640831872,
        0.024913358366827676,
        0.024257666641511102,
        0.012364472534541194,
        0.024163996395037298,
        0.024728945069082388,
        0.02266527245145655,
        0.012455215585812683,
        0.022387188907237465,
        0.02397665590208971,
        0.025007028613301473,
        0.013488515492226755,
        0.022199848414289867,
        0.027817136007515376
    ],
    "add": [
        0.02528803935272286,
        0.028566497979305754,
        0.022477931958508956,
        0.020885537768454403,
        0.02697703098445351,
        0.027067774035725006,
        0.024257666641511102,
        0.02266527245145655,
        0.024447934329660994
    ],
    "squeeze": [],
    "reshape": [],
    "transpose": [],
    "latency": 25.98567485809326,
    "batch_size": 1,
    "model_name": "efficientnet_b0",
    "sm_partition": 60
}