{
    "nn.conv2d": [
        0.1201517278703675,
        0.0346220315661088,
        0.468499036237754,
        0.1483239306866252,
        0.1364422789446197,
        0.22102773802434814,
        0.11677067010023968,
        0.05303465744444849,
        0.1627210894096058,
        0.06460156344494392,
        0.0623171978678903,
        0.8714522718060339,
        0.09489338211418359,
        0.2189032042691551,
        0.13179732030624045,
        0.19907422255402007,
        0.2883046402721277,
        0.3267036207363575,
        0.18365414017113169,
        0.06121558777260501,
        0.19938896829553016,
        0.22582761058237688,
        0.17680842029328742,
        0.13998316853660805,
        0.29216273455673175,
        0.05728372495483455,
        0.22441371369668703,
        0.06294668935091045,
        0.061611478900598156,
        0.6610422846554401,
        0.2881472674013727,
        0.0519330473491632,
        0.2215023155877188,
        0.17358227644280913,
        0.14407240422513357,
        0.6623824130079633,
        0.216463924772452,
        0.05075275081850041,
        0.22047693297670548,
        0.33512552827285774,
        0.2115066793436682,
        0.20513553702919465,
        0.21142799290829073,
        0.24801964430994308,
        0.3326862487761546,
        0.38288573559590683,
        0.2585636266505307,
        1.3010802089672933,
        0.2595840913593329,
        0.2528982033033493,
        0.06869325808457497,
        0.4134972179088677,
        0.4341106050266723,
        1.2565436865436168,
        0.39736403970537043,
        0.3101007828717008,
        0.06507368205720904
    ],
    "nn.conv2d_transpose": [],
    "nn.dense": [
        0.025100972885428882
    ],
    "nn.layer_norm": [],
    "nn.relu": [
        0.018963430925982322,
        0.012902116450807733,
        0.016836438219683735,
        0.01188165174200552,
        0.011645592435872959,
        0.011645592435872959,
        0.011645592435872959,
        0.012429997838542614,
        0.01054398234058768,
        0.011092328437124774,
        0.011407074178634853,
        0.012353770354270639,
        0.01070135521134272,
        0.011092328437124774,
        0.011721819920144932,
        0.011016100952852801,
        0.01133084669436288,
        0.011092328437124774,
        0.011092328437124774,
        0.011016100952852801,
        0.011092328437124774,
        0.011092328437124774,
        0.011092328437124774,
        0.011721819920144932,
        0.011092328437124774,
        0.010462836954104611,
        0.010777582695614693,
        0.011092328437124774,
        0.010462836954104611,
        0.01133084669436288,
        0.011092328437124774,
        0.010462836954104611,
        0.01070135521134272,
        0.010777582695614693,
        0.011802965306628,
        0.011645592435872959,
        0.011092328437124774,
        0.01085872808209776,
        0.01070135521134272,
        0.01085872808209776,
        0.011249701307879813,
        0.011645592435872959,
        0.010462836954104611,
        0.011092328437124774,
        0.010462836954104611,
        0.011092328437124774,
        0.011092328437124774,
        0.011092328437124774,
        0.011645592435872959,
        0.011016100952852801,
        0.010462836954104611,
        0.01117347382360784,
        0.011016100952852801,
        0.010462836954104611,
        0.011092328437124774,
        0.011407074178634853,
        0.010462836954104611
    ],
    "nn.bias_add": [
        0.0129832618372908
    ],
    "nn.max_pool2d": [
        0.017229870396571336,
        0.015892200995153493,
        0.013767667239960453,
        0.015501227769371443,
        0.016996270041544324,
        0.01785936187959149,
        0.013610294369205411,
        0.013691439755688478,
        0.0129832618372908,
        0.01841262587833968,
        0.013455380449555921,
        0.01463567698021872,
        0.0141635583679536
    ],
    "nn.adaptive_avg_pool2d": [
        0.018255253007584644
    ],
    "nn.batch_matmul": [],
    "nn.softmax": [],
    "nn.batch_norm": [
        0.12926951856973765,
        0.1045595189100908,
        0.11833210405226234,
        0.10078748791418093,
        0.10455460100787971,
        0.10118092009106852,
        0.10369642707204361,
        0.10487918255381198,
        0.0966908753723388,
        0.09857689087029374,
        0.09850066338602176,
        0.10401609071576483,
        0.0973941353885254,
        0.09912769591793637,
        0.10164320289891146,
        0.09928752773979696,
        0.09944244165944646,
        0.10314316307329544,
        0.10086125644734736,
        0.10385379994279867,
        0.09952112809482398,
        0.10338168133053353,
        0.10243006725268666,
        0.10431854170174715,
        0.10259481697675835,
        0.09644989816399514,
        0.0962138388578626,
        0.10338168133053356,
        0.09668595747012768,
        0.10330545384626157,
        0.09676464390550522,
        0.09668841642123324,
        0.09747773972611401,
        0.09731544895314785,
        0.10432837750616934,
        0.10464312324767941,
        0.1023489218662036,
        0.0968457892919883,
        0.09677447970992739,
        0.10007439209357216,
        0.10345053196148887,
        0.10409231820003677,
        0.09566549276132548,
        0.10267104446103031,
        0.09668349851902215,
        0.10322184950867294,
        0.10172680723650006,
        0.1017268072365001,
        0.10425215002189733,
        0.09889163661180382,
        0.09636629382640652,
        0.10353659525018302,
        0.10298824915364593,
        0.09653104355047819,
        0.10306939454012899,
        0.09818099974230059,
        0.09597777955173002
    ],
    "multiply": [
        0.01188165174200552,
        0.011249701307879813,
        0.011016100952852801
    ],
    "add": [
        0.011721819920144932,
        0.01085872808209776,
        0.011092328437124774
    ],
    "squeeze": [],
    "reshape": [],
    "transpose": [],
    "latency": 21.98142210642497,
    "batch_size": 1,
    "model_name": "googlenet",
    "sm_partition": 100
}