{
    "nn.conv2d": [
        0.07635185808838643,
        0.03970138644425215,
        0.06329249462898226,
        0.04770551243549986,
        0.0392801166552391,
        0.07098395944869686,
        0.06950951518715122,
        0.05528836863773453,
        0.06424035165426158,
        0.06424035165426158,
        0.052866067350909554,
        0.06413503420700832,
        0.06455959516624803,
        0.0722444776455093,
        0.09162288794010903,
        0.0701414198706708,
        0.13648812046999753,
        0.07529868361585382,
        0.06908495422791153,
        0.12037455104024886,
        0.07055939848945715,
        0.05234277128486992,
        0.061712732920183366,
        0.10816101832909741,
        0.11247574249625439,
        0.05234277128486992,
        0.16176759898100646,
        0.1057354258720458,
        0.040336582297998365,
        0.1547113300150381,
        0.10394502926874039,
        0.04107380442877118,
        0.2122113650450911,
        0.0851985236576602,
        0.04507257625416837,
        0.24328001198480262,
        0.07529868361585382,
        0.09425911529166717,
        0.18746505611080178,
        0.11016204982690937,
        0.06434566910151485,
        0.34828479806652896,
        0.1062620131083121,
        0.045704480937687926,
        0.33943813249725513,
        0.10637062172579202,
        0.043917375504609175,
        0.33985611111604147,
        0.10436629905775342,
        0.04854805201352593,
        0.4282207405317528,
        0.21063489450651884
    ],
    "nn.conv2d_transpose": [],
    "nn.dense": [
        0.052971384798162824
    ],
    "nn.layer_norm": [],
    "nn.relu": [
        0.02538150478803552,
        0.024433647762756184,
        0.03475475759357561,
        0.03317499588477672,
        0.03707174143314731,
        0.03654186302665436,
        0.03359626567378975,
        0.034435514081589166,
        0.03411956173982939,
        0.028537737035406636,
        0.02538150478803552,
        0.025802774577048555,
        0.023801743079236635,
        0.026010118301328412,
        0.028959006824419677,
        0.025802774577048555,
        0.02706658394408767,
        0.025483531065062116,
        0.025272896170555597,
        0.026115435748581675,
        0.023380473290223594,
        0.024854917551769225,
        0.026852657879354494,
        0.025170869893529003,
        0.023380473290223594,
        0.024114404250769744,
        0.026645314155074633,
        0.022221981370437738,
        0.023271864672743666,
        0.023380473290223594,
        0.023271864672743666,
        0.023169838395717072,
        0.02359110818473011,
        0.024114404250769744,
        0.024325039145276266
    ],
    "nn.bias_add": [
        0.019901706360639367
    ],
    "nn.max_pool2d": [],
    "nn.adaptive_avg_pool2d": [],
    "nn.batch_matmul": [],
    "nn.softmax": [],
    "nn.batch_norm": [
        0.17312871860345183,
        0.16449597909891123,
        0.18375919843557767,
        0.19966213297081986,
        0.19639729210596882,
        0.30119144329318864,
        0.28960652409533005,
        0.2777089437259384,
        0.2558029146972604,
        0.26738454272489237,
        0.27412156817887423,
        0.25106033840063713,
        0.27221927178786237,
        0.26611415101739994,
        0.24948386786206497,
        0.21756939017410068,
        0.1948208215673966,
        0.1968251442354352,
        0.19840161477400742,
        0.1880837961134147,
        0.19450157805541016,
        0.23157661065878413,
        0.20430268299041662,
        0.2903371638856495,
        0.19903681062775366,
        0.20292368266544428,
        0.182393362791512,
        0.18480908173788366,
        0.20029732882456608,
        0.17913181309688764,
        0.19092407601902597,
        0.20209101659809817,
        0.23989010665133828,
        0.21208630057647782,
        0.20197911681039163,
        0.1503768588265212,
        0.20230165149260473,
        0.19249725538737156,
        0.26337918855904185,
        0.19492943018487652,
        0.19438967826770362,
        0.12825690373311,
        0.20313431755995076,
        0.19776971009048788,
        0.12815487745608342,
        0.20060998999609922,
        0.2007218897838058,
        0.1277336076670704,
        0.1880837961134147,
        0.19851022339148736,
        0.33205274650862027,
        0.1494224194607885
    ],
    "multiply": [],
    "add": [
        0.03159523417597782,
        0.028959006824419677,
        0.02422301286824967,
        0.02095817200339863,
        0.028432419588153377,
        0.022534642541970858,
        0.022113372752957817,
        0.01568900847050899,
        0.014112537931936765,
        0.014214564208963356
    ],
    "squeeze": [],
    "reshape": [],
    "transpose": [],
    "latency": 17.313796679178875,
    "batch_size": 1,
    "model_name": "mnasnet0_75",
    "sm_partition": 30
}