{
    "nn.conv2d": [
        0.053210852185882014,
        0.027724257268624198,
        0.042381383283310925,
        0.058999016599325174,
        0.033608696594186124,
        0.05368055706015838,
        0.045648895452190134,
        0.051533334777752064,
        0.05284033964530374,
        0.04154408329003563,
        0.025577034986217863,
        0.050410127469699834,
        0.04172788084953509,
        0.1986618224462764,
        0.08765976619492279,
        0.06096244132223206,
        0.04957282747642454,
        0.1077345440824744,
        0.05769201173177349,
        0.042944445648126724,
        0.09849215251907321,
        0.07393621508563011,
        0.04723889021293939,
        0.17915010692354055,
        0.09923609502180912,
        0.04200795332115329,
        0.3024753519260958,
        0.09065012331376313,
        0.03332862412256791,
        0.30163513451124113,
        0.09018333586106611,
        0.030991769437503404,
        0.4715486847145392,
        0.1360218637159144,
        0.03696664883202538,
        0.13396508150246814,
        0.1348082163389021,
        0.1233252450025552,
        0.34784709232824707,
        0.17299142996951916,
        0.03398212655634375,
        0.6326837133855538,
        0.1662696906506819,
        0.030244909513188162,
        0.629976346159911,
        0.1620656861548293,
        0.023246015144312068,
        0.6309070036437259,
        0.16085203877781704,
        0.025019807464560784,
        0.6940166672483642,
        0.3698794600955469
    ],
    "nn.conv2d_transpose": [],
    "nn.dense": [
        0.03715628123468355
    ],
    "nn.layer_norm": [],
    "nn.relu": [
        0.018764855598420588,
        0.017454933309289544,
        0.025577034986217863,
        0.015681140989040835,
        0.015777415901159598,
        0.015403985939001977,
        0.014560851102567964,
        0.015494426007962024,
        0.016334643422816677,
        0.029314252029373454,
        0.027724257268624198,
        0.026513527313191274,
        0.02520360502406024,
        0.02520360502406024,
        0.028471117192939446,
        0.03220833423609504,
        0.027444184797005985,
        0.020351932937590484,
        0.021936092855181027,
        0.020165217956511675,
        0.019698430503814646,
        0.019885145484893455,
        0.02184565278622098,
        0.018481865705223016,
        0.01997558555385351,
        0.021936092855181027,
        0.020629087987629347,
        0.018855295667380638,
        0.018668580686301825,
        0.020351932937590484,
        0.012600343801240442,
        0.01997558555385351,
        0.012696618713359205,
        0.019885145484893455,
        0.014003623580910885
    ],
    "nn.bias_add": [
        0.014657126014686727
    ],
    "nn.max_pool2d": [],
    "nn.adaptive_avg_pool2d": [],
    "nn.batch_matmul": [],
    "nn.softmax": [],
    "nn.batch_norm": [
        0.13833537902834406,
        0.1298427648108375,
        0.17381414285489769,
        0.16504145616577284,
        0.12404876555423558,
        0.155335194571254,
        0.13236633447698082,
        0.1260180251203012,
        0.11891702099614765,
        0.12275343037300135,
        0.12433759029059185,
        0.11686899104743943,
        0.12424131537847312,
        0.16457758613465517,
        0.27370957515364136,
        0.2408448210621911,
        0.21956806548394459,
        0.22012821042718106,
        0.21601756342186784,
        0.2178759609679179,
        0.21703866097464258,
        0.24168503847704573,
        0.22796148736775307,
        0.2747335901279955,
        0.23935110121356062,
        0.20704649206534678,
        0.12349445545415788,
        0.171664003150912,
        0.17269968781158346,
        0.12209409309606681,
        0.1702694756359796,
        0.17130516029665113,
        0.24392561824999148,
        0.1563592095456081,
        0.17213370802518835,
        0.15888277921175145,
        0.1604581868646039,
        0.16868531571838905,
        0.29938288505197796,
        0.1628008763928271,
        0.17446472786709413,
        0.11584497607308528,
        0.17651859265896108,
        0.1707333456670973,
        0.11603169105416412,
        0.11826351856237181,
        0.17380830801173894,
        0.11314052626902187,
        0.11901037848668707,
        0.16942925822112492,
        0.47890350451609687,
        0.12396416032843427
    ],
    "multiply": [],
    "add": [
        0.015494426007962024,
        0.014096981071450292,
        0.026043822438914892,
        0.024366305030784942,
        0.021936092855181027,
        0.018951570579499397,
        0.021472222824063362,
        0.013907348668792126,
        0.012696618713359205,
        0.012696618713359205
    ],
    "squeeze": [],
    "reshape": [],
    "transpose": [],
    "latency": 16.98332627614339,
    "batch_size": 1,
    "model_name": "mnasnet1_3",
    "sm_partition": 100
}