{
    "nn.conv2d": [
        0.17911777800864992,
        0.08730677947362103,
        0.11425467757694988,
        0.14075449972156573,
        0.09113536567581766,
        0.07431726856580077,
        0.11312862281159791,
        0.09121043599350778,
        0.08707922257312282,
        0.11545580265999193,
        0.08903105083306621,
        0.08610565439057898,
        0.1161337814666309,
        0.09684070982026755,
        0.07589609118472129,
        0.08009768302794075,
        0.22941254491360907,
        0.06711051806754828,
        0.07709721626776338,
        0.21049482485569637,
        0.07777050317954673,
        0.11125186486934466,
        0.09180865258760101,
        0.0998411765804449,
        0.11883396695604777,
        0.07627144277317195,
        0.18106726032116546,
        0.11305355249390779,
        0.07116666117024312,
        0.17476369958262233,
        0.1133538337646683,
        0.05532682413762572,
        0.17153332997451895,
        0.13099770436927663,
        0.0773974975385239,
        0.22273363258661535,
        0.13212375913462857,
        0.11065364827525144,
        0.1565966827016109,
        0.16237475121632308,
        0.08970902963970519,
        0.29179832486153484,
        0.15869865159693455,
        0.07304341911249637,
        0.2827898867387193,
        0.153066031822747,
        0.07184229402945429,
        0.27580834719353714,
        0.14811139085519842,
        0.06650995552602726,
        0.35260528219054005,
        0.22888705268977816
    ],
    "nn.conv2d_transpose": [],
    "nn.dense": [
        0.08234979255864465
    ],
    "nn.layer_norm": [],
    "nn.relu": [
        0.056377808585287535,
        0.05772672835628205,
        0.09203620948809922,
        0.034980422096172706,
        0.049546409675485716,
        0.04894584713396467,
        0.04827021427475351,
        0.04924378245729739,
        0.04894584713396467,
        0.020041428875836858,
        0.022894100948061796,
        0.02184546244782779,
        0.022145743718588313,
        0.03325380478929972,
        0.04309036235413454,
        0.028974796680962315,
        0.034079578283891146,
        0.03303093978365714,
        0.033854367330820756,
        0.033106010101347276,
        0.031604603747544674,
        0.03325380478929972,
        0.03490535177848257,
        0.033631502325178184,
        0.034379859554651664,
        0.026872827785638678,
        0.02957770516991117,
        0.027173109056399195,
        0.024472923566982337,
        0.02267123594241922,
        0.02357207975470078,
        0.022368608724230885,
        0.021692975865019715,
        0.024320436984174264,
        0.021920532765517923
    ],
    "nn.bias_add": [
        0.01148575860658987
    ],
    "nn.max_pool2d": [],
    "nn.adaptive_avg_pool2d": [],
    "nn.batch_matmul": [],
    "nn.softmax": [],
    "nn.batch_norm": [
        0.25627364296210864,
        0.25297054898374294,
        0.30191405017027984,
        0.3573229824678791,
        0.17497483485112578,
        0.225347018021203,
        0.2257974399273438,
        0.2158130876745565,
        0.13481456083433419,
        0.2185953813239469,
        0.22054251768903468,
        0.13533066926845383,
        0.22001702546520374,
        0.1246026516810487,
        0.17579591645086165,
        0.13811765481269989,
        0.13361108980386427,
        0.10523920161185082,
        0.13308090568517772,
        0.18435862456239205,
        0.20710258487507358,
        0.27910205738219157,
        0.2147667951217503,
        0.2896048640165263,
        0.2312095406433166,
        0.2361618356634373,
        0.17790492318846873,
        0.22542208833889307,
        0.23638704661650772,
        0.1727227253204219,
        0.2192006357603236,
        0.23638000877422427,
        0.2897620424941901,
        0.22782433850497727,
        0.23931009711156714,
        0.1659757805180215,
        0.21746932655859494,
        0.1949458853041282,
        0.31768585472749056,
        0.20132920825521702,
        0.21303079402516603,
        0.1327102459915827,
        0.2045548859684648,
        0.1595103494069591,
        0.09404668643373801,
        0.13692122162451345,
        0.15884175439003137,
        0.09382382142809545,
        0.13181409407415678,
        0.1653634882393614,
        0.3194875423520537,
        0.13264221351617606
    ],
    "multiply": [],
    "add": [
        0.024620718254934778,
        0.024020155713413743,
        0.015089133855716107,
        0.02544649174952621,
        0.025674048650024418,
        0.023046587530869873,
        0.026800103415376364,
        0.023419593171892704,
        0.010960266382758961,
        0.010882850117641016
    ],
    "squeeze": [],
    "reshape": [],
    "transpose": [],
    "latency": 17.165764172871906,
    "batch_size": 1,
    "model_name": "mnasnet0_75",
    "sm_partition": 5
}