{
    "nn.conv2d": [
        0.05019513758265975,
        0.02513633151083872,
        0.03663076993586295,
        0.055735622291124665,
        0.04804509874056888,
        0.06392230865139371,
        0.057720273529977766,
        0.06185237942962113,
        0.0640050024530126,
        0.05341761166449545,
        0.037292320348813975,
        0.055239459481411395,
        0.05019513758265975,
        0.1898649685169469,
        0.07698534512587606,
        0.05432724348230312,
        0.041925757420771814,
        0.0915420383920994,
        0.05069130039237302,
        0.033488405474345534,
        0.08467586867643184,
        0.06847046774043207,
        0.041181513206201906,
        0.15670216988647576,
        0.08914133396385131,
        0.03704682312525794,
        0.26925101807107105,
        0.08434509346995632,
        0.033242908250789495,
        0.26892024286459554,
        0.08484384046097018,
        0.028030614567499498,
        0.41983384663774975,
        0.1312324789878609,
        0.03448331527507267,
        0.12288298920565466,
        0.12197335738784701,
        0.1120475170122809,
        0.3116729383015561,
        0.17266465778022003,
        0.03390445866374052,
        0.555785040680488,
        0.16497413422966425,
        0.027867811145562332,
        0.5524747044344321,
        0.1628240953875734,
        0.030015265806352606,
        0.5523945948141139,
        0.16298948299081117,
        0.027038288948072944,
        0.6106937249554237,
        0.327795645435937
    ],
    "nn.conv2d_transpose": [],
    "nn.dense": [
        0.031917223243586826
    ],
    "nn.layer_norm": [],
    "nn.relu": [
        0.01703233895218855,
        0.01579193192790536,
        0.03952763717382431,
        0.03373648687920217,
        0.030015265806352606,
        0.029601796798258202,
        0.02985246238441543,
        0.024640168701125446,
        0.022244632635478538,
        0.024226699693031054,
        0.022492714040335177,
        0.022575407841954057,
        0.02100422561119535,
        0.020422784818562602,
        0.028446667756894483,
        0.02100422561119535,
        0.024640168701125446,
        0.023565149280080012,
        0.02067345040471983,
        0.018934296389422775,
        0.020094593793387672,
        0.020342675198244314,
        0.021583082222527503,
        0.02075356002503812,
        0.02067345040471983,
        0.02315426445328621,
        0.022244632635478538,
        0.015711822307587067,
        0.017448392141583537,
        0.01587720991082483,
        0.01108096941692983,
        0.016290678918919225,
        0.02596585370832811,
        0.016621454125394747,
        0.01231879225991243
    ],
    "nn.bias_add": [
        0.012238682639594137
    ],
    "nn.max_pool2d": [],
    "nn.adaptive_avg_pool2d": [],
    "nn.batch_matmul": [],
    "nn.softmax": [],
    "nn.batch_norm": [
        0.12335847856496322,
        0.1153449323518337,
        0.1561129765499412,
        0.2353362226821282,
        0.26460724427391097,
        0.29445970665832627,
        0.26476746351454744,
        0.25551351027713476,
        0.2574981615159878,
        0.24906339375086217,
        0.26667975767698404,
        0.19687843656674808,
        0.18886489035361861,
        0.1780991910553608,
        0.2261520423398314,
        0.19183928303059766,
        0.18530647270270617,
        0.1829832937134758,
        0.182988462076077,
        0.17793897181472418,
        0.1865417113643882,
        0.2057292575212688,
        0.18166019288757373,
        0.24740951771848452,
        0.18695776455378318,
        0.1781896374008814,
        0.15131932023734682,
        0.17645048338558433,
        0.175708823352315,
        0.16115213008609167,
        0.17877624655611532,
        0.17621273870593007,
        0.23971899416792877,
        0.18100639501852445,
        0.18364484412642684,
        0.17058439183324509,
        0.17893129743415076,
        0.1877769500260702,
        0.300165578970029,
        0.182156355697287,
        0.1476782087848155,
        0.0997183880271661,
        0.15255714308032942,
        0.14511470093463025,
        0.0993824444580894,
        0.1027806428683652,
        0.1461096107353574,
        0.1006176831197714,
        0.118153937425575,
        0.14196716811051166,
        0.42503321941453676,
        0.10922042266943545
    ],
    "multiply": [],
    "add": [
        0.030679400400604226,
        0.021583082222527503,
        0.023402345858142846,
        0.021993967049321307,
        0.022244632635478538,
        0.021332416636370276,
        0.022324742255796823,
        0.012238682639594137,
        0.011491854243723634,
        0.011491854243723634
    ],
    "squeeze": [],
    "reshape": [],
    "transpose": [],
    "latency": 17.077735265096027,
    "batch_size": 1,
    "model_name": "mnasnet1_3",
    "sm_partition": 80
}