{
    "nn.conv2d": [
        0.057851191155301795,
        0.03503663689687291,
        0.05357027939782596,
        0.0300459531528416,
        0.041144495382074514,
        0.0600919063056832,
        0.0586659966645314,
        0.04623702981475952,
        0.06141278242416089,
        0.04929255047437054,
        0.039311182986307903,
        0.05489433835032406,
        0.04919388261973726,
        0.06569369418163673,
        0.0957364645004579,
        0.06630479831355893,
        0.11987507771138488,
        0.07088807930297543,
        0.0610085625035665,
        0.09512854320255613,
        0.06783255864336445,
        0.046135179126105826,
        0.060597976914931274,
        0.10908208754811306,
        0.10724559231832605,
        0.05102401218148344,
        0.16173571074805573,
        0.10256046064025581,
        0.039311182986307903,
        0.15552281874018,
        0.10368081821544653,
        0.042064334413978235,
        0.20828147546279677,
        0.07241583963278095,
        0.04216618510263193,
        0.23608671346525695,
        0.0677275251206903,
        0.090949482133734,
        0.18251643406743104,
        0.10653582033177057,
        0.06314742696529423,
        0.33915961038280174,
        0.09838776523947453,
        0.04715686884666326,
        0.33253931562031125,
        0.08423051951661019,
        0.039311182986307903,
        0.32673382636705023,
        0.08575827984641571,
        0.04460741879630033,
        0.41463415350921407,
        0.19942364838394527
    ],
    "nn.conv2d_transpose": [],
    "nn.dense": [
        0.03829585893379133
    ],
    "nn.layer_norm": [],
    "nn.relu": [
        0.018536825334973462,
        0.017518318448436456,
        0.03421864855362289,
        0.028005756545747166,
        0.029940919630167477,
        0.02678354828190276,
        0.026990432493230593,
        0.02678354828190276,
        0.025255787952097257,
        0.027089100347863864,
        0.026070593461326865,
        0.024546015965541783,
        0.025153937263443556,
        0.02352432624498435,
        0.028823744888997197,
        0.028212640757075,
        0.025153937263443556,
        0.02719095103651756,
        0.02566319070671206,
        0.02495341872015658,
        0.024546015965541783,
        0.023425658390351083,
        0.027805238002460198,
        0.024546015965541783,
        0.01833312395766606,
        0.028005756545747166,
        0.027295984559191695,
        0.027805238002460198,
        0.02495341872015658,
        0.020570656274027044,
        0.021181760405949247,
        0.018431791812299335,
        0.02077435765133444,
        0.02016325351941224,
        0.015172569775380925
    ],
    "nn.bias_add": [
        0.01507390192074765
    ],
    "nn.max_pool2d": [],
    "nn.adaptive_avg_pool2d": [],
    "nn.batch_matmul": [],
    "nn.softmax": [],
    "nn.batch_norm": [
        0.14461524655217275,
        0.13758118336702663,
        0.15346670796298345,
        0.253490449888958,
        0.23719115687034553,
        0.2564473026939358,
        0.2411665165618603,
        0.22782407634822555,
        0.2179350110467553,
        0.2197778719445832,
        0.22100008020842762,
        0.22365774661548515,
        0.2954529336142826,
        0.22884258323476256,
        0.2735518527197166,
        0.2414720686278214,
        0.20654046525362255,
        0.22345404523817766,
        0.21448481896861127,
        0.20938910170190578,
        0.21204358527494283,
        0.2492095381314822,
        0.2274230392616516,
        0.29840023791719905,
        0.23596894860650114,
        0.22191355357229045,
        0.20429338443520034,
        0.21224410381822983,
        0.21672871695301307,
        0.20032439041172645,
        0.221114662233163,
        0.22538284265455721,
        0.24126518441649356,
        0.2404535617412844,
        0.22476855568861454,
        0.18901259830312483,
        0.2090867324699651,
        0.22832696412345319,
        0.28832338540852354,
        0.2285370311688015,
        0.2203889760765054,
        0.14818002065505234,
        0.22762037497091814,
        0.1763862957440864,
        0.12638397328316045,
        0.1743588304730737,
        0.17730613477599014,
        0.1283159535335603,
        0.17211811532269233,
        0.17750347048525672,
        0.3204095351684596,
        0.13330027160955074
    ],
    "multiply": [],
    "add": [
        0.026681697593249058,
        0.027805238002460198,
        0.030246471696128572,
        0.02576822422938619,
        0.029839068941513773,
        0.025255787952097257,
        0.027496503102478663,
        0.02536082147477139,
        0.01527760329805505,
        0.014968868398073522
    ],
    "squeeze": [],
    "reshape": [],
    "transpose": [],
    "latency": 17.06274668375651,
    "batch_size": 1,
    "model_name": "mnasnet0_75",
    "sm_partition": 80
}