{
    "nn.conv2d": [
        0.09994827688226225,
        0.06306667813546857,
        0.08171873376618827,
        0.25123984668349486,
        0.15120332351652813,
        0.10165704584972175,
        0.13255126788580843,
        0.10430978265053521,
        0.0971243957717189,
        0.1318640165170493,
        0.11175723425362544,
        0.04475423699436915,
        0.05005703646615656,
        0.09173335001522702,
        0.10174261800458669,
        0.08317613452873195,
        0.02404310138721158,
        0.021561508896128016,
        0.11089883857513638,
        0.0995204161079375,
        0.08017843497861915,
        0.017200003127855065,
        0.020363498728018705,
        0.11038807977578624,
        0.21820899490562395,
        0.07555753861591182,
        0.13614529839013634,
        0.1149207298537891,
        0.038336325379497854,
        0.11783285724903694,
        0.1535164458277213,
        0.03910380064344288,
        0.10919006960767692,
        0.15000531334841882,
        0.03585205875857476,
        0.10670580298675382,
        0.22514033944968492,
        0.06982420423996012,
        0.14358740173354753,
        0.08762321245186985,
        0.3244013649631881,
        0.44300704573584904,
        0.09258639743403697,
        0.30086902237532664,
        0.20528759952101638,
        0.45592844112045666,
        0.4405254532447655,
        0.26920732507529493,
        0.299502542027327,
        0.20246371841047303,
        0.21795227844102913,
        0.16977248112222243,
        0.08694130934278976,
        0.4254647539885343,
        0.18757148933413212,
        0.5743576293237086,
        0.15899038960923864,
        0.08822489166576403,
        0.4226408728779909,
        0.18671844191532216,
        0.569653834935976,
        0.1619854150295119
    ],
    "nn.conv2d_transpose": [],
    "nn.dense": [
        0.0899336606332235,
        0.09412669622160608
    ],
    "nn.layer_norm": [],
    "nn.relu": [
        0.04851941180842697,
        0.1465851012836603,
        0.04843383965356201,
        0.056218231616432995,
        0.05604708730670309,
        0.05553365437751339,
        0.02275951906423732,
        0.01232239030055288,
        0.029522393428407945,
        0.028923388344353294,
        0.0120629997061185,
        0.02900628636937871,
        0.028663997749918905,
        0.01086766366784872,
        0.01163781306163328,
        0.011549566776928798,
        0.0117207110866587,
        0.01232239030055288,
        0.011124380132443573
    ],
    "nn.bias_add": [
        0.012405288325578303,
        0.012493534610282781,
        0.012234144015848401,
        0.012234144015848401,
        0.01163781306163328,
        0.01163781306163328,
        0.01163781306163328,
        0.012234144015848401,
        0.012576432635308204,
        0.012835823229742584,
        0.01163781306163328,
        0.01163781306163328,
        0.012747576945038103,
        0.012664678920012683,
        0.01163781306163328,
        0.012234144015848401,
        0.012835823229742584,
        0.012747576945038103
    ],
    "nn.max_pool2d": [],
    "nn.adaptive_avg_pool2d": [
        0.025329357840025366,
        0.03003315222775812,
        0.02874956990478386,
        0.027123698962349802,
        0.029436821273542996,
        0.024727678626131185,
        0.02729751740191923,
        0.025928362924080024,
        0.025928362924080024
    ],
    "nn.batch_matmul": [],
    "nn.softmax": [],
    "nn.batch_norm": [
        0.23992292920260516,
        0.2278572553666471,
        0.23196204467032525,
        0.5162461137808886,
        0.2301784000673589,
        0.26371733651474055,
        0.25737697466521553,
        0.2502825082009432,
        0.15436414498685225,
        0.24993754545164387,
        0.14177166757250684,
        0.21228312318122608,
        0.1678738489361563,
        0.1633465471178325,
        0.1251760177883855,
        0.1629962361088541,
        0.16188647222544927,
        0.12329075625151707,
        0.2369279037823319,
        0.13680848259033973,
        0.21810202971204276,
        0.13638864420553357,
        0.12842775967325362,
        0.11267713491842368,
        0.13313690232066544,
        0.12869249852736706,
        0.11346065496140588,
        0.12749181422941822,
        0.12911233691217322,
        0.11345798083156636,
        0.1730937503829183,
        0.16787919719583538,
        0.5511542047061093,
        0.20108119328343618,
        0.1928609181567219,
        0.12021550693605788,
        0.19406427658451028,
        0.12748646596973917,
        0.27064600692896196,
        0.14203640642662033,
        0.13629504966115003,
        0.10806158681539538,
        0.13800916688828854,
        0.13673093282499338,
        0.10652396215766581,
        0.13441781051380017
    ],
    "multiply": [
        0.054509462648973515,
        0.02387195707748168,
        0.03294260549316644,
        0.03165902317019218,
        0.05288091757669992,
        0.0223343324197521,
        0.020794033632182986,
        0.01976449364396405,
        0.020106782263423852,
        0.018997018380019028,
        0.018997018380019028,
        0.019168162689748927,
        0.03208955807435646,
        0.03165902317019218,
        0.03268588902857159,
        0.041245778644906174,
        0.03970547985733707,
        0.04218707234842063,
        0.03944608926290268,
        0.018997018380019028,
        0.018908772095314545,
        0.022845091219102266,
        0.021992043800292297,
        0.02259104888434695,
        0.022417230444777517,
        0.02096517794191289,
        0.021475936741263066,
        0.021475936741263066,
        0.012664678920012683
    ],
    "add": [
        0.05416449989967418,
        0.05467793282886388,
        0.02849552757002854,
        0.012234144015848401,
        0.012234144015848401,
        0.018654729760559225,
        0.011466668751903377,
        0.01779633408207019,
        0.052281912492645265,
        0.022074941825317718,
        0.020534643037748608,
        0.019079916405044445,
        0.015314741590986622,
        0.01968159561893863,
        0.019422205024504247,
        0.014373447887472166,
        0.018566483475854743,
        0.01951045130920873,
        0.014544592197202067,
        0.03183284160976162,
        0.031060018086137526,
        0.012234144015848401,
        0.04013066650182229,
        0.03902090261841746,
        0.013605972623527139,
        0.01676946822369078,
        0.03910380064344288,
        0.018908772095314545,
        0.01163781306163328,
        0.022074941825317718,
        0.021475936741263066,
        0.012664678920012683,
        0.013175437719362856,
        0.022417230444777517,
        0.02130746656137269,
        0.011549566776928798,
        0.01232239030055288,
        0.02087693165720841,
        0.01232239030055288
    ],
    "squeeze": [],
    "reshape": [],
    "transpose": [],
    "latency": 21.670319239298504,
    "batch_size": 1,
    "model_name": "mobilenet_v3_large",
    "sm_partition": 5
}