{
    "nn.conv2d": [
        0.11589839820303272,
        0.04945485409461019,
        0.018681002086498685,
        0.015886501523667943,
        0.05465043949857706,
        0.13118540910316603,
        0.0893209805596637,
        0.06664337431626742,
        0.09781688674006866,
        0.06724286493980206,
        0.095618754453775,
        0.08173055500855583,
        0.14877358974051302,
        0.05395103377111996,
        0.051053495757369206,
        0.09042316904980811,
        0.1358814189875207,
        0.10380867062841748,
        0.14207927777770954,
        0.04465892910633305,
        0.16086331731512826,
        0.14108012673848513,
        0.10061138730289941,
        0.14027768356010803,
        0.07693150767328114,
        0.15656696784646332,
        0.08292641390862755,
        0.07633201704974651,
        0.04076224005335791,
        0.037568079074837404,
        0.10720890650877801,
        0.08672318785768025,
        0.06094509104569077,
        0.12499067265997474,
        0.049158231129840434,
        0.12489075755605229,
        0.09061987691065541,
        0.1356815887796758,
        0.10700907630093315,
        0.052452307212283375,
        0.18294143293498988,
        0.2938503206358957,
        0.13788284341296705,
        0.21731535103130678,
        0.09901274564014037,
        0.32422451222831744,
        0.29224855662613913,
        0.12739175750111087,
        0.21831450207053116,
        0.09921257584798523,
        0.3148324924596081,
        0.2877554992966269
    ],
    "nn.conv2d_transpose": [],
    "nn.dense": [
        0.07423692221437285,
        0.1023099440695809
    ],
    "nn.layer_norm": [],
    "nn.relu": [
        0.02527852129237729,
        0.01378828434129671,
        0.06654345921234497,
        0.04486188166117551,
        0.044259268690643304,
        0.04316332489449404,
        0.02437616301007776,
        0.014187944756986466,
        0.013085756266842049,
        0.024079540045308014,
        0.014484567721756209,
        0.01378828434129671,
        0.01408490730606645,
        0.013085756266842049
    ],
    "nn.bias_add": [
        0.014587605172676226,
        0.015183973449213291,
        0.024978775980609977,
        0.02607784212375681,
        0.014587605172676226,
        0.024079540045308014,
        0.01378828434129671,
        0.02357996452569581,
        0.02447920046099777,
        0.025874889568914358,
        0.014484567721756209,
        0.024978775980609977,
        0.014787435380521104,
        0.021981322862936775,
        0.01378828434129671,
        0.015287010900133307,
        0.01378828434129671,
        0.01378828434129671,
        0.015287010900133307,
        0.014587605172676226
    ],
    "nn.max_pool2d": [],
    "nn.adaptive_avg_pool2d": [
        0.07523295090659966,
        0.04156156088473743,
        0.04206425875134721,
        0.03966317391021106,
        0.040062834325900826,
        0.04096519260820035,
        0.040062834325900826,
        0.04016587177682084,
        0.042760542131806696,
        0.03616614527292567
    ],
    "nn.batch_matmul": [],
    "nn.softmax": [],
    "nn.batch_norm": [
        0.2792533484222268,
        0.15865269564084428,
        0.2632575647536437,
        0.3010285963833235,
        0.32141439993049886,
        0.3551763380152908,
        0.3288986656836892,
        0.31241267353648655,
        0.2813390762166077,
        0.34449166658958486,
        0.1980130018922904,
        0.3275092212697677,
        0.23028870280623612,
        0.22919275901008682,
        0.18572344410983035,
        0.22190207877074627,
        0.23178742936507268,
        0.18452758520975862,
        0.23338294868083417,
        0.21390574810995355,
        0.27255591411242575,
        0.23698301476903957,
        0.22029094771999697,
        0.19911206803543724,
        0.25766231893398706,
        0.19860937016882746,
        0.4539892534475863,
        0.17713386751949806,
        0.2920299923363088,
        0.13816385464274894,
        0.1702428476958473,
        0.21970082413745506,
        0.14735292185661586,
        0.16334870552519895
    ],
    "multiply": [
        0.06374583630251666,
        0.02607784212375681,
        0.03367139002186225,
        0.03187291815125833,
        0.030071323933656836,
        0.038267484802294485,
        0.034667418714089064,
        0.034470710853241764,
        0.03536682444154615,
        0.044062560829795996,
        0.03536682444154615,
        0.03147325773556857,
        0.030870644765036356,
        0.029874616072809525,
        0.033068777051330024,
        0.031170390076803677,
        0.030870644765036356,
        0.03656580568861543,
        0.029974531176731968,
        0.027176908266903655,
        0.03276903173956271,
        0.031170390076803677,
        0.02507556873753484,
        0.029874616072809525,
        0.03147325773556857,
        0.020979049476714806,
        0.03017436138457685,
        0.0227806436943163
    ],
    "add": [
        0.06224710974368006,
        0.014587605172676226,
        0.03586639996115835,
        0.04965780664945263,
        0.028073021855208036,
        0.02597792701983438,
        0.036668843139535445,
        0.036069352516000804,
        0.0254752291532246,
        0.027073870815983638,
        0.03426775829839931,
        0.034667418714089064,
        0.023476927074775802,
        0.0267772478512139,
        0.029574870761042208,
        0.028172936959130476,
        0.0254752291532246,
        0.03157005049249343,
        0.030470984349346593,
        0.027276823370826094,
        0.027473531231673395,
        0.041861306196504744,
        0.03137334263164613,
        0.02597792701983438,
        0.03327172960617249,
        0.027473531231673395,
        0.014587605172676226,
        0.026973955712061196,
        0.027773276543440716,
        0.027073870815983638,
        0.013885077098221569,
        0.0254752291532246,
        0.02947495565711977,
        0.027473531231673395
    ],
    "squeeze": [],
    "reshape": [],
    "transpose": [],
    "latency": 18.571008046468098,
    "batch_size": 1,
    "model_name": "mobilenet_v3_small",
    "sm_partition": 5
}