{
    "nn.conv2d": [
        0.0519989730619601,
        0.04962557595124823,
        0.02028175712790145,
        0.03365571499465429,
        0.048007350648490134,
        0.05642212222283223,
        0.03915768102403181,
        0.052969908243614965,
        0.04541819016407718,
        0.042505384619112616,
        0.07616447091648097,
        0.053077789930465503,
        0.15416293050942115,
        0.059223674778232184,
        0.054045353809406275,
        0.08759992972263819,
        0.060413744636302204,
        0.038837407266194265,
        0.15308074233820168,
        0.04077590632678991,
        0.1518974150855598,
        0.060194609959887034,
        0.0382946275292275,
        0.15135463534859303,
        0.039804971145135044,
        0.15060283484335332,
        0.05728517571763655,
        0.053725080051568744,
        0.04423149160872125,
        0.03840588051879211,
        0.10604769817408045,
        0.0713097950082067,
        0.059223674778232184,
        0.12988617966533564,
        0.05210685474881064,
        0.16883483992109452,
        0.07519353573482614,
        0.09687775479178459,
        0.11154629290074393,
        0.054588133546373055,
        0.18695896331198517,
        0.07605658922963045,
        0.043476319800767486,
        0.22018315155923732,
        0.09212758926764678,
        0.3384214803474287,
        0.06623935572623134,
        0.042717776690099615,
        0.22450179033597295,
        0.08899902034898113,
        0.3277445646519394,
        0.05156744631455795
    ],
    "nn.conv2d_transpose": [],
    "nn.dense": [
        0.03948132608458343,
        0.05070102151703955
    ],
    "nn.layer_norm": [],
    "nn.relu": [
        0.02643101327838221,
        0.02697042171263491,
        0.029124684146931618,
        0.029343818823346787,
        0.02697042171263491,
        0.02308330968330141,
        0.026215249904681128,
        0.01542370991691309,
        0.013589721240453915,
        0.024917298359760573,
        0.014671909411673394,
        0.014671909411673394,
        0.015103436159075551,
        0.014560656422108771
    ],
    "nn.bias_add": [
        0.029020173762795164,
        0.02643101327838221,
        0.027074932096771375,
        0.02783010390472515,
        0.01542370991691309,
        0.02718281378362191,
        0.014671909411673394,
        0.02146845568325739,
        0.02697042171263491,
        0.02793798559157569,
        0.01542370991691309,
        0.025567959783577898,
        0.01563947329061417,
        0.02103692893585523,
        0.01542370991691309,
        0.016182253027580945,
        0.014671909411673394,
        0.01488767278537447,
        0.024054244864956262,
        0.01639464509856795
    ],
    "nn.max_pool2d": [],
    "nn.adaptive_avg_pool2d": [
        0.09892413553923077,
        0.051243801254006335,
        0.04077590632678991,
        0.042181739558561,
        0.044012356932306096,
        0.042394131629548,
        0.04660488871943312,
        0.04002410582155021,
        0.04131868606375668,
        0.035273940297412376
    ],
    "nn.batch_matmul": [],
    "nn.softmax": [],
    "nn.batch_norm": [
        0.263966259906986,
        0.24271693890014379,
        0.24736259404014513,
        0.24444304588975238,
        0.21974151090369293,
        0.2447700622530181,
        0.23193551282051797,
        0.20656983119978484,
        0.21229093190557755,
        0.24724122714243826,
        0.19860007158370127,
        0.2628908143411947,
        0.22761687404378234,
        0.2114278784107732,
        0.19567715213059442,
        0.21003553038985845,
        0.21175152347132484,
        0.19384653475684932,
        0.22567500368047258,
        0.21304947501624535,
        0.26224352422009145,
        0.23117022710442195,
        0.2142429161770295,
        0.20237593062347012,
        0.23571137186028687,
        0.20895334221863895,
        0.24326308993982462,
        0.2414223586579373,
        0.21953249013541998,
        0.14183407648403293,
        0.21822105337964315,
        0.23192539891237574,
        0.13257310792845692,
        0.2636426148464344
    ],
    "multiply": [
        0.03872615427662965,
        0.026538894965232752,
        0.026751287036219745,
        0.029664092581184322,
        0.027074932096771375,
        0.029343818823346787,
        0.02599948653098005,
        0.02740194846003707,
        0.02610399691511651,
        0.03775521909497479,
        0.02599948653098005,
        0.02793798559157569,
        0.026751287036219745,
        0.025888233541415433,
        0.028912292075944625,
        0.022004492814796005,
        0.026751287036219745,
        0.02740194846003707,
        0.026215249904681128,
        0.026215249904681128,
        0.027074932096771375,
        0.023733971107118716,
        0.028588647015393005,
        0.025672470167714356,
        0.025783723157278976,
        0.019523214017233597,
        0.024381261228221957,
        0.022978799299164944
    ],
    "add": [
        0.038837407266194265,
        0.02599948653098005,
        0.02599948653098005,
        0.02977534557074894,
        0.026215249904681128,
        0.02643101327838221,
        0.027074932096771375,
        0.02383848149125518,
        0.026751287036219745,
        0.02718281378362191,
        0.021141439319991687,
        0.024485771612358414,
        0.026751287036219745,
        0.025567959783577898,
        0.027074932096771375,
        0.02330244435971656,
        0.026862540025784372,
        0.025672470167714356,
        0.025244314723026278,
        2.364442930703277,
        0.026538894965232752,
        0.030095619328586478,
        0.027614340531024073,
        0.028912292075944625,
        0.029664092581184322,
        0.021899982430659548,
        0.015855236664315247,
        0.026319760288817592,
        0.02610399691511651,
        0.02459702460192304,
        0.014560656422108771,
        0.014671909411673394,
        0.022004492814796005,
        0.025028551349325197
    ],
    "squeeze": [],
    "reshape": [],
    "transpose": [],
    "latency": 18.71859868367513,
    "batch_size": 1,
    "model_name": "mobilenet_v3_small",
    "sm_partition": 60
}