{
    "nn.conv2d": [
        0.06488496225608789,
        0.05564194051827206,
        0.04238427297514226,
        0.040143540432641456,
        0.06749915022233884,
        0.10111013835985098,
        0.06208404657796188,
        0.06152678106283473,
        0.07067643894471304,
        0.05396139111139645,
        0.0798231792060933,
        0.06796888712252455,
        0.14835224946424305,
        0.06021968707970926,
        0.05713867983377065,
        0.08467809971484504,
        0.08860229928471951,
        0.0676858779342139,
        0.13724486822817455,
        0.05134720314514551,
        0.1369618590398639,
        0.08925584627628225,
        0.06787552326658701,
        0.13603113810098666,
        0.05144348462158108,
        0.13472404411786118,
        0.06077987021533446,
        0.05134720314514551,
        0.043504639246392675,
        0.03939954720563923,
        0.09737850174284768,
        0.0659148822918988,
        0.0524675694163959,
        0.11717163920160482,
        0.04565200793295595,
        0.11968954569142021,
        0.07468816712952893,
        0.09140321496284551,
        0.10251059619891398,
        0.05116047543327044,
        0.16889521539099853,
        0.156568268786746,
        0.0834643695876571,
        0.19895545938238635,
        0.08309383178440503,
        0.2997913414154208,
        0.15778199891393396,
        0.0794526414028412,
        0.19886209552644882,
        0.08103690933328123,
        0.2918554136607304,
        0.15554126637143315
    ],
    "nn.conv2d_transpose": [],
    "nn.dense": [
        0.05069657377408082,
        0.06787552326658701
    ],
    "nn.layer_norm": [],
    "nn.relu": [
        0.03622225848326504,
        0.03547826525626282,
        0.05610875979795973,
        0.037532270086888565,
        0.038369627169828315,
        0.03696916933076531,
        0.03613181224782556,
        0.013161386066694208,
        0.012041019795443803,
        0.02604559818607386,
        0.012884212119379655,
        0.024458412635135787,
        0.012601202931069005,
        0.0117609282276312
    ],
    "nn.bias_add": [
        0.03659571390701518,
        0.038932727925951566,
        0.04714874724845454,
        0.03874308259357845,
        0.013348113778569277,
        0.026515335086259577,
        0.012414475219193939,
        0.0269792367454492,
        0.026515335086259577,
        0.028195884493135186,
        0.01372156920231941,
        0.027352692169199333,
        0.013257667543129788,
        0.02660578132169906,
        0.013070939831254723,
        0.01372156920231941,
        0.013070939831254723,
        0.013534841490444342,
        0.026515335086259577,
        0.014004578390630058
    ],
    "nn.max_pool2d": [],
    "nn.adaptive_avg_pool2d": [
        0.09205676195440826,
        0.05956614008814652,
        0.045468197841578926,
        0.04248055445157784,
        0.04238427297514226,
        0.044067740002515926,
        0.042290909119204724,
        0.04238427297514226,
        0.04425446771439099,
        0.04023690428857899
    ],
    "nn.batch_matmul": [],
    "nn.softmax": [],
    "nn.batch_norm": [
        0.35253024953813517,
        0.3142452333627502,
        0.3667244732611384,
        0.37670857060545837,
        0.3115405991610598,
        0.34327555731832715,
        0.32545764893674844,
        0.3115435167815578,
        0.3039781268301196,
        0.3415045616760121,
        0.3048213191540554,
        0.3038847629741821,
        0.249824172765852,
        0.23030529163391136,
        0.2088461928707688,
        0.2294737697919677,
        0.22807914719390074,
        0.20818972825870807,
        0.241611071063847,
        0.21696301309633817,
        0.28110689974592196,
        0.24805901236453295,
        0.22602222474277692,
        0.2173393861405863,
        0.2513296649428447,
        0.22620895245465206,
        0.3385256711475051,
        0.21864064488271573,
        0.22433292247440725,
        0.16869098195613513,
        0.20248578018502433,
        0.3038847629741821,
        0.16140568357250948,
        0.2052020848687069
    ],
    "multiply": [
        0.05993667789139861,
        0.03696916933076531,
        0.04248055445157784,
        0.037532270086888565,
        0.035662075347639835,
        0.03304788738138889,
        0.02604559818607386,
        0.0307167086034486,
        0.03034325317969846,
        0.041263906703891864,
        0.02978307004407326,
        0.029126605432012474,
        0.028942795340635454,
        0.028569339916885324,
        0.03034325317969846,
        0.028195884493135186,
        0.027352692169199333,
        0.03267443195763876,
        0.029593424711700143,
        0.025861788094696848,
        0.03174079339826342,
        0.029219969287950013,
        0.02791579292532258,
        0.027262245933759848,
        0.030900518694825616,
        0.02968970618813573,
        0.02847305844044974,
        0.02847305844044974
    ],
    "add": [
        0.05489502967077178,
        0.03510480983251268,
        0.036035530771389976,
        0.04098381513607927,
        0.03678535923938829,
        0.03668907776295271,
        0.030246971703262883,
        0.031090164027198733,
        0.02791579292532258,
        0.02604559818607386,
        0.027072600601386734,
        0.028289248349072718,
        0.02642197123032204,
        0.02642197123032204,
        0.029316250764385595,
        0.025298687338573586,
        0.029219969287950013,
        0.029409614620323123,
        0.025394968815009175,
        0.029126605432012474,
        0.027168882077822316,
        0.03062042712701301,
        0.02978307004407326,
        0.027262245933759848,
        0.030436617035635997,
        0.02455177649107332,
        0.013348113778569277,
        0.026795426654072176,
        0.02642197123032204,
        0.028569339916885324,
        0.012697484407504588,
        0.02791579292532258,
        0.02791579292532258,
        0.0266991451776366
    ],
    "squeeze": [],
    "reshape": [],
    "transpose": [],
    "latency": 18.628522555033367,
    "batch_size": 1,
    "model_name": "mobilenet_v3_small",
    "sm_partition": 10
}