{
    "nn.conv2d": [
        0.041885531665123425,
        0.030242025423593798,
        0.060191797285984984,
        0.06854900550420438,
        0.06327600508080405,
        0.0896378981173674,
        0.0696402927380567,
        0.063571367722445,
        0.08546240308869603,
        0.06476836369120037,
        0.05044172103139568,
        0.15132516309418703,
        0.04656158864436524,
        0.04457177716383682,
        0.23121609403740348,
        0.04446917750937207,
        0.040191082826235944,
        0.22792979601409327,
        0.04228349396122912,
        0.051632498839274406,
        0.11102837153304801,
        0.11222225842136509,
        0.04745389473016471,
        0.16385786634107782,
        0.10784467316420251,
        0.04108960707291206,
        0.15450575238259423,
        0.10675338593035022,
        0.032831889428719084,
        0.14953433276171144,
        0.10038288011222093,
        0.03262979920022791,
        0.19181782672294057,
        0.07133163249650586,
        0.037902799623628254,
        0.34115317833659925,
        0.06715613746783448,
        0.03561451642102056,
        0.3333898044821,
        0.06546479770938532,
        0.04576566405215387,
        0.24195796695181868,
        0.12754380682143399,
        0.03899719593791888,
        0.5739580124779872,
        0.10615333340575336,
        0.03213234633009581,
        0.5677895968883488,
        0.1070518576524295,
        0.03273239885469266,
        0.4020383005603308,
        0.14485827578246965
    ],
    "nn.conv2d_transpose": [],
    "nn.dense": [
        0.04845190955086724
    ],
    "nn.layer_norm": [],
    "nn.relu": [],
    "nn.bias_add": [
        0.028255323023503694
    ],
    "nn.max_pool2d": [],
    "nn.adaptive_avg_pool2d": [
        0.04417381486773112
    ],
    "nn.batch_matmul": [],
    "nn.softmax": [],
    "nn.batch_norm": [
        0.15180707056212753,
        0.23965724742745764,
        0.33177930081504725,
        0.3653169515032664,
        0.2925893418899523,
        0.32034099388244713,
        0.304024539742114,
        0.27617028809515437,
        0.2782626992301475,
        0.2949677884252713,
        0.28552551113407626,
        0.2903010586873445,
        0.28672250710283165,
        0.2684100233210935,
        0.23657614871307692,
        0.272386537201712,
        0.2673218451676795,
        0.23915979455732556,
        0.274677929484758,
        0.3251134323552771,
        0.3686996310201646,
        0.30422973905104356,
        0.3149716119654588,
        0.2671135367783117,
        0.26880487653676083,
        0.27686050395246264,
        0.25955536223274195,
        0.20274935354409365,
        0.20373493204304288,
        0.18214858655974775,
        0.19757584369471973,
        0.20553198053639513,
        0.2304046240430005,
        0.22582494855734678,
        0.21001838360889907,
        0.1438447155595755,
        0.20703677546854474,
        0.20693106673364167,
        0.14046203604267712,
        0.20632479604816817,
        0.20702744822722974,
        0.29338215740172524,
        0.21995189560934958,
        0.2029514437725848,
        0.12316000340339478,
        0.16454808219838615,
        0.20005999896494192,
        0.12155882697765708,
        0.1672343276970995,
        0.20513401824028943,
        0.26075235820149734,
        0.19766911610786944
    ],
    "multiply": [],
    "add": [
        0.03939515823402457,
        0.03262979920022791,
        0.03262979920022791,
        0.03292827092230717,
        0.03452012010672992,
        0.024272590982008513,
        0.025867549246869584,
        0.02477315293257894,
        0.01432664265980469,
        0.014525623807857534
    ],
    "squeeze": [],
    "reshape": [],
    "transpose": [],
    "latency": 19.626760482788086,
    "batch_size": 1,
    "model_name": "mobilenet_v2",
    "sm_partition": 60
}