{
    "nn.conv2d": [
        0.06032027507024423,
        0.040437305434240366,
        0.04709567807850067,
        0.13151404916017806,
        0.08138537571347342,
        0.0622580221110412,
        0.09915946575752294,
        0.07616188369045546,
        0.0772544992093831,
        0.09275910834423834,
        0.09098722823764001,
        0.059646276099532235,
        0.06419576915183821,
        0.0698431433400305,
        0.0804559943202651,
        0.06714714745718253,
        0.040355688371380705,
        0.03723581032335839,
        0.08189087494150742,
        0.08155124264767208,
        0.0649540179938892,
        0.03268631727105242,
        0.03673294390380374,
        0.07834974753679011,
        0.14052878539345098,
        0.06057565749274057,
        0.12115131498548114,
        0.08071137674276141,
        0.0414509366987877,
        0.08938911349067835,
        0.10134996241233692,
        0.03934468991531272,
        0.08003737777204942,
        0.09402022360584399,
        0.03479519686300675,
        0.07851824727946809,
        0.14474127896040098,
        0.053582918171603613,
        0.1504676374029736,
        0.05770852905873525,
        0.283416567184394,
        0.24171024806310995,
        0.07186250744368715,
        0.30768053013002583,
        0.16293925116962485,
        0.3772709238560393,
        0.22831451852020904,
        0.18197708928375933,
        0.30632989938012245,
        0.16007475554409883,
        0.1784412274960007,
        0.12746742252742674,
        0.060659907364079564,
        0.4279024637222985,
        0.1321854153224107,
        0.5150194634953034,
        0.12072743282030678,
        0.050549922803399636,
        0.42537760039060796,
        0.13142979928883905,
        0.5122392177411164,
        0.1204746832062898
    ],
    "nn.conv2d_transpose": [],
    "nn.dense": [
        0.05256928690705628,
        0.05375141791428162
    ],
    "nn.layer_norm": [],
    "nn.relu": [
        0.029232072546153447,
        0.07910799637884108,
        0.02914782267481445,
        0.047179927949839676,
        0.04650592897912766,
        0.045747680137076675,
        0.03108556971561144,
        0.028221074090085452,
        0.03681719377514273,
        0.03268631727105242,
        0.0288134559979378,
        0.033360316241764415,
        0.034458197377650754,
        0.025356578464559475,
        0.011963481730137913,
        0.012045098792997571,
        0.011371099822285576,
        0.012045098792997571,
        0.01128948275942592
    ],
    "nn.bias_add": [
        0.02956907203150945,
        0.026791459085801807,
        0.02864232344678045,
        0.027718207670530806,
        0.0280552071558868,
        0.028558073575441448,
        0.011371099822285576,
        0.01314034712040456,
        0.012550598021031568,
        0.012637480700849909,
        0.011626482244781916,
        0.011963481730137913,
        0.012721730572188908,
        0.01533347658369789,
        0.01145798250210392,
        0.011708099307641572,
        0.01289023031486691,
        0.012803347635048565
    ],
    "nn.max_pool2d": [],
    "nn.adaptive_avg_pool2d": [
        0.04600042975109367,
        0.04422854964449534,
        0.040355688371380705,
        0.0356350627679174,
        0.03580619531907474,
        0.034458197377650754,
        0.03344456611310342,
        0.029992954196683783,
        0.020385836055558514
    ],
    "nn.batch_matmul": [],
    "nn.softmax": [],
    "nn.batch_norm": [
        0.16957656134605037,
        0.16123582408348944,
        0.1668910966971198,
        0.31499183927716334,
        0.16334733648392313,
        0.22762998831557962,
        0.30808598263584475,
        0.2920785070814349,
        0.25712007609270876,
        0.29301052128312255,
        0.2589735732621668,
        0.2941005039935709,
        0.266887795551074,
        0.24961657192657916,
        0.23352221369235093,
        0.2507091874455068,
        0.2541686977873645,
        0.230412866878246,
        0.3005903768951531,
        0.2513015693533591,
        0.2776006932535236,
        0.24861347189594915,
        0.23193463017930666,
        0.23083411623494093,
        0.24650195949551554,
        0.21837040089372775,
        0.16190982305420146,
        0.17370480504166133,
        0.18247205727787597,
        0.1639318199663374,
        0.19722105037915955,
        0.2436400966784689,
        0.34169378287466745,
        0.17169070655496338,
        0.20647800499253213,
        0.11085966663972649,
        0.14548899656853456,
        0.1451467314662199,
        0.22678485679371027,
        0.16292871993570746,
        0.18517068596920327,
        0.10555455755384886,
        0.11894765428827045,
        0.13571074587625198,
        0.10386429451011019,
        0.11962691887594112
    ],
    "multiply": [
        0.033194449307565765,
        0.03066695316739578,
        0.03614319480443074,
        0.034961063797205406,
        0.041111304404952365,
        0.03116981958695043,
        0.02914782267481445,
        0.029484822160170444,
        0.03142256920096743,
        0.024853712045004823,
        0.02224196603349584,
        0.02291596500420784,
        0.03066695316739578,
        0.030580070487577434,
        0.02898195574061579,
        0.02982182164552644,
        0.027718207670530806,
        0.03639594441844774,
        0.034708314183188406,
        0.024766829365186482,
        0.015838975811731888,
        0.024345580008491484,
        0.02493796191634382,
        0.01676572439646088,
        0.015920592874591542,
        0.024092830394474487,
        0.016257592359947542,
        0.016341842231286537,
        0.013477346605760557
    ],
    "add": [
        0.03116981958695043,
        0.03327869917890476,
        0.03614319480443074,
        0.02830532396142445,
        0.028558073575441448,
        0.03049582061623844,
        0.028558073575441448,
        0.02687570895714081,
        0.045576547585919336,
        0.034034315212476414,
        0.02990607151686544,
        0.030329953682039782,
        0.027294325505356466,
        0.03049582061623844,
        0.02190496654813984,
        0.019459087470829518,
        0.021481084382965508,
        0.02257896551885184,
        0.019796086956185517,
        0.03125670226676878,
        0.027465458056513806,
        0.012637480700849909,
        0.03277056714239142,
        0.03125670226676878,
        0.0352980632825614,
        0.014490977870307896,
        0.024179713074292824,
        0.024345580008491484,
        0.011963481730137913,
        0.027381208185174807,
        0.023671581037779485,
        0.012637480700849909,
        0.012637480700849909,
        0.016007475554409886,
        0.02442982987983048,
        0.011963481730137913,
        0.012045098792997571,
        0.016007475554409886,
        0.012637480700849909
    ],
    "squeeze": [],
    "reshape": [],
    "transpose": [],
    "latency": 21.48538112640381,
    "batch_size": 1,
    "model_name": "mobilenet_v3_large",
    "sm_partition": 10
}