{
    "nn.conv2d": [
        0.04871493412312105,
        0.03368465011078683,
        0.05004792983295769,
        0.05004792983295769,
        0.04968438554845679,
        0.07997974259019874,
        0.059742444086315113,
        0.048351389838620154,
        0.07973737973386481,
        0.07137586119034402,
        0.056345577178009795,
        0.1775270053449776,
        0.05016911126112466,
        0.04798405863448902,
        0.2705981290968391,
        0.03902041986976362,
        0.04107671722897186,
        0.2628387307745229,
        0.03925899580646735,
        0.054289279818801564,
        0.12578253551768234,
        0.1251766283768475,
        0.04968438554845679,
        0.19134547507564215,
        0.11936370674446327,
        0.04119789865713883,
        0.17680370369560602,
        0.11475502555448827,
        0.03986868986693241,
        0.18140481104632053,
        0.11669392840515977,
        0.040228447231803084,
        0.2313315594511113,
        0.08470581828871047,
        0.04374649556827537,
        0.4099529845692217,
        0.07997974259019874,
        0.04434861578947999,
        0.3955323946173527,
        0.07997974259019874,
        0.055622275528638215,
        0.28840801211775313,
        0.15280978091854636,
        0.045564216990779886,
        0.695092885046097,
        0.12941797836269134,
        0.03902041986976362,
        0.6884316934165441,
        0.12941797836269134,
        0.042655862714772654,
        0.48496807552420507,
        0.17304707942242997
    ],
    "nn.conv2d_transpose": [],
    "nn.dense": [
        0.0579247226638106
    ],
    "nn.layer_norm": [],
    "nn.relu": [],
    "nn.bias_add": [
        0.028837392984108114
    ],
    "nn.max_pool2d": [],
    "nn.adaptive_avg_pool2d": [
        0.05283510268079795
    ],
    "nn.batch_matmul": [],
    "nn.softmax": [],
    "nn.batch_norm": [
        0.1771445264623256,
        0.16769616198493234,
        0.19471204662690572,
        0.26087331948643994,
        0.16368960101616192,
        0.19956687759284483,
        0.17846994833290178,
        0.1666017422117994,
        0.276998023271907,
        0.307051017457315,
        0.3001436760517979,
        0.2736125171224923,
        0.2635430978257434,
        0.2350730360457664,
        0.18126469502000248,
        0.24368449128488157,
        0.23265319440205726,
        0.17944318667786777,
        0.2339899770315241,
        0.23616366889926912,
        0.47888628259807536,
        0.2613656190383682,
        0.23143759320075738,
        0.2024790187884823,
        0.21896726685845036,
        0.22646915464591164,
        0.2081669720730693,
        0.21858478797579836,
        0.23362264582739303,
        0.20938636019399945,
        0.2211371718065651,
        0.22754842674052372,
        0.26960216923409175,
        0.2570182353028782,
        0.23313034627546467,
        0.14902286128832862,
        0.23337649605142882,
        0.23617124273852955,
        0.14806098370225332,
        0.2307067177121254,
        0.3007647308711536,
        0.3083878000867819,
        0.25361758147494273,
        0.23301295176692793,
        0.14636444370791576,
        0.16018670035821053,
        0.2327630150713336,
        0.1478224077655496,
        0.1517040003865228,
        0.2293737220022887,
        0.31262915007262576,
        0.19351159310412666
    ],
    "multiply": [],
    "add": [
        0.033082529889582206,
        0.027989122986939334,
        0.027144639909400782,
        0.028837392984108114,
        0.025686675851766955,
        0.023872741348892654,
        0.017567520164580113,
        0.01648067423070762,
        0.017325157308246176,
        0.01648067423070762
    ],
    "squeeze": [],
    "reshape": [],
    "transpose": [],
    "latency": 19.769617716471355,
    "batch_size": 1,
    "model_name": "mobilenet_v2",
    "sm_partition": 80
}