{
    "nn.conv2d": [
        0.05640024771718343,
        0.047148225180651204,
        0.03821605925259047,
        0.038872786118920276,
        0.05792467070223913,
        0.07164788029761777,
        0.04779814658722628,
        0.05923472170502137,
        0.05738023392186209,
        0.047148225180651204,
        0.08362548946591251,
        0.06108580675830329,
        0.16322214675703497,
        0.06424354008449008,
        0.06097691940222789,
        0.09363972349497258,
        0.06881340630977982,
        0.05062921784518687,
        0.1635488088252612,
        0.05716245920971128,
        0.15897553987009413,
        0.06849014697143095,
        0.04398708912458704,
        0.15276555784391857,
        0.05204815620404451,
        0.14874012839900586,
        0.06108580675830329,
        0.053786951171373665,
        0.04039720910397597,
        0.03767162247221345,
        0.10376624760998544,
        0.07131781549951419,
        0.05673031251528701,
        0.13109697398491257,
        0.05052373321898882,
        0.131205861340988,
        0.071535590211665,
        0.0981041050940643,
        0.11204508940159372,
        0.05694808722743783,
        0.18935170948525532,
        0.08939651933790908,
        0.05476693737605233,
        0.21864240826953973,
        0.09277202737624671,
        0.33536965398237595,
        0.08678322279209932,
        0.049979296438611785,
        0.22692125006114805,
        0.08982866603233336,
        0.3311264498253125,
        0.08460207294071384
    ],
    "nn.conv2d_transpose": [],
    "nn.dense": [
        0.046386013688123354,
        0.051394832067592065
    ],
    "nn.layer_norm": [],
    "nn.relu": [
        0.03636837692918592,
        0.03244502938059391,
        0.04246606886940871,
        0.03179510797401882,
        0.03342841831514993,
        0.03135955854971719,
        0.034299517163753186,
        0.03331953095907452,
        0.016220813325358276,
        0.026565112152521934,
        0.014914165052453396,
        0.028633971917954668,
        0.015462004562707781,
        0.014478615628151767
    ],
    "nn.bias_add": [
        0.08068212812199917,
        0.034299517163753186,
        0.03473506658805481,
        0.03625948957311051,
        0.016441990767386446,
        0.03407833972172501,
        0.01469639034030258,
        0.02166858385900598,
        0.02471402709924002,
        0.027762873069351417,
        0.01534971447675502,
        0.025044091897343593,
        0.01534971447675502,
        0.028089535137577632,
        0.01589755398700941,
        0.016333103411311042,
        0.014914165052453396,
        0.015131939764604205,
        0.02612956272822031,
        0.023407378826335132
    ],
    "nn.max_pool2d": [],
    "nn.adaptive_avg_pool2d": [
        0.10322521355948577,
        0.05585921366668376,
        0.05400472588352448,
        0.04246606886940871,
        0.03821605925259047,
        0.04072046844232483,
        0.03996165967967434,
        0.04126830795257923,
        0.04290161829371033,
        0.03451388914602664
    ],
    "nn.batch_matmul": [],
    "nn.softmax": [],
    "nn.batch_norm": [
        0.3041087745991022,
        0.28277365826807704,
        0.31260539110286123,
        0.30672207114491196,
        0.2706769535540749,
        0.3046464059197245,
        0.2860300707607073,
        0.27264032869330956,
        0.2737292022540636,
        0.41941367922320344,
        0.27873121517377764,
        0.32915286649644576,
        0.2907156298018271,
        0.27121118214481976,
        0.2852576510785473,
        0.24094730261561145,
        0.22178312794633978,
        0.20229569393871932,
        0.21798227867333259,
        0.20293540715566236,
        0.30421085649542284,
        0.23038522907629697,
        0.2089412253891965,
        0.20251687138074748,
        0.23278755636971057,
        0.22396427779772532,
        0.2707824381802729,
        0.2383306033399243,
        0.20937337208362075,
        0.26642354120737927,
        0.20992801705362982,
        0.23670750118842526,
        0.1730083978843122,
        0.20501447511072712
    ],
    "multiply": [
        0.04202711671522972,
        0.03440500178995124,
        0.03734496040398723,
        0.035167213282479085,
        0.033533902941347976,
        0.03451388914602664,
        0.031900592600216875,
        0.03386396773945156,
        0.025044091897343593,
        0.03527610063855449,
        0.026565112152521934,
        0.025911788016069495,
        0.025044091897343593,
        0.026891774220748153,
        0.030488459701113944,
        0.022757457419760044,
        0.026024078102022254,
        0.033098353517046354,
        0.027436211001125196,
        0.026241852814173072,
        0.026565112152521934,
        0.025911788016069495,
        0.02732732364504979,
        0.023625153538485946,
        0.024496252387089204,
        0.026891774220748153,
        0.02242739262165647,
        0.02732732364504979
    ],
    "add": [
        0.045406027483444696,
        0.03375508038337615,
        0.03419062980767777,
        0.036038312131082335,
        0.03277169144882013,
        0.03342841831514993,
        0.03342841831514993,
        0.030593944327311995,
        0.03734496040398723,
        0.033207240873121754,
        0.02471402709924002,
        0.03277169144882013,
        0.024496252387089204,
        0.02406070296278758,
        0.024496252387089204,
        0.02264516733380728,
        0.024278477674938386,
        0.027436211001125196,
        0.026565112152521934,
        0.026565112152521934,
        0.027112951662776327,
        0.028525084561879254,
        0.02732732364504979,
        0.025806303389871443,
        0.027762873069351417,
        0.026024078102022254,
        0.01534971447675502,
        0.02645962752632389,
        0.0235196689122879,
        0.025479641321645225,
        0.017966413752442144,
        0.02612956272822031,
        0.025044091897343593,
        0.02722183901885173
    ],
    "squeeze": [],
    "reshape": [],
    "transpose": [],
    "latency": 18.35872809092204,
    "batch_size": 1,
    "model_name": "mobilenet_v3_small",
    "sm_partition": 30
}