{
    "nn.conv2d": [
        0.01576818023866855,
        0.02567682195294844,
        0.020534078786614077,
        2.6478828994468486,
        0.024707039997933812,
        0.034237519455299036,
        0.026268441651048396,
        1.332015279790479,
        0.03503732604048094,
        0.029598114205833678,
        1.3306673355785494,
        0.02917646987756645,
        0.03330990193311113,
        0.022389313830989886,
        0.8361193853153903,
        0.0379045074726981,
        0.037314205413123976,
        0.8351496033603757,
        0.03739985191730326,
        0.03659741005506968,
        0.8349822632675947,
        0.03714686532034292,
        0.03701905438333691,
        0.8354869188229894,
        0.03714686532034292,
        0.03693472551768347,
        0.835235249864555,
        0.036556563260768796,
        0.0371047008875162,
        0.8339703168797533,
        0.03701905438333691,
        0.03685171429055585,
        0.8331257105846932,
        0.03672390335354986,
        0.05978784810976731,
        0.038369633872317885,
        0.5255796551851015,
        0.028586167817992326,
        0.02424454887536569,
        0.5227968026185379,
        0.024158902371186414,
        0.023865068979925186,
        0.5222473473532646,
        0.023779422475745913,
        0.023737258042919186,
        0.5224594871559239,
        0.024328877741019137,
        0.024116737938359688,
        0.5233449402452852,
        0.023779422475745913,
        0.023737258042919186,
        0.5213632119024293,
        0.023821586908572633,
        0.023779422475745913,
        0.5227533205471854,
        0.024116737938359688,
        0.02352643587878557,
        0.5228798138456654,
        0.024074573505532968,
        0.023779422475745913,
        0.5221643361261371,
        0.023779422475745913,
        0.024286713308192417,
        0.5224160050845716,
        0.023865068979925186,
        0.02352643587878557,
        0.5215318696337362,
        0.023865068979925186,
        0.023737258042919186,
        0.5230076247826714,
        0.023779422475745913
    ],
    "nn.conv2d_transpose": [],
    "nn.dense": [
        0.00969781955014628
    ],
    "nn.layer_norm": [],
    "nn.relu": [
        0.007883431300071356,
        0.007505269043156684,
        0.006240336058354995,
        0.005987349461394659,
        0.007336611311849793,
        0.006576333882442944,
        0.005943867390042101,
        0.005859538524388656,
        0.005987349461394659,
        0.005818691730087767,
        0.007041460282062734,
        0.005987349461394659,
        0.005818691730087767,
        0.005650033998780876,
        0.005650033998780876,
        0.005650033998780876,
        0.005859538524388656,
        0.005650033998780876,
        0.005690880793081763,
        0.005818691730087767,
        0.005650033998780876,
        0.005650033998780876,
        0.005606551927428317,
        0.005650033998780876,
        0.005650033998780876,
        0.005690880793081763,
        0.005690880793081763,
        0.005650033998780876,
        0.005818691730087767,
        0.005650033998780876,
        0.005650033998780876,
        0.0063246649240084425,
        0.005987349461394659,
        0.005650033998780876,
        0.005859538524388656,
        0.0059030205957412134,
        0.005650033998780876,
        0.006112525121348994,
        0.005859538524388656,
        0.005690880793081763,
        0.005650033998780876,
        0.005690880793081763,
        0.005650033998780876,
        0.005650033998780876,
        0.005650033998780876,
        0.005690880793081763,
        0.005775209658735209,
        0.005650033998780876,
        0.005606551927428317,
        0.005650033998780876,
        0.005650033998780876,
        0.005818691730087767,
        0.005650033998780876,
        0.005818691730087767,
        0.005650033998780876,
        0.005606551927428317,
        0.005650033998780876,
        0.005650033998780876,
        0.005690880793081763,
        0.005650033998780876,
        0.005690880793081763,
        0.005650033998780876,
        0.005650033998780876,
        0.006028196255695547,
        0.005650033998780876,
        0.005650033998780876,
        0.005650033998780876
    ],
    "nn.bias_add": [
        0.006281182852655885
    ],
    "nn.max_pool2d": [],
    "nn.adaptive_avg_pool2d": [
        0.009822995210100613
    ],
    "nn.batch_matmul": [],
    "nn.softmax": [],
    "nn.batch_norm": [
        0.062142468155434616,
        0.06876491938628179,
        0.05750701582154677,
        0.053247090467521914,
        0.05383607488857019,
        0.07559292222715923,
        0.056748056030665746,
        0.054218190061062384,
        0.05409169676258221,
        0.05404821469122966,
        0.052658106046473634,
        0.05345527735460386,
        0.07218155608377219,
        0.05531183003750551,
        0.05291241028195981,
        0.05253029510946761,
        0.05189782861706679,
        0.053966521102627875,
        0.05168832409145901,
        0.05202432191554695,
        0.0525711419037685,
        0.05270027047930034,
        0.05303495066486246,
        0.05308238565179252,
        0.05227862615103311,
        0.05177265295711245,
        0.051813499751413326,
        0.052319472945334,
        0.05177265295711244,
        0.05375569893849425,
        0.05219297964685384,
        0.051685688814407334,
        0.05295193943773485,
        0.05248681303811506,
        0.08980628900534239,
        0.054427694586670156,
        0.053500077064482246,
        0.053418383475880474,
        0.052615941613646904,
        0.05375042838439092,
        0.052994103870561575,
        0.05333141933317536,
        0.05219429728537967,
        0.0531640792403943,
        0.05274111727360122,
        0.05329189017740031,
        0.05362657036296242,
        0.05236690793226406,
        0.051982157482720226,
        0.05261330633659524,
        0.05227467323545561,
        0.05316539687892014,
        0.052784599344953796,
        0.053334054610227034,
        0.05253161274799345,
        0.052490765953692564,
        0.052406437088039125,
        0.0534197011144063,
        0.052905822089330624,
        0.05231815530680817,
        0.052741117273601236,
        0.052401166533935783,
        0.05261330633659523,
        0.05392172139274947,
        0.052490765953692564,
        0.052486813038115046,
        0.053880874598448585,
        0.052828081416306356,
        0.05375569893849425,
        0.05286497529502973,
        0.053883509875500266
    ],
    "multiply": [],
    "add": [
        0.00666066274809639,
        0.006576333882442944,
        0.006028196255695547,
        0.006366829356835165,
        0.005987349461394659,
        0.005987349461394659,
        0.005987349461394659,
        0.005943867390042101,
        0.006281182852655885,
        0.005859538524388656,
        0.006366829356835165,
        0.005943867390042101,
        0.005987349461394659,
        0.005987349461394659,
        0.005987349461394659,
        0.005943867390042101,
        0.005987349461394659,
        0.006028196255695547,
        0.005943867390042101,
        0.005987349461394659,
        0.005987349461394659,
        0.005987349461394659
    ],
    "squeeze": [],
    "reshape": [],
    "transpose": [],
    "latency": 23.205563227335613,
    "batch_size": 1,
    "model_name": "regnet_x_400mf",
    "sm_partition": 100
}