{
    "nn.conv2d": [
        0.0001601282114733163,
        0.0003158602586326799,
        0.0006082604831748635,
        3.03642447065992,
        0.0017969528999523048,
        0.0018128786272783221,
        3.031516236149889,
        0.0017911881184462725,
        0.001592116526871054,
        0.002468031529802015,
        1.5174992410705512,
        0.0030303120050894357,
        0.003043569620111702,
        1.5135572364737113,
        0.003029869623774824,
        0.0030281000985163775,
        1.5137691232989945,
        0.003021450554381122,
        0.003039588188280197,
        1.5140796335086035,
        0.003028984861145601,
        0.0030285286554149076,
        1.5138301857448266,
        0.0030303120050894357,
        0.0030338510556063283,
        1.5139951525019286,
        0.003018367709594923,
        0.003042242476167867,
        1.5140164559271105,
        0.003032081530347882,
        0.0024012319512956635,
        0.0036704377673324163,
        0.758279631861749,
        0.005306350044350018,
        0.005211680443023136,
        0.7555501253261793,
        0.0052346842713829386,
        0.005247955710821287,
        0.7558456083955077,
        0.005181156132314936,
        0.00521788760584378,
        0.7552745355915924,
        0.005258572862371965,
        0.005226735232136012,
        0.7554134294999644,
        0.00520725662987702,
        0.005299271943316232,
        0.7553072303356254,
        0.005210353299079301,
        0.005270517157866479,
        0.7552293850486698,
        0.005216560461899945,
        0.005234241890068328,
        0.7557549478748444,
        0.005226735232136012,
        0.0051842528015172175,
        0.7556784297318329,
        0.005202404259832373,
        0.005236910002372077,
        0.7555647377339777,
        0.00516876945550581,
        0.005238237146315913,
        0.7552289703161874,
        0.005245757628664311,
        0.005279820989889404,
        0.7556226896861918,
        0.00520725662987702,
        0.005214790936641499,
        0.7556890330589674,
        0.005201948054101681,
        0.006628627793724079,
        0.0031784959210682385,
        0.35493978158415374,
        0.010958656101142385
    ],
    "nn.conv2d_transpose": [],
    "nn.dense": [
        0.00029328498717140684
    ],
    "nn.layer_norm": [],
    "nn.relu": [
        7.874387400086417e-05,
        0.0006644567345466179,
        0.00015481963569797714,
        0.00016456584903551389,
        0.00015793012931633994,
        0.000145087246776522,
        0.00016720631250710186,
        0.00034638456934088003,
        8.493721240542653e-05,
        8.846243850623768e-05,
        8.536576930395648e-05,
        8.62643563492613e-05,
        8.228292451775694e-05,
        8.536576930395648e-05,
        8.58081506185681e-05,
        8.757767587701448e-05,
        8.714911897848451e-05,
        9.068816949537727e-05,
        8.757767587701448e-05,
        8.359624404551011e-05,
        8.271148141628691e-05,
        8.891864423693088e-05,
        8.536576930395648e-05,
        8.669291324779129e-05,
        8.536576930395648e-05,
        8.58081506185681e-05,
        8.62643563492613e-05,
        8.846243850623768e-05,
        0.00015439107879944714,
        7.962863663008736e-05,
        7.25367111802202e-05,
        7.299291691091342e-05,
        7.43062364386666e-05,
        7.387767954013662e-05,
        7.917243089939416e-05,
        7.608958611319458e-05,
        7.387767954013662e-05,
        7.564720479858302e-05,
        7.210815428169021e-05,
        7.608958611319458e-05,
        7.299291691091342e-05,
        7.033862902324384e-05,
        7.165194855099701e-05,
        7.651814301172458e-05,
        7.210815428169021e-05,
        7.25367111802202e-05,
        7.342147380944338e-05,
        7.165194855099701e-05,
        7.210815428169021e-05,
        7.874387400086417e-05,
        7.519099906788977e-05,
        7.210815428169021e-05,
        7.165194855099701e-05,
        7.387767954013662e-05,
        7.165194855099701e-05,
        7.165194855099701e-05,
        7.342147380944338e-05,
        7.299291691091342e-05,
        7.210815428169021e-05,
        7.608958611319458e-05,
        7.874387400086417e-05,
        7.519099906788977e-05,
        7.165194855099701e-05,
        7.165194855099701e-05,
        7.210815428169021e-05,
        8.005719352861735e-05,
        7.165194855099701e-05,
        8.980340686615407e-05,
        6.501622883182307e-05,
        6.501622883182307e-05
    ],
    "nn.bias_add": [
        6.458767193329309e-05
    ],
    "nn.max_pool2d": [],
    "nn.adaptive_avg_pool2d": [
        0.00010129149662997398
    ],
    "nn.batch_matmul": [],
    "nn.softmax": [],
    "nn.batch_norm": [
        0.0006365175896456791,
        0.0013066976324500846,
        0.0023657999728784918,
        0.0008227601230971613,
        0.0009116234696697659,
        0.0008422110765239899,
        0.0008156543732312125,
        0.0009213696830073026,
        0.003038606654738403,
        0.001411998209743726,
        0.00064269710363416,
        0.0006860366480500147,
        0.0006325223333980931,
        0.0006431394849487715,
        0.0006599776237361755,
        0.0006382594660719625,
        0.0006400704645786536,
        0.000669696188241549,
        0.0006489180908708854,
        0.0006515585543424735,
        0.0006670280759377978,
        0.0006338356529258465,
        0.0006369323221281276,
        0.0006763319079607228,
        0.0006462499785671344,
        0.0006453928647700744,
        0.0006608485619493171,
        0.0006307528081396468,
        0.000640056640162572,
        0.0006781290820513327,
        0.00423223438805698,
        0.0008669844301422393,
        0.0006104032676675133,
        0.0006033666398819727,
        0.0006015556413752814,
        0.0005913670467231333,
        0.0006157394922750159,
        0.0006090761237236787,
        0.0006068918659827838,
        0.0006042237536790328,
        0.0006086752156573118,
        0.0005997722917007534,
        0.0006050532186439294,
        0.0006051085163082557,
        0.0005931503963976611,
        0.0006033251666337279,
        0.0005913532223070515,
        0.0006019841982738115,
        0.0006055232487907042,
        0.0006006570543299767,
        0.0006024127551723415,
        0.0006197070996904386,
        0.0006032975178015647,
        0.0006081775366783737,
        0.000622762295644475,
        0.0005949337460721891,
        0.0006068365683184573,
        0.0006046246617453995,
        0.0005904408108456652,
        0.0005966617980823908,
        0.0006037675479483394,
        0.00058919661339832,
        0.0006068503927345389,
        0.0006095461538704534,
        0.000596219416767779,
        0.0006028827853191163,
        0.0006095046806222086,
        0.0006015556413752814,
        0.0006077489797798439,
        0.0006077489797798438,
        0.0037048605633756304,
        0.000654212842230143,
        0.0005838742132068993,
        0.000568335569531167
    ],
    "multiply": [],
    "add": [
        0.00024329589862029648,
        0.00024329589862029648,
        0.0001353686822711485,
        0.00012077009888896582,
        0.00012473770630438857,
        0.00012429532498977697,
        0.00012519391203508177,
        0.00012032771757435425,
        0.00012917534386658617,
        8.669291324779129e-05,
        8.62643563492613e-05,
        8.405244977620333e-05,
        8.359624404551011e-05,
        8.405244977620333e-05,
        8.359624404551011e-05,
        8.669291324779129e-05,
        8.714911897848451e-05,
        8.448100667473331e-05,
        8.359624404551011e-05,
        8.493721240542653e-05,
        8.359624404551011e-05,
        8.359624404551011e-05,
        7.299291691091342e-05
    ],
    "squeeze": [],
    "reshape": [],
    "transpose": [],
    "latency": 27.112584114074707,
    "batch_size": 1,
    "model_name": "regnet_x_32gf",
    "sm_partition": 100
}