{
    "nn.conv2d": [
        0.0008906285302607405,
        0.0010980351742940636,
        0.00177363181625555,
        2.8507372677462626,
        0.002505655265784926,
        0.002475154288721202,
        2.8470405493261395,
        0.002455328653629781,
        0.001622604322013454,
        0.00375919776532732,
        1.4246686126206307,
        0.003156803468318771,
        0.0030424724621064686,
        1.422161384648216,
        0.003039422364400096,
        0.0030134488761192684,
        1.4217755472883598,
        0.0030302244135043165,
        0.003027174315797944,
        1.4217709721418001,
        0.0030225991692383854,
        0.003027174315797944,
        1.4216962447479944,
        0.0030225991692383854,
        0.003025649266944758,
        1.4215117138367586,
        0.0030302244135043165,
        0.0022143232770497003,
        0.004597974634579729,
        0.8012529945619866,
        0.0034130593334307153,
        0.003339809330701115,
        0.7987916133707207,
        0.0033535347703797912,
        0.003335234184141557,
        0.7987900406640909,
        0.0033550598192329767,
        0.0033124061091204257,
        0.7986635092670532,
        0.0033200313533863564,
        0.003315456206826798,
        0.79880076366384,
        0.003309308353637391,
        0.003313931157973612,
        0.7989776693308095,
        0.003315456206826798,
        0.003313931157973612,
        0.7989044193280799,
        0.003310881060267239,
        0.0033077833047842047,
        0.7987153132702848,
        0.0032894827185459704,
        0.0033261315487991016,
        0.7986253353879469,
        0.0033215564022395427,
        0.003309308353637391,
        0.7986802371466615,
        0.0033062582559310184,
        0.003310881060267239,
        0.7989913947704882,
        0.0033062582559310184,
        0.003304733207077832,
        0.7988388422273929,
        0.0033062582559310184,
        0.0033215564022395427,
        0.7985201546748536,
        0.0033062582559310184,
        0.0032955829139587156,
        0.798629958192283,
        0.0033261315487991016,
        0.0033077833047842047,
        0.7988190642500781,
        0.003309308353637391,
        0.008860533837011818,
        0.005337670986151699,
        0.46675030415297875,
        0.008342017226928511,
        0.008172736804224843,
        0.4629681829970771,
        0.008184937195050333
    ],
    "nn.conv2d_transpose": [],
    "nn.dense": [
        0.0005184689523066458
    ],
    "nn.layer_norm": [],
    "nn.relu": [
        0.0004209134834793911,
        0.0009531078754647127,
        0.00036596406698802584,
        0.0003644866759115017,
        0.0003522386273093501,
        0.0003583388227220948,
        0.0003583388227220948,
        0.0005017410726982596,
        0.00029428677088827443,
        0.0002836590866926331,
        0.0002836590866926331,
        0.0002836590866926331,
        0.00027755889127988834,
        0.0002836590866926331,
        0.0003095849171967985,
        0.0002820863800627848,
        0.0002928093798117503,
        0.0002867091843990055,
        0.00029123667318190204,
        0.0002867091843990055,
        0.0002820863800627848,
        0.0003034847217840537,
        0.0002836590866926331,
        0.00027145869586714345,
        0.00027145869586714345,
        0.0003934149463453775,
        0.00023333247453748856,
        0.0002363825722438609,
        0.0002485829630693505,
        0.00025468315848209535,
        0.0002485829630693505,
        0.0002485829630693505,
        0.0002485829630693505,
        0.00026078335389484014,
        0.0002485829630693505,
        0.00024701025643950226,
        0.0002485829630693505,
        0.00024248276765660574,
        0.00024248276765660574,
        0.00025006035414587466,
        0.00024701025643950226,
        0.0002531104518522471,
        0.0002455328653629781,
        0.00025468315848209535,
        0.00025006035414587466,
        0.0002485829630693505,
        0.0002485829630693505,
        0.0002455328653629781,
        0.00023943266995023335,
        0.0002485829630693505,
        0.0002485829630693505,
        0.00025468315848209535,
        0.00024701025643950226,
        0.0002363825722438609,
        0.00024701025643950226,
        0.0002623084027480263,
        0.0002485829630693505,
        0.0002485829630693505,
        0.00024248276765660574,
        0.0002485829630693505,
        0.0002485829630693505,
        0.0002485829630693505,
        0.0002485829630693505,
        0.0002485829630693505,
        0.0002531104518522471,
        0.00024701025643950226,
        0.0002485829630693505,
        0.0002363825722438609,
        0.0002485829630693505,
        0.0002485829630693505,
        0.0003263127968051847,
        0.0002485829630693505,
        0.0002271846213480817,
        0.00021350683944606794,
        0.00022570723027155756,
        0.00021350683944606794
    ],
    "nn.bias_add": [
        0.00021350683944606794
    ],
    "nn.max_pool2d": [],
    "nn.adaptive_avg_pool2d": [
        0.0003599115293519431
    ],
    "nn.batch_matmul": [],
    "nn.softmax": [],
    "nn.batch_norm": [
        0.00263037566730956,
        0.003887015922334989,
        0.004106575299417139,
        0.0024337873385785265,
        0.002531295149629119,
        0.0024154867523402913,
        0.0023955658016955473,
        0.0024443673649975056,
        0.005685096178018179,
        0.002798178698936704,
        0.0021302549590178107,
        0.0021866341088090375,
        0.0021500329363325693,
        0.0020936061287646795,
        0.002110334008373065,
        0.0021119067150029143,
        0.0021301596434644865,
        0.0021164818615624728,
        0.0021302073012411486,
        0.0020983242486542243,
        0.002124107105828403,
        0.0021103340083730654,
        0.0021271572035347756,
        0.0021363551544305555,
        0.002127204861311438,
        0.002072207787043411,
        0.002153130691815603,
        0.006450718360094314,
        0.002499269123712208,
        0.0019960506599374247,
        0.0020127785395458115,
        0.0020204037838117417,
        0.0020311267835607075,
        0.002005248610833204,
        0.002011348806245949,
        0.001983897926888597,
        0.001988377757894832,
        0.0020098714151694248,
        0.0020143989039523216,
        0.002025217219254611,
        0.002009823757392763,
        0.001980895486958887,
        0.002012826197322473,
        0.0020082033929862526,
        0.0020020555397968457,
        0.002018831077181894,
        0.001997528051013949,
        0.001997575708790611,
        0.0019991484154204594,
        0.0019914755133778658,
        0.0019700771716565976,
        0.002018926392735218,
        0.0019944302955309146,
        0.002003866535310004,
        0.002028076685854335,
        0.0019929052466777283,
        0.0019855182912951073,
        0.00202059441491839,
        0.0020173536861053695,
        0.0019991007576437973,
        0.0020037235619800183,
        0.0019823728780354113,
        0.002009823757392763,
        0.0020021031975735073,
        0.001997575708790611,
        0.002003675904203356,
        0.0020129215128757974,
        0.0020143989039523216,
        0.0019869003668183077,
        0.00202035612603508,
        0.0020067260019097284,
        0.001996050659937425,
        0.001997623366567273,
        0.007137085659581428,
        0.0023024425060978646,
        0.0020144465617289832,
        0.0019869480245949694,
        0.001948821803265315,
        0.0019702678027632456,
        0.001985280002411797
    ],
    "multiply": [],