{
    "nn.conv2d": [
        0.00018700376608505356,
        0.0007830633474278162,
        0.0021635323356101726,
        13.097283346678447,
        0.00517965750879623,
        0.005239349722178844,
        13.076745205004254,
        0.005242883501211095,
        0.003122807096943466,
        0.008438183806697077,
        6.543441920446791,
        0.007194580109969048,
        0.007225336522914439,
        6.530551843612248,
        0.007211487929409675,
        0.007220656653385242,
        6.531072837250651,
        0.007214254663499957,
        0.007209959808747077,
        6.531013088329666,
        0.007219603085819039,
        0.007205372462148624,
        6.530190425167881,
        0.007212535527754537,
        0.007193625034554925,
        6.53015982097008,
        0.007216740844187342,
        0.007197448320822081,
        6.530648025675672,
        0.007196681275880114,
        0.005227796294278639,
        0.01286705951706281,
        3.267441147908289,
        0.011120707106951719,
        0.011094535055994111,
        3.2578016433842136,
        0.011126724082060687,
        0.01112519297678742,
        3.2571338218239423,
        0.010846122925391695,
        0.01097496259875673,
        3.2573717311096,
        0.011098546372733423,
        0.010956335643570682,
        3.2572555073855334,
        0.01110714503607119,
        0.011006575594964159,
        3.257481758781917,
        0.011110487800020614,
        0.01111287548855592,
        3.2574981532483225,
        0.01098241218698688,
        0.010962066096055415,
        3.2576719411583652,
        0.011056144008957084,
        0.010960636467544901,
        3.2574347601177105,
        0.011078298773954038,
        0.011020615203551751,
        3.256866400707988,
        0.010955288045225818,
        0.010909348917806557,
        3.2570321719537723,
        0.01094086640647258,
        0.01109090875403112,
        3.257495237283699,
        0.011115642222646204,
        0.011069419557213377,
        3.257236928184118,
        0.010976395211877913,
        0.004173867590184535,
        0.008785831257437421,
        1.5281764031837783,
        0.005608677384819756
    ],
    "nn.conv2d_transpose": [],
    "nn.dense": [
        0.00020515019895336826
    ],
    "nn.layer_norm": [],
    "nn.relu": [
        8.614481774311959e-05,
        0.000734357485918272,
        0.00020944505370624732,
        0.00020734687240584843,
        0.00021164471176939669,
        0.00021450993801176217,
        0.00020982708387189605,
        0.0003741000551008502,
        0.00010142900897973794,
        0.00010247959193527195,
        0.00010219008470036625,
        0.00010152153191048099,
        0.00010238408439385977,
        0.0001027661145595085,
        0.0001019990696175419,
        0.00010228857685244757,
        0.00010238408439385977,
        0.00010152153191048099,
        0.00010238408439385977,
        0.00010161703945189315,
        0.00010171254699330535,
        0.00010295414503166371,
        0.00010161703945189315,
        0.00010161703945189315,
        0.00010247959193527195,
        0.00010180805453471753,
        0.00010161703945189315,
        0.00010286162210092067,
        0.00021211926486578846,
        7.487492785648204e-05,
        7.439739014942112e-05,
        7.315877672173187e-05,
        7.411086752518456e-05,
        7.592551081201603e-05,
        7.220071669694092e-05,
        7.191419407270436e-05,
        7.258573147325879e-05,
        7.411086752518456e-05,
        7.267825440400182e-05,
        7.191419407270436e-05,
        7.182167114196132e-05,
        7.306326918031969e-05,
        7.35378222767115e-05,
        7.334979180455624e-05,
        7.267825440400182e-05,
        7.334979180455624e-05,
        7.344231473529928e-05,
        7.315877672173187e-05,
        7.430188260800896e-05,
        7.267825440400182e-05,
        7.191419407270436e-05,
        7.344231473529928e-05,
        7.2773761945414e-05,
        7.344231473529928e-05,
        7.267825440400182e-05,
        7.258573147325879e-05,
        7.35378222767115e-05,
        7.392283705302935e-05,
        7.220071669694092e-05,
        7.35378222767115e-05,
        7.239471639043441e-05,
        7.2773761945414e-05,
        7.420637506659677e-05,
        7.363332981812366e-05,
        7.258573147325879e-05,
        7.334979180455624e-05,
        7.267825440400182e-05,
        9.856079812670334e-05,
        4.001467524103538e-05,
        3.944461460323141e-05
    ],
    "nn.bias_add": [
        1.432613121182739e-05
    ],
    "nn.max_pool2d": [],
    "nn.adaptive_avg_pool2d": [
        4.717774084694908e-05
    ],
    "nn.batch_matmul": [],
    "nn.softmax": [],
    "nn.batch_norm": [
        0.00036281822677153617,
        0.002684600589280357,
        0.0024054380149538855,
        0.0007193478788632138,
        0.0007519995195835037,
        0.0007286091257695264,
        0.0007262214372342217,
        0.0007581209560658909,
        0.008754200353565975,
        0.0012433947739811904,
        0.0004107570433391135,
        0.0004469752938090147,
        0.000410951043032607,
        0.0004109480584219379,
        0.00044924956713889225,
        0.0004071337259867889,
        0.0004076978174032545,
        0.00044857504512766863,
        0.0004086528928173762,
        0.00040817833972098456,
        0.0004440951445133035,
        0.0004096139374528364,
        0.0004079067401500937,
        0.0004485780297383377,
        0.0004073247410696132,
        0.0004069397262932953,
        0.00044648283304860807,
        0.0004059816662685044,
        0.00040703523383470755,
        0.0004502076271636831,
        0.013116796814802321,
        0.0007304237690563578,
        0.00031955032590114823,
        0.0003355955928583949,
        0.0003169716222830193,
        0.00032251702890626413,
        0.0003331094121710091,
        0.0003168761147416071,
        0.0003224185367541828,
        0.000333679472808813,
        0.0003167716533681875,
        0.00031992937145612784,
        0.00033349741155799605,
        0.00031592402393815444,
        0.00032136496918797974,
        0.00033559260824772574,
        0.0003160105776475592,
        0.00032012038653895223,
        0.00033444950236144873,
        0.0003178341747663981,
        0.00032222752167135847,
        0.00033358694987806995,
        0.00031611503902097873,
        0.0003187802963485125,
        0.00033644919150976633,
        0.000315822547175404,
        0.0003206009088566823,
        0.00033387347250230653,
        0.00031420190358206595,
        0.00032260059800499983,
        0.00033272738200536034,
        0.00031544051700975527,
        0.0003231885663068185,
        0.00033569408501047624,
        0.00031630008488246487,
        0.00031992638684545877,
        0.000335210578082077,
        0.000315822547175404,
        0.0003223140753807633,
        0.0003353090702341584,
        0.008961165195806175,
        0.0004120941489188841,
        0.00021229834150593627,
        0.0002227146327412025
    ],
    "multiply": [],
    "add": [
        0.00023838383875413865,
        0.00024526038173581583,
        0.00014813219673029523,
        0.00014927828722724145,
        0.0001497528403236332,
        0.00014650856852628814,
        0.00015003936294786973,
        0.00015023037803069413,
        0.00014908727214441709,
        9.073216434157348e-05,
        9.04426571066678e-05,
        9.04426571066678e-05,
        9.015911909310039e-05,
        9.082767188298567e-05,
        8.996810401027602e-05,
        9.00636115516882e-05,
        9.101570235514089e-05,
        9.015911909310039e-05,
        8.939505876180294e-05,
        9.06366568001613e-05,
        9.073216434157348e-05,
        9.034714956525563e-05,
        5.071450448986897e-05
    ],
    "squeeze": [],
    "reshape": [],
    "transpose": [],
    "latency": 116.25627199808757,
    "batch_size": 1,
    "model_name": "regnet_x_32gf",
    "sm_partition": 5
}