{
    "nn.conv2d": [
        0.009070743817732466,
        0.019286519852588235,
        0.012149276690740844,
        2.9900028609169063,
        0.0101202945209849,
        0.008568719920583293,
        0.01351063421272783,
        1.49726948938755,
        0.011505522421439601,
        0.011338429772165582,
        1.498748706903221,
        0.011051985230552978,
        0.010812535496548693,
        1.4973880953305612,
        0.01100349852429043,
        0.016517555950333062,
        0.03205717233281684,
        0.8465868427360517,
        0.03346552466241214,
        0.031364931357253045,
        0.8425997435826158,
        0.03148502919891874,
        0.0315797647634625,
        0.8419552433639875,
        0.03167524627733337,
        0.03174685741273652,
        0.8425042620687451,
        0.03162750552039793,
        0.0317229870342688,
        0.8428145769888252,
        0.03174685741273652,
        0.03198556119741369,
        0.8430532807735024,
        0.03191469601133765,
        0.03196169081894597,
        0.8432203734227763,
        0.031556640334321893,
        0.07399817324992275,
        0.04368204664659502,
        0.4952148716912573,
        0.12106981363893357,
        0.11985242433708002,
        0.4922064580549978,
        0.12035444823422918,
        0.12054466531264381,
        0.49172979643497056,
        0.12021122596342292,
        0.12013886887869263,
        0.4919207594627123,
        0.12002026293568116,
        0.12002026293568116,
        0.4913240000010193,
        0.11985242433708002
    ],
    "nn.conv2d_transpose": [],
    "nn.dense": [
        0.00632565029394501
    ],
    "nn.layer_norm": [],
    "nn.relu": [
        0.004367533310265098,
        0.005728144882924968,
        0.003938612447173308,
        0.0037953901763670052,
        0.004344408881124496,
        0.003460458928491851,
        0.0033895937424158165,
        0.0032941122285449482,
        0.003460458928491851,
        0.0034127181715564174,
        0.0033418529854803824,
        0.0034373344993512502,
        0.0033895937424158165,
        0.004153445853382761,
        0.003460458928491851,
        0.0033418529854803824,
        0.0033895937424158165,
        0.0033172366576855487,
        0.0033649774146209833,
        0.0032941122285449482,
        0.0032694959007501146,
        0.0032694959007501146,
        0.0033172366576855487,
        0.0032941122285449482,
        0.0032463714716095145,
        0.0033895937424158165,
        0.0032694959007501146,
        0.0032694959007501146,
        0.0032694959007501146,
        0.0032694959007501146,
        0.0033172366576855487,
        0.0034127181715564174,
        0.0032694959007501146,
        0.0032941122285449482,
        0.003627551577765871,
        0.003460458928491851,
        0.0033172366576855487,
        0.0032694959007501146,
        0.0032694959007501146,
        0.0032694959007501146,
        0.0032941122285449482,
        0.0032694959007501146,
        0.0032694959007501146,
        0.0032941122285449482,
        0.0032694959007501146,
        0.0032694959007501146,
        0.0032694959007501146,
        0.0032694959007501146,
        0.0032694959007501146
    ],
    "nn.bias_add": [
        0.003627551577765871
    ],
    "nn.max_pool2d": [],
    "nn.adaptive_avg_pool2d": [
        0.00544244629063948
    ],
    "nn.batch_matmul": [],
    "nn.softmax": [],
    "nn.batch_norm": [
        0.034010067671206935,
        0.04100483451157514,
        0.037971804547520846,
        0.031027016312069427,
        0.031504423881423764,
        0.041101061974773125,
        0.03353415200050683,
        0.029879746246964777,
        0.030239293822634766,
        0.029644026259596067,
        0.029712653597690757,
        0.029616426134492772,
        0.02952392841793038,
        0.029881238145619014,
        0.029902124726778265,
        0.05991017425800701,
        0.03186322550776664,
        0.03014306635943678,
        0.030145304207418122,
        0.02947320386368647,
        0.02942695500540527,
        0.029522436519276135,
        0.02940383057626467,
        0.029714145496344983,
        0.0295947936040064,
        0.029667150688736668,
        0.0292852246332532,
        0.02945231728252722,
        0.029307603113066683,
        0.02935608981932923,
        0.029498566140808417,
        0.02980813511156162,
        0.02947618766099493,
        0.02968952916855016,
        0.029522436519276135,
        0.029450825383872982,
        0.02964253436094184,
        0.07170214122105921,
        0.031215741491829815,
        0.030096817501155577,
        0.03016842863655873,
        0.029259116406804134,
        0.029690275117877276,
        0.029644772208923188,
        0.03007145522403363,
        0.030240039771961876,
        0.02985736776715129,
        0.02937846829914272,
        0.029856621817824173,
        0.02987900029763766,
        0.029738015874812705,
        0.029617172083819886,
        0.029928978902554436
    ],
    "multiply": [],
    "add": [
        0.004463014824135966,
        0.0037953901763670052,
        0.003675292334701304,
        0.003627551577765871,
        0.0037476494194315715,
        0.0034127181715564174,
        0.0033895937424158165,
        0.003460458928491851,
        0.003460458928491851,
        0.003460458928491851,
        0.003460458928491851,
        0.0036044271486252695,
        0.0032941122285449482,
        0.0032941122285449482,
        0.0033172366576855487,
        0.0032694959007501146
    ],
    "squeeze": [],
    "reshape": [],
    "transpose": [],
    "latency": 19.479856491088867,
    "batch_size": 1,
    "model_name": "regnet_x_800mf",
    "sm_partition": 100
}