{
    "nn.conv2d": [
        0.001337465934084617,
        0.0015369643832110955,
        0.0034174069579563336,
        2.4879381131606446,
        0.001956029172796302,
        0.0019807820314064846,
        2.489889383587151,
        0.0019583532116822064,
        0.0019194347827198473,
        0.004117459115699156,
        1.450318311223619,
        0.0037491173970364547,
        0.0036818678273697453,
        1.452159798479896,
        0.003742034611860366,
        0.0036913115409378614,
        1.4520264060257462,
        0.0037231840742302574,
        0.0036913115409378614,
        1.452006301244908,
        0.0037384932192723232,
        0.006464185047870188,
        0.008832233114581735,
        0.8813924114901547,
        0.011102265763517938,
        0.011181356864650922,
        0.8785651628511935,
        0.011230936360883537,
        0.011162469437514687,
        0.8784601384272542,
        0.011160071619616532,
        0.011149484331358523,
        0.8786454713060285,
        0.011170732686886786,
        0.011170732686886786,
        0.8786997726590452,
        0.011163613012204575,
        0.011151808370244428,
        0.8787079990189112,
        0.011138860153594395,
        0.01116128897331867,
        0.8785852307425255,
        0.01116951533318465,
        0.011144762474574466,
        0.8786667196615568,
        0.011235658217667595,
        0.011184898257238963,
        0.8787977142978084,
        0.011182500439340808,
        0.011162469437514687,
        0.8788638571822911,
        0.011195485545496972,
        0.01342420194757266,
        0.021777203488078566,
        0.4908511413837443,
        0.029137397750230012,
        0.02911611250519562,
        0.4876639249440109,
        0.029048826046022786
    ],
    "nn.conv2d_transpose": [],
    "nn.dense": [
        0.0006055781325555239
    ],
    "nn.layer_norm": [],
    "nn.relu": [
        0.0006031803146573691,
        0.001274864442189714,
        0.0004591636827435797,
        0.0004449981123914038,
        0.00043795221672144116,
        0.0004461785765874186,
        0.0004391326809174559,
        0.0007130003743928584,
        0.0003281321569859518,
        0.0003210862613159893,
        0.0003128230119438866,
        0.0003198689076138491,
        0.0003210862613159893,
        0.0003139665866337758,
        0.0003175448687279453,
        0.0003234103002018931,
        0.0003234103002018931,
        0.0003269885822960626,
        0.00031514705082979046,
        0.0005748860634591424,
        0.00025848476942108643,
        0.0002454996632649252,
        0.00024786059165695447,
        0.00025848476942108643,
        0.0002514388737511239,
        0.0002525824484410132,
        0.00024786059165695447,
        0.0002454996632649252,
        0.0002537629126370278,
        0.0002537629126370278,
        0.0002537629126370278,
        0.0002537629126370278,
        0.00025848476942108643,
        0.0002573411947311973,
        0.0002525824484410132,
        0.00025612384102905713,
        0.0002537629126370278,
        0.0002525824484410132,
        0.0002537629126370278,
        0.0002525824484410132,
        0.0002537629126370278,
        0.0002525824484410132,
        0.00025612384102905713,
        0.0002525824484410132,
        0.0002525824484410132,
        0.0002537629126370278,
        0.00026556755459717453,
        0.0002537629126370278,
        0.0002537629126370278,
        0.0004048623297269051,
        0.00021834898675658783,
        0.00020890527318847047,
        0.00022070991514861713,
        0.00020890527318847047,
        0.00020890527318847047
    ],
    "nn.bias_add": [
        0.0001734913473080305
    ],
    "nn.max_pool2d": [],
    "nn.adaptive_avg_pool2d": [
        0.00031042519404573176
    ],
    "nn.batch_matmul": [],
    "nn.softmax": [],
    "nn.batch_norm": [
        0.003002805798612308,
        0.005469975968282961,
        0.004792352630264416,
        0.002424415232071247,
        0.0025365224411865147,
        0.002394977406183131,
        0.00241862357960955,
        0.0024787165850879214,
        0.005896307990574883,
        0.0031988735236691186,
        0.0020088549455679586,
        0.002038514108492827,
        0.0019947262647219076,
        0.0020183355486422016,
        0.002028996615912459,
        0.0020053873319921655,
        0.002003026403600136,
        0.002020696477034231,
        0.0020030632931062617,
        0.0020184462171605783,
        0.0020171919739523122,
        0.01043866043782707,
        0.0027761935624836167,
        0.0018082867007638418,
        0.001801240805093879,
        0.0017716554211812615,
        0.0017988429871957244,
        0.0018048190871880485,
        0.001770401177972996,
        0.0017905059588113708,
        0.0018200913427239883,
        0.0017810991347493787,
        0.0017787013168512242,
        0.0018059995513840636,
        0.0017917233125135106,
        0.0018093933859476055,
        0.0017764141674714458,
        0.001795264705101555,
        0.0018011670260816286,
        0.0017856734335089358,
        0.001809430275453731,
        0.0017892517156031054,
        0.001804708418669672,
        0.0017835338421536592,
        0.001795190926089304,
        0.0018165130606298194,
        0.0017975518544813337,
        0.001790616627329747,
        0.0018189477680340992,
        0.001797588743987459,
        0.0017928668872034,
        0.001803491064967532,
        0.023309224677468852,
        0.0022838662137332506,
        0.0016582570793516028,
        0.0016665572182298306,
        0.0016535721120736694,
        0.0016323606460515306,
        0.001652354758371529
    ],
    "multiply": [],
    "add": [
        0.0005831124233251199,
        0.000489855751839961,
        0.0003718462217446199,
        0.0003482369378243266,
        0.0003422977273381278,
        0.00035056097671023047,
        0.0002809135891453652,
        0.0002667849082993146,
        0.00027858955025946125,
        0.0002715067650833733,
        0.0002715067650833733,
        0.00027265033977326246,
        0.00027858955025946125,
        0.0002715067650833733,
        0.0002715067650833733,
        0.0002715067650833733,
        0.0002537629126370278,
        0.0002360559496968078
    ],
    "squeeze": [],
    "reshape": [],
    "transpose": [],
    "latency": 21.080438296000164,
    "batch_size": 1,
    "model_name": "regnet_x_1_6gf",
    "sm_partition": 10
}