{
    "nn.conv2d": [
        0.0002442614681712653,
        0.00029500208848507424,
        0.0012236418317493108,
        0.0050424964892242675,
        0.000721599582192636,
        0.0007125111941273476,
        0.0036835808932467458,
        0.0007180364118822907,
        0.0005323867915422998,
        0.0011893616760049533,
        2.1486305387663687,
        0.0010303705593985059,
        0.001039954258853918,
        2.144886529883527,
        0.0010333193900001713,
        0.0010585073180560613,
        2.144827941073434,
        0.0010388446077551144,
        0.0010291418799811456,
        2.1447063133299853,
        0.001043513589541084,
        0.0010292609082997023,
        2.1442882282808657,
        0.0010313535029323946,
        0.0018475652398849676,
        0.0032153311672906636,
        1.6089604159304474,
        0.0016191537361976527,
        0.0016257886050513991,
        1.6042306068340721,
        0.001623331246216678,
        0.0016257886050513991,
        1.6042192415494616,
        0.0016105529802761293,
        0.0016298394075055093,
        1.6043109893453296,
        0.0016189041606910009,
        0.0016082184893831443,
        1.604018398540201,
        0.001610794876536422,
        0.0016294708036803012,
        1.6042650559332365,
        0.0016169382736232244,
        0.0016163277735377231,
        1.6042382208068366,
        0.0016275049166125247,
        0.0016265219730786362,
        1.6040958514189732,
        0.0016250475577778037,
        0.0016257886050513991,
        1.6039908646023826,
        0.001627996388379469,
        0.0016173107170716118,
        1.6042158396433248,
        0.0016239455859253583,
        0.0016076003100512844,
        1.6042843884359437,
        0.001640655626001461,
        0.00163352928538077,
        1.6043462601238545,
        0.0016254200012261908,
        0.0016211196232654291,
        1.6042818120487907,
        0.0016206281514984848,
        0.0016060030268087158,
        1.6044822979730953,
        0.0016257886050513991,
        0.0016042867152475904,
        1.6043749651467423,
        0.0016147266506719754,
        0.0023698730205817323,
        0.006903331466816729,
        1.0714883967325617,
        0.004381593670249239
    ],
    "nn.conv2d_transpose": [],
    "nn.dense": [
        0.0001908100738929047
    ],
    "nn.layer_norm": [],
    "nn.relu": [
        0.00011021254373723585,
        0.00027767770870029126,
        8.477887979787375e-05,
        8.25634172234456e-05,
        8.25634172234456e-05,
        8.059753015566884e-05,
        8.293586067183302e-05,
        0.00018245889347803264,
        6.88060473721874e-05,
        6.831073598206392e-05,
        6.868317943045134e-05,
        7.003088716636863e-05,
        6.954325502260367e-05,
        6.929367951595234e-05,
        6.917081157421628e-05,
        6.904794363248022e-05,
        6.966612296433973e-05,
        6.868317943045134e-05,
        6.831073598206392e-05,
        6.94165474576884e-05,
        6.80688397217711e-05,
        6.892891531392345e-05,
        0.00014080282160633278,
        5.6761149458875344e-05,
        5.5286734158042755e-05,
        5.4918130332834604e-05,
        5.5167705839485956e-05,
        5.504483789774992e-05,
        5.60277814316383e-05,
        5.577820592498694e-05,
        5.565533798325089e-05,
        5.65192531985825e-05,
        5.504483789774992e-05,
        5.442665856589041e-05,
        5.639638525684645e-05,
        5.540960209977879e-05,
        5.479526239109857e-05,
        5.590491348990226e-05,
        5.626967769193114e-05,
        5.455336613080571e-05,
        5.5286734158042755e-05,
        5.577820592498694e-05,
        5.590491348990226e-05,
        5.5286734158042755e-05,
        5.5536309664694106e-05,
        5.626967769193114e-05,
        5.5286734158042755e-05,
        5.5286734158042755e-05,
        5.5286734158042755e-05,
        5.60277814316383e-05,
        5.60277814316383e-05,
        5.442665856589041e-05,
        5.626967769193114e-05,
        5.5286734158042755e-05,
        5.565533798325089e-05,
        5.6146809750195086e-05,
        5.455336613080571e-05,
        5.455336613080571e-05,
        5.5286734158042755e-05,
        5.6146809750195086e-05,
        5.5286734158042755e-05,
        5.60277814316383e-05,
        5.6146809750195086e-05,
        5.5286734158042755e-05,
        5.8112696817971876e-05,
        5.5167705839485956e-05,
        5.4918130332834604e-05,
        0.00011180982697980451,
        4.263133615922972e-05,
        4.140649636504848e-05
    ],
    "nn.bias_add": [
        1.9163559287644378e-05
    ],
    "nn.max_pool2d": [],
    "nn.adaptive_avg_pool2d": [
        5.135879964566843e-05
    ],
    "nn.batch_matmul": [],
    "nn.softmax": [],
    "nn.batch_norm": [
        0.00046097747965458005,
        0.0015193772882616222,
        0.0009329132438627438,
        0.0003721439577794166,
        0.00040285710359024956,
        0.0003714029105058211,
        0.0003696789196983371,
        0.00037914359083519216,
        0.0014560849397748403,
        0.0006567061108401059,
        0.0003249665077759531,
        0.00034376146323838937,
        0.00032484363983421703,
        0.00032619902681649287,
        0.0003276657628709669,
        0.0003244750360090089,
        0.0003212651110311546,
        0.00032938591405527165,
        0.0003270591024086452,
        0.0003256998758031901,
        0.00032913633854862024,
        0.00032287391314326103,
        0.0003223824413763168,
        0.00033246145222185213,
        0.0034506002379761217,
        0.0005377699432396104,
        0.00028847472908034654,
        0.00030492367478026006,
        0.0002814674167782125,
        0.0002822007848054495,
        0.00030088055157250827,
        0.0002854030305369453,
        0.00028391709636657494,
        0.00029830416441923045,
        0.00028442008700305696,
        0.00028527632297203003,
        0.00030395992936226794,
        0.0002866240307079473,
        0.0002818283413570621,
        0.0003012491553977163,
        0.0002857677947389742,
        0.0002841666718732263,
        0.0002968259094952186,
        0.000283183728339338,
        0.0002861363985641823,
        0.0002967107207998411,
        0.000282573228253837,
        0.00028355617178772534,
        0.0003008805515725082,
        0.0002858829834343518,
        0.00028403996430831103,
        0.0002991604003882036,
        0.00028577547398533275,
        0.0002849192380163596,
        0.00029645346604683124,
        0.00028687744583777794,
        0.0002815826054735901,
        0.00029890314563519373,
        0.0002835523321645461,
        0.0002823351716167233,
        0.00029903369282328825,
        0.00028528016259520933,
        0.0002829456717022244,
        0.000302113070613048,
        0.00028625542688273913,
        0.00028490387952364264,
        0.00029706780575551145,
        0.00028502674746537873,
        0.0002830685396439604,
        0.0002994022966484964,
        0.007108616920095412,
        0.00046651037665588146,
        0.00024314029820292379,
        0.0002476787328007991
    ],
    "multiply": [],
    "add": [
        0.00011254319500704154,
        9.104130520323296e-05,
        8.846491804995521e-05,
        7.482273689407451e-05,
        7.469986895233848e-05,
        7.580568042796291e-05,
        7.654672770155846e-05,
        7.383979336018615e-05,
        7.113669864199306e-05,
        7.101383070025701e-05,
        7.138627414864442e-05,
        6.966612296433973e-05,
        6.917081157421628e-05,
        6.954325502260367e-05,
        7.199677423414542e-05,
        7.113669864199306e-05,
        7.039949099157677e-05,
        7.101383070025701e-05,
        7.027662304984071e-05,
        7.113669864199306e-05,
        7.027662304984071e-05,
        7.089480238170022e-05,
        5.246077149811362e-05
    ],
    "squeeze": [],
    "reshape": [],
    "transpose": [],
    "latency": 35.983263651529946,
    "batch_size": 1,