{
    "nn.conv2d": [
        0.001233904661822367,
        0.0017823067337434187,
        0.0021071753524357813,
        2.7842879867259125,
        0.003648065956692215,
        0.003504911407687009,
        2.7805147420354124,
        0.0034989505156009103,
        0.0025095355682474224,
        0.004697182963845531,
        1.3924792004038604,
        0.005683617465155971,
        0.005504790702573019,
        1.3900681126939727,
        0.005469118488995274,
        0.005439314028564782,
        1.3897044051377816,
        0.005492868918400823,
        0.005460084011927281,
        1.3893884778572188,
        0.005495849364443871,
        0.005469118488995274,
        1.3899965819889395,
        0.005519786071727111,
        0.005492868918400823,
        1.3894302041018214,
        0.005475079381081371,
        0.0036390314796242228,
        0.006375080947143384,
        0.7839973902859618,
        0.006619477522673419,
        0.006440650760090465,
        0.7811181862694374,
        0.006476509251545901,
        0.006452572544262663,
        0.78140430908957,
        0.006482470143631999,
        0.006410939438598819,
        0.7810555969025333,
        0.006375080947143384,
        0.006428728975918269,
        0.7809543548760085,
        0.006464494328434859,
        0.006366139609014236,
        0.7809990615666542,
        0.006375080947143384,
        0.006401998100469672,
        0.781031753334189,
        0.006378061393186432,
        0.006416900330684918,
        0.7810795336098165,
        0.006393056762340524,
        0.006393056762340524,
        0.7812314432190733,
        0.006455552990305713,
        0.006399017654426622,
        0.7811897169744706,
        0.006416900330684918,
        0.00646151388239181,
        0.7812523063413747,
        0.006422861222771015,
        0.006404978546512721,
        0.7811421229767207,
        0.006399017654426622,
        0.0064257485298752194,
        0.7812732626026146,
        0.006452572544262663,
        0.006381134978168328,
        0.7808381174803297,
        0.006396037208383573,
        0.006413919884641869,
        0.7811509711759108,
        0.006464494328434859,
        0.015447651841123981,
        0.0085388847743971,
        0.4569440115051055,
        0.015274785970627125,
        0.014830699510212797,
        0.45326912153402593,
        0.014833586817317003
    ],
    "nn.conv2d_transpose": [],
    "nn.dense": [
        0.000932786472535553
    ],
    "nn.layer_norm": [],
    "nn.relu": [
        0.0006258005301014857,
        0.001454364530069162,
        0.0005751329473696494,
        0.000548402071921052,
        0.0005543629640071504,
        0.0005722456402654456,
        0.0005781133934126986,
        0.0007063657122026593,
        0.0005096562733614125,
        0.0004648564437768292,
        0.0004648564437768292,
        0.00046196913667262527,
        0.0004827391200351244,
        0.0004946609042073212,
        0.0004887000121212229,
        0.00047985181293092044,
        0.0004679300287587236,
        0.0004827391200351244,
        0.00046196913667262527,
        0.00045889555169073077,
        0.00047985181293092044,
        0.0004648564437768292,
        0.0004827391200351244,
        0.00047389092084482203,
        0.0005096562733614125,
        0.0005632111631974526,
        0.00047389092084482203,
        0.00043803242938938655,
        0.0004679300287587236,
        0.00046196913667262527,
        0.00042918423019908407,
        0.00043207153730328814,
        0.0004172624460268874,
        0.00044399332147548496,
        0.0004141888610449929,
        0.0004172624460268874,
        0.00046196913667262527,
        0.0004648564437768292,
        0.0004172624460268874,
        0.0004411060143712809,
        0.00042918423019908407,
        0.00042322333811298566,
        0.0004172624460268874,
        0.00042918423019908407,
        0.0004172624460268874,
        0.0004411060143712809,
        0.00043207153730328814,
        0.0004172624460268874,
        0.0004201497531310913,
        0.0004172624460268874,
        0.00042322333811298566,
        0.00043803242938938655,
        0.0004201497531310913,
        0.0004172624460268874,
        0.0004411060143712809,
        0.0004141888610449929,
        0.0004172624460268874,
        0.0004411060143712809,
        0.0004201497531310913,
        0.00043207153730328814,
        0.0004172624460268874,
        0.0004172624460268874,
        0.0004172624460268874,
        0.0004411060143712809,
        0.0004201497531310913,
        0.0004201497531310913,
        0.0004411060143712809,
        0.0004261106452171896,
        0.0004172624460268874,
        0.00043803242938938655,
        0.0005096562733614125,
        0.00043803242938938655,
        0.0004172624460268874,
        0.0004172624460268874,
        0.0004201497531310913,
        0.0004141888610449929
    ],
    "nn.bias_add": [
        0.0004141888610449929
    ],
    "nn.max_pool2d": [],
    "nn.adaptive_avg_pool2d": [
        0.000685502589901315
    ],
    "nn.batch_matmul": [],
    "nn.softmax": [],
    "nn.batch_norm": [
        0.004538660489930853,
        0.005855924502019752,
        0.006654870319434627,
        0.004210718286256596,
        0.004228694101453737,
        0.004163124288506655,
        0.004216679178342696,
        0.004207924118091237,
        0.008285267443921381,
        0.0046103774728417255,
        0.0039040117606390654,
        0.003918820851915466,
        0.0038174856864517928,
        0.0038504568708030247,
        0.0038738347444531923,
        0.0038799819144169807,
        0.003888830113607283,
        0.003913046237707058,
        0.0038890163914849737,
        0.003915747266933571,
        0.0038533441779072287,
        0.0038711337152266792,
        0.003877187746251623,
        0.0038620992381586854,
        0.003892089976466868,
        0.003862192377097531,
        0.0039009381756571703,
        0.009992876748710881,
        0.0042346549935398355,
        0.0038175788253906385,
        0.003805563902279596,
        0.0037788330268309993,
        0.003781813472874048,
        0.0037847007799782528,
        0.0037759457197267953,
        0.0037548963195477595,
        0.0037578767655908098,
        0.0037009688739563394,
        0.0037250918591172676,
        0.0037964362862727584,
        0.0037905685331255045,
        0.0037580630434685,
        0.0038117110722433855,
        0.0037997892880711885,
        0.0037252781369949577,
        0.003742974535375563,
        0.00373394005830757,
        0.003727979166221472,
        0.003769891688701851,
        0.0037904753941866596,
        0.0037491217053393523,
        0.003734033197246415,
        0.003748842288522816,
        0.003745954981418612,
        0.003733846919368725,
        0.0037128906581285347,
        0.003760764072695013,
        0.0037965294252116032,
        0.0037370136432894646,
        0.0037848870578559425,
        0.0037669112426588014,
        0.00377268585686721,
        0.003772499578989519,
        0.0037398078114548234,
        0.0037072091828589736,
        0.0037576904877131183,
        0.003781440917118667,
        0.0037788330268309993,
        0.003716057382049275,
        0.0037516364566881747,
        0.0037307733343868305,
        0.003728072305160318,
        0.0037818134728740487,
        0.012022653642966228,
        0.0040677500151290805,
        0.003760577794817323,
        0.0037964362862727584,
        0.0037192241059700155,
        0.0037399940893325144,
        0.003763465101921527
    ],
    "multiply": [],