{
    "nn.conv2d": [
        0.00943327860059129,
        0.018727177901057806,
        0.012563110109675845,
        3.6564013968140574,
        0.008826139450309559,
        0.004646949650233259,
        0.009993714739312888,
        0.02743728955702266,
        0.01940437156867974,
        2.058621316824558,
        0.01067090840693482,
        0.010857720453175353,
        0.014920882458906945,
        0.014641394124101774,
        2.05925180748062,
        0.012655786398240481,
        0.00604731026248163,
        0.014524636595201439,
        0.014361176054740975,
        2.05943861952686,
        0.012166134511414713,
        0.004576165398337431,
        0.014361176054740975,
        0.1043812308368978,
        0.03087069064124808,
        1.1452512494775873,
        0.01926426253399934,
        0.0042499740519721255,
        0.05536569046998233,
        0.053054621132311366,
        1.1423790142666397,
        0.025102868713571622,
        0.02951557357144859,
        0.053544273019137154,
        0.053427515490236804,
        1.142145499208839,
        0.024938678438555524,
        0.02839470129400539,
        0.05368511178837317,
        0.05347421850179694,
        1.1441303772001445,
        0.025102868713571622,
        0.028348728017000883,
        0.053568354259472845,
        0.05335746097289661,
        1.1436633470845432,
        0.024938678438555524,
        0.028348728017000883,
        0.053334109467116544,
        0.053217351938216216,
        1.1427285571187848,
        0.02477594763265069,
        0.02851145882290572,
        0.05347421850179694,
        0.05284445758029077,
        1.1440128899366884,
        0.025102868713571622,
        0.028255321993880613,
        0.05328740645555641,
        0.05291451209763097,
        1.1422381754974034,
        0.025102868713571622,
        0.028441404305565528,
        0.052984566614971175,
        0.06101748460331409,
        0.0521906154184489,
        0.7019462637488028,
        0.025803413886973624,
        0.007052154745580122,
        0.06279146930804352,
        0.06223176290387756,
        0.6974620449044743,
        0.052680267305274676,
        0.01706922099067307,
        0.0621383568807573
    ],
    "nn.conv2d_transpose": [],
    "nn.dense": [
        0.007191534045704894
    ],
    "nn.layer_norm": [],
    "nn.relu": [
        0.004600246638673125,
        0.005860498216241097,
        0.0038997014652711265,
        0.0032692108092093283,
        0.0036421051671347666,
        0.004833761696473791,
        0.003526077372790061,
        0.0032692108092093283,
        0.0033159138207694604,
        0.0033385355919939006,
        0.003291832580433767,
        0.0032692108092093283,
        0.003291832580433767,
        0.003291832580433767,
        0.003291832580433767,
        0.0030116145110729675,
        0.003291832580433767,
        0.003993107488391393,
        0.0035954021555746336,
        0.002965641234068462,
        0.0031758047860890614,
        0.003129101774528928,
        0.003105020534193234,
        0.003362616832329594,
        0.003129101774528928,
        0.0032692108092093283,
        0.003129101774528928,
        0.002965641234068462,
        0.003129101774528928,
        0.0031758047860890614,
        0.003105020534193234,
        0.002918938222508328,
        0.003129101774528928,
        0.003129101774528928,
        0.003105020534193234,
        0.0029415599937327674,
        0.003129101774528928,
        0.003105020534193234,
        0.003362616832329594,
        0.0029415599937327674,
        0.003105020534193234,
        0.003105020534193234,
        0.003105020534193234,
        0.002965641234068462,
        0.003129101774528928,
        0.003105020534193234,
        0.003105020534193234,
        0.0029415599937327674,
        0.003362616832329594,
        0.0037595924305907267,
        0.0034560228554498607,
        0.0033159138207694604,
        0.003129101774528928,
        0.003105020534193234,
        0.003129101774528928,
        0.0032692108092093283,
        0.003129101774528928
    ],
    "nn.bias_add": [
        0.003409319843889727,
        0.0034319416151141675,
        0.003291832580433767,
        0.0032692108092093283,
        0.0032692108092093283,
        0.003129101774528928,
        0.003151723545753368,
        0.003151723545753368,
        0.0033159138207694604,
        0.0034319416151141675,
        0.0034319416151141675,
        0.003129101774528928,
        0.003105020534193234,
        0.003129101774528928,
        0.003105020534193234,
        0.0031758047860890614,
        0.003105020534193234,
        0.0032692108092093283,
        0.003129101774528928,
        0.003129101774528928,
        0.003105020534193234,
        0.003105020534193234,
        0.003105020534193234,
        0.0033385355919939006,
        0.003105020534193234,
        0.0036421051671347666,
        0.0034319416151141675,
        0.0033385355919939006,
        0.003619483395910327
    ],
    "nn.max_pool2d": [],
    "nn.adaptive_avg_pool2d": [
        0.011908538213278351,
        0.006888694205119655,
        0.006445015595298388,
        0.006281555054837923,
        0.005744470421896389,
        0.005277440306295058,
        0.005300062077519497,
        0.00532414331785519,
        0.005253359065959364,
        0.005277440306295058,
        0.00532414331785519,
        0.005253359065959364,
        0.0051840342831747915,
        0.004973870731154191,
        0.004787058684913657
    ],
    "nn.batch_matmul": [],
    "nn.softmax": [],
    "nn.batch_norm": [
        0.03376189895064258,
        0.0408841082135629,
        0.03763751917557801,
        0.030258443349076958,
        0.030655418947338087,
        0.046769417404695326,
        0.033249625292592365,
        0.02913976027530064,
        0.029348464358209987,
        0.028834731231048523,
        0.029302491081205476,
        0.02946522188711032,
        0.028833271761937264,
        0.0289770294693958,
        0.028718703436703814,
        0.05809562744258326,
        0.030726203199233915,
        0.028811379725268458,
        0.028297646598106994,
        0.02820497030954235,
        0.028483728909791894,
        0.028319538634775803,
        0.027947374011405988,
        0.028369160584558444,
        0.028229051549878047,
        0.02797072551718606,
        0.028180889069206655,
        0.02811010481731082,
        0.027852508519174472,
        0.028342890140555868,
        0.02888216397716428,
        0.027993347288410495,
        0.028367701115447192,
        0.028485918113458776,
        0.028203510840431094,
        0.02832245757299831,
        0.02897484026572892,
        0.027783913470945516,
        0.02773648072482976,
        0.028367701115447192,
        0.08025620642786649,
        0.030282524589412652,
        0.02927840984086979,
        0.029465951621665955,
        0.02874205494248388,
        0.02897484026572892,
        0.02890624521749998
    ],
    "multiply": [
        0.003946404476831261,
        0.003619483395910327,
        0.0034560228554498607,
        0.0034560228554498607,
        0.0034786446266743005,
        0.0032692108092093283,
        0.003291832580433767,
        0.003291832580433767,
        0.003291832580433767,
        0.003291832580433767,
        0.0032692108092093283,
        0.003291832580433767,
        0.0034560228554498607,
        0.0032692108092093283
    ],
    "add": [
        0.004459407869437098,
        0.003782214201815166,
        0.0034786446266743005,
        0.0034560228554498607,
        0.003409319843889727,
        0.003291832580433767,
        0.0032692108092093283,
        0.003291832580433767,
        0.003291832580433767,
        0.003291832580433767,
        0.003291832580433767,
        0.003291832580433767,
        0.0034319416151141675,
        0.0032692108092093283
    ],
    "squeeze": [],
    "reshape": [],
    "transpose": [],
    "latency": 24.250025749206543,
    "batch_size": 1,