{
    "nn.conv2d": [
        0.011412717226617288,
        0.017160931771074896,
        0.013616257601897079,
        2.9133393596938664,
        0.016435428964492866,
        0.022936178271066206,
        0.017885562579091317,
        1.4612742682726019,
        0.023327705627022136,
        0.01950486391541683,
        1.4614687239527313,
        0.019587703779149156,
        0.021597660472864995,
        0.01470451181177012,
        0.9147753272376394,
        0.025225174505775133,
        0.02455547960739172,
        0.9131002179931155,
        0.02461128751559034,
        0.024638319471124045,
        0.9114817886553555,
        0.02444299179242888,
        0.02458338356149103,
        0.911984059829143,
        0.024638319471124045,
        0.024861551103918512,
        0.9122630993701362,
        0.024526703654726808,
        0.02444299179242888,
        0.9133513535800092,
        0.02458338356149103,
        0.02458338356149103,
        0.9125988188178934,
        0.02455547960739172,
        0.060691100165996575,
        0.027485394787819143,
        0.5719464751749663,
        0.022991986179264828,
        0.02073263789578642,
        0.5698545506160838,
        0.020537310217091254,
        0.021038709392313212,
        0.5702452059734741,
        0.02087128566771736,
        0.02020159076933395,
        0.568849136269943,
        0.020704733941687113,
        0.02092796557448158,
        0.5694638952586935,
        0.020509406262991945,
        0.020648054034922887,
        0.570383853745405,
        0.020704733941687113,
        0.020648054034922887,
        0.5716124997243401,
        0.020565214171190567,
        0.020424822402128416,
        0.5698545506160838,
        0.020704733941687113,
        0.02045272635622773,
        0.56960341502919,
        0.020314078584296787,
        0.020843381713618048,
        0.5696871268914878,
        0.02092796557448158,
        0.02045272635622773,
        0.5701056862029775,
        0.02081547775951874,
        0.020648054034922887,
        0.5700219743406796,
        0.02073263789578642
    ],
    "nn.conv2d_transpose": [],
    "nn.dense": [
        0.006306293626443783
    ],
    "nn.layer_norm": [],
    "nn.relu": [
        0.005998478132785782,
        0.005579918821296151,
        0.004436728701790095,
        0.00454834451818733,
        0.00516135950980652,
        0.004156817162231404,
        0.003877777621238316,
        0.003933585529436933,
        0.0038507456657046113,
        0.0037949377575059937,
        0.004492536609988713,
        0.003933585529436933,
        0.003877777621238316,
        0.003989393437635551,
        0.0038507456657046113,
        0.003877777621238316,
        0.0038507456657046113,
        0.003877777621238316,
        0.004185593114896316,
        0.00407397729849908,
        0.003877777621238316,
        0.003877777621238316,
        0.003906553573903229,
        0.0038507456657046113,
        0.003906553573903229,
        0.003739129849307376,
        0.003877777621238316,
        0.003877777621238316,
        0.0038507456657046113,
        0.0038219697130396986,
        0.003877777621238316,
        0.0042963369327279465,
        0.004185593114896316,
        0.0036545459884438462,
        0.0036545459884438462,
        0.0036545459884438462,
        0.0036545459884438462,
        0.0036545459884438462,
        0.0038507456657046113,
        0.0037949377575059937,
        0.0036275140329101404,
        0.0036545459884438462,
        0.0036545459884438462,
        0.003683321941108759,
        0.0038507456657046113,
        0.0036545459884438462,
        0.003683321941108759,
        0.003683321941108759,
        0.003739129849307376,
        0.0037949377575059937,
        0.0037103538966424634,
        0.003766161804841081,
        0.0037949377575059937,
        0.0036545459884438462,
        0.0036545459884438462,
        0.0038219697130396986,
        0.0036545459884438462,
        0.0037949377575059937,
        0.003683321941108759,
        0.0036545459884438462,
        0.003766161804841081,
        0.0037103538966424634,
        0.0038219697130396986,
        0.0037103538966424634,
        0.003766161804841081,
        0.0036545459884438462,
        0.003683321941108759
    ],
    "nn.bias_add": [
        0.00424052902452933
    ],
    "nn.max_pool2d": [],
    "nn.adaptive_avg_pool2d": [
        0.0063621015346424
    ],
    "nn.batch_matmul": [],
    "nn.softmax": [],
    "nn.batch_norm": [
        0.04277152964284673,
        0.045674412867740447,
        0.04050869336510591,
        0.036214972428074775,
        0.03601877275081401,
        0.05025153333859268,
        0.03805576140006355,
        0.03459479909318365,
        0.034456151321252716,
        0.034734318863680204,
        0.03440121541161971,
        0.03456776713764995,
        0.04715332243500381,
        0.03671637160329672,
        0.03406462396529678,
        0.034875582631307946,
        0.03431488755362496,
        0.03428785559809126,
        0.03448318327678642,
        0.03437331145752039,
        0.03532117389833128,
        0.03403672001119749,
        0.034539863183550644,
        0.034482311278220816,
        0.03403672001119747,
        0.03487558263130795,
        0.0347351908622458,
        0.034176239781694026,
        0.034374183456086,
        0.034484055275352025,
        0.034176239781694026,
        0.034400343413054105,
        0.03456951113478116,
        0.034315759552190565,
        0.06010162913564868,
        0.03598912479958349,
        0.03456689513908435,
        0.03434279150772427,
        0.034315759552190565,
        0.034790126771878815,
        0.034371567460389184,
        0.034037592009763085,
        0.03465235099851348,
        0.03428785559809126,
        0.03400881605709817,
        0.03417885577739084,
        0.03426256763968876,
        0.034429991364284616,
        0.03490348658540726,
        0.034425631371456586,
        0.0344020874101853,
        0.03456689513908435,
        0.03434453550485548,
        0.03459654309031486,
        0.03479099877044441,
        0.03520868608336845,
        0.035153750173735426,
        0.03459654309031487,
        0.034877326628439155,
        0.03448143927965522,
        0.034289599595222466,
        0.035180782129269145,
        0.034428247367153414,
        0.034202399738662126,
        0.034150079824725926,
        0.034681998949744,
        0.034261695641123156,
        0.03459305509605245,
        0.034454407324121514,
        0.034176239781694026,
        0.03450934323375453
    ],
    "multiply": [],
    "add": [
        0.004686992290118271,
        0.0042963369327279465,
        0.003906553573903229,
        0.004129785206697698,
        0.003877777621238316,
        0.003877777621238316,
        0.003906553573903229,
        0.003877777621238316,
        0.003877777621238316,
        0.0038507456657046113,
        0.003989393437635551,
        0.0038507456657046113,
        0.003877777621238316,
        0.0038507456657046113,
        0.003877777621238316,
        0.0038507456657046113,
        0.003877777621238316,
        0.003906553573903229,
        0.004129785206697698,
        0.003877777621238316,
        0.004101009254032787,
        0.003877777621238316
    ],
    "squeeze": [],
    "reshape": [],
    "transpose": [],
    "latency": 22.997422218322754,
    "batch_size": 1,
    "model_name": "regnet_x_400mf",
    "sm_partition": 60
}