{
    "nn.conv2d": [
        0.0015749154687536376,
        0.002032785630095547,
        0.0024629023468518076,
        2.7668697900748844,
        0.0039471565632923245,
        0.00370625666428889,
        2.7633924684912663,
        0.003749798735127708,
        0.0033195586697288447,
        0.005072096183830636,
        1.3840742727263742,
        0.007432495808679448,
        0.00731802826834397,
        1.3814811142129337,
        0.007274486197505151,
        0.007246979450204708,
        1.3817809747631014,
        0.007238961788435521,
        0.007246979450204708,
        1.381429801177611,
        0.007274486197505151,
        0.007227120318745644,
        1.3819822797478292,
        0.007254873763331293,
        0.007258820919894584,
        1.3809007588494873,
        0.007246979450204708,
        0.004780006598147005,
        0.007752215490306125,
        0.779448830361256,
        0.008739004631129206,
        0.008517840514942235,
        0.7769660688829452,
        0.00854547061088528,
        0.008581118368597514,
        0.7771989511201794,
        0.008482439454515205,
        0.008478492297951914,
        0.7766227896105813,
        0.008462703671698744,
        0.008557312080575157,
        0.7767767287165497,
        0.008490333767641788,
        0.008486386611078495,
        0.777131972807246,
        0.00844679169680297,
        0.008494280924205082,
        0.7772660527817554,
        0.008517840514942235,
        0.008462703671698744,
        0.7766267367671446,
        0.008490333767641788,
        0.008521787671505528,
        0.7766424020447552,
        0.008521787671505528,
        0.008458756515135451,
        0.7766622611762141,
        0.008454809358572157,
        0.008482439454515205,
        0.7767451514640434,
        0.008478492297951914,
        0.008466650828262036,
        0.7764806919743027,
        0.008482439454515205,
        0.008486386611078495,
        0.7766662083327774,
        0.008486386611078495,
        0.008458756515135451,
        0.7768793547871953,
        0.008434950227113094,
        0.008482439454515205,
        0.7772581584686287,
        0.008486386611078495,
        0.020256684134173607,
        0.008802035787499279,
        0.45482690363161127,
        0.02009102690715793,
        0.019570002240803346,
        0.45079278627528385,
        0.019617368119562852
    ],
    "nn.conv2d_transpose": [],
    "nn.dense": [
        0.0012195480294147254
    ],
    "nn.layer_norm": [],
    "nn.relu": [
        0.0007696955298420033,
        0.001602545564696684,
        0.0007025938682660337,
        0.0006472103277373384,
        0.0006946995551394491,
        0.0006868052420128644,
        0.0006868052420128644,
        0.0008208852165222007,
        0.0006235273883575844,
        0.0006235273883575844,
        0.0005960206410571409,
        0.0005960206410571409,
        0.0005960206410571409,
        0.0006235273883575844,
        0.0005998444489778305,
        0.0006235273883575844,
        0.0006039149541837257,
        0.0005920734844938487,
        0.0005841791713672639,
        0.0005998444489778305,
        0.0005960206410571409,
        0.0006039149541837257,
        0.0005960206410571409,
        0.0006118092673103102,
        0.0005998444489778305,
        0.0007104881813926183,
        0.0005920734844938487,
        0.0005564257267816149,
        0.0005604962319875101,
        0.0005406371005284455,
        0.0005406371005284455,
        0.0005406371005284455,
        0.0005368132926077562,
        0.0005368132926077562,
        0.0005368132926077562,
        0.0005526019188609255,
        0.0005485314136550301,
        0.0005368132926077562,
        0.0005368132926077562,
        0.0005327427874018608,
        0.0005526019188609255,
        0.0005683905451140947,
        0.0005485314136550301,
        0.0005327427874018608,
        0.0005880029792879534,
        0.0005722143530347842,
        0.0005485314136550301,
        0.0005447076057343408,
        0.0005406371005284455,
        0.0005447076057343408,
        0.0005447076057343408,
        0.0005368132926077562,
        0.0005368132926077562,
        0.0005801086661613689,
        0.0005368132926077562,
        0.0005841791713672639,
        0.0005762848582406793,
        0.0005368132926077562,
        0.0005368132926077562,
        0.0005368132926077562,
        0.0005368132926077562,
        0.0005368132926077562,
        0.0005406371005284455,
        0.0005406371005284455,
        0.0005368132926077562,
        0.0005368132926077562,
        0.0005485314136550301,
        0.0005762848582406793,
        0.0005368132926077562,
        0.0005960206410571409,
        0.0006629989539905076,
        0.0005643200399081995,
        0.0005368132926077562,
        0.0005406371005284455,
        0.0005368132926077562,
        0.0005722143530347842
    ],
    "nn.bias_add": [
        0.0005604962319875101
    ],
    "nn.max_pool2d": [],
    "nn.adaptive_avg_pool2d": [
        0.0009037755043513392
    ],
    "nn.batch_matmul": [],
    "nn.softmax": [],
    "nn.batch_norm": [
        0.005773949960241052,
        0.007254010322833074,
        0.008197750787387747,
        0.005340132784206706,
        0.005478036566636732,
        0.005268960617424843,
        0.005347657051405482,
        0.00527660823326622,
        0.009737018498429149,
        0.005876329333601449,
        0.005126616283861111,
        0.005126739632503714,
        0.005059637970927745,
        0.005023866864572908,
        0.0051505459205260715,
        0.005059637970927745,
        0.004980571491019296,
        0.005122792475940423,
        0.005004254430399049,
        0.004965029562051333,
        0.005055320768436644,
        0.005011778697597826,
        0.005027937369778803,
        0.00508295086437969,
        0.005095162379997377,
        0.0050200430566522194,
        0.0050989861879180655,
        0.012314388385616434,
        0.005434617844440517,
        0.004885716384857678,
        0.004933328960902391,
        0.004862033445477923,
        0.004862280142763129,
        0.0050123954408108394,
        0.004865857253398613,
        0.004878192117658901,
        0.004964659516123523,
        0.00489780455183276,
        0.004886086430785487,
        0.004901751708396052,
        0.004830702890256791,
        0.004893980743912071,
        0.0049409765767437705,
        0.00488201592557959,
        0.004913346480800724,
        0.004877822071731093,
        0.004854139132351339,
        0.004953064743718852,
        0.004917540334649221,
        0.004873998263810402,
        0.00495294139507625,
        0.004909399324237431,
        0.004948870889870355,
        0.004822808577130205,
        0.0049605890109176275,
        0.004878192117658902,
        0.0049249412532053945,
        0.004945047081949664,
        0.004988589152788484,
        0.004972923875177918,
        0.005043849344674576,
        0.004905452167674139,
        0.004830826238899394,
        0.004929628501624304,
        0.004862156794120526,
        0.004889910238706175,
        0.004893610697984262,
        0.00484649151650996,
        0.00485845633484244,
        0.0049055755163167425,
        0.004901505011110846,
        0.004984518647582588,
        0.004854139132351339,
        0.013348666753841623,
        0.005335938930358208,
        0.004838473854740772,
        0.004913469829443326,
        0.004933328960902391,
        0.004823055274415412,
        0.0049769943803838115
    ],
    "multiply": [],