{
    "nn.conv2d": [
        0.003065537745276133,
        0.003954044423775339,
        0.006481597583729604,
        3.4482915736886106,
        0.0034435669842649255,
        0.0027896902234866377,
        0.005794522543523694,
        1.723026918598297,
        0.003970686678137756,
        0.0038767829734710603,
        1.724572061375086,
        0.0038934252278334776,
        0.003898943902855212,
        1.7246713975254768,
        0.004230064404159264,
        0.003498753734482268,
        0.011241454789975347,
        0.9700422563785207,
        0.00456670358048505,
        0.004365271942191752,
        0.9669242912205381,
        0.004337592337785866,
        0.004370704387916271,
        0.9668718638078316,
        0.0043348330002749985,
        0.00435699392965915,
        0.9669298098955599,
        0.004373463725427139,
        0.004387260412981473,
        0.9668001210325493,
        0.004390105979789555,
        0.004387260412981473,
        0.9670235411416321,
        0.004340351675296733,
        0.004345956579615682,
        0.9669738730664366,
        0.004373463725427139,
        0.012243180535717322,
        0.012764609095973989,
        0.5641768205801008,
        0.014144277851407537,
        0.0140229532302266,
        0.5603828177319559,
        0.014163679443280822,
        0.014064257063592394,
        0.5603110749566732,
        0.013942932442411453,
        0.014072621305422205,
        0.5601923372144088,
        0.014033990580270068,
        0.0140229532302266,
        0.5603385821024847,
        0.0140229532302266
    ],
    "nn.conv2d_transpose": [],
    "nn.dense": [
        0.001302407305129271
    ],
    "nn.layer_norm": [],
    "nn.relu": [
        0.001440374180672626,
        0.002560665210084668,
        0.0009602494537817506,
        0.0009132544867997952,
        0.0014376148431617588,
        0.0006760376901624395,
        0.0006373207357130853,
        0.0006291289524776987,
        0.0006373207357130853,
        0.0006428394107348196,
        0.0006456849775429013,
        0.000634647627499433,
        0.0006483580857565537,
        0.0010926114250061568,
        0.0005546268396842871,
        0.000515909885234933,
        0.000515909885234933,
        0.0005132367770212806,
        0.0005462625978544711,
        0.0005352252478110027,
        0.000515909885234933,
        0.0005352252478110027,
        0.000515909885234933,
        0.000515909885234933,
        0.0005132367770212806,
        0.000515909885234933,
        0.0005214285602566672,
        0.0005242741270647489,
        0.000515909885234933,
        0.000515909885234933,
        0.000515909885234933,
        0.0005380708146190844,
        0.0005242741270647489,
        0.000515909885234933,
        0.0007752876112564405,
        0.0004746060518691411,
        0.0004332159892061347,
        0.00045244512248498976,
        0.00043588909741978704,
        0.00043588909741978704,
        0.0004663280393365399,
        0.00045796379750672394,
        0.00043588909741978704,
        0.00044140777244152133,
        0.0004552906892930714,
        0.00044140777244152133,
        0.0004332159892061347,
        0.00043588909741978704,
        0.00043588909741978704
    ],
    "nn.bias_add": [
        0.0004139006266300649
    ],
    "nn.max_pool2d": [],
    "nn.adaptive_avg_pool2d": [
        0.0007174277528254459
    ],
    "nn.batch_matmul": [],
    "nn.softmax": [],
    "nn.batch_norm": [
        0.007021996589373481,
        0.011039678234493195,
        0.01004355739307017,
        0.005360961637128701,
        0.00561456200023683,
        0.009665097007595302,
        0.0068454852179752005,
        0.004329055637361621,
        0.004370187012132983,
        0.004306980937274683,
        0.004279301332868798,
        0.004326210070553539,
        0.004279215103571584,
        0.0042875793454014,
        0.004345439203832395,
        0.014784099236739843,
        0.005744509551139229,
        0.003931538577202329,
        0.003951112627670043,
        0.0038903209731337525,
        0.0038433260061517967,
        0.003909463877115393,
        0.003904117660688087,
        0.003923433023264157,
        0.003884629839517588,
        0.003870746922666038,
        0.0038515177893871833,
        0.003915241240028771,
        0.0038543633561952647,
        0.003879197393793069,
        0.0039123094439234745,
        0.0038600544898114283,
        0.00385427712689805,
        0.003915241240028771,
        0.0038874754063256706,
        0.003887216718434027,
        0.003915155010731556,
        0.01618299712545225,
        0.00475390738473794,
        0.003647413042880233,
        0.003721656467782001,
        0.0036280114510069484,
        0.0036806113223078526,
        0.00369725357667027,
        0.0037025997930975755,
        0.003710705347035747,
        0.0036943217805649733,
        0.0036365481514311925,
        0.003724760722481726,
        0.0036474992721774475,
        0.003611627884536175,
        0.0036334438967314682,
        0.0037081184681193088
    ],
    "multiply": [],
    "add": [
        0.0012526530006364484,
        0.0007145821860173642,
        0.0007145821860173642,
        0.0007174277528254459,
        0.0005904119980283448,
        0.0005517812728762054,
        0.0005491081646625529,
        0.0005546268396842871,
        0.0005601455147060213,
        0.0005546268396842871,
        0.0005546268396842871,
        0.0005048725351914647,
        0.0004746060518691411,
        0.0004827978351045278,
        0.0004801247268908753,
        0.0004746060518691411
    ],
    "squeeze": [],
    "reshape": [],
    "transpose": [],
    "latency": 18.722511927286785,
    "batch_size": 1,
    "model_name": "regnet_x_800mf",
    "sm_partition": 10
}