{
    "nn.conv2d": [
        0.0001358518084344805,
        0.00028832025652366673,
        0.0005766515686958063,
        3.034750199420198,
        0.001704869439702504,
        0.0016850577176391426,
        3.028871148287435,
        0.0016875231272485897,
        0.0012824441672030684,
        0.0032098527550157335,
        1.5161829193848526,
        0.002482479530689453,
        0.0024499206459368855,
        1.5122403314160013,
        0.002450993043838752,
        0.00245593491870612,
        1.5125534273807526,
        0.0024343653485355736,
        0.002447455236327438,
        1.5124908413547478,
        0.0024799920097830592,
        0.0024700972043998513,
        1.5125131184864202,
        0.0024343653485355736,
        0.0024601802877196976,
        1.5125021512831356,
        0.0024693896428975882,
        0.002441440963558203,
        1.5127342756784719,
        0.0024601802877196976,
        0.0019468554734764225,
        0.003496061382681084,
        0.757436075323131,
        0.004208222034708713,
        0.004191583283757061,
        0.7547459707141213,
        0.0041675372483285945,
        0.004226264853016417,
        0.754720830169494,
        0.004172125342444831,
        0.004201500200437215,
        0.7547303601384776,
        0.004162573262164282,
        0.004180616080471986,
        0.7546946835608557,
        0.004163988385168808,
        0.00420999093846437,
        0.7546950262859582,
        0.004126144900446214,
        0.004185922791738957,
        0.7550431244337747,
        0.0042067958560557134,
        0.004249614382591093,
        0.7550038216034538,
        0.004161158139159756,
        0.004215651430482473,
        0.7547756551302709,
        0.004210333663567028,
        0.0041788471767163285,
        0.7546645679744157,
        0.004184861449485563,
        0.004230852947132652,
        0.7547172923619828,
        0.00418167742272538,
        0.004208575815459844,
        0.7546196157077251,
        0.004165403508173333,
        0.004174259082600093,
        0.7547430962455183,
        0.004233340468039045,
        0.005311664197487735,
        0.003230372038581358,
        0.35452932908955687,
        0.008774105353162859
    ],
    "nn.conv2d_transpose": [],
    "nn.dense": [
        0.00022853130958245003
    ],
    "nn.layer_norm": [],
    "nn.relu": [
        6.826862931989886e-05,
        0.0005172164025057212,
        0.00011213744246019987,
        0.00012522733025206384,
        0.0001160290307226459,
        0.0001160290307226459,
        0.0001245308243982738,
        0.0002798405741449846,
        6.792590421724025e-05,
        7.074509457781907e-05,
        6.826862931989886e-05,
        7.216021758234492e-05,
        7.145265608008198e-05,
        7.003753307555614e-05,
        6.826862931989886e-05,
        7.11099309774234e-05,
        7.11099309774234e-05,
        6.826862931989886e-05,
        7.216021758234492e-05,
        7.11099309774234e-05,
        6.862241007103031e-05,
        7.11099309774234e-05,
        7.286777908460783e-05,
        7.11099309774234e-05,
        7.357534058687074e-05,
        7.357534058687074e-05,
        6.826862931989886e-05,
        7.11099309774234e-05,
        0.00010789207344662232,
        6.297297370139982e-05,
        6.22654121991369e-05,
        6.155785069687397e-05,
        5.978894694121668e-05,
        6.013167204387527e-05,
        6.049650844347961e-05,
        6.013167204387527e-05,
        6.119301429726968e-05,
        5.871654903934943e-05,
        6.013167204387527e-05,
        6.119301429726968e-05,
        6.013167204387527e-05,
        6.368053520366273e-05,
        6.013167204387527e-05,
        6.297297370139982e-05,
        6.368053520366273e-05,
        6.013167204387527e-05,
        5.978894694121668e-05,
        6.013167204387527e-05,
        5.942411054161236e-05,
        6.049650844347961e-05,
        6.297297370139982e-05,
        5.978894694121668e-05,
        6.013167204387527e-05,
        6.085028919461106e-05,
        6.013167204387527e-05,
        6.013167204387527e-05,
        6.013167204387527e-05,
        6.013167204387527e-05,
        6.22654121991369e-05,
        6.22654121991369e-05,
        6.155785069687397e-05,
        6.473082180858426e-05,
        6.013167204387527e-05,
        5.978894694121668e-05,
        6.013167204387527e-05,
        6.013167204387527e-05,
        6.013167204387527e-05,
        7.074509457781907e-05,
        5.4836016425376245e-05,
        5.554357792763916e-05
    ],
    "nn.bias_add": [
        5.16519896651931e-05
    ],
    "nn.max_pool2d": [],
    "nn.adaptive_avg_pool2d": [
        8.560388612534037e-05
    ],
    "nn.batch_matmul": [],
    "nn.softmax": [],
    "nn.batch_norm": [
        0.0005146625477084909,
        0.001131634066384811,
        0.001887000192644369,
        0.0006455724812756038,
        0.0007429174660791196,
        0.0006615147263734652,
        0.0006657269284416242,
        0.0007524142681173047,
        0.0036608679344659802,
        0.00112281165890347,
        0.0005097538397865419,
        0.0005447449672031379,
        0.0005157238899618853,
        0.0005160887263614896,
        0.0005525060324310842,
        0.000511146851494122,
        0.0005189189723705413,
        0.0005496978977189782,
        0.0005094000590354105,
        0.0005093668920899919,
        0.0005546618838832917,
        0.0005062049766267544,
        0.000521749218379593,
        0.0005507702956208456,
        0.000511854412996385,
        0.000524236739285986,
        0.0005454746400023464,
        0.0005115006322452535,
        0.0005171611242633569,
        0.0005465359822557407,
        0.003940708508610964,
        0.0006724708740100675,
        0.00047472954542452744,
        0.0004892013892754988,
        0.00048357406420281387,
        0.0004821589411982881,
        0.00048532085666152554,
        0.00048069959559987087,
        0.00047891963619574063,
        0.0004849560202619211,
        0.000475779832029449,
        0.0004821478855498151,
        0.0004810533763510022,
        0.0004725515826753743,
        0.0004807217068968165,
        0.0004920316352845503,
        0.0004814403240475522,
        0.0004860173625153155,
        0.0004810975989448937,
        0.0004785990223900278,
        0.00047684117428284335,
        0.000488869719821313,
        0.00047613361278058046,
        0.0004810865432964208,
        0.000482468499355528,
        0.0004771617880885562,
        0.000475779832029449,
        0.0004923854160356818,
        0.00047861007803850066,
        0.0004789306918442135,
        0.0004884827721247629,
        0.0004789638587896321,
        0.000476476337883239,
        0.0004909924043281017,
        0.000490273787177366,
        0.00047611150148363466,
        0.0004906386235769703,
        0.0004782231303419506,
        0.0004796603646434221,
        0.00048640431021186565,
        0.003646705648772249,
        0.0005210306012288571,
        0.0004524303024547726,
        0.00045875413338124747
    ],
    "multiply": [],
    "add": [
        0.00020094746664266907,
        0.00019987506874080186,
        0.00010506182743757064,
        0.00010789207344662232,
        0.0001011702391751246,
        0.00010541560818870211,
        0.00010753829269549088,
        0.0001068417868417008,
        0.00010011995257020306,
        7.145265608008198e-05,
        6.862241007103031e-05,
        7.003753307555614e-05,
        6.862241007103031e-05,
        7.641664224439529e-05,
        6.969480797289755e-05,
        7.040236947516048e-05,
        6.898724647063464e-05,
        7.145265608008198e-05,
        6.756106781763593e-05,
        6.614594481311008e-05,
        7.145265608008198e-05,
        6.721834271497733e-05,
        6.260813730179551e-05
    ],
    "squeeze": [],
    "reshape": [],
    "transpose": [],
    "latency": 27.039637565612793,
    "batch_size": 1,
    "model_name": "regnet_x_32gf",
    "sm_partition": 80
}