{
    "nn.conv2d": [
        0.004123129266750942,
        0.005796922188849869,
        0.0069122144708202195,
        2.31344192787997,
        0.0053043888825920465,
        0.005151604435751488,
        2.3157282257880607,
        0.005031290956360264,
        0.005676266909801284,
        0.006868805914335317,
        1.350956309727909,
        0.010795058578446074,
        0.010609119564841455,
        1.3522466034344482,
        0.010565711008356553,
        0.010401647172823067,
        1.3520719438095368,
        0.01031414646053854,
        0.010401647172823067,
        1.3526841069958708,
        0.010478210296072026,
        0.011736033035162095,
        0.012042285528157934,
        0.820680118105608,
        0.022629529914928257,
        0.022027962517972142,
        0.8201547720322434,
        0.022049837696043274,
        0.022257651887719023,
        0.8196738599143358,
        0.02245487029001657,
        0.02237796536711025,
        0.8200238627634742,
        0.022137680207985164,
        0.02206077528507884,
        0.8201660514209365,
        0.022082992262807334,
        0.021962336983758744,
        0.8200129251744385,
        0.022027962517972142,
        0.02194046180568762,
        0.8196738599143358,
        0.022006087339901007,
        0.022027962517972142,
        0.8194113577774823,
        0.022027962517972142,
        0.022049837696043274,
        0.8193891407997539,
        0.022159555386056292,
        0.022071712874114406,
        0.8194985166901096,
        0.022148617797020726,
        0.025101766836623487,
        0.030395218130179973,
        0.4594881153841188,
        0.056043864418581765,
        0.056262957998950425,
        0.4565787167006583,
        0.055836050226906006
    ],
    "nn.conv2d_transpose": [],
    "nn.dense": [
        0.003324685267154639
    ],
    "nn.layer_norm": [],
    "nn.relu": [
        0.0019687660264018423,
        0.0028547107382826714,
        0.00187032772508175,
        0.0017609518347260925,
        0.00181529798024656,
        0.0017172014785838293,
        0.0017277972679620333,
        0.0021984553961487243,
        0.0016840469118197703,
        0.0016406383553348686,
        0.0015637334324285466,
        0.0016293589666419416,
        0.0015637334324285466,
        0.0015531376430503421,
        0.0015637334324285466,
        0.0015637334324285466,
        0.0015637334324285466,
        0.0015637334324285466,
        0.0016515759443704345,
        0.0018918611034955206,
        0.0016406383553348686,
        0.0014762327201440202,
        0.001498107898215152,
        0.0014762327201440202,
        0.0015856086104996784,
        0.0014875121088369478,
        0.0014875121088369478,
        0.001498107898215152,
        0.0014875121088369478,
        0.0014762327201440202,
        0.0014762327201440202,
        0.0014762327201440202,
        0.0014762327201440202,
        0.0014875121088369478,
        0.0014762327201440202,
        0.0014875121088369478,
        0.0015093872869080792,
        0.0014762327201440202,
        0.0014762327201440202,
        0.0014875121088369478,
        0.0014762327201440202,
        0.0014875121088369478,
        0.0014875121088369478,
        0.0014762327201440202,
        0.0014875121088369478,
        0.0015312624649792108,
        0.0014762327201440202,
        0.001498107898215152,
        0.001498107898215152,
        0.0017934228021754283,
        0.0015856086104996784,
        0.0014875121088369478,
        0.0014762327201440202,
        0.0014875121088369478,
        0.0014875121088369478
    ],
    "nn.bias_add": [
        0.0016406383553348686
    ],
    "nn.max_pool2d": [],
    "nn.adaptive_avg_pool2d": [
        0.0024937703001090008
    ],
    "nn.batch_matmul": [],
    "nn.softmax": [],
    "nn.batch_norm": [
        0.015496171065795195,
        0.020122429428182164,
        0.018187501567859105,
        0.01432619083864702,
        0.014534346829980128,
        0.014326190838647019,
        0.014183660381527304,
        0.014457783706731172,
        0.020046891703905292,
        0.01570466885678567,
        0.014118376646971267,
        0.013986783778887117,
        0.013823745342325715,
        0.013779653186526087,
        0.013899966665917314,
        0.013833999332046558,
        0.01378990717624693,
        0.014020280145308537,
        0.013756752609482874,
        0.013734877431411744,
        0.014021305544280622,
        0.0249794025592881,
        0.014729856233990866,
        0.013888003677909662,
        0.0136049935616144,
        0.013603626362984953,
        0.01382340354266835,
        0.013648743917756664,
        0.013439904327108829,
        0.013637122729406374,
        0.013527746839050716,
        0.013517492849329875,
        0.013593714172921469,
        0.013407775159316853,
        0.013593030573606748,
        0.013472717094215525,
        0.013615247551335244,
        0.013362999404202507,
        0.01383468293136128,
        0.013570813595878254,
        0.013659339707134866,
        0.01372496524134826,
        0.013472717094215525,
        0.013462121304837319,
        0.013888687277224386,
        0.013626526940028168,
        0.013472717094215525,
        0.013855874510117687,
        0.013635755530776927,
        0.013363341203859866,
        0.013921500044331082,
        0.013538684428086282,
        0.04338736490614533,
        0.014588351175843235,
        0.013964908600815989,
        0.01386612849983853,
        0.013659681506792228,
        0.013735219231069103,
        0.013921841843988446
    ],
    "multiply": [],
    "add": [
        0.0021653008293846653,
        0.0018371731583176917,
        0.0017277972679620333,
        0.0016515759443704345,
        0.0016515759443704345,
        0.0016515759443704345,
        0.0016406383553348686,
        0.0015637334324285466,
        0.0015856086104996784,
        0.0015637334324285466,
        0.0015637334324285466,
        0.001575012821121474,
        0.0015637334324285466,
        0.0015531376430503421,
        0.001662171733748639,
        0.0015637334324285466,
        0.0017934228021754283,
        0.0015531376430503421
    ],
    "squeeze": [],
    "reshape": [],
    "transpose": [],
    "latency": 20.886077880859375,
    "batch_size": 1,
    "model_name": "regnet_x_1_6gf",
    "sm_partition": 100
}