{
    "nn.conv2d": [
        0.00019549588013274488,
        0.0012539071482794732,
        0.002856388271248278,
        7.838667314737323,
        0.002868004019912835,
        0.002859935135181073,
        7.829446960471298,
        0.0028515678586006716,
        0.003257131600175485,
        0.005682562060668358,
        3.9177764041441927,
        0.00260429022601282,
        0.0026018261861080775,
        3.909938314740638,
        0.002600349607888007,
        0.0026012386310246744,
        3.9100378268840577,
        0.0026007433620800252,
        0.0026053699738362466,
        3.9107287701287077,
        0.002597987082735893,
        0.0026010386777240396,
        3.9103998192633216,
        0.002602416817396105,
        0.002608030890836999,
        3.91031119996048,
        0.0026081293293850043,
        0.003628444879453906,
        0.004533587328357289,
        1.7114542536843205,
        0.0029977491023876783,
        0.0028885776764458206,
        1.706445844943458,
        0.00289231834127,
        0.002886415104594342,
        1.7065451663621898,
        0.002985441207682463,
        0.0028844432574296223,
        1.706531274222103,
        0.003003455461967327,
        0.0028941917498867147,
        1.706398717488601,
        0.002879422891481382,
        0.0028866119816903513,
        1.7064357057730133,
        0.0028862151512937073,
        0.002893696480942066,
        1.706270104449428,
        0.0028702681065169433,
        0.00296388316566943,
        1.7060975570557988,
        0.002889069869185844,
        0.002879524406234012,
        1.7061574507598505,
        0.0028808010311534484,
        0.002873811894245113,
        1.706128346787892,
        0.002986130277518496,
        0.002978947339718777,
        1.7061161434841439,
        0.0029808145959262415,
        0.0028857260347583094,
        1.7063489629549935,
        0.002891238593446573,
        0.0028791275758373674,
        1.7061174570235191,
        0.0029872161777511727,
        0.001997905694099132,
        0.00717616707333932,
        0.9767174032446431,
        0.0032376407676705512
    ],
    "nn.conv2d_transpose": [],
    "nn.dense": [
        0.00016202677381114072
    ],
    "nn.layer_norm": [],
    "nn.relu": [
        8.73149920801849e-05,
        0.0005812796259678599,
        0.00016399554477123507,
        0.00017748162584788147,
        0.00016626270757996874,
        0.00016399554477123507,
        0.0001710831202275748,
        0.0003023047809224891,
        8.751186917619434e-05,
        8.751186917619434e-05,
        8.800098571159276e-05,
        8.790254716358805e-05,
        8.701660023154559e-05,
        8.889000884826038e-05,
        8.780410861558334e-05,
        8.721347732755501e-05,
        8.721347732755501e-05,
        8.741343062818961e-05,
        8.701660023154559e-05,
        8.721347732755501e-05,
        8.741343062818961e-05,
        8.701660023154559e-05,
        8.73149920801849e-05,
        8.691816168354087e-05,
        8.73149920801849e-05,
        0.00014332652589486944,
        5.2959938826538306e-05,
        5.1483360606467526e-05,
        5.2172430442500567e-05,
        5.2959938826538306e-05,
        5.187403859386125e-05,
        5.227086899050528e-05,
        5.2959938826538306e-05,
        5.256310842989428e-05,
        5.256310842989428e-05,
        5.236623133388484e-05,
        5.2172430442500567e-05,
        5.1384922058462814e-05,
        5.187403859386125e-05,
        5.227086899050528e-05,
        5.286150027853359e-05,
        5.227086899050528e-05,
        5.2172430442500567e-05,
        5.2172430442500567e-05,
        5.2172430442500567e-05,
        5.2172430442500567e-05,
        5.2959938826538306e-05,
        5.3153739717922594e-05,
        5.2172430442500567e-05,
        5.2959938826538306e-05,
        5.2172430442500567e-05,
        5.227086899050528e-05,
        5.256310842989428e-05,
        5.1578722949847095e-05,
        5.246466988188956e-05,
        5.2661546977899005e-05,
        5.2172430442500567e-05,
        5.246466988188956e-05,
        5.2959938826538306e-05,
        5.3649008662571326e-05,
        5.1483360606467526e-05,
        5.246466988188956e-05,
        5.2172430442500567e-05,
        5.227086899050528e-05,
        8.790254716358805e-05,
        3.435505325364659e-05,
        3.346603011697898e-05
    ],
    "nn.bias_add": [
        1.4959583092091994e-05
    ],
    "nn.max_pool2d": [],
    "nn.adaptive_avg_pool2d": [
        4.154106725799101e-05
    ],
    "nn.batch_matmul": [],
    "nn.softmax": [],
    "nn.batch_norm": [
        0.0003714947753513053,
        0.0032895947875846657,
        0.0018834062817465191,
        0.0005946488112687508,
        0.0006371681115975386,
        0.0005974020144082576,
        0.0005979895694916608,
        0.0006390507488281288,
        0.005973626389890558,
        0.0010367424827671897,
        0.00037700118163031926,
        0.0004083938498299487,
        0.0003696152143253402,
        0.00036872926739329776,
        0.00040742176916840224,
        0.0003685323902972882,
        0.0003699074537647292,
        0.00040850151699182893,
        0.0003681355599006442,
        0.0003712917458460455,
        0.0004054529982083079,
        0.00036676357263782847,
        0.0003703104365706235,
        0.0004088983473884729,
        0.00037119638350266595,
        0.00036803712135263957,
        0.0004079078094991755,
        0.004743535217818976,
        0.0005227886712253065,
        0.00025562337573587667,
        0.00026921097156515296,
        0.0002550388968570987,
        0.000256610837420549,
        0.00026901101826451836,
        0.00025750293676184176,
        0.0002571091825698229,
        0.0002697000881005514,
        0.00025493122969521854,
        0.0002527625054344896,
        0.00027018920463594984,
        0.0002529655349397493,
        0.00025532190768261226,
        0.00026833117704236077,
        0.0002554264986398672,
        0.00025316856444500903,
        0.0002692078953605278,
        0.000252082664212332,
        0.000252082664212332,
        0.0002668392177991643,
        0.0002540514351724263,
        0.00025424523606381065,
        0.0002670360948951737,
        0.0002548389435564641,
        0.00025798590088798993,
        0.00026743907770106803,
        0.00025375304332378706,
        0.000253648452366532,
        0.00026811891892322557,
        0.0002542513884730609,
        0.0002564170365291647,
        0.0002698969651965608,
        0.00025375304332378706,
        0.0002546389902558295,
        0.00026959857334792146,
        0.00025434982702106563,
        0.0002558233290365112,
        0.00026861418786787433,
        0.007340648658441328,
        0.00039038882415896083,
        0.00018996178801210462,
        0.00020011018707046603
    ],
    "multiply": [],
    "add": [
        0.00020976946959342898,
        0.00020701319024929687,
        0.00012649353418606264,
        0.00012639201943343283,
        0.00012639201943343283,
        0.00012531227161000603,
        0.0001266904112820721,
        0.00012649353418606264,
        6.74273291786067e-05,
        6.663982079456896e-05,
        6.663982079456896e-05,
        6.68366978905784e-05,
        6.634758135517996e-05,
        6.703665119121299e-05,
        6.614762805454537e-05,
        6.614762805454537e-05,
        6.614762805454537e-05,
        6.693513643858311e-05,
        6.792259812325544e-05,
        6.752576772661141e-05,
        6.693513643858311e-05,
        4.508177878153572e-05
    ],
    "squeeze": [],
    "reshape": [],
    "transpose": [],
    "latency": 62.4729585647583,
    "batch_size": 1,
    "model_name": "regnet_x_16gf",
    "sm_partition": 5
}