{
    "nn.conv2d": [
        0.0053481991050145046,
        0.003159567976783895,
        0.005130945279785731,
        3.350764669898106,
        0.0024513976182353185,
        0.0025801406257782962,
        0.0040232189857180335,
        1.6742195827536497,
        0.00318630561962648,
        0.0027705729911022825,
        1.6745844384254167,
        0.002818851618930899,
        0.0030093678013170893,
        0.004202922767080105,
        1.0471526252016654,
        0.004339628395532316,
        0.004267294270851593,
        1.0433199223983336,
        0.00427265856283255,
        0.004377178439399018,
        1.0431643579308858,
        0.004404083716366006,
        0.004344992687513273,
        1.0433682010261622,
        0.004441633760232708,
        0.0043825427313799745,
        1.043373565318143,
        0.004393355132404092,
        0.004387990840423134,
        1.0431160793030574,
        0.004361169380518347,
        0.004361169380518347,
        1.0430302506313618,
        0.004261846161808434,
        0.05462458524208897,
        0.009864932952980616,
        0.6521718440228645,
        0.010012450982456943,
        0.010578383786447947,
        0.6478079086792935,
        0.009888988449832721,
        0.009897034887804157,
        0.6478991016429698,
        0.009891670595823202,
        0.010669576750124223,
        0.6477677603064985,
        0.009974817121528042,
        0.009779104281285297,
        0.6478079086792935,
        0.009843475785056788,
        0.009926622310761628,
        0.6477409388465938,
        0.009867615098971095,
        0.009931986602742584,
        0.6478481408691507,
        0.009883624157851763,
        0.009886306303842242,
        0.6479259231028746,
        0.009918492055727987,
        0.009859568660999659,
        0.6478616354161653,
        0.009923940164771149,
        0.009905081325775595,
        0.6478589532701748,
        0.009945397332694977,
        0.009905081325775595,
        0.6477569479054743,
        0.009902399179785117,
        0.009988227851480434,
        0.6478079086792935,
        0.009905081325775595
    ],
    "nn.conv2d_transpose": [],
    "nn.dense": [
        0.0015851482803729048
    ],
    "nn.layer_norm": [],
    "nn.relu": [
        0.0024219778294022557,
        0.002370933238520958,
        0.000997758308458072,
        0.0008984350897481582,
        0.0015180946306109376,
        0.0006731348265479484,
        0.0006489955126336402,
        0.0006115292858291409,
        0.0006141276147574172,
        0.0006329864537529704,
        0.0011451925208721973,
        0.0005363453810335352,
        0.00054707396499545,
        0.0005175703591001843,
        0.0005149720301719082,
        0.0005149720301719082,
        0.0005202525050906632,
        0.0005175703591001843,
        0.000512206067119227,
        0.0005175703591001843,
        0.0005149720301719082,
        0.000533747052105259,
        0.0005149720301719082,
        0.0005175703591001843,
        0.0005149720301719082,
        0.0005283827601243017,
        0.0005149720301719082,
        0.0005149720301719082,
        0.0005096077381909508,
        0.0005363453810335352,
        0.0005149720301719082,
        0.0008207366730864788,
        0.00048002031523348277,
        0.0004639274392906107,
        0.0004907488991953977,
        0.0004639274392906107,
        0.0004586469643718558,
        0.0004613291103623344,
        0.0004692917312715681,
        0.0004613291103623344,
        0.00048002031523348277,
        0.0004613291103623344,
        0.0004586469643718558,
        0.0004586469643718558,
        0.0004586469643718558,
        0.00048002031523348277,
        0.0004586469643718558,
        0.0004613291103623344,
        0.0004586469643718558,
        0.0004586469643718558,
        0.0004586469643718558,
        0.0004586469643718558,
        0.0004586469643718558,
        0.0004586469643718558,
        0.0004586469643718558,
        0.0004586469643718558,
        0.0004613291103623344,
        0.00045588100131917464,
        0.0004613291103623344,
        0.00048002031523348277,
        0.0004586469643718558,
        0.0004586469643718558,
        0.0004586469643718558,
        0.0004586469643718558,
        0.0004586469643718558,
        0.0004586469643718558,
        0.0004613291103623344
    ],
    "nn.bias_add": [
        0.0004023218985718033
    ],
    "nn.max_pool2d": [],
    "nn.adaptive_avg_pool2d": [
        0.0007107686874768525
    ],
    "nn.batch_matmul": [],
    "nn.softmax": [],
    "nn.batch_norm": [
        0.010116635590774602,
        0.009464790298026077,
        0.009818917385831464,
        0.005261783713883769,
        0.005299501391874876,
        0.007724077550205408,
        0.007244057234971926,
        0.004223793215568517,
        0.004261427076497421,
        0.004165037454964594,
        0.004119357156064254,
        0.004232007287664358,
        0.007753497339038472,
        0.005935086174556123,
        0.0038725997249402138,
        0.0038751142368062875,
        0.003813592513149684,
        0.0038564230319351397,
        0.003888441149696479,
        0.003799930332010682,
        0.0038375641929395865,
        0.003853824703006863,
        0.0038241534629871927,
        0.0038026962950633634,
        0.00384586208209763,
        0.003792135345225853,
        0.003883244491839927,
        0.0038456944479732247,
        0.0038053784410538413,
        0.0038350496810735132,
        0.0038269194260398746,
        0.003808144404106523,
        0.003872348273753607,
        0.003853908520069065,
        0.013233205414648634,
        0.00492123499015518,
        0.003617628221720334,
        0.0036846818714823012,
        0.0036417675356346423,
        0.003633888731787611,
        0.0036285244398066535,
        0.003628692073931058,
        0.003625590842629567,
        0.003738324791291875,
        0.0036256746596917697,
        0.003572199374006601,
        0.003612096295614972,
        0.0036042174917679404,
        0.003604552760016751,
        0.0036446173157495252,
        0.0036073187230694316,
        0.0036366546948402917,
        0.0036524123025343546,
        0.003636403243653685,
        0.003631290402859335,
        0.003620645635959622,
        0.003606983454820622,
        0.003588292249949473,
        0.0036418513526968446,
        0.003606899637758419,
        0.0036149460757298546,
        0.0036393368408307704,
        0.003590890578877749,
        0.0036124315638637813,
        0.003636403243653685,
        0.0036123477468015786,
        0.003601786796964069,
        0.0036659068495489494,
        0.0036363194265914816,
        0.0035830117750307185,
        0.0036927283094537375
    ],
    "multiply": [],
    "add": [
        0.0010405888272435287,
        0.0007322258554006821,
        0.0006865455565003419,
        0.0005765775708907156,
        0.0005738954249002369,
        0.0005498399280481311,
        0.0005552042200290885,
        0.0005552042200290885,
        0.0005552042200290885,
        0.0005578025489573647,
        0.0005230184681433443,
        0.000498879154229036,
        0.0006194919067383746,
        0.0004961131911763549,
        0.000498879154229036,
        0.0004961131911763549,
        0.000498879154229036,
        0.000498879154229036,
        0.0004961131911763549,
        0.0004961131911763549,
        0.0005014774831573122,
        0.0004961131911763549
    ],
    "squeeze": [],
    "reshape": [],
    "transpose": [],
    "latency": 22.502373059590656,
    "batch_size": 1,
    "model_name": "regnet_x_400mf",
    "sm_partition": 5
}