{
    "nn.conv2d": [
        0.013814986255326194,
        0.021347277756345748,
        0.01627838400861182,
        2.7225231161606382,
        0.02047950223779511,
        0.028323108206094707,
        0.021520832860055877,
        1.366399331509838,
        0.028913195558709144,
        0.02381067550963138,
        1.3670241298831944,
        0.023950604311997664,
        0.027004089417897736,
        0.01825691219090728,
        0.8570498131413542,
        0.03113578560559697,
        0.030475191492100293,
        0.8543770645442185,
        0.030232214346906115,
        0.030545698252982534,
        0.8537869771916037,
        0.0303721431492724,
        0.03019750332616409,
        0.8536123373684955,
        0.030059743962594174,
        0.030545698252982534,
        0.8540646653575402,
        0.030337432128530382,
        0.030337432128530382,
        0.854410690845562,
        0.030440480471358267,
        0.03061512029446659,
        0.8535092890256676,
        0.0303721431492724,
        0.05907815730292758,
        0.032002476404749416,
        0.5367365137339419,
        0.023602409385179227,
        0.019993547947406747,
        0.5328141683900931,
        0.019853619145040458,
        0.019715859781470543,
        0.5352439398420348,
        0.0193676648546521,
        0.019472882636276365,
        0.5334042557427077,
        0.02009659629023464,
        0.01961064199984628,
        0.5328141683900931,
        0.019681148760728517,
        0.01961064199984628,
        0.5326395285669847,
        0.019681148760728517,
        0.019438171615534343,
        0.5334378820440513,
        0.019681148760728517,
        0.019575930979104254,
        0.5352439398420348,
        0.01964643773998649,
        0.019403460594792313,
        0.5335767261270195,
        0.019715859781470543,
        0.019506508937620206,
        0.5324670581826727,
        0.01975057080221257,
        0.01929824281316805,
        0.5328141683900931,
        0.019575930979104254,
        0.019784197103556406,
        0.5349662516760986,
        0.0193676648546521
    ],
    "nn.conv2d_transpose": [],
    "nn.dense": [
        0.007947739030525676
    ],
    "nn.layer_norm": [],
    "nn.relu": [
        0.006871697387522881,
        0.0065256718995008135,
        0.005170857371163628,
        0.004928964945367636,
        0.005796740463918276,
        0.005170857371163628,
        0.004651276779431432,
        0.004651276779431432,
        0.004651276779431432,
        0.005067809028335739,
        0.00544963025649802,
        0.004893169205227422,
        0.004615481039291217,
        0.00475432512225932,
        0.004615481039291217,
        0.004615481039291217,
        0.004998386986851687,
        0.004720698820915483,
        0.004651276779431432,
        0.004790120862399534,
        0.004615481039291217,
        0.004651276779431432,
        0.004546058997807166,
        0.004651276779431432,
        0.004720698820915483,
        0.004651276779431432,
        0.004893169205227422,
        0.004684903080775268,
        0.004651276779431432,
        0.004651276779431432,
        0.004651276779431432,
        0.00544963025649802,
        0.004998386986851687,
        0.004476636956323114,
        0.004651276779431432,
        0.004615481039291217,
        0.004651276779431432,
        0.004720698820915483,
        0.004615481039291217,
        0.004651276779431432,
        0.004615481039291217,
        0.004651276779431432,
        0.004684903080775268,
        0.004859542903883586,
        0.00458185473794738,
        0.00475432512225932,
        0.004720698820915483,
        0.004651276779431432,
        0.00475432512225932,
        0.00458185473794738,
        0.004615481039291217,
        0.004615481039291217,
        0.004651276779431432,
        0.004651276779431432,
        0.004651276779431432,
        0.004615481039291217,
        0.004615481039291217,
        0.004615481039291217,
        0.004615481039291217,
        0.004615481039291217,
        0.004615481039291217,
        0.004651276779431432,
        0.004615481039291217,
        0.004651276779431432,
        0.004615481039291217,
        0.004615481039291217,
        0.004615481039291217
    ],
    "nn.bias_add": [
        0.005170857371163628
    ],
    "nn.max_pool2d": [],
    "nn.adaptive_avg_pool2d": [
        0.007775268646213735
    ],
    "nn.batch_matmul": [],
    "nn.softmax": [],
    "nn.batch_norm": [
        0.05098398115364648,
        0.054797854557676544,
        0.04747599861990552,
        0.04390618708046783,
        0.043730462537961326,
        0.06237028067642907,
        0.04647154845718317,
        0.04282689127927048,
        0.04278892610033388,
        0.043347556590400856,
        0.043628498914531626,
        0.04272167349764621,
        0.05921049306950655,
        0.04442251351400547,
        0.043208712507432745,
        0.04272058877824802,
        0.04174976491686949,
        0.041753019075064055,
        0.042268260789203496,
        0.041992742062063666,
        0.04265442089495853,
        0.042584998853474484,
        0.04247761163305382,
        0.042132670864429955,
        0.0422042623447104,
        0.04202745308280569,
        0.04265442089495853,
        0.04199382678146185,
        0.04185715213729013,
        0.04307095314386283,
        0.042204262344710385,
        0.04203179196039845,
        0.04307203786326103,
        0.04213267086442996,
        0.07247010299296035,
        0.044318380451779375,
        0.0427585539571846,
        0.04265225145616216,
        0.0427585539571846,
        0.04251340737319404,
        0.04282689127927047,
        0.042581744695279915,
        0.04258282941467811,
        0.04223680392665605,
        0.04241252846916253,
        0.04342023279007947,
        0.04365995577707909,
        0.043625244756337056,
        0.042237888646054225,
        0.04247761163305384,
        0.04251666153138862,
        0.0427227582170444,
        0.04247761163305383,
        0.04230839540693647,
        0.042685877757505986,
        0.042374563290225944,
        0.043174001486690726,
        0.04341697863188491,
        0.04254811839393609,
        0.04240818959156979,
        0.042304056529343714,
        0.04268804719630237,
        0.04240927431096798,
        0.042302971809945515,
        0.04237130913203139,
        0.04275638451838824,
        0.04233768283068754,
        0.042270430227999874,
        0.0425828294146781,
        0.04296682008163677,
        0.0427585539571846
    ],
    "multiply": [],
    "add": [
        0.00544963025649802,
        0.005170857371163628,
        0.004962591246711474,
        0.005170857371163628,
        0.005101435329679576,
        0.004893169205227422,
        0.005067809028335739,
        0.004893169205227422,
        0.004720698820915483,
        0.004928964945367636,
        0.004998386986851687,
        0.004615481039291217,
        0.004651276779431432,
        0.004928964945367636,
        0.004615481039291217,
        0.00475432512225932,
        0.004615481039291217,
        0.004651276779431432,
        0.004615481039291217,
        0.004615481039291217,
        0.004615481039291217,
        0.004615481039291217
    ],
    "squeeze": [],
    "reshape": [],
    "transpose": [],
    "latency": 22.537333170572918,
    "batch_size": 1,
    "model_name": "regnet_x_400mf",
    "sm_partition": 80
}