{
    "nn.conv2d": [
        0.007757418336246584,
        0.01524994921710914,
        0.010065132037951646,
        2.9605708154305495,
        0.008060146856685475,
        0.006735709579765326,
        0.01059549821536119,
        1.4841070596524948,
        0.00896833241800215,
        0.008740694761031498,
        1.4834643528132034,
        0.00870344496261812,
        0.00868452443009069,
        1.4829718277008486,
        0.008779127092727842,
        0.013036246911399745,
        0.025239990391592547,
        0.8352463171567864,
        0.026450904473348105,
        0.02495618240368108,
        0.8343198023295837,
        0.025088034864731615,
        0.025031273267149327,
        0.8340549148741998,
        0.025183228794010252,
        0.025296751989174835,
        0.8339408004123939,
        0.02506911433220419,
        0.025088034864731615,
        0.8339029593473389,
        0.025334001787588215,
        0.025334001787588215,
        0.8339408004123939,
        0.025390763385170507,
        0.02506911433220419,
        0.8340354030750309,
        0.025088034864731615,
        0.05855904817239801,
        0.0353813958262954,
        0.48718420078217145,
        0.09596434971248699,
        0.09517027861297639,
        0.48497049847646206,
        0.09537781320413664,
        0.09513243754792153,
        0.48544410305628927,
        0.09517027861297639,
        0.09509459648286667,
        0.48434612090305695,
        0.09499940255358803,
        0.09492372042347831,
        0.4848954076129938,
        0.09499940255358803
    ],
    "nn.conv2d_transpose": [],
    "nn.dense": [
        0.005032270385655082
    ],
    "nn.layer_norm": [],
    "nn.relu": [
        0.0036895038428489857,
        0.004843065060380776,
        0.0032158992630217354,
        0.00300836467186148,
        0.0036327422452666932,
        0.002818568079945691,
        0.0027245566839500194,
        0.0026867156188951583,
        0.0028753296775279836,
        0.0026110334887854358,
        0.002800238814059743,
        0.0026867156188951583,
        0.0026867156188951583,
        0.0032354110621906486,
        0.002800238814059743,
        0.0025731924237305747,
        0.002553680624561661,
        0.002535351358675713,
        0.002553680624561661,
        0.002535351358675713,
        0.0025731924237305747,
        0.002553680624561661,
        0.002553680624561661,
        0.002535351358675713,
        0.002553680624561661,
        0.002535351358675713,
        0.002553680624561661,
        0.002535351358675713,
        0.002535351358675713,
        0.002535351358675713,
        0.002553680624561661,
        0.002667203819726245,
        0.0026293627546713845,
        0.0025731924237305747,
        0.0029510118076377058,
        0.0026867156188951583,
        0.002553680624561661,
        0.002535351358675713,
        0.002553680624561661,
        0.002553680624561661,
        0.002535351358675713,
        0.002591521689616523,
        0.002553680624561661,
        0.002535351358675713,
        0.002553680624561661,
        0.002535351358675713,
        0.002553680624561661,
        0.002535351358675713,
        0.002535351358675713
    ],
    "nn.bias_add": [
        0.00278072701489083
    ],
    "nn.max_pool2d": [],
    "nn.adaptive_avg_pool2d": [
        0.004294369617085285
    ],
    "nn.batch_matmul": [],
    "nn.softmax": [],
    "nn.batch_norm": [
        0.027563668292617628,
        0.03308846379062739,
        0.03036331584003589,
        0.024574815419925056,
        0.02504664619982786,
        0.03265447407577945,
        0.026542550802777853,
        0.023610459527667577,
        0.023344389539000587,
        0.02332665153975612,
        0.023608685727743134,
        0.02343899220163774,
        0.02326929867553234,
        0.02336449260481098,
        0.02317233094632926,
        0.04716533999103582,
        0.025539171312182543,
        0.0233639013381695,
        0.02308009335025804,
        0.022965978888451963,
        0.02319361654542262,
        0.023307139740587204,
        0.023476242000051113,
        0.023269889942173824,
        0.023533594864274886,
        0.02294705835592454,
        0.022701091433067942,
        0.023421254202393275,
        0.023762415054528505,
        0.023041069751920207,
        0.022984899420979397,
        0.022890296758342248,
        0.023080684616899518,
        0.022832352627476987,
        0.02292813782339711,
        0.02305999028444764,
        0.023099013882785468,
        0.05742263368746919,
        0.024574815419925067,
        0.023287036674776808,
        0.023288219208059773,
        0.023023923019317227,
        0.023211354544667086,
        0.02357261846261272,
        0.023383413137338414,
        0.023230866343835994,
        0.023116751882029937,
        0.023003228686865346,
        0.023042843551844657,
        0.0230978313495025,
        0.02315518421372627,
        0.02319361654542262,
        0.022927546556755628
    ],
    "multiply": [],
    "add": [
        0.0036895038428489857,
        0.002932682541751758,
        0.0028753296775279836,
        0.002818568079945691,
        0.002818568079945691,
        0.0026867156188951583,
        0.0026293627546713845,
        0.0026867156188951583,
        0.0025731924237305747,
        0.002667203819726245,
        0.0026867156188951583,
        0.002818568079945691,
        0.002535351358675713,
        0.0026293627546713845,
        0.002553680624561661,
        0.002535351358675713
    ],
    "squeeze": [],
    "reshape": [],
    "transpose": [],
    "latency": 18.54060173034668,
    "batch_size": 1,
    "model_name": "regnet_x_800mf",
    "sm_partition": 80
}