{
    "nn.conv2d": [
        0.0006821003588652916,
        0.0012795440436692174,
        0.0013095621876922782,
        0.0079172992558731,
        0.0012038101940697525,
        0.001020451659294029,
        0.008081214845988014,
        0.0009993563397328689,
        0.001330657507253438,
        0.0017483778820624148,
        1.5441271596799482,
        0.0028816867470504836,
        0.002846436082509642,
        1.5411378482477218,
        0.002823523150558094,
        0.0028164730176499257,
        1.5408294049329894,
        0.00285348621541781,
        0.0028412035619918606,
        1.541437478896319,
        0.0028147655635862284,
        0.0028252856837851364,
        1.5403447633747163,
        0.0028376784955377768,
        0.006121222818353858,
        0.003491523243607049,
        1.157466090318744,
        0.005516729000641764,
        0.005407451940565152,
        1.154684867965635,
        0.005370383663633925,
        0.0053440007443916375,
        1.1547147759513312,
        0.005384483929450261,
        0.00531574513359562,
        1.154490934231497,
        0.005388008995904345,
        0.005317507666822663,
        1.1550708076631937,
        0.005389826608294732,
        0.0053086950006874505,
        1.1541437151857696,
        0.005358101010207975,
        0.00533695061148347,
        1.1543746070385121,
        0.005366858597179841,
        0.005328082866184914,
        1.1550461321980152,
        0.005396876741202901,
        0.00531574513359562,
        1.154207166381943,
        0.005373908730088008,
        0.005319270200049704,
        1.154119039720591,
        0.005382721396223219,
        0.005317507666822663,
        1.1551430715255024,
        0.005382721396223219,
        0.005338713144710512,
        1.154732456362765,
        0.005366858597179841,
        0.005351050877299807,
        1.1543834197046474,
        0.005366858597179841,
        0.0053316079326389985,
        1.1541137521209097,
        0.005380958862996176,
        0.005329845399411956,
        1.1541824909167644,
        0.005370383663633925,
        0.011782479543613073,
        0.009831410340440818,
        0.7713602740032212,
        0.013550300370336298
    ],
    "nn.conv2d_transpose": [],
    "nn.dense": [
        0.00090770461192668
    ],
    "nn.layer_norm": [],
    "nn.relu": [
        0.00032430611377574583,
        0.0006027863636483972,
        0.0003119133020231061,
        0.00028376784955377757,
        0.0002854753036174746,
        0.0002854753036174746,
        0.0002854753036174746,
        0.0004335831738523559,
        0.0002978681153701144,
        0.00028376784955377757,
        0.0002819502371633905,
        0.0002731926501915251,
        0.0002872929160078618,
        0.0002731926501915251,
        0.0002731926501915251,
        0.0002802427830996934,
        0.00027137503780113784,
        0.0002696675837374409,
        0.0002802427830996934,
        0.0002802427830996934,
        0.00027137503780113784,
        0.0002731926501915251,
        0.0003665518320614111,
        0.0002731926501915251,
        0.00025903730521184315,
        0.00025903730521184315,
        0.00025551223875775906,
        0.00025732985114814615,
        0.00026614251728335664,
        0.00025903730521184315,
        0.0002625623716659274,
        0.00025903730521184315,
        0.00025903730521184315,
        0.00025903730521184315,
        0.00025903730521184315,
        0.0002678499713470537,
        0.00025903730521184315,
        0.00025732985114814615,
        0.0002731926501915251,
        0.00025198717230367487,
        0.00026085491760223034,
        0.00027490010425522204,
        0.00026437998405631454,
        0.00026614251728335664,
        0.00025732985114814615,
        0.00025903730521184315,
        0.00025903730521184315,
        0.00026614251728335664,
        0.00025732985114814615,
        0.00025732985114814615,
        0.00025903730521184315,
        0.00025903730521184315,
        0.00025903730521184315,
        0.0002696675837374409,
        0.00025903730521184315,
        0.00025732985114814615,
        0.00025903730521184315,
        0.00025903730521184315,
        0.00025903730521184315,
        0.00025903730521184315,
        0.00025903730521184315,
        0.00025903730521184315,
        0.00025903730521184315,
        0.00025903730521184315,
        0.00025732985114814615,
        0.00025903730521184315,
        0.00026437998405631454,
        0.0003384063795920827,
        0.00025732985114814615,
        0.0002467546517858936
    ],
    "nn.bias_add": [
        0.0002819502371633905
    ],
    "nn.max_pool2d": [],
    "nn.adaptive_avg_pool2d": [
        0.00041772037480897694
    ],
    "nn.batch_matmul": [],
    "nn.softmax": [],
    "nn.batch_norm": [
        0.0025255448768612895,
        0.0034403547008594834,
        0.0032162926643717563,
        0.0023278657596158495,
        0.002361519128419685,
        0.00231200296057247,
        0.0023121131188991602,
        0.002350833770730742,
        0.003880877849293317,
        0.0027244908148636665,
        0.00230677044005469,
        0.0023420761837588764,
        0.0022768073751949737,
        0.0022697572422868055,
        0.0022749897628045863,
        0.002276862454358319,
        0.002273337387904235,
        0.0023102955065087733,
        0.002269647083960115,
        0.002271685013003883,
        0.002301427761210218,
        0.0022805527583024386,
        0.002285564962166839,
        0.002296140161529092,
        0.0056380683974909425,
        0.0025923559019988543,
        0.00227328230874089,
        0.0023156381853532454,
        0.0022699775589401856,
        0.002241611789817477,
        0.0022944327074653948,
        0.00227328230874089,
        0.0022787351459120507,
        0.00226099965531494,
        0.0022416117898174767,
        0.0022574745888608557,
        0.0022645798009323695,
        0.00224871700188899,
        0.002253949522406772,
        0.0023102955065087737,
        0.0022663423341594113,
        0.0022646348800957144,
        0.002278569908422016,
        0.002248661922725645,
        0.002269647083960115,
        0.0022856751204935292,
        0.0022698674006134956,
        0.0022733373879042346,
        0.002257474588860856,
        0.0022609996553149404,
        0.00226099965531494,
        0.0023033555319272956,
        0.002255767134797159,
        0.0022592922012512427,
        0.0022856751204935292,
        0.002252076830853039,
        0.0022538944432434265,
        0.0022943776283020495,
        0.0022328542028456117,
        0.002246844310335258,
        0.002278624987585361,
        0.002266287254996066,
        0.0022344514985826185,
        0.002285509883003494,
        0.002253784284916736,
        0.0022556569764704687,
        0.0022926701742383526,
        0.0022538944432434265,
        0.0022485517643989553,
        0.0022663423341594113,
        0.01196556268257207,
        0.0025184396647897765,
        0.0022857852788202198,
        0.002303245373600605
    ],
    "multiply": [],
    "add": [
        0.0003418763668828218,
        0.0002995755694338114,
        0.0003436939792732089,
        0.0002854753036174746,
        0.0002854753036174746,
        0.0002854753036174746,
        0.0002978681153701144,
        0.00031896343493127455,
        0.000290817982461946,
        0.000290817982461946,
        0.00027671771664560923,
        0.0002960505029797272,
        0.000290817982461946,
        0.0002890003700715588,
        0.0002890003700715588,
        0.0002943430489160302,
        0.0002943430489160302,
        0.000290817982461946,
        0.0002978681153701144,
        0.000290817982461946,
        0.000290817982461946,
        0.0002872929160078618,
        0.0003013931818241986
    ],
    "squeeze": [],
    "reshape": [],
    "transpose": [],
    "latency": 26.248022715250652,
    "batch_size": 1,
    "model_name": "regnet_x_8gf",
    "sm_partition": 100
}