{
    "nn.conv2d": [
        0.18837208169939257,
        0.13498295607578734,
        0.11929682298742905,
        0.12809169665426223,
        0.12218082055075949,
        0.12000023702726577,
        0.11880663132841784,
        0.14335358314984403,
        0.14096197541439928,
        0.05029190567944923,
        0.12759710865750207,
        0.1230974569714217,
        0.12330628301449822,
        0.1212663822989718,
        0.11992989562328207,
        0.11986175238817288,
        0.21320479547450238,
        0.16797527271300286,
        0.048465227344748306,
        0.1618555705664236,
        0.1612202997616961,
        0.16199625337439097,
        0.16269746924535317,
        0.15896937483421866,
        0.16178522916243993,
        0.1569294741186923,
        0.16424717830186836,
        0.1577054277313871,
        0.16220727758634196,
        0.2761603520398866,
        0.2521035918774716,
        0.0633050654164281,
        0.24492657050226285,
        0.24485622909827917,
        0.24211291434291607,
        0.24844364070144634
    ],
    "nn.conv2d_transpose": [],
    "nn.dense": [
        0.03137006800784213
    ],
    "nn.layer_norm": [],
    "nn.relu": [
        0.03868557402214375,
        0.03643464909466633,
        0.030314946948087083,
        0.029470850100283046,
        0.03235704583248799,
        0.030877678179956444,
        0.03277689608751551,
        0.031932799239711485,
        0.022368566466806912,
        0.02426778437436599,
        0.023775394546480307,
        0.0217332956620794,
        0.026516511132968927,
        0.023351147953703796,
        0.02623514551703425,
        0.023986418758431313,
        0.023280806549720128,
        0.02785299780865865,
        0.023705053142496633,
        0.022577392509883432,
        0.02426778437436599,
        0.02314232191062728,
        0.022577392509883432,
        0.02159481102298655,
        0.02342368752656196,
        0.025250365861262874,
        0.022860956294692602,
        0.025180024457279206,
        0.024056760162414984,
        0.02229602689394876,
        0.02391387918557315,
        0.02159481102298655,
        0.023212663314610946
    ],
    "nn.bias_add": [
        0.024830515606235348
    ],
    "nn.max_pool2d": [
        0.03861523261816009
    ],
    "nn.adaptive_avg_pool2d": [
        0.03748977015442138
    ],
    "nn.batch_matmul": [],
    "nn.softmax": [],
    "nn.batch_norm": [
        0.30174923590782093,
        0.34993749397438345,
        0.2822031182758587,
        0.2726366873340797,
        0.2687569192706054,
        0.2727707756354235,
        0.26208108039878025,
        0.27636258357633964,
        0.2850805213325658,
        0.22502215134375883,
        0.21347077390831562,
        0.1977868389888318,
        0.20461215334412225,
        0.20503420176802425,
        0.20629814887085582,
        0.19680205933306044,
        0.17844515106219716,
        0.2134751702460646,
        0.2057310213012375,
        0.1963800109091584,
        0.19855839626377772,
        0.18428128942396724,
        0.2001037089825439,
        0.20426044632420393,
        0.1850572430366621,
        0.18287446134429386,
        0.1906120157824975,
        0.19012402229236078,
        0.191669335011127,
        0.1558633622145648,
        0.20686747460934865,
        0.20757088864918535,
        0.1599431636456176,
        0.17148794657443736,
        0.16248204869565316,
        0.17464012074045554
    ],
    "multiply": [],
    "add": [
        0.0309502177528146,
        0.03052597116003809,
        0.029402706865173867,
        0.02588563666599039,
        0.019623053542569307,
        0.023069782337769115,
        0.022577392509883432,
        0.02553173147719755,
        0.023632513569638473,
        0.022438907870790583,
        0.022999440933785448,
        0.022999440933785448,
        0.024197442970382323,
        0.027149583768821955,
        0.02342368752656196,
        0.025180024457279206
    ],
    "squeeze": [],
    "reshape": [],
    "transpose": [],
    "latency": 14.324569702148438,
    "batch_size": 1,
    "model_name": "resnet34",
    "sm_partition": 60
}