{
    "nn.conv2d": [
        0.3572813897753759,
        0.8436326473404567,
        0.12882944112094635,
        0.13314485449182814,
        0.12183989439346354,
        0.11642538767968522,
        0.11964170770767046,
        0.1332233611591779,
        0.12773034777804979,
        0.04294069370696077,
        0.14453077459089717,
        0.11139850763594626,
        0.11085141429785267,
        0.10708309426506449,
        0.1076301876031581,
        0.10660960092761126,
        0.208825281816991,
        0.1482205879563356,
        0.050791360441936176,
        0.14609845460453755,
        0.17004298814621255,
        0.14507786792899074,
        0.1390328545430597,
        0.14601994793718778,
        0.14601994793718778,
        0.1451563745963405,
        0.14358624124934544,
        0.14186154790100552,
        0.1413880545635523,
        0.24619445547547392,
        0.24046592209229659,
        0.057074347163271165,
        0.23096661534297633,
        0.23033610867082363,
        0.2361480553880601,
        0.2316707220157694
    ],
    "nn.conv2d_transpose": [],
    "nn.dense": [
        0.03022261359630062
    ],
    "nn.layer_norm": [],
    "nn.relu": [
        0.04019296034971937,
        0.03477600030258635,
        0.030772160267748896,
        0.027084800235665132,
        0.025747733557364635,
        0.02849546691460603,
        0.027867413575807996,
        0.023000000200123247,
        0.025043626884571533,
        0.02323797353552719,
        0.020880320181679884,
        0.02111829351708383,
        0.021746346855881865,
        0.021039786849734076,
        0.02410154687637448,
        0.023709013539625713,
        0.021667840188532107,
        0.0495352537643401,
        0.020880320181679884,
        0.019077120165990228,
        0.02056629351228087,
        0.020016746840832596,
        0.022295893527330142,
        0.019234133500689733,
        0.020725760180335062,
        0.020095253508182347,
        0.020490240178285803,
        0.022371946861325216,
        0.022845440198778415,
        0.018289600159138008,
        0.022217386859980388,
        0.020958826849029638,
        0.021272853518428662
    ],
    "nn.bias_add": [
        0.024884160216517348
    ],
    "nn.max_pool2d": [
        0.040506987019118396
    ],
    "nn.adaptive_avg_pool2d": [
        0.03572053364413808
    ],
    "nn.batch_matmul": [],
    "nn.softmax": [],
    "nn.batch_norm": [
        0.29847253593034606,
        0.2800970691037943,
        0.2808772291105825,
        0.2600803222629616,
        0.21775786856138024,
        0.22703146864206988,
        0.21792469522949848,
        0.22561589529641965,
        0.23056426867280883,
        0.22035594858398613,
        0.2306403220068039,
        0.18942186831482838,
        0.19005237498698108,
        0.1904473616570845,
        0.18408586826839982,
        0.1788283748893209,
        0.2139184018613063,
        0.20999061516046394,
        0.19539082836676433,
        0.24555168213654782,
        0.21038314849721268,
        0.18440234827115345,
        0.16964309480939968,
        0.17223136149858692,
        0.1643831480969662,
        0.16822997479710414,
        0.16201813474305485,
        0.16877706813519774,
        0.17136288149103027,
        0.17459146818578888,
        0.18982421498499585,
        0.17968458823010422,
        0.15871840138101054,
        0.15409877467414843,
        0.1566870413633356,
        0.1524501346598036
    ],
    "multiply": [],
    "add": [
        0.03595360031283266,
        0.030458133598349875,
        0.02810293357785726,
        0.027239360237009964,
        0.024729600215172516,
        0.022057920191926202,
        0.0225314135293794,
        0.042786133705615945,
        0.019312640168039488,
        0.019388693502034565,
        0.01797557348973899,
        0.019467200169384316,
        0.02190090685722669,
        0.027867413575807996,
        0.020725760180335062,
        0.019940693506837522
    ],
    "squeeze": [],
    "reshape": [],
    "transpose": [],
    "latency": 14.456963539123535,
    "batch_size": 1,
    "model_name": "resnet34",
    "sm_partition": 80
}