{
    "nn.conv2d": [
        0.02036753179699661,
        0.007458475019799904,
        1.055141285805255,
        0.017148152826002502,
        0.010961091211912136,
        0.020851999916860132,
        1.0548987363363906,
        0.016704057049460944,
        0.020771570639148407,
        1.055029946452187,
        0.017158245911832997,
        0.030309536748961457,
        1.0525574558326494,
        0.022184287246484805,
        0.03712236968454221,
        0.02985503247765721,
        1.0524057441362598,
        0.0211850717492663,
        0.028452408956151296,
        1.0522947201921244,
        0.021820936156587173,
        0.028341069603083708,
        1.0522947201921244,
        0.022346092028704852,
        0.040039271489553815,
        1.0521335462277686,
        0.038535086291878594,
        0.0308747495554689,
        0.028987027096235067,
        1.0498323226584172,
        0.03792950114204921,
        0.029118552620963637,
        1.0498017279919933,
        0.037788513349354555,
        0.02897693401040458,
        1.0497212987142817,
        0.037899221884557736,
        0.02892646858125213,
        1.0494787492454176,
        0.03784875645540529,
        0.028765294616896493,
        1.0495497162551632,
        0.03797018889430336,
        0.07452703036340592,
        1.0486514316162496,
        0.06465599242118672,
        0.07151929078591991,
        0.12569929093292243,
        1.0407583230878743,
        0.06342463594986693,
        0.1266073532487343,
        1.0399915639736894,
        0.06377789395393409
    ],
    "nn.conv2d_transpose": [],
    "nn.dense": [
        0.005278683889346269
    ],
    "nn.layer_norm": [],
    "nn.relu": [
        0.0028664363758591585,
        0.0021192326154706965,
        0.0020990464438097167,
        0.003108355026858716,
        0.0020586741004877565,
        0.0020085240802675095,
        0.003007424168553816,
        0.002069082595250449,
        0.002078860272148737,
        0.003027925749146999,
        0.002775283194452546,
        0.0017561969345052592,
        0.0021498272818943694,
        0.0017457884397425666,
        0.0017057315053528093,
        0.001988337908606529,
        0.0016653591620308496,
        0.0018467192980474666,
        0.001988337908606529,
        0.0017861607830645266,
        0.0016751368389291365,
        0.002038487928826776,
        0.0019981155855048165,
        0.0016751368389291365,
        0.0018369416211491795,
        0.0015139628745734995,
        0.0015139628745734995,
        0.0017457884397425666,
        0.0015943921522852166,
        0.0015240559604039895,
        0.0018369416211491795,
        0.0015139628745734995,
        0.0015139628745734995,
        0.0017561969345052592,
        0.0015338336373022766,
        0.0015742059806242367,
        0.0017561969345052592,
        0.0015139628745734995,
        0.0015139628745734995,
        0.0017965692778272194,
        0.0017457884397425666,
        0.0015139628745734995,
        0.0016145783239461967,
        0.0014332181879295792,
        0.0013524735012856598,
        0.0015240559604039895,
        0.0014332181879295792,
        0.0014429958648278665,
        0.0015139628745734995
    ],
    "nn.bias_add": [
        0.001695323010590117
    ],
    "nn.max_pool2d": [
        0.00266457465924936
    ],
    "nn.adaptive_avg_pool2d": [
        0.0024422113620463765
    ],
    "nn.batch_matmul": [],
    "nn.softmax": [],
    "nn.batch_norm": [
        0.01769160241618795,
        0.015369561857310844,
        0.014633712818481682,
        0.02566514022227505,
        0.01849904928262715,
        0.014521742647549685,
        0.014522373465414087,
        0.018418620004915433,
        0.014613526646820703,
        0.014743159717956058,
        0.01860975781783034,
        0.01704564492303659,
        0.013876731381194935,
        0.05050453986004313,
        0.015389748028971823,
        0.01347237713011093,
        0.01373511277063587,
        0.01500684158527761,
        0.013492878710704115,
        0.014139151612787676,
        0.01486553838365075,
        0.013473007947975334,
        0.013513064882365092,
        0.015379970352073537,
        0.014663676667040949,
        0.013553121816754849,
        0.043822601631326556,
        0.013916472906652488,
        0.013250644650772352,
        0.013048152116298147,
        0.013926881401415181,
        0.013301110079924803,
        0.013261368554467244,
        0.013967884562601547,
        0.01314971379246745,
        0.013059506837857445,
        0.014048313840313263,
        0.013150344610331856,
        0.013250013832907947,
        0.014038536163414978,
        0.013180308458891123,
        0.013422857927755088,
        0.014027181441855678,
        0.0138054489625171,
        0.013008410590840591,
        0.08403282476213429,
        0.013371446271806028,
        0.012958575979552545,
        0.01278636270256981,
        0.01346228404428044,
        0.013027650535704963,
        0.012736212682349564,
        0.013472692539043134
    ],
    "multiply": [],
    "add": [
        0.004420456184822416,
        0.004218909877144818,
        0.004491423194568049,
        0.0026746677450798493,
        0.002240665054368779,
        0.0021596049587926562,
        0.0022100703879451063,
        0.0019981155855048165,
        0.0018975001361321196,
        0.0018369416211491795,
        0.0019072778130304066,
        0.0019176863077930994,
        0.0019476501563523664,
        0.0017965692778272194,
        0.0016549506672681566,
        0.0016653591620308496
    ],
    "squeeze": [],
    "reshape": [],
    "transpose": [],
    "latency": 19.085912704467773,
    "batch_size": 1,
    "model_name": "resnext50_32x4d",
    "sm_partition": 60
}