{
    "nn.conv2d": [
        0.21197429746019084,
        0.13893890952960555,
        0.13181594968112706,
        0.15988918436997257,
        0.159105413858355,
        0.20990799338410832,
        0.19209502721098304,
        0.05579021005422837,
        0.19216627907567552,
        0.1851813697150388,
        0.2723224002339676,
        0.24710146675359387,
        0.06063533685331845,
        0.2422563399545038,
        0.24717271861828635,
        0.519922630040409,
        0.4015020309214721,
        0.0849299960926897,
        0.39466407853176366,
        0.3970153900666163
    ],
    "nn.conv2d_transpose": [],
    "nn.dense": [
        0.03270460589385801
    ],
    "nn.layer_norm": [],
    "nn.relu": [
        0.03049357146761884,
        0.014248146317728583,
        0.03070732706169634,
        0.03348614978470388,
        0.0319208353822405,
        0.03348614978470388,
        0.03063607519700384,
        0.02408313026606538,
        0.022869621945521217,
        0.024152155509986235,
        0.02522093348037376,
        0.023726870942602875,
        0.022798370080828717,
        0.010402772245105163,
        0.021874322460597846,
        0.02344186348383287,
        0.02229960702798121
    ],
    "nn.bias_add": [
        0.024368137724835384
    ],
    "nn.max_pool2d": [
        0.02422340737467874
    ],
    "nn.adaptive_avg_pool2d": [
        0.04139733338634315
    ],
    "nn.batch_matmul": [],
    "nn.softmax": [],
    "nn.batch_norm": [
        0.1473310432179192,
        0.10251807356787927,
        0.17783574778939626,
        0.27166332048556197,
        0.28057648343443947,
        0.2805096848112903,
        0.2865616400686096,
        0.2708840032154877,
        0.24601932905857654,
        0.1796816164090863,
        0.18488745577318222,
        0.21039784995386923,
        0.21131967095332846,
        0.1888040817104981,
        0.1739124419897654,
        0.09183029386400413,
        0.194294928533364,
        0.20882585568909093,
        0.13080729047157386,
        0.15247008395886583
    ],
    "multiply": [],
    "add": [
        0.04096982219818814,
        0.03320114232593389,
        0.03348614978470388,
        0.02628971145076127,
        0.026505693665610414,
        0.023867148051216234,
        0.02529218534506626,
        0.02365339245713873
    ],
    "squeeze": [],
    "reshape": [],
    "transpose": [],
    "latency": 8.87048085530599,
    "batch_size": 1,
    "model_name": "resnet18",
    "sm_partition": 30
}