{
    "nn.conv2d": [
        0.12400255477946376,
        0.034693646045115774,
        0.11056670125305743,
        0.061012112070370536,
        0.06148631866542017,
        0.08867663327428182,
        0.10479718767995352,
        0.07769084715563192,
        0.0829836843076703,
        0.0970542831201587,
        0.07152616141998666,
        0.1311156537052083,
        0.3443505526125277,
        0.11696849028622751,
        0.22240289307827898,
        0.12226626709029764,
        0.11847261432990057,
        0.11712655915124406,
        0.12068310861411631,
        0.11128048097164776,
        0.12060407418160803,
        0.12668972548474502,
        0.11072477011807398,
        0.11831207563886813,
        0.2009845618685371,
        1.5313711642802892,
        0.08329982203770339,
        0.16644404503640614,
        0.14715964350438762,
        0.14976777977716063,
        0.09602683549755116,
        0.14700157463937108,
        0.14265715067743195,
        0.09081056295200517,
        0.14573702371923872,
        0.1428942539749568,
        0.09270491950618782,
        0.14518625251769668,
        0.13894006252352728,
        0.09009678323341484,
        0.15063715853475163,
        0.13933770451208452,
        0.09081056295200517,
        0.2004288510149633,
        1.2742721553308787,
        0.13348915650647236,
        0.39627617477046273,
        0.23085710753064825,
        0.21916001151942394,
        0.12803331083738567,
        0.23338620937091303,
        0.22746109675880843,
        0.13578115504921223
    ],
    "nn.conv2d_transpose": [],
    "nn.dense": [
        0.05461279286321633
    ],
    "nn.layer_norm": [],
    "nn.relu": [
        0.019363435964526776,
        0.013040681363864975,
        0.012566474768815335,
        0.0346146116126075,
        0.02726687921535403,
        0.03003308435314357,
        0.03366866824852411,
        0.021415861383725976,
        0.024735307549073427,
        0.029477373499569783,
        0.025211983970138945,
        0.022285240141316977,
        0.028452395702978122,
        0.021415861383725976,
        0.025686190565188585,
        0.025604686306664428,
        0.019995711424592957,
        0.02126026234472532,
        0.02260137787135007,
        0.023154618898907974,
        0.020548952452150868,
        0.024263570780039673,
        0.026553099496763696,
        0.011299454022667093,
        0.02536758300913961,
        0.056904791405956244,
        0.019995711424592957,
        0.024735307549073427,
        0.02094412461469223,
        0.02023034489610189,
        0.01928193170600262,
        0.016360127529212422,
        0.01959806943603571,
        0.021576400074758414,
        0.017071437421786875,
        0.018096415218378535,
        0.019363435964526776,
        0.017545644016836507,
        0.03090246311073457,
        0.022206205708808706,
        0.023233653331416245,
        0.011457522887683638,
        0.011855164876240883,
        0.010667178562600913,
        0.010667178562600913,
        0.010906751686141613,
        0.018254484083395077,
        0.017229506286803416,
        0.018412552948411626
    ],
    "nn.bias_add": [
        0.020865090182183958
    ],
    "nn.max_pool2d": [
        0.017703712881853056
    ],
    "nn.adaptive_avg_pool2d": [
        0.031139566408259396
    ],
    "nn.batch_matmul": [],
    "nn.softmax": [],
    "nn.batch_norm": [
        0.13055500319960273,
        0.10438966638733277,
        0.10122334943497009,
        0.17354726465808712,
        0.2802462183702709,
        0.25241868864931133,
        0.2438138148099732,
        0.2836422291421108,
        0.2324279168767502,
        0.19441235484027108,
        0.22405026703087327,
        0.20911275928680978,
        0.16145252665830553,
        0.41246588430457914,
        0.18050476454483094,
        0.17551818581876216,
        0.1899864266198078,
        0.19788246039258742,
        0.1881735743241493,
        0.22744627780271315,
        0.22373412930084022,
        0.1879315313745927,
        0.18318452577206462,
        0.20136738490099906,
        0.1875314195600196,
        0.10130485369349425,
        0.2639577157955192,
        0.12857173290884827,
        0.21314845499676344,
        0.17900311032717384,
        0.1952026991653538,
        0.17899817067514204,
        0.1868250493194769,
        0.16706644119240877,
        0.15008144768117784,
        0.14320051240092632,
        0.1648584167342089,
        0.1465940533467503,
        0.15244507117837836,
        0.1761554009308601,
        0.14684350577435454,
        0.18469605929378535,
        0.16627856669334196,
        0.14485776565758418,
        0.10011686737985426,
        0.49275745825493644,
        0.10407846830933146,
        0.09893629054426194,
        0.09735807172011239,
        0.1022557367096094,
        0.1326889328773261,
        0.1291348532404697,
        0.14833775051396406
    ],
    "multiply": [],
    "add": [
        0.048050465139013836,
        0.04607707415232291,
        0.03983088415815349,
        0.027422478254354694,
        0.027975719281912604,
        0.029240270202044963,
        0.029321774460569123,
        0.026950741485320947,
        0.02465627311656515,
        0.02126026234472532,
        0.021020689221184614,
        0.020783585923659795,
        0.022838481168874887,
        0.013275314835373909,
        0.012250337038782247,
        0.020548952452150868
    ],
    "squeeze": [],
    "reshape": [],
    "transpose": [],
    "latency": 19.984532992045086,
    "batch_size": 1,
    "model_name": "resnet50",
    "sm_partition": 100
}