{
    "nn.conv2d": [
        0.12217201696937016,
        0.03373807053704799,
        0.11947826734889515,
        0.07549239329588477,
        0.07680195522040523,
        0.08319329145129085,
        0.11077353220355336,
        0.07849427513389395,
        0.077880417981775,
        0.11693617655423784,
        0.07695602132917233,
        0.1294131240814244,
        0.34125643091915253,
        0.11986102533786346,
        0.22293125210306125,
        0.1204796970558814,
        0.1234815788938906,
        0.11816870542437473,
        0.12001509144663057,
        0.11670507739108715,
        0.1278724629937533,
        0.1241772836662921,
        0.10599748283177289,
        0.1106940918662203,
        0.18965297260936512,
        1.4912034594739256,
        0.08288756651670613,
        0.1968170466670358,
        0.13118729161519568,
        0.15098478659176953,
        0.09043439856334512,
        0.1411221483477249,
        0.14235467721786177,
        0.09074493806382883,
        0.1395068614886197,
        0.14435753663183423,
        0.09282242324923536,
        0.1395068614886197,
        0.14405181169724954,
        0.09428845856547241,
        0.15298523872279252,
        0.14096808223895776,
        0.09282242324923536,
        0.2026739660831355,
        1.2433881235220259,
        0.13087915939766145,
        0.38701406522298476,
        0.22516521068018436,
        0.22485948574559966,
        0.13434564684492145,
        0.2361063116855988,
        0.23456324331497816,
        0.1349595039970404
    ],
    "nn.conv2d_transpose": [],
    "nn.dense": [
        0.05199731170890022
    ],
    "nn.layer_norm": [],
    "nn.relu": [
        0.01879365798663815,
        0.013172652299588057,
        0.02719266819739523,
        0.03404620275458222,
        0.024804643511504996,
        0.02487926928293907,
        0.033047180330545475,
        0.023415641249651505,
        0.023415641249651505,
        0.0328160811673948,
        0.028656296230682787,
        0.024573544348354324,
        0.030887847524856422,
        0.02580366593554173,
        0.026884535979861,
        0.027115635143011668,
        0.022645310705815942,
        0.025187401500473286,
        0.02565200710972411,
        0.02233717848828172,
        0.02010562719410808,
        0.02334101547821743,
        0.023109916315066762,
        0.011475517820200341,
        0.013093211962255014,
        0.02048838518307638,
        0.020180252965542156,
        0.020028594139724527,
        0.02041375941164231,
        0.019718054639240822,
        0.02233717848828172,
        0.020644858574792976,
        0.02025728601992571,
        0.02010562719410808,
        0.019797494976573862,
        0.017717602508217852,
        0.0209529907923272,
        0.01948936275903964,
        0.029886417817870194,
        0.019718054639240822,
        0.019024757149788817,
        0.011092759831232047,
        0.011631991211916937,
        0.01055112116759767,
        0.019566395813423194,
        0.01895013137835475,
        0.016639139746848074,
        0.01887309832397119,
        0.019332889367323042
    ],
    "nn.bias_add": [
        0.01201474920088523
    ],
    "nn.max_pool2d": [
        0.01887309832397119
    ],
    "nn.adaptive_avg_pool2d": [
        0.035817963005404
    ],
    "nn.batch_matmul": [],
    "nn.softmax": [],
    "nn.batch_norm": [
        0.1273187879153715,
        0.1019051018176465,
        0.16036356096296744,
        0.2900968536766735,
        0.2509616547668777,
        0.2240073075814816,
        0.21275085250968445,
        0.2979542252237962,
        0.2168336043920129,
        0.21544700941310888,
        0.25118793936412936,
        0.23154932506222156,
        0.17855299092928462,
        0.43121418745849943,
        0.19757293351317445,
        0.21429873544620406,
        0.241178456860166,
        0.21952976129543733,
        0.2142168878259215,
        0.21722358422982965,
        0.2550395920833071,
        0.16245789712902042,
        0.16915736557744027,
        0.22269293109106209,
        0.1684592535220893,
        0.09596874206421371,
        0.29293744755706713,
        0.10328928951360102,
        0.12847187644817532,
        0.15998561753989812,
        0.18325200724668148,
        0.15936453853893073,
        0.16484351453196117,
        0.19087105778180508,
        0.16499276607482927,
        0.16452816046557847,
        0.18764529862949367,
        0.16083298113811725,
        0.17216406198134843,
        0.19719017552420617,
        0.17254200540441775,
        0.19302798330454465,
        0.17915962623255513,
        0.15066461795948788,
        0.09820029335838734,
        0.47920337305650523,
        0.0992835706856561,
        0.09450511403092614,
        0.11438445662778254,
        0.15697892113599,
        0.12593941478531592,
        0.11630787570442196,
        0.1453493372070225
    ],
    "multiply": [],
    "add": [
        0.04575522702088272,
        0.04236577262800625,
        0.04290500400869115,
        0.02888739539383346,
        0.03404620275458222,
        0.0312754200797237,
        0.030502682252938645,
        0.014328148115341393,
        0.022029046270747497,
        0.023415641249651505,
        0.022645310705815942,
        0.02380080652156928,
        0.023723773467185728,
        0.012785079744720793,
        0.02048838518307638,
        0.016482666355131473
    ],
    "squeeze": [],
    "reshape": [],
    "transpose": [],
    "latency": 20.278595288594563,
    "batch_size": 1,
    "model_name": "resnet50",
    "sm_partition": 80
}