{
    "nn.conv2d": [
        0.027742938423786806,
        0.029917862279206318,
        0.021972782686978186,
        0.030667537906826785,
        0.030866381030462527,
        0.04667502688473271,
        0.04070726307474572,
        0.017664926691689564,
        0.0403108118779316,
        0.039717987658396466,
        0.015927210698177208,
        0.039836552502303495,
        0.038968312030776,
        0.015018213561556673,
        0.03936352817713275,
        0.02636091696199553,
        0.03110227566781922,
        0.06303697534390235,
        0.02276445003014906,
        0.029244759779942474,
        0.028651935560407342,
        0.01778349153559659,
        0.028811257069407403,
        0.02900886514258578,
        0.014779848823285254,
        0.029325038059671186,
        0.030193278531198683,
        0.012764246476865807,
        0.02691421956689499,
        0.02667708987908093,
        0.012329508715873377,
        0.02671661149371661,
        0.025768092742460398,
        0.012884046371230199,
        0.026993262796166335,
        0.02572857112782472,
        0.012329508715873377,
        0.02750704378643011,
        0.02691421956689499,
        0.013080419393951208,
        0.026084265659545802,
        0.021894974508164203,
        0.07999174802260711,
        0.07094129827103743,
        0.020037458620287458,
        0.07987318317870008,
        0.07991270479333575,
        0.019285312891752254,
        0.07951625359652165,
        0.0913332163725886,
        0.025451919825374994,
        0.08690679553339296,
        0.0862756847496795,
        0.024699774096839794,
        0.08694631714802863,
        0.2025482750078367
    ],
    "nn.conv2d_transpose": [],
    "nn.dense": [
        0.024462644409025742
    ],
    "nn.layer_norm": [],
    "nn.relu": [
        0.018060142838046314,
        0.01584693241844849,
        0.01699305924288308,
        0.012133135693152365,
        0.010669600901175007,
        0.010591792722361021,
        0.011224138556531827,
        0.011342703400438855,
        0.01098577381826041,
        0.011658876317524259,
        0.01221094387196635,
        0.012922332935408508,
        0.010392949598725278,
        0.010433706263818319,
        0.010947487254082101,
        0.011420511579252841,
        0.011816962776066961,
        0.009010928136934004,
        0.008694755219848601,
        0.008180974229584819,
        0.007745001418135024,
        0.008061174335220427,
        0.008931884907662654,
        0.008852841678391303,
        0.00829830402303448,
        0.009207301159655016,
        0.008574955325484208,
        0.009445665897926432,
        0.009327101054019408,
        0.00861571199057725,
        0.00833906068812752,
        0.020037458620287458,
        0.018614680493403136,
        0.017587118512875578,
        0.017190667316061458,
        0.016281670179440922,
        0.01798233465923233
    ],
    "nn.bias_add": [
        0.018496115649496114
    ],
    "nn.max_pool2d": [
        0.021300915238171705
    ],
    "nn.adaptive_avg_pool2d": [],
    "nn.batch_matmul": [],
    "nn.softmax": [],
    "nn.batch_norm": [
        0.14056973790589603,
        0.13630016847478574,
        0.1286354453363794,
        0.13250979862113296,
        0.1546419028171112,
        0.12231198699467134,
        0.09654389425221094,
        0.12689772934286705,
        0.09409725929617116,
        0.09812599388809531,
        0.1243275893410908,
        0.09658341586684663,
        0.09460486503414811,
        0.1251563081979826,
        2.1570452649987013,
        0.12199828417850067,
        0.0942504055528844,
        0.0986792964929948,
        0.11306639927083802,
        0.09258926268772866,
        0.09725775341656784,
        0.11318743421565977,
        0.09445048372697752,
        0.09468761341479158,
        0.11523638292442807,
        0.0956744187302261,
        0.096781023940025,
        0.09160739757412362,
        0.07298901192934838,
        0.07219857963663487,
        0.090616887107317,
        0.07140567724300662,
        0.0708931313032002,
        0.09160492747320888,
        0.07370040099279053,
        0.07279263890662735,
        0.09073792205213875,
        0.07156623380246406,
        0.07646691401728781,
        0.08816901710081983,
        0.071132731091929,
        0.15049336833082266,
        0.06488584587857753,
        0.07069922838139393,
        0.14531603681354918,
        0.06627157249174093,
        0.06741522921526076,
        0.1433782426459437,
        10.197363303145606,
        0.15804323177669405,
        0.21866691852690542,
        0.14749219571942607,
        0.13476253065536645,
        0.21313636257882565,
        0.144915880465363,
        0.13251350377250504
    ],
    "multiply": [],
    "add": [],
    "squeeze": [],
    "reshape": [],
    "transpose": [
        0.014109216424936137,
        0.013119941008586886,
        0.01323850585249391,
        0.013042132829772901,
        0.013200219288315603,
        0.011894770954880946,
        0.014662519029835593,
        0.009682795585740485,
        0.010076776681639877,
        0.009682795585740485,
        0.009445665897926432,
        0.009603752356469134,
        0.009880403658918863,
        0.019127226433209552,
        0.0170733375226118,
        0.01632242684453396
    ],
    "latency": 21.00569248199463,
    "batch_size": 1,
    "model_name": "shufflenet_v2_x1_5",
    "sm_partition": 30
}