{
    "nn.conv2d": [
        0.17014336097055863,
        0.03725387487438014,
        0.060001470037608674,
        0.15431414536187932,
        0.11816463436717449,
        0.29707388363265586,
        0.28978508202679887,
        0.03666488080521997,
        0.30171221192729214,
        0.29177293701021434,
        0.0340121067359166,
        0.2918442605107767,
        0.2916256884929243,
        0.0340121067359166,
        0.2992089871333614,
        0.06442122631439252,
        0.15785041053492296,
        0.4785576811926302,
        0.06051683984812381,
        0.15659649737987497,
        0.15667012163851995,
        0.03231874878708114,
        0.15637792536202255,
        0.15681737015581002,
        0.030551766579600657,
        0.1577031620176329,
        0.15740636422497017,
        0.029891449009878134,
        0.15851302886272814,
        0.15799765905221297,
        0.029891449009878134,
        0.15689099441445503,
        0.15659649737987497,
        0.02952102695857037,
        0.15799765905221297,
        0.15703824293174506,
        0.029815523993150454,
        0.15696461867310002,
        0.15836578034543808,
        0.030036396769085514,
        0.15814490756950303,
        0.11764926455665933,
        0.6224171818269166,
        0.5401052606617843,
        0.1128659885028157,
        0.6236710949819646,
        0.6244050368103322,
        0.10506181708644359,
        0.6242600890511248,
        0.6218281877577566,
        0.10675287427719637,
        0.6263215682931853,
        0.6230061758960769,
        0.10336615837952547,
        0.6230798001547219,
        0.6570965084068038
    ],
    "nn.conv2d_transpose": [],
    "nn.dense": [
        0.06662995407374313
    ],
    "nn.layer_norm": [],
    "nn.relu": [
        0.0568356269158728,
        0.021054237214393073,
        0.058678534140080965,
        0.020835665196540665,
        0.020980612955748053,
        0.02024437036929785,
        0.021203786489765765,
        0.02046524314523291,
        0.02017074611065283,
        0.02017074611065283,
        0.01516429652279147,
        0.033938482477271575,
        0.014945724504939067,
        0.015240221539519146,
        0.015017048005501429,
        0.014798475987649025,
        0.015240221539519146,
        0.015017048005501429,
        0.015017048005501429,
        0.014869799488211391,
        0.015017048005501429,
        0.01516429652279147,
        0.015017048005501429,
        0.015826914850596646,
        0.015387470056809184,
        0.01442805393634127,
        0.015017048005501429,
        0.01332369005666597,
        0.021424659265700825,
        0.012881944504795849,
        0.012734695987505809,
        0.012442499711008385,
        0.012663372486943443,
        0.013470938573956011,
        0.012881944504795849,
        0.012663372486943443,
        0.017890694850739866
    ],
    "nn.bias_add": [
        0.01118858655596039
    ],
    "nn.max_pool2d": [
        0.05860490988143594
    ],
    "nn.adaptive_avg_pool2d": [],
    "nn.batch_matmul": [],
    "nn.softmax": [],
    "nn.batch_norm": [
        0.24912608519008655,
        0.14841040012178178,
        0.12780020921734145,
        0.24309809901352547,
        0.4024255962375142,
        0.1269880416141636,
        0.12676486808014586,
        0.40787149061916306,
        0.12603092625177836,
        0.12581235423392595,
        0.396968198065452,
        0.1260286254936957,
        0.1267694695963112,
        0.4044801732053268,
        0.12595730199313332,
        0.25546697446588884,
        0.1071854167967359,
        0.1679254301788774,
        0.25067679613779725,
        0.10843472843561856,
        0.10800218591607907,
        0.24847266989461197,
        0.10725904105538092,
        0.10652049771084804,
        0.2514889637409751,
        0.10674597200294841,
        0.1066723477443034,
        0.2513417152236851,
        0.10880515048692634,
        0.10645147496836833,
        0.2507527211545249,
        0.10747991383131597,
        0.10836340493505621,
        0.24986692929270202,
        0.10806660714239345,
        0.1078411328502931,
        0.2503109756026548,
        0.10866250348580157,
        0.10754893657379568,
        0.251047218189105,
        0.10769848584916837,
        0.7149490703952109,
        0.09886357481176596,
        0.1307497810793076,
        0.7090660319778572,
        0.09702526910372311,
        0.0979064594493807,
        0.7101657943413673,
        0.09761656393096593,
        0.09894410134465895,
        0.7160603365491341,
        0.09989891594896154,
        0.0998229909322339,
        0.7098022745643076,
        0.09775921093209067,
        0.12198619354246754
    ],
    "multiply": [],
    "add": [],
    "squeeze": [],
    "reshape": [],
    "transpose": [
        0.04535024256724967,
        0.04527891906668732,
        0.04476124849808952,
        0.04490849701537956,
        0.028048541785669977,
        0.026944177905994675,
        0.026944177905994675,
        0.026578357370852228,
        0.026872854405432307,
        0.026723305130059615,
        0.027609096991882513,
        0.02723867494057475,
        0.019066382230977532,
        0.018477388161817373,
        0.018477388161817373,
        0.018477388161817373
    ],
    "latency": 21.172970136006672,
    "batch_size": 1,
    "model_name": "shufflenet_v2_x1_5",
    "sm_partition": 5
}