{
    "nn.conv2d": [
        0.052029406909077695,
        0.06158739727995379,
        0.05543516159737008,
        0.08410321994144225,
        0.07407516447035915,
        0.1325376635684336,
        0.12998334755221427,
        0.04256897721937665,
        0.12922946956131623,
        0.12762119651406703,
        0.0381255316494952,
        0.12781040510786107,
        0.12487767190405376,
        0.03433840338933675,
        0.12998334755221427,
        0.0617766058737478,
        0.12137435653458634,
        0.38011710854790975,
        0.056854226050825234,
        0.11248155262626734,
        0.11361680418903147,
        0.03481438125809983,
        0.11191688322916332,
        0.1111570924697092,
        0.03121941797601344,
        0.11267076122006137,
        0.11437659494848561,
        0.033581569014160664,
        0.11371140848592848,
        0.1139006170797225,
        0.03036502291966231,
        0.11219773973557633,
        0.11333594768261848,
        0.03244631745139654,
        0.11191688322916332,
        0.11286292619813341,
        0.03244631745139654,
        0.11295753049503042,
        0.1127653655169584,
        0.03424379909243974,
        0.11257615692316436,
        0.0611114194111907,
        0.136230187531695,
        0.19526031241115144,
        0.047964378526784285,
        0.12922946956131623,
        0.12714521864530395,
        0.04058524336881746,
        0.1262967363575089,
        0.12402327684770263,
        0.028851354169310145,
        0.12515852841046674,
        0.1256315498949518,
        0.03017877071014632,
        0.12695601005150994,
        0.6422656152495257
    ],
    "nn.conv2d_transpose": [],
    "nn.dense": [
        0.05061034245562254
    ],
    "nn.layer_norm": [],
    "nn.relu": [
        0.03320315182657262,
        0.03046258360083735,
        0.03339531680464468,
        0.03168948307622045,
        0.029608188544486234,
        0.028094519794134062,
        0.026867620318750954,
        0.028189124091031074,
        0.027908267584618073,
        0.022039844792725395,
        0.02469172149011972,
        0.02525639088722375,
        0.021380571098724356,
        0.020053154557888177,
        0.019961506645269196,
        0.02185063619893137,
        0.02081294531734229,
        0.021758988286312397,
        0.022039844792725395,
        0.021569779692518377,
        0.02185063619893137,
        0.022229053386519416,
        0.020434528129754253,
        0.02100215391113631,
        0.021191362504930335,
        0.05893847696683749,
        0.022799635552179506,
        0.023178052739767554,
        0.022039844792725395,
        0.020150715239063217,
        0.021472219011343333,
        0.023080492058592514,
        0.01778560781663796,
        0.018539485807536008,
        0.02081294531734229,
        0.017309629947874876,
        0.014663666019036615
    ],
    "nn.bias_add": [
        0.014566105337861573
    ],
    "nn.max_pool2d": [
        0.035379050655203866
    ],
    "nn.adaptive_avg_pool2d": [],
    "nn.batch_matmul": [],
    "nn.softmax": [],
    "nn.batch_norm": [
        0.264501788586929,
        0.2802031454875547,
        0.26999179419123365,
        0.25834659652006725,
        0.3491726343097534,
        0.2540923595439798,
        1.493884626763579,
        0.34775356985629813,
        0.24226682243185346,
        0.2425506353225445,
        0.3432155199895197,
        0.24216926175067852,
        0.24339616122606159,
        0.40271275358490516,
        0.20120264480999495,
        0.29969458703261687,
        0.18730172593469047,
        0.14728115196297703,
        0.2687530691787384,
        0.17471639806311004,
        0.17945252567651665,
        0.2755645785553231,
        0.17519237593187315,
        0.17925740431416656,
        0.27670278650236535,
        0.17235720340924085,
        0.17869864768561863,
        0.27603464365553015,
        0.1917451715045719,
        0.1818176330989419,
        0.27092896800736965,
        0.18626107866882333,
        0.18512582710605924,
        0.2771728516025723,
        0.1744384979409751,
        0.17709037463836944,
        0.27216178025130877,
        0.17263805991565387,
        0.23640431240851686,
        0.27604055642408626,
        0.17301943348751994,
        0.3221069362443743,
        0.1801147557547957,
        0.16724265860824622,
        0.29325853845934213,
        0.1737792242469741,
        0.1771820225509884,
        0.2927884733591351,
        0.17528402384449213,
        0.1528657618641787,
        0.27196961527323676,
        0.15361963985507673,
        0.1538147612174268,
        0.27140198949185473,
        0.15920424975627837,
        0.12863523632143187
    ],
    "multiply": [],
    "add": [],
    "squeeze": [],
    "reshape": [],
    "transpose": [
        0.028189124091031074,
        0.03273013034208757,
        0.02942193633497024,
        0.023934887114943633,
        0.02497553438081075,
        0.022799635552179506,
        0.022799635552179506,
        0.02374272213687158,
        0.021191362504930335,
        0.022988844145973533,
        0.022512866277210445,
        0.024597117193222707,
        0.02345890924618055,
        0.021569779692518377,
        0.020336967448579206,
        0.01835027721374199
    ],
    "latency": 21.651795705159504,
    "batch_size": 1,
    "model_name": "shufflenet_v2_x2_0",
    "sm_partition": 80
}