{
    "nn.conv2d": [
        0.1124927580409374,
        0.08028480014833882,
        0.06241761182835713,
        0.06829497640729847,
        0.08145659971126525,
        0.09591491657546097,
        0.08087253660623293,
        0.04536958119656538,
        0.07852159077465642,
        0.0758180030683434,
        0.042078257032358214,
        0.07957584304600401,
        0.07910932723255056,
        0.04020117371995882,
        0.07910932723255056,
        0.0717001745102226,
        0.08157414700284407,
        0.11049078073123551,
        0.0633543168081259,
        0.0760494242986392,
        0.07476007744413396,
        0.047015243278668954,
        0.07452130950811445,
        0.07370215181992451,
        0.042548446198673526,
        0.07558290848518574,
        0.07358093117548384,
        0.038673058929434075,
        0.07510904596600859,
        0.07217403702939976,
        0.036671081619732177,
        0.07440376221653563,
        0.07640573952623753,
        0.03890448015972989,
        0.07346338388390501,
        0.06711583013864836,
        0.03432380914101747,
        0.0701757330725597,
        0.0701757330725597,
        0.03561682934838457,
        0.07205648973782093,
        0.04971883098498197,
        0.1707962146640356,
        0.16068714758825647,
        0.04525203390498654,
        0.16820650089643954,
        0.1672697959166708,
        0.04549080184100604,
        0.16703102798065125,
        0.16656083881433598,
        0.04055381559469531,
        0.16609432300088253,
        0.16268177819223467,
        0.042078257032358214,
        0.16291687277539235,
        0.577392296235198
    ],
    "nn.conv2d_transpose": [],
    "nn.dense": [
        0.03832041705469759
    ],
    "nn.layer_norm": [],
    "nn.relu": [
        0.042904761426271844,
        0.04113787869972759,
        0.08287084056307299,
        0.028677865792371943,
        0.028093802687339645,
        0.027149751001847192,
        0.028093802687339645,
        0.028093802687339645,
        0.02820767662605663,
        0.027035877063130202,
        0.02985701206102205,
        0.07510904596600859,
        0.02785870810418199,
        0.027035877063130202,
        0.02586040414734193,
        0.028093802687339645,
        0.028916633728391438,
        0.026565687896814894,
        0.028328897270497297,
        0.02997088599973904,
        0.027384845585004845,
        0.028677865792371943,
        0.022921721857871256,
        0.024332289356817177,
        0.023505784962903554,
        0.022682953921851767,
        0.0219776701723788,
        0.02633059331365724,
        0.02644446725237423,
        0.023975974129218862,
        0.023270690379745898,
        0.023270690379745898,
        0.023391911024186567,
        0.024681257878691826,
        0.02209889081681947,
        0.023862100190501872,
        0.017510873092383385
    ],
    "nn.bias_add": [
        0.01739699915366639
    ],
    "nn.max_pool2d": [
        0.04784174767258256
    ],
    "nn.adaptive_avg_pool2d": [],
    "nn.batch_matmul": [],
    "nn.softmax": [],
    "nn.batch_norm": [
        0.36685407695893335,
        0.3645031311273569,
        0.3553197489727611,
        0.3876489275098003,
        0.3148908273753683,
        0.24730113471754275,
        0.24542772475800517,
        0.29937825823982495,
        0.24295555828198798,
        0.24847293428046918,
        0.29491146115982947,
        0.24929209196865912,
        0.24706971348724693,
        0.2938572088884819,
        0.23672187847544834,
        0.3107803455229711,
        0.25400133033753586,
        0.3056009179877791,
        0.2907936326017087,
        0.24860884833635716,
        0.2436645153843227,
        0.288560234061711,
        0.2423568017655083,
        0.2422539478853769,
        0.2903307901411171,
        0.24930678538010648,
        0.24694481948994446,
        0.2819775857332967,
        0.24848028098619282,
        0.2499973757181321,
        0.29655344988907123,
        0.2457693465741562,
        0.24553425199099854,
        0.29596571343117717,
        0.22543733848388092,
        0.20568572014577616,
        0.25705755991858537,
        0.20544695220975667,
        0.21614742909629175,
        0.25364501510993753,
        0.20191686010953,
        0.3695503179595228,
        0.19205758102835588,
        0.19710109450765997,
        0.3446192720862259,
        0.19168657238931025,
        0.1848725028306001,
        0.3481567108921763,
        0.19569787371443767,
        0.1899380564270752,
        0.34486906008083096,
        0.1882813742863861,
        0.18723079536790038,
        0.3446266187919496,
        0.18594512186625692,
        0.15689992078770115
    ],
    "multiply": [],
    "add": [],
    "squeeze": [],
    "reshape": [],
    "transpose": [
        0.034437683079734466,
        0.03220428453973674,
        0.02973946476944322,
        0.02997088599973904,
        0.035025419537628597,
        0.028677865792371943,
        0.030562295810495015,
        0.02997088599973904,
        0.029500696833423736,
        0.024446163295534173,
        0.025390214981026626,
        0.026914656418689533,
        0.02797258204289898,
        0.023862100190501872,
        0.024567383939974836,
        0.022682953921851767
    ],
    "latency": 21.27320925394694,
    "batch_size": 1,
    "model_name": "shufflenet_v2_x1_5",
    "sm_partition": 80
}