{
    "nn.conv2d": [
        0.24833084535583372,
        0.009184485105579003,
        0.020182454382752117,
        0.1152024925002191,
        0.03091189850923811,
        0.02013620677875864,
        0.11468480838301716,
        0.010331714732142122,
        0.008287570635630565,
        0.042640290881983164,
        0.01872103009655833,
        0.0072146262229819645,
        0.040854844320310085,
        0.15278358455284116,
        0.010202221440960394,
        0.07961987503516507,
        0.029154489557486098,
        0.00999844293586415,
        0.08210770708248902,
        0.03531438136189188,
        0.011469405790381583,
        0.13054744750525385,
        0.47441717128585636,
        0.011478655311180282,
        0.12349006313584968,
        5.72295600377645
    ],
    "nn.conv2d_transpose": [],
    "nn.dense": [],
    "nn.layer_norm": [],
    "nn.relu": [
        0.014438501966762624,
        0.002284342589752663,
        0.0054291796613089045,
        0.0053644330157180415,
        0.0021828869084919793,
        0.005299686370127177,
        0.005244478292859966,
        0.0017389099101546275,
        0.0032280827587444945,
        0.0030800904259653777,
        0.001599878050649246,
        0.003070551857641723,
        0.003070551857641723,
        0.0014151766822003086,
        0.0018591536805376604,
        0.0018036565557454911,
        0.0013223924266884011,
        0.001794117987421837,
        0.001794117987421837,
        0.0014891728485898672,
        0.002117851215376156,
        0.0020808531321813767,
        0.0014151766822003086,
        0.0020623540905839875,
        0.0021363502569735457,
        0.004855709371789825
    ],
    "nn.bias_add": [
        0.014493999091554794,
        0.0024511230116541294,
        0.006002649950827984,
        0.006095434206339892,
        0.0024511230116541294,
        0.0059286537844384255,
        0.006002649950827984,
        0.0018591536805376604,
        0.0035885250223686334,
        0.0035148179035040337,
        0.0018036565557454911,
        0.003459031731186906,
        0.0034960298143816852,
        0.001479634280266213,
        0.0021088907421024207,
        0.0019883579241944285,
        0.0013504300366094448,
        0.0019883579241944285,
        0.0019883579241944285,
        0.0015446699733820362,
        0.00241412492845935,
        0.0023123801996737066,
        0.001507671890187257,
        0.002303130678875012,
        0.0023123801996737066,
        0.005706665285269749
    ],
    "nn.max_pool2d": [
        0.01414251730120439,
        0.007649353700520621,
        0.004532265191360465
    ],
    "nn.adaptive_avg_pool2d": [
        0.003597774543167328
    ],
    "nn.batch_matmul": [],
    "nn.softmax": [],
    "nn.batch_norm": [],
    "multiply": [],
    "add": [],
    "squeeze": [],
    "reshape": [],
    "transpose": [],
    "latency": 7.805325190226237,
    "batch_size": 1,
    "model_name": "squeezenet1_1",
    "sm_partition": 5
}