{
    "nn.conv2d": [
        4.420132273545822,
        0.00767538404311505,
        0.004428258112368487,
        0.015927384768959617,
        0.008125715376576253,
        0.0038712693578243688,
        0.0158524529928053,
        0.011376791582177737,
        0.010839430755819017,
        0.07233730969725756,
        0.0080505367082435,
        0.003551173648486404,
        0.018396306553286383,
        0.029417696844610278,
        0.010440576441561027,
        0.07396889665842991,
        0.01938794898796123,
        0.010025797581794131,
        0.07383446386727331,
        0.031724657359885215,
        0.01802510416301285,
        0.15924743022650387,
        0.1916159823877415,
        0.004918092194378918,
        0.05622808883888229,
        2.4322631102269927
    ],
    "nn.conv2d_transpose": [],
    "nn.dense": [],
    "nn.layer_norm": [],
    "nn.relu": [
        0.009279072188124503,
        0.0009637436185119532,
        0.0022633840457815624,
        0.002212153918756783,
        0.000896588945978265,
        0.00220820364390186,
        0.002212153918756783,
        0.0013944470237877574,
        0.0035235217245019436,
        0.003499820075372407,
        0.0007347511230156455,
        0.0013509940003836067,
        0.0013548208291493129,
        0.0008728872968487281,
        0.0017775002386260551,
        0.001781450513480978,
        0.0008136331740248859,
        0.001781450513480978,
        0.0017262701116012747,
        0.0009202905951078022,
        0.0022714080415806247,
        0.002184501994772323,
        0.0006438948013524206,
        0.0009202905951078022,
        0.0008690604680830217,
        0.0020737708527452667
    ],
    "nn.bias_add": [
        0.008978974745239583,
        0.0010310217371348575,
        0.002504350811931855,
        0.002504350811931855,
        0.0009795447179316444,
        0.002540026731715377,
        0.0024768223340366122,
        0.0015406071934199023,
        0.0037644884906522366,
        0.0037131349175382397,
        0.0008177068949690249,
        0.0015406071934199023,
        0.0014772793496519207,
        0.0009243643160519413,
        0.00205006920361573,
        0.001994888801736027,
        0.0009006626669224042,
        0.001990815080791888,
        0.0019632866028966444,
        0.0010506496653202551,
        0.0025596546599007744,
        0.0024807726088915344,
        0.0006832741038124326,
        0.0010033698131503978,
        0.0009755944430767217,
        0.002421518486067692
    ],
    "nn.max_pool2d": [
        0.009358201131312176,
        0.006300688393601907,
        0.003203672907342412
    ],
    "nn.adaptive_avg_pool2d": [
        0.001552334571895454
    ],
    "nn.batch_matmul": [],
    "nn.softmax": [],
    "nn.batch_norm": [],
    "multiply": [],
    "add": [],
    "squeeze": [],
    "reshape": [],
    "transpose": [],
    "latency": 7.866579691569011,
    "batch_size": 1,
    "model_name": "squeezenet1_0",
    "sm_partition": 5
}