{
    "nn.conv2d": [
        3.7149717264984194,
        0.025255760633465504,
        0.01678487695741744,
        0.027861817876372413,
        0.022917973989093128,
        0.011227843130630648,
        0.025792301830534572,
        0.02805224209586791,
        0.023683263776876913,
        0.11803786571859477,
        0.03146430877097903,
        0.019468780579363392,
        0.06599336960289498,
        0.042040637590882945,
        0.02360661503443847,
        0.09573308166900917,
        0.09753552475291305,
        0.018778941897417446,
        0.09469832364609024,
        0.08350880488667878,
        0.026175545542726768,
        0.17621545886597026,
        0.17629210760840866,
        0.014140495343291313,
        0.08672805206909322,
        2.211161724227475
    ],
    "nn.conv2d_transpose": [],
    "nn.dense": [],
    "nn.layer_norm": [],
    "nn.relu": [
        0.016669903843759784,
        0.005632484932624632,
        0.006476818736048058,
        0.006323521251171181,
        0.005095943735555564,
        0.006207350500912922,
        0.006207350500912922,
        0.005900755531159168,
        0.008315190917969983,
        0.007856496099939953,
        0.005365411970690699,
        0.005940277538978988,
        0.005402538705309317,
        0.0055558361901861955,
        0.006207350500912922,
        0.006093575023855866,
        0.005095943735555564,
        0.005900755531159168,
        0.005900755531159168,
        0.0055558361901861955,
        0.006476818736048058,
        0.00640016999360962,
        0.005365411970690699,
        0.005672006940444453,
        0.005095943735555564,
        0.006476818736048058
    ],
    "nn.bias_add": [
        0.015674667828660685,
        0.005672006940444453,
        0.0067450893345825935,
        0.006782216069201212,
        0.00532588996287088,
        0.006705567326762773,
        0.006476818736048058,
        0.005900755531159168,
        0.008200217804312324,
        0.008123569061873885,
        0.005748655682882891,
        0.005900755531159168,
        0.005632484932624632,
        0.005632484932624632,
        0.0064372967282282385,
        0.006207350500912922,
        0.005365411970690699,
        0.006207350500912922,
        0.0064372967282282385,
        0.005632484932624632,
        0.007012162296516527,
        0.0067450893345825935,
        0.005672006940444453,
        0.005632484932624632,
        0.005288763228252261,
        0.006935513554078089
    ],
    "nn.max_pool2d": [
        0.014371639207207229,
        0.010577526456504522,
        0.00797027157699701
    ],
    "nn.adaptive_avg_pool2d": [
        0.009236173463831846
    ],
    "nn.batch_matmul": [],
    "nn.softmax": [],
    "nn.batch_norm": [],
    "multiply": [],
    "add": [],
    "squeeze": [],
    "reshape": [],
    "transpose": [],
    "latency": 7.728775342305501,
    "batch_size": 1,
    "model_name": "squeezenet1_0",
    "sm_partition": 60
}