{
    "nn.conv2d": [
        3.6174823642768925,
        0.03145698862435445,
        0.01984610821723826,
        0.028233294665167136,
        0.029771488223374845,
        0.012603263347895351,
        0.026445454773419683,
        0.03244937156513361,
        0.031260062634543576,
        0.15451247328097048,
        0.040985415454179365,
        0.025454622430985493,
        0.08445178826030662,
        0.054529891997469944,
        0.02917450786056238,
        0.11268508292547376,
        0.12623111006710933,
        0.023519475696466122,
        0.10960869580905837,
        0.10891247715216801,
        0.02907526956648446,
        0.17128374498013826,
        0.17867699788894303,
        0.016422387071550155,
        0.07894406293898229,
        1.9590631633921423
    ],
    "nn.conv2d_transpose": [],
    "nn.dense": [],
    "nn.layer_norm": [],
    "nn.relu": [
        0.01949877418796555,
        0.007045918879532044,
        0.008135989516044155,
        0.007937512927888322,
        0.006847442291376214,
        0.0077902060851164166,
        0.007838274633810408,
        0.007442872055843711,
        0.009624563927212896,
        0.00878103842755061,
        0.007045918879532044,
        0.007442872055843711,
        0.006748203997298298,
        0.007045918879532044,
        0.008135989516044155,
        0.0074924912028826686,
        0.007193225722303953,
        0.007442872055843711,
        0.007442872055843711,
        0.007093987428226037,
        0.008187159261428083,
        0.0077902060851164166,
        0.007045918879532044,
        0.007093987428226037,
        0.006895510840070204,
        0.008286397555505996
    ],
    "nn.bias_add": [
        0.019401086492232603,
        0.007391702310459785,
        0.009030684761090368,
        0.008433704398277902,
        0.007045918879532044,
        0.0077902060851164166,
        0.008534493290700787,
        0.007442872055843711,
        0.00952687623147995,
        0.00957494478017394,
        0.007244395467687877,
        0.007838274633810408,
        0.007093987428226037,
        0.007442872055843711,
        0.008187159261428083,
        0.0077902060851164166,
        0.006895510840070204,
        0.007988682673272251,
        0.007838274633810408,
        0.007391702310459785,
        0.0092291613492462,
        0.00848487414366183,
        0.007442872055843711,
        0.007739036339732491,
        0.007442872055843711,
        0.008880276721628527
    ],
    "nn.max_pool2d": [
        0.017960580629757854,
        0.012254378720277674,
        0.01031923198575831
    ],
    "nn.adaptive_avg_pool2d": [
        0.012006282985082885
    ],
    "nn.batch_matmul": [],
    "nn.softmax": [],
    "nn.batch_norm": [],
    "multiply": [],
    "add": [],
    "squeeze": [],
    "reshape": [],
    "transpose": [],
    "latency": 7.6964569091796875,
    "batch_size": 1,
    "model_name": "squeezenet1_0",
    "sm_partition": 80
}