{
    "nn.conv2d": [
        0.11942099473308379,
        0.6535996796179384,
        0.3322575043268261,
        0.511230191912179,
        0.31582123709959975,
        0.5203614514828603,
        0.5105962145153559,
        0.4291679591617521,
        0.8245924403610871,
        0.8156596864332469,
        0.36390054445593284,
        0.35985102934197855,
        0.3610408225387562
    ],
    "nn.conv2d_transpose": [],
    "nn.dense": [
        0.7528922021669551,
        0.11187778030512971,
        0.03382536154008889
    ],
    "nn.layer_norm": [],
    "nn.relu": [
        0.05117475472438331,
        0.0512144558529515,
        0.02949793852615733,
        0.029220030626180074,
        0.01627746271295357,
        0.015840750298703604,
        0.015760107381299487,
        0.01119447759595885,
        0.010322293427726658,
        0.010520799070567554,
        0.0069873986279995835,
        0.006589146682050033,
        0.0067094907280223276,
        0.005875767028090558,
        0.005319951228136047
    ],
    "nn.bias_add": [
        0.052961305509951394,
        0.05165116826720147,
        0.030133156583248208,
        0.03001281253727591,
        0.017229049138322128,
        0.017031784155748984,
        0.01695114123834487,
        0.01282222386725421,
        0.01270312048154967,
        0.01250585549897653,
        0.007821122327931352,
        0.007264065867709085,
        0.007264065867709085,
        0.006153674928067816,
        0.005875767028090558,
        0.006033330882095521
    ],
    "nn.max_pool2d": [
        0.03775577326833866,
        0.021954724098203243,
        0.012067902424458798,
        0.009131259570681272,
        0.0069873986279995835
    ],
    "nn.adaptive_avg_pool2d": [
        0.006074272670931457
    ],
    "nn.batch_matmul": [],
    "nn.softmax": [],
    "nn.batch_norm": [],
    "multiply": [],
    "add": [],
    "squeeze": [],
    "reshape": [],
    "transpose": [],
    "latency": 7.681825955708821,
    "batch_size": 1,
    "model_name": "vgg16",
    "sm_partition": 30
}