{
    "nn.conv2d": [
        0.2889610023099972,
        0.8100735198388684,
        0.7562167277311538,
        1.2881538956696987,
        1.0911637054402956,
        1.971384512733059,
        0.8947212384222383,
        0.8680490538497799
    ],
    "nn.conv2d_transpose": [],
    "nn.dense": [
        1.8312402485610229,
        0.2259215907089512,
        0.06143609708633737
    ],
    "nn.layer_norm": [],
    "nn.relu": [
        0.11485562159913132,
        0.06117988560493861,
        0.03272219168655454,
        0.03246598020515578,
        0.01920219649256574,
        0.01869318968285354,
        0.008854668797141151,
        0.008416262484525495,
        0.005428267252568399,
        0.004918121725161089
    ],
    "nn.bias_add": [
        0.12021101091921294,
        0.06526218854189218,
        0.03589238174972853,
        0.03636608831089247,
        0.023794644956926632,
        0.023503133226979597,
        0.009947837784442526,
        0.009691626303043767,
        0.005610462083785293,
        0.005428267252568399,
        0.005720917700210539
    ],
    "nn.max_pool2d": [
        0.07448010828377202,
        0.04044611381245583,
        0.021060583770978088,
        0.01362703465732872,
        0.008051872822091702
    ],
    "nn.adaptive_avg_pool2d": [
        0.006486135991321501
    ],
    "nn.batch_matmul": [],
    "nn.softmax": [],
    "nn.batch_norm": [],
    "multiply": [],
    "add": [],
    "squeeze": [],
    "reshape": [],
    "transpose": [],
    "latency": 10.904081662495932,
    "batch_size": 1,
    "model_name": "vgg11",
    "sm_partition": 10
}