{
    "nn.conv2d": [
        0.6156089517122344,
        3.5978565735043713,
        1.704445060430589,
        2.7077685246626713,
        1.5878928223253337,
        2.711909930951032,
        2.7014590428798986,
        2.6933734401264324,
        2.2822686100071157,
        4.182700792788786,
        4.182306373142275,
        4.187316735214354,
        1.8303031370707035,
        1.8246629361256026,
        1.8297509495655884,
        1.8577547444678357
    ],
    "nn.conv2d_transpose": [],
    "nn.dense": [
        3.9650612644056715,
        0.4783521472879666,
        0.12337446542849272
    ],
    "nn.layer_norm": [],
    "nn.relu": [
        0.2335358726988828,
        0.23475857360306537,
        0.12179555428105526,
        0.12155890249314895,
        0.065158125603539,
        0.0670513399067895,
        0.06385530820865891,
        0.06547242875935207,
        0.03553597758920309,
        0.035220441871994676,
        0.035220441871994676,
        0.035496535624552045,
        0.014041339415774744,
        0.013331384052055797,
        0.013765245663217374,
        0.013607477804613166,
        0.0058374107683557925,
        0.005560084454403079
    ],
    "nn.bias_add": [
        0.24647160454303274,
        0.24394731880536533,
        0.13386479546427735,
        0.12972338917591686,
        0.07261265692258793,
        0.07119274619515004,
        0.07186325959421792,
        0.07194214352352005,
        0.045554236610570474,
        0.045199258928710996,
        0.045554236610570474,
        0.04515981696405995,
        0.01660506711809317,
        0.01628953140088475,
        0.01577555329902571,
        0.01573734389577001,
        0.006429040238121583,
        0.0058374107683557925,
        0.006271272379517371
    ],
    "nn.max_pool2d": [
        0.1489710679256305,
        0.07801497351838681,
        0.03944196465105265,
        0.023862388613886853,
        0.012424218865081585
    ],
    "nn.adaptive_avg_pool2d": [
        0.008478789838580974
    ],
    "nn.batch_matmul": [],
    "nn.softmax": [],
    "nn.batch_norm": [],
    "multiply": [],
    "add": [],
    "squeeze": [],
    "reshape": [],
    "transpose": [],
    "latency": 47.86700248718262,
    "batch_size": 1,
    "model_name": "vgg19",
    "sm_partition": 5
}