{
    "nn.conv2d": [
        0.1183038606399354,
        0.6431153366978554,
        0.32739939703212784,
        0.5051501446044065,
        0.31137525312169817,
        0.5158980460077436,
        0.43573946453019696,
        0.8153150374657973,
        0.3610110159661999,
        0.3581188534067565
    ],
    "nn.conv2d_transpose": [],
    "nn.dense": [
        0.7400027824392098,
        0.10951012312811421,
        0.03318170287793857
    ],
    "nn.layer_norm": [],
    "nn.relu": [
        0.051081844124223466,
        0.05111970604962158,
        0.02880437576094315,
        0.028413542982639983,
        0.016062005835827824,
        0.01551483994620339,
        0.010630651569846048,
        0.01039493055043195,
        0.00699468537919443,
        0.006722323786814412,
        0.005665853932963673,
        0.005353187710321142
    ],
    "nn.bias_add": [
        0.052215259181302646,
        0.05084734445724157,
        0.030914872763780226,
        0.030131985854741705,
        0.01742992055988889,
        0.016883976022696662,
        0.013053814795325662,
        0.012272149238719332,
        0.007659101102309807,
        0.0069568234537963096,
        0.0061739365447577845,
        0.005627992007565553,
        0.0061739365447577845
    ],
    "nn.max_pool2d": [
        0.036619809974574216,
        0.021494581454241796,
        0.01191917838581429,
        0.008989153900972761,
        0.006642935878721582
    ],
    "nn.adaptive_avg_pool2d": [
        0.005862491674547452
    ],
    "nn.batch_matmul": [],
    "nn.softmax": [],
    "nn.batch_norm": [],
    "multiply": [],
    "add": [],
    "squeeze": [],
    "reshape": [],
    "transpose": [],
    "latency": 5.863513946533203,
    "batch_size": 1,
    "model_name": "vgg13",
    "sm_partition": 30
}