{
    "nn.conv2d": [
        0.10870108902029002,
        0.605894265529649,
        0.3042376816507507,
        0.4753275910992397,
        0.297526827443935,
        0.47945734753420327,
        0.4743688976411233,
        0.3991114611789754,
        0.7619031894254589,
        0.7653692350048031,
        0.33594831141922066,
        0.3367214884749853,
        0.3362790145712392
    ],
    "nn.conv2d_transpose": [],
    "nn.dense": [
        0.6981869472860216,
        0.10331650424892155,
        0.031820095968615465
    ],
    "nn.layer_norm": [],
    "nn.relu": [
        0.04844974018440611,
        0.04649663271865188,
        0.02776408518427629,
        0.026511561399453366,
        0.01614914521094137,
        0.014489868071893518,
        0.014784850674390913,
        0.009807019257247375,
        0.009476316105228812,
        0.009512036654749981,
        0.006820320406961252,
        0.006342125953693991,
        0.006710854206815733,
        0.005419153045098626,
        0.0053096868449531084
    ],
    "nn.bias_add": [
        0.04996152602220526,
        0.048855341262840024,
        0.028390923214583256,
        0.027210992804593676,
        0.016591619114687456,
        0.015818442058922803,
        0.015891035433756147,
        0.011798151824104791,
        0.011798151824104791,
        0.011983668226456667,
        0.007005836809313128,
        0.006858345508064432,
        0.006672829105712554,
        0.005824754123532544,
        0.005492898695722975,
        0.0057510084729081945
    ],
    "nn.max_pool2d": [
        0.034439218841570855,
        0.02061190934950547,
        0.011208186619110001,
        0.008480749821800105,
        0.006820320406961252
    ],
    "nn.adaptive_avg_pool2d": [
        0.005824754123532544
    ],
    "nn.batch_matmul": [],
    "nn.softmax": [],
    "nn.batch_norm": [
        0.1795614410639611,
        0.17499151527683354,
        0.11809674582014847,
        0.1138194980839362,
        0.0803389727004819,
        0.07694897732334387,
        0.07698700242444706,
        0.06385681978593996,
        0.060535960956262264,
        0.061642145715627504,
        0.05065289149680853,
        0.0505826026735572,
        0.05050770474714184
    ],
    "multiply": [],
    "add": [],
    "squeeze": [],
    "reshape": [],
    "transpose": [],
    "latency": 8.121148745218912,
    "batch_size": 1,
    "model_name": "vgg16_bn",
    "sm_partition": 30
}