{
    "nn.conv2d": [
        0.5798412490411546,
        3.348043930471542,
        1.605409292997275,
        2.5461358200954773,
        1.484742174719461,
        2.549321964585768,
        2.149720168396522,
        3.916770721988427,
        1.7465246976077615,
        1.7453032650360845
    ],
    "nn.conv2d_transpose": [],
    "nn.dense": [
        3.6975936196098274,
        0.4493204695144798,
        0.11566445463590087
    ],
    "nn.layer_norm": [],
    "nn.relu": [
        0.21902775185561776,
        0.2185461253628994,
        0.1137009004732799,
        0.11536691134592826,
        0.06061084169901788,
        0.06268438268088947,
        0.03334221481681724,
        0.03334221481681724,
        0.01278162615291025,
        0.012744577961162684,
        0.005557228762134892,
        0.005260843228154365
    ],
    "nn.bias_add": [
        0.23103136598182913,
        0.2274018009465598,
        0.12225787501097551,
        0.12310998342116951,
        0.06742770898057002,
        0.06738950303283034,
        0.04301179286293196,
        0.042270829027980635,
        0.015670227353228285,
        0.014893373082521514,
        0.006148842074103836,
        0.005594276953882457,
        0.005816566104367853
    ],
    "nn.max_pool2d": [
        0.1401151034333023,
        0.07265150401697681,
        0.037343419525554374,
        0.02263528740177068,
        0.011373794866502746
    ],
    "nn.adaptive_avg_pool2d": [
        0.007891264842231547
    ],
    "nn.batch_matmul": [],
    "nn.softmax": [],
    "nn.batch_norm": [
        0.7144685890718487,
        0.7099487096786457,
        0.39259737243697207,
        0.39492677749310034,
        0.22461739778553175,
        0.2230231677843943,
        0.14277562670317437,
        0.13955359177712826,
        0.07361012597844509,
        0.072092307872787
    ],
    "multiply": [],
    "add": [],
    "squeeze": [],
    "reshape": [],
    "transpose": [],
    "latency": 30.355687141418457,
    "batch_size": 1,
    "model_name": "vgg13_bn",
    "sm_partition": 5
}