{
    "nn.conv2d": [
        0.07701473288778381,
        0.449101776681113,
        0.23086320046620037,
        0.334620416983056,
        0.21828241171578514,
        0.344846815122092,
        0.3354801584195236,
        0.2793254677534016,
        0.5416371049746019,
        0.5377908932851414,
        0.2549797961881663,
        0.2491440183784593,
        0.24927835297790735
    ],
    "nn.conv2d_transpose": [],
    "nn.dense": [
        0.7082006959028816,
        0.11583743212827487,
        0.03565664483876243
    ],
    "nn.layer_norm": [],
    "nn.relu": [
        0.05330396906099255,
        0.053031057716850696,
        0.029140709741323604,
        0.02927504434077167,
        0.012894707498599086,
        0.012488875603424404,
        0.013120955245037933,
        0.009681989499167445,
        0.009004660308266146,
        0.009004660308266146,
        0.007238513837627889,
        0.006923181041028745,
        0.006967016541901271,
        0.006606434196014357,
        0.006244437801712202
    ],
    "nn.bias_add": [
        0.054388544195483786,
        0.05484245373677673,
        0.027917557862138582,
        0.027600811017124197,
        0.015338183160138642,
        0.013799698484354478,
        0.014389356673510724,
        0.011537221019965998,
        0.010497895434762542,
        0.010179734541332912,
        0.007917257076944432,
        0.007285177435330901,
        0.007329012936203428,
        0.006923181041028745,
        0.0066502696968868845,
        0.007238513837627889
    ],
    "nn.max_pool2d": [
        0.036109140331640116,
        0.018552315207985524,
        0.01067889363191362,
        0.008550750766973206,
        0.007600510231930045
    ],
    "nn.adaptive_avg_pool2d": [
        0.006606434196014357
    ],
    "nn.batch_matmul": [],
    "nn.softmax": [],
    "nn.batch_norm": [
        0.20035793400416746,
        0.19759488340078302,
        0.13103845259213498,
        0.12623634417397042,
        0.08030946569529954,
        0.07682807849697178,
        0.07678000085085353,
        0.07162155223204777,
        0.06569527532376522,
        0.06601202216877959,
        0.05877209428273647,
        0.05867876708733043,
        0.05782043969927805
    ],
    "multiply": [],
    "add": [],
    "squeeze": [],
    "reshape": [],
    "transpose": [],
    "latency": 6.705891291300456,
    "batch_size": 1,
    "model_name": "vgg16_bn",
    "sm_partition": 60
}