{
    "nn.conv2d": [
        0.5747920048287121,
        1.5830549701119823,
        1.4835821205413096,
        2.518254953161392,
        2.133163302656582,
        3.8927177051655506,
        1.6997301671932177,
        1.725039671149823
    ],
    "nn.conv2d_transpose": [],
    "nn.dense": [
        3.6473733501588286,
        0.4451703448522337,
        0.11451114910016261
    ],
    "nn.layer_norm": [],
    "nn.relu": [
        0.21922906411648682,
        0.1111367014008625,
        0.060153198117958585,
        0.06363768215527936,
        0.03293754384751634,
        0.03267964618028043,
        0.013057645445117836,
        0.012873105336562362,
        0.005611853239053453,
        0.00509720411643601
    ],
    "nn.bias_add": [
        0.2315519877629459,
        0.12349745003851617,
        0.06774455922952945,
        0.0657283725776718,
        0.04192269857401553,
        0.042107238682571005,
        0.014853759420934169,
        0.014598154177407023,
        0.005867458482580601,
        0.005611853239053453,
        0.00616088871730235
    ],
    "nn.max_pool2d": [
        0.13897474870823404,
        0.07174254617761329,
        0.03726563980966214,
        0.02215398272149206,
        0.011113670140086247
    ],
    "nn.adaptive_avg_pool2d": [
        0.00781257999946657
    ],
    "nn.batch_matmul": [],
    "nn.softmax": [],
    "nn.batch_norm": [],
    "multiply": [],
    "add": [],
    "squeeze": [],
    "reshape": [],
    "transpose": [],
    "latency": 21.286983489990234,
    "batch_size": 1,
    "model_name": "vgg11",
    "sm_partition": 5
}