{
    "nn.conv2d": [
        0.07518584714722994,
        0.21890585663243528,
        0.19780413625266635,
        0.30881094175793117,
        0.23956799333372372,
        0.4008986109614637,
        0.2616494060201836,
        0.2527095007450404
    ],
    "nn.conv2d_transpose": [],
    "nn.dense": [
        0.8291706768782255,
        0.1405032110938445,
        0.04214551112749002
    ],
    "nn.layer_norm": [],
    "nn.relu": [
        0.0624805157889791,
        0.03135015381410965,
        0.01373784185886773,
        0.013357891625142376,
        0.010302955440973972,
        0.009866779387908099,
        0.008285641195544308,
        0.007851168955185723,
        0.008232823001618362,
        0.007685899122578731
    ],
    "nn.bias_add": [
        0.06384356595480994,
        0.03162106003456854,
        0.015484249883838506,
        0.015102595837405872,
        0.011395099386345945,
        0.01106796734654654,
        0.008668999054684235,
        0.008668999054684235,
        0.00861277323534371,
        0.00806925698171866,
        0.00861277323534371
    ],
    "nn.max_pool2d": [
        0.04127315902135828,
        0.019682444394597542,
        0.01155696159353836,
        0.009866779387908099,
        0.009048949288409587
    ],
    "nn.adaptive_avg_pool2d": [
        0.008285641195544308
    ],
    "nn.batch_matmul": [],
    "nn.softmax": [],
    "nn.batch_norm": [],
    "multiply": [],
    "add": [],
    "squeeze": [],
    "reshape": [],
    "transpose": [],
    "latency": 3.4380674362182617,
    "batch_size": 1,
    "model_name": "vgg11",
    "sm_partition": 100
}