{
    "nn.conv2d": [
        0.0731355362176167,
        0.4308992225354412,
        0.21186851610410448,
        0.3068681962014715,
        0.19454694173677423,
        0.2990093337570346,
        0.28559213046382187,
        0.28350712614182844,
        0.23581766430584827,
        0.38444271998602453,
        0.3803779639640613,
        0.37449885321959425,
        0.25699014809801424,
        0.2461892242665337,
        0.2527115454789235,
        0.24554768447515105
    ],
    "nn.conv2d_transpose": [],
    "nn.dense": [
        0.8102630858396869,
        0.13675322818651806,
        0.04137931654417786
    ],
    "nn.layer_norm": [],
    "nn.relu": [
        0.06158781997272983,
        0.06051858698709216,
        0.03266339703469078,
        0.03122160318061999,
        0.0126704108798064,
        0.013042971748239526,
        0.012454893606138806,
        0.012616949230524517,
        0.009674887843480862,
        0.009247194649225793,
        0.009302326975047737,
        0.009302326975047737,
        0.008072709041564416,
        0.007322575275077987,
        0.007270784302336163,
        0.007322575275077987,
        0.007805400795154997,
        0.007270784302336163
    ],
    "nn.bias_add": [
        0.06174653424403543,
        0.060944609504807186,
        0.03047146941413356,
        0.029669544674905308,
        0.015288361018078633,
        0.015343493343900574,
        0.015396954993182457,
        0.014914129473105449,
        0.010264636662121641,
        0.010369889284145348,
        0.010264636662121641,
        0.010745791505658592,
        0.008766039805688842,
        0.00844526990999754,
        0.008552193208561308,
        0.008393478937255715,
        0.008393478937255715,
        0.008072709041564416,
        0.00844526990999754
    ],
    "nn.max_pool2d": [
        0.04116379927051027,
        0.019673886935733145,
        0.01111835237409172,
        0.009995657739172163,
        0.00887296310425261
    ],
    "nn.adaptive_avg_pool2d": [
        0.008019247392282531
    ],
    "nn.batch_matmul": [],
    "nn.softmax": [],
    "nn.batch_norm": [
        0.23383290057625827,
        0.22693133578927513,
        0.14578490556207624,
        0.14038026695498582,
        0.08761863114338694,
        0.08429899685828998,
        0.08381282998513287,
        0.0832882375515544,
        0.07735065312818518,
        0.07392409554452446,
        0.07307205050909446,
        0.07478115260957466,
        0.06815524945170122,
        0.06644447667468095,
        0.06746024801103674,
        0.06665832327180848
    ],
    "multiply": [],
    "add": [],
    "squeeze": [],
    "reshape": [],
    "transpose": [],
    "latency": 7.694153785705566,
    "batch_size": 1,
    "model_name": "vgg19_bn",
    "sm_partition": 100
}