{
    "nn.conv2d": [
        0.06678004065934044,
        0.38281044186339597,
        0.1983737955083347,
        0.29656047109356654,
        0.190622215856869,
        0.30252996076354066,
        0.24764909526460002,
        0.4792878122525959,
        0.22453992588112257,
        0.22115543335724316
    ],
    "nn.conv2d_transpose": [],
    "nn.dense": [
        0.5731801854957014,
        0.09509332220319158,
        0.028894422565256515
    ],
    "nn.layer_norm": [],
    "nn.relu": [
        0.0440711875958917,
        0.04297941581399513,
        0.024564865092672916,
        0.023982586808994743,
        0.011680820804020534,
        0.010698226200313615,
        0.008370250327873734,
        0.008041581531031952,
        0.0061503143713507,
        0.005786390444051841,
        0.005821645574508918,
        0.005495251302212755
    ],
    "nn.bias_add": [
        0.04388808836996947,
        0.04388808836996947,
        0.023727840059885538,
        0.02347309331077634,
        0.012335883873158475,
        0.01193556755312973,
        0.009570062025687154,
        0.00891613621882202,
        0.006841769833218531,
        0.006513101036376749,
        0.0060775295858909294,
        0.005530506432669832,
        0.006185569501807777
    ],
    "nn.max_pool2d": [
        0.02962340768212704,
        0.015538414433388428,
        0.00891613621882202,
        0.0076787948660059025,
        0.0066234154768392145
    ],
    "nn.adaptive_avg_pool2d": [
        0.00589443035996869
    ],
    "nn.batch_matmul": [],
    "nn.softmax": [],
    "nn.batch_norm": [],
    "multiply": [],
    "add": [],
    "squeeze": [],
    "reshape": [],
    "transpose": [],
    "latency": 3.7929709752400718,
    "batch_size": 1,
    "model_name": "vgg13",
    "sm_partition": 60
}