{
    "nn.conv2d": [
        0.06517147853827947,
        0.3837759949467668,
        0.19404854718376277,
        0.28594986785412607,
        0.18037109814737282,
        0.27859954409716536,
        0.22099834218584652,
        0.39139360320398064,
        0.219038255850657,
        0.21026380686578514
    ],
    "nn.conv2d_transpose": [],
    "nn.dense": [
        0.6886125753786744,
        0.11466505060858709,
        0.035591993843601226
    ],
    "nn.layer_norm": [],
    "nn.relu": [
        0.050561317964547915,
        0.051095886965054155,
        0.028553502003602488,
        0.02695118710885594,
        0.01171457848765613,
        0.011001819820314488,
        0.008729901568162996,
        0.008507164484618732,
        0.0069480048998088835,
        0.006279793649176092,
        0.006593017672910212,
        0.006279793649176092
    ],
    "nn.bias_add": [
        0.05238636994283874,
        0.05118498179847186,
        0.025479730250691647,
        0.02503425608360312,
        0.01278510859544075,
        0.012829656012149603,
        0.009622242009112202,
        0.009264470568669228,
        0.007304384233479707,
        0.006769815232973474,
        0.006904849589872183,
        0.006457983316011504,
        0.0069480048998088835
    ],
    "nn.max_pool2d": [
        0.033811489282019276,
        0.016792983992465354,
        0.009665397319048903,
        0.008107629841011208,
        0.007662155673922679
    ],
    "nn.adaptive_avg_pool2d": [
        0.006593017672910212
    ],
    "nn.batch_matmul": [],
    "nn.softmax": [],
    "nn.batch_norm": [],
    "multiply": [],
    "add": [],
    "squeeze": [],
    "reshape": [],
    "transpose": [],
    "latency": 3.8127772013346353,
    "batch_size": 1,
    "model_name": "vgg13",
    "sm_partition": 80
}