{
    "nn.conv2d": [
        0.12036981513643152,
        0.33548159679133,
        0.3205108733412319,
        0.5216012944965264,
        0.4404437587233944,
        0.7887993112488683,
        0.3666533784670035,
        0.3619412210321524
    ],
    "nn.conv2d_transpose": [],
    "nn.dense": [
        0.7498246820635283,
        0.11046772438812355,
        0.03315219982533504
    ],
    "nn.layer_norm": [],
    "nn.relu": [
        0.05255905993067509,
        0.029348559216641243,
        0.016634274695813828,
        0.01584210743594919,
        0.010851453698801982,
        0.010574195157849357,
        0.007088659214444959,
        0.006851009036485568,
        0.005941254448984773,
        0.005624387545038919
    ],
    "nn.bias_add": [
        0.05454071584168022,
        0.02998353078587649,
        0.017269246265049075,
        0.017110812813076148,
        0.01275389288382065,
        0.01207931295159217,
        0.007762001385329898,
        0.007405526118390813,
        0.0062185129899373975,
        0.005941254448984773,
        0.0059808628119780065
    ],
    "nn.max_pool2d": [
        0.03711179836331469,
        0.021189236440035484,
        0.011604012595673386,
        0.009227510816079476,
        0.006851009036485568
    ],
    "nn.adaptive_avg_pool2d": [
        0.006336100317573554
    ],
    "nn.batch_matmul": [],
    "nn.softmax": [],
    "nn.batch_norm": [],
    "multiply": [],
    "add": [],
    "squeeze": [],
    "reshape": [],
    "transpose": [],
    "latency": 4.584755897521973,
    "batch_size": 1,
    "model_name": "vgg11",
    "sm_partition": 30
}