{
    "nn.conv2d": [
        0.30109737909153805,
        1.7128366931723096,
        0.8338806053366989,
        1.3252224668384311,
        0.7835537582256247,
        1.321284822317818,
        1.3128856859251887,
        1.3181358786193396,
        1.1170159970569757,
        2.0411249139802954,
        2.0301745120753525,
        2.008610048734935,
        0.9261714926245933,
        0.9244839306871875,
        0.8941816466486477,
        0.8950828515999429
    ],
    "nn.conv2d_transpose": [],
    "nn.dense": [
        1.8968934484786832,
        0.23307105424391006,
        0.0637898412339326
    ],
    "nn.layer_norm": [],
    "nn.relu": [
        0.11779065131290047,
        0.11745431084343146,
        0.06562740867688537,
        0.06236361701322242,
        0.033601233242565316,
        0.03382506958287398,
        0.03333872360785777,
        0.033376224984244564,
        0.01980072673222599,
        0.019275707462810907,
        0.019575718473905237,
        0.019238206086424115,
        0.009449174931459407,
        0.008887826203669617,
        0.009074161167591492,
        0.008625316568962078,
        0.005586533163619868,
        0.005100187188603664
    ],
    "nn.bias_add": [
        0.12416705721666714,
        0.12315452005422375,
        0.06663994583932875,
        0.06671494859210232,
        0.03720019345768522,
        0.037087689328524846,
        0.03735137088124448,
        0.037087689328524846,
        0.024788409791669276,
        0.024150886393093818,
        0.02403721034592136,
        0.024413396027801362,
        0.010724221728610324,
        0.010274205211968822,
        0.010200374377207328,
        0.009937864742499787,
        0.005999048303874576,
        0.005625206458018746,
        0.005887716092726288
    ],
    "nn.max_pool2d": [
        0.07661414004020324,
        0.0418128627532606,
        0.02178829968072594,
        0.014213021650594031,
        0.008475311063414911
    ],
    "nn.adaptive_avg_pool2d": [
        0.006786577207997201
    ],
    "nn.batch_matmul": [],
    "nn.softmax": [],
    "nn.batch_norm": [],
    "multiply": [],
    "add": [],
    "squeeze": [],
    "reshape": [],
    "transpose": [],
    "latency": 23.42123031616211,
    "batch_size": 1,
    "model_name": "vgg19",
    "sm_partition": 10
}