{
    "nn.conv2d": [
        0.04728057933102514,
        0.017003552619315385,
        0.17829041757761824,
        0.035634194459904935,
        0.022751974191816935,
        0.04412045228855047,
        0.16977312278694834,
        0.035362385913692077,
        0.042797149089514194,
        0.1693828094766427,
        0.03452062588303291,
        0.061546295694196534,
        0.7846736523564734,
        0.05236687904700821,
        0.07879156041170123,
        0.0712382924717863,
        0.5213607691122746,
        0.050922249541876914,
        0.06633257144394467,
        0.5109765540301427,
        0.05224649325491393,
        0.06693355989041529,
        0.5115182900945671,
        0.051735794152514,
        0.09672998394774869,
        3.1248831613250783,
        0.08743018150846606,
        0.06199868292855082,
        0.0718101249842341,
        0.1432581520781846,
        0.08577487686716981,
        0.07382658700181317,
        0.14018925489378142,
        0.08595545555531121,
        0.07337419976745892,
        0.1385640467005087,
        0.08604480438538119,
        0.07307417580122397,
        0.13970677121140357,
        0.0856845875230991,
        0.07340429621548247,
        0.13784079143394232,
        0.08565449107507554,
        0.16884013289821775,
        3.15416700525201,
        0.1911425413976826,
        0.15096378328621887,
        0.37295518390805904,
        1.8597197162723358,
        0.18906494597005566,
        0.37798129072799497,
        1.8386813585898605,
        0.18725915908864157
    ],
    "nn.conv2d_transpose": [],
    "nn.dense": [
        0.01540844087406626
    ],
    "nn.layer_norm": [],
    "nn.relu": [
        0.007222207011655668,
        0.005537746436336577,
        0.005236781956100892,
        0.007102761733562131,
        0.005205744994076589,
        0.005205744994076589,
        0.006830953187349281,
        0.005236781956100892,
        0.005236781956100892,
        0.007042568837514996,
        0.006770760291302143,
        0.004965913923888779,
        0.00547755354028944,
        0.004725142339700231,
        0.004725142339700231,
        0.005205744994076589,
        0.00499506985791161,
        0.004905721027841642,
        0.005205744994076589,
        0.004725142339700231,
        0.004694105377675926,
        0.005296974852148029,
        0.005146492612030189,
        0.004514467203535253,
        0.004965913923888779,
        0.004242658657322402,
        0.004242658657322402,
        0.004694105377675926,
        0.004273695619346706,
        0.004242658657322402,
        0.0048144911697702,
        0.004273695619346706,
        0.004242658657322402,
        0.004725142339700231,
        0.004273695619346706,
        0.004273695619346706,
        0.0048144911697702,
        0.004242658657322402,
        0.004273695619346706,
        0.004754298273723063,
        0.004694105377675926,
        0.004514467203535253,
        0.004483430241510949,
        0.004454274307488117,
        0.004242658657322402,
        0.004273695619346706,
        0.0040329240351581605,
        0.0040329240351581605,
        0.0043028515533695385
    ],
    "nn.bias_add": [
        0.004845528131794505
    ],
    "nn.max_pool2d": [
        0.006830953187349281
    ],
    "nn.adaptive_avg_pool2d": [
        0.007222207011655668
    ],
    "nn.batch_matmul": [],
    "nn.softmax": [],
    "nn.batch_norm": [
        0.04941554611269702,
        0.04321473730584121,
        0.04140706939642564,
        0.06539299795720888,
        0.053776709534112226,
        0.040926466742049285,
        0.040774103473929964,
        0.05329610687973588,
        0.04089448926602424,
        0.04092646674204928,
        0.05311458767759371,
        0.04751758885921075,
        0.04059352478578855,
        0.11688613949753288,
        0.042369215219179086,
        0.03990130648124648,
        0.039482777750918734,
        0.04284981787355545,
        0.03951099317094083,
        0.0395128741989423,
        0.04363514706417043,
        0.04002545432934371,
        0.040171233999457864,
        0.04318370034381691,
        0.041319601594357144,
        0.03875858197035162,
        0.10000579421231395,
        0.03993234344327078,
        0.037884844463667404,
        0.038456676976115205,
        0.04116535729823635,
        0.037673228813501686,
        0.03773248119554809,
        0.04113714187821425,
        0.03806542315180882,
        0.03803532670378525,
        0.04176634574470699,
        0.038490535480141724,
        0.03842940207009384,
        0.04062456174781287,
        0.03845761749011593,
        0.038337231698021675,
        0.04122743122228496,
        0.0407157916058843,
        0.03972260882110654,
        0.18761467338092,
        0.03911973934663445,
        0.03906048696458805,
        0.038426580528091635,
        0.03905766542258583,
        0.038214964877925924,
        0.038275157773973056,
        0.039811017137175775
    ],
    "multiply": [],
    "add": [
        0.013060917928227929,
        0.01248908541578013,
        0.012459929481757297,
        0.006710567395255006,
        0.006590181603160733,
        0.006861990149373585,
        0.00674160435727931,
        0.005205744994076589,
        0.005597939332383714,
        0.005989193156690103,
        0.005837770402571525,
        0.005597939332383714,
        0.005687288162453682,
        0.005086299715983052,
        0.004664949443653094,
        0.004664949443653094
    ],
    "squeeze": [],
    "reshape": [],
    "transpose": [],
    "latency": 19.558409055074055,
    "batch_size": 1,
    "model_name": "wide_resnet50_2",
    "sm_partition": 100
}