{
    "nn.conv2d": [
        0.27314767270618795,
        0.07462034645087252,
        1.349993489607484,
        0.2909247812320508,
        0.15671938815489686,
        0.2860158948774898,
        1.3836503151076849,
        0.28873912520286216,
        0.2863988491419953,
        1.350683886028001,
        0.29125080176396156,
        0.5659332880404133,
        2.415773186799713,
        0.2647088949307547,
        0.6307148861964711,
        0.31602896149162896,
        1.3035253756685758,
        0.2654190683320678,
        0.3154344534628505,
        1.2986158900115665,
        0.26612804312848404,
        0.3155297425521406,
        1.2965830561067115,
        0.26530340295953325,
        0.5074215920991544,
        6.306521392301271,
        0.3245816067322516,
        0.572050368130879,
        0.464272415119294,
        0.9044001331988428,
        0.3226063058624392,
        0.46365813010971946,
        0.8890957465749354,
        0.32554108995208464,
        0.4658827407980518,
        0.9021365678513666,
        0.3258856888598947,
        0.4650203445748541,
        0.9016193698384275,
        0.3229131487160023,
        0.4639457952849349,
        0.9011782832364303,
        0.3232008138912177,
        0.6224115507743685,
        3.653251237541283,
        0.3212830460564484,
        1.2688910878750914,
        0.3551891813751693,
        1.795030094041594,
        0.3173905766543152,
        0.3437982397390881,
        1.765688246169624,
        0.3178502416322114
    ],
    "nn.conv2d_transpose": [],
    "nn.dense": [
        0.031413037133520734
    ],
    "nn.layer_norm": [],
    "nn.relu": [
        0.032505565496890855,
        0.01731744354796656,
        0.017086712105345885,
        0.0345192217233986,
        0.016914712302665016,
        0.017086712105345885,
        0.0342507342265309,
        0.01702977837275117,
        0.01681822460847818,
        0.03344587103837617,
        0.0316042146145493,
        0.011103276460865742,
        0.0172976665671705,
        0.010777255928954965,
        0.010988210390779586,
        0.01731744354796656,
        0.01106552040661872,
        0.010605256126274096,
        0.017240133532127423,
        0.010681367537216501,
        0.010777255928954965,
        0.017164022121185018,
        0.01712506746204127,
        0.007075964007850263,
        0.010720322196360252,
        0.006711588119244101,
        0.00657734437081025,
        0.010586078447926403,
        0.006423922944028708,
        0.006597121351606308,
        0.010471012377840245,
        0.006711588119244101,
        0.006730765797591793,
        0.010586078447926403,
        0.006711588119244101,
        0.006711588119244101,
        0.010662189858868808,
        0.006711588119244101,
        0.006711588119244101,
        0.010586078447926403,
        0.010739499874707945,
        0.004640398857693283,
        0.006865009546025641,
        0.004640398857693283,
        0.004506155109259433,
        0.006730765797591793,
        0.004640398857693283,
        0.004640398857693283,
        0.006769720456735543
    ],
    "nn.bias_add": [
        0.0030678292331824757
    ],
    "nn.max_pool2d": [
        0.024739205068523663
    ],
    "nn.adaptive_avg_pool2d": [
        0.008475934527231834
    ],
    "nn.batch_matmul": [],
    "nn.softmax": [],
    "nn.batch_norm": [
        0.11583018070782244,
        0.07300762356232124,
        0.07133796694117524,
        0.24034844900959804,
        0.1219862154574318,
        0.07185576425656294,
        0.0717592765623761,
        0.12357796276029029,
        0.07151116534875283,
        0.07110663619610619,
        0.1231746322125404,
        0.11638753198480227,
        0.05204462322094795,
        0.68741908595346,
        0.07935303788561407,
        0.051490268456209964,
        0.05112349535781034,
        0.07954661257643611,
        0.05154660288635631,
        0.051431536816270156,
        0.07912530295523522,
        0.051794714099979586,
        0.05141355774281919,
        0.07992896753849321,
        0.07248742903714007,
        0.03829482714810062,
        0.6149682143656703,
        0.05371368053964559,
        0.03769912051442541,
        0.037739273778465886,
        0.05584120423134275,
        0.03748756675015242,
        0.03748936465749752,
        0.0557848698011964,
        0.03777583122781617,
        0.03781298797961482,
        0.05609051404986276,
        0.037603831425135306,
        0.03775905075926195,
        0.05568958071190631,
        0.03746898837425309,
        0.03754569908764386,
        0.055763894215503616,
        0.0525636191412324,
        0.031006710073529,
        1.3010868140061775,
        0.04017244171882941,
        0.03050868973893735,
        0.030700466522414278,
        0.039137446390502366,
        0.030949177038485924,
        0.03052666881238831,
        0.03923393408468919
    ],
    "multiply": [],
    "add": [
        0.04002381471163479,
        0.0413087191609302,
        0.041251186125887115,
        0.02429751916407836,
        0.02441318453661288,
        0.024239986129035284,
        0.02450847362590298,
        0.012350424855914139,
        0.014344304101625816,
        0.014497725528407359,
        0.014344304101625816,
        0.014210060353191969,
        0.014363481779973512,
        0.008802554361590977,
        0.008495112205579528,
        0.008475934527231834
    ],
    "squeeze": [],
    "reshape": [],
    "transpose": [],
    "latency": 46.00593249003092,
    "batch_size": 1,
    "model_name": "wide_resnet50_2",
    "sm_partition": 5
}