{
    "nn.conv2d": [
        0.12772900907935453,
        0.36060025046200433,
        0.12114254300618757,
        2.6491137661458066,
        0.1026416228722552
    ],
    "nn.conv2d_transpose": [],
    "nn.dense": [
        0.051130780582501076,
        0.022797075378386947,
        0.006008531495078729
    ],
    "nn.layer_norm": [],
    "nn.relu": [
        0.0008659354213495816,
        0.0006732537450046395,
        0.0004948202407711895,
        0.0003923217623257288,
        0.0003923217623257288,
        0.0002526565403491286,
        0.00024387569009437195
    ],
    "nn.bias_add": [
        0.0009666114591761305,
        0.0007793418792146234,
        0.0005460142545206195,
        0.0004311452700558791,
        0.00044351577607515885,
        0.0002685614766596311,
        0.00025801341125926305,
        0.00027563033724207657
    ],
    "nn.max_pool2d": [
        0.0008783059273688613,
        0.0006980499825164995,
        0.00042943328038356793
    ],
    "nn.adaptive_avg_pool2d": [
        0.00028269919782452214
    ],
    "nn.batch_matmul": [],
    "nn.softmax": [],
    "nn.batch_norm": [],
    "multiply": [],
    "add": [],
    "squeeze": [],
    "reshape": [],
    "transpose": [],
    "latency": 3.45095157623291,
    "batch_size": 4,
    "model_name": "alexnet",
    "sm_partition": 20
}