{
    "nn.conv2d": [
        0.08318091611787433,
        0.2169409769258377,
        0.08327334435895364,
        1.9752111227258227,
        0.06128346022043944
    ],
    "nn.conv2d_transpose": [],
    "nn.dense": [
        0.11154915261469439,
        0.04948350835757358,
        0.012355325033177014
    ],
    "nn.layer_norm": [],
    "nn.relu": [
        0.0012396636438320274,
        0.0010133350117631096,
        0.0008950268631816297,
        0.0007817018023800765,
        0.0007817018023800765,
        0.0007767187146001499,
        0.0007098488914888788
    ],
    "nn.bias_add": [
        0.0014349685358517256,
        0.0010750610023273599,
        0.0008950268631816297,
        0.0008178693749763167,
        0.0008384447051644003,
        0.0008125647976622016,
        0.0007559826396449722,
        0.0008125647976622016
    ],
    "nn.max_pool2d": [
        0.001249951308926069,
        0.001090331755201328,
        0.0009053145282756714
    ],
    "nn.adaptive_avg_pool2d": [
        0.0007045443141747634
    ],
    "nn.batch_matmul": [],
    "nn.softmax": [],
    "nn.batch_norm": [],
    "multiply": [],
    "add": [],
    "squeeze": [],
    "reshape": [],
    "transpose": [],
    "latency": 2.6114956537882485,
    "batch_size": 4,
    "model_name": "alexnet",
    "sm_partition": 100
}