{
    "nn.conv2d": [
        0.1442986151309621,
        0.25412642638193333,
        0.1532031453346339,
        1.6982889622684112,
        0.10889764670182857
    ],
    "nn.conv2d_transpose": [],
    "nn.dense": [
        0.07855786773126511,
        0.035386862073379106,
        0.010696892315140052
    ],
    "nn.layer_norm": [],
    "nn.relu": [
        0.0022702683458163684,
        0.0021608372223878253,
        0.0020377272085307153,
        0.0018329713174280904,
        0.0019697602217137685,
        0.0020377272085307153,
        0.0019424024408566326
    ],
    "nn.bias_add": [
        0.0025442736197136178,
        0.0022570169207136934,
        0.002188195003244961,
        0.0019424024408566326,
        0.0019424024408566326,
        0.0020377272085307153,
        0.0020377272085307153,
        0.0021608372223878253
    ],
    "nn.max_pool2d": [
        0.002407484715427939,
        0.0023801269345708038,
        0.0023660205788163433
    ],
    "nn.adaptive_avg_pool2d": [
        0.0018329713174280904
    ],
    "nn.batch_matmul": [],
    "nn.softmax": [],
    "nn.batch_norm": [],
    "multiply": [],
    "add": [],
    "squeeze": [],
    "reshape": [],
    "transpose": [],
    "latency": 2.525486946105957,
    "batch_size": 1,
    "model_name": "alexnet",
    "sm_partition": 60
}