{
    "nn.conv2d": [
        0.10033408384285149,
        0.2347038277876198,
        0.0880156254142622,
        2.063262227075651,
        0.07774165104047516
    ],
    "nn.conv2d_transpose": [],
    "nn.dense": [
        0.10476966784518564,
        0.045826246148650746,
        0.011790586046733874
    ],
    "nn.layer_norm": [],
    "nn.relu": [
        0.0011885671418078504,
        0.0009411966054190914,
        0.0008272427306982637,
        0.0007654372393242555,
        0.0007510258627298354,
        0.0007510258627298354,
        0.000675106136546859
    ],
    "nn.bias_add": [
        0.001283503942259752,
        0.001022019171062025,
        0.0008984081883140087,
        0.0008272427306982637,
        0.0007890600112676866,
        0.0007510258627298354,
        0.0007082374456247528,
        0.00074642016505533
    ],
    "nn.max_pool2d": [
        0.001159892959511736,
        0.000974625056282437,
        0.0008508655026416948
    ],
    "nn.adaptive_avg_pool2d": [
        0.0006370719880090077
    ],
    "nn.batch_matmul": [],
    "nn.softmax": [],
    "nn.batch_norm": [],
    "multiply": [],
    "add": [],
    "squeeze": [],
    "reshape": [],
    "transpose": [],
    "latency": 2.7435763676961265,
    "batch_size": 4,
    "model_name": "alexnet",
    "sm_partition": 80
}