{
    "nn.conv2d": [
        0.11072928212005748,
        0.26020209927281945,
        0.09920174762447788,
        1.9970695444033255,
        0.0871950694413167
    ],
    "nn.conv2d_transpose": [],
    "nn.dense": [
        0.03990027433884224,
        0.018249336849128803,
        0.0054138695847453745
    ],
    "nn.layer_norm": [],
    "nn.relu": [
        0.0012537789367921706,
        0.0010977082656529174,
        0.0009039653635490164,
        0.0008072620920995867,
        0.0008234073339415784,
        0.0007694216815324186,
        0.0007801851760937464
    ],
    "nn.bias_add": [
        0.0014046360402532809,
        0.0011999614639855315,
        0.0009631645836363195,
        0.0008879883013095453,
        0.0008879883013095453,
        0.0008126438393802506,
        0.0007749716084156032,
        0.0008341708285029062
    ],
    "nn.max_pool2d": [
        0.0012322519476695149,
        0.0010709677088521184,
        0.0009256605322741926
    ],
    "nn.adaptive_avg_pool2d": [
        0.0007426811247316199
    ],
    "nn.batch_matmul": [],
    "nn.softmax": [],
    "nn.batch_norm": [],
    "multiply": [],
    "add": [],
    "squeeze": [],
    "reshape": [],
    "transpose": [],
    "latency": 2.6367902755737305,
    "batch_size": 1,
    "model_name": "alexnet",
    "sm_partition": 20
}