{
    "nn.conv2d": [
        0.25284005837275575,
        0.6800083773462048,
        0.23244219493960822,
        5.323080166766061,
        0.1985996419508453
    ],
    "nn.conv2d_transpose": [],
    "nn.dense": [
        0.09608504486779783,
        0.042601677140770046,
        0.010672916278388863
    ],
    "nn.layer_norm": [],
    "nn.relu": [
        0.001604251188053468,
        0.0013902257392665398,
        0.0007622998358007574,
        0.0005783440781657112,
        0.0005588872191850814,
        0.00025995911302813154,
        0.00025288389158062977
    ],
    "nn.bias_add": [
        0.0018784712943117204,
        0.001476952477165995,
        0.0008720210434045933,
        0.0006721460375126683,
        0.0006650708160651666,
        0.0002900288041800141,
        0.0002723407505612596,
        0.00025995911302813154
    ],
    "nn.max_pool2d": [
        0.0014610332289091159,
        0.0011178297135377212,
        0.0005412544407338856
    ],
    "nn.adaptive_avg_pool2d": [
        0.0003325354080325833
    ],
    "nn.batch_matmul": [],
    "nn.softmax": [],
    "nn.batch_norm": [],
    "multiply": [],
    "add": [],
    "squeeze": [],
    "reshape": [],
    "transpose": [],
    "latency": 6.851808230082194,
    "batch_size": 2,
    "model_name": "alexnet",
    "sm_partition": 5
}