{
    "nn.conv2d": [
        0.1132652593301034,
        0.24500830362144027,
        0.1255401155270206,
        1.942705139772678,
        0.08159875036869123
    ],
    "nn.conv2d_transpose": [],
    "nn.dense": [
        0.11066188274515076,
        0.04942959840789158,
        0.013078770844062605
    ],
    "nn.layer_norm": [],
    "nn.relu": [
        0.0018497262377459797,
        0.0018296205177704796,
        0.0015984047380522323,
        0.001618510458027732,
        0.0014275061182604841,
        0.0014878232781869833,
        0.001437244826373617
    ],
    "nn.bias_add": [
        0.0020407305775132275,
        0.0018497262377459797,
        0.001538087578125733,
        0.001437244826373617,
        0.001437244826373617,
        0.0015880377261898652,
        0.0015179818581502332,
        0.0015782990180767326
    ],
    "nn.max_pool2d": [
        0.002141259177390726,
        0.0016788276179542313,
        0.0017388306260061137
    ],
    "nn.adaptive_avg_pool2d": [
        0.001437244826373617
    ],
    "nn.batch_matmul": [],
    "nn.softmax": [],
    "nn.batch_norm": [],
    "multiply": [],
    "add": [],
    "squeeze": [],
    "reshape": [],
    "transpose": [],
    "latency": 2.713766098022461,
    "batch_size": 2,
    "model_name": "alexnet",
    "sm_partition": 80
}