{
    "nn.conv2d": [
        0.11063619931461502,
        0.31103616135236445,
        0.09879139868344393,
        2.0570173885817518,
        0.0873405774724084
    ],
    "nn.conv2d_transpose": [],
    "nn.dense": [
        0.05130191898907793,
        0.02274900187388015,
        0.006273883971654014
    ],
    "nn.layer_norm": [],
    "nn.relu": [
        0.0010970791178303227,
        0.0010040120706679336,
        0.0007879588402710365,
        0.0007030996976948043,
        0.0006692089948874478,
        0.0006354506776379327,
        0.0005802459000181373
    ],
    "nn.bias_add": [
        0.0012580599561652654,
        0.001084370104277564,
        0.0008515039080348299,
        0.0007327540626512411,
        0.0007625408131655193,
        0.0006354506776379327,
        0.0006354506776379327,
        0.0006692089948874478
    ],
    "nn.max_pool2d": [
        0.0010970791178303227,
        0.0010040120706679336,
        0.0007455954617618409
    ],
    "nn.adaptive_avg_pool2d": [
        0.0005761419477250592
    ],
    "nn.batch_matmul": [],
    "nn.softmax": [],
    "nn.batch_norm": [],
    "multiply": [],
    "add": [],
    "squeeze": [],
    "reshape": [],
    "transpose": [],
    "latency": 2.7611923217773438,
    "batch_size": 2,
    "model_name": "alexnet",
    "sm_partition": 30
}