{
    "nn.conv2d": [
        0.23272902908572185,
        0.6420612991392949,
        0.21607055804924233,
        4.912539892302913,
        0.1849998513670442
    ],
    "nn.conv2d_transpose": [],
    "nn.dense": [
        0.08922976973849059,
        0.03929516220666895,
        0.009882664270617092
    ],
    "nn.layer_norm": [],
    "nn.relu": [
        0.0013349615771879695,
        0.0010247579821694214,
        0.0007032364222148235,
        0.0004953005372686536,
        0.0005082933580024147,
        0.0002403671835745817,
        0.00023219591740998973
    ],
    "nn.bias_add": [
        0.0014876272208096631,
        0.001166054907649074,
        0.000795810269942872,
        0.0006057395135056234,
        0.0005878743849967019,
        0.0002647287224503839,
        0.0002533092511023516,
        0.00024194053296031063
    ],
    "nn.max_pool2d": [
        0.0013333882278022404,
        0.0010409990080866227,
        0.0005147897683692953
    ],
    "nn.adaptive_avg_pool2d": [
        0.0003004082262622359
    ],
    "nn.batch_matmul": [],
    "nn.softmax": [],
    "nn.batch_norm": [],
    "multiply": [],
    "add": [],
    "squeeze": [],
    "reshape": [],
    "transpose": [],
    "latency": 6.340141296386719,
    "batch_size": 4,
    "model_name": "alexnet",
    "sm_partition": 10
}