{
    "nn.conv2d": [
        0.13326850010899718,
        0.2833677022432473,
        0.11841933806917532,
        1.9906943491747353,
        0.09492397225338127
    ],
    "nn.conv2d_transpose": [],
    "nn.dense": [
        0.09233878261622785,
        0.040979010816189126,
        0.011223134845851074
    ],
    "nn.layer_norm": [],
    "nn.relu": [
        0.0017260405603755596,
        0.0015360935130615029,
        0.001453507840316261,
        0.0012387850911786313,
        0.0011727165529824375,
        0.0012302684436767783,
        0.0011231651493352926
    ],
    "nn.bias_add": [
        0.0018744366910896666,
        0.0016019039710303677,
        0.0012965950621003008,
        0.0012387850911786313,
        0.0012302684436767783,
        0.0012965950621003008,
        0.0012387850911786313,
        0.0013541469527946414
    ],
    "nn.max_pool2d": [
        0.0016764891567284143,
        0.0016104206185322209,
        0.0015440940001086982
    ],
    "nn.adaptive_avg_pool2d": [
        0.0012222679566295828
    ],
    "nn.batch_matmul": [],
    "nn.softmax": [],
    "nn.batch_norm": [],
    "multiply": [],
    "add": [],
    "squeeze": [],
    "reshape": [],
    "transpose": [],
    "latency": 2.792978286743164,
    "batch_size": 2,
    "model_name": "alexnet",
    "sm_partition": 60
}