{
    "nn.conv2d": [
        0.11187267687247862,
        0.30343181061617963,
        0.18345354865628907,
        1.727477272388787,
        0.09389892550668648
    ],
    "nn.conv2d_transpose": [],
    "nn.dense": [
        0.09493078183093576,
        0.042655088928077865,
        0.013264346619785383
    ],
    "nn.layer_norm": [],
    "nn.relu": [
        0.002845926313655333,
        0.0027127835621392937,
        0.0025624778778106402,
        0.0024631409030467202,
        0.0024298552151677103,
        0.0026956206293266794,
        0.002445977970234106
    ],
    "nn.bias_add": [
        0.0032786402560824593,
        0.002845926313655333,
        0.0026956206293266794,
        0.0025624778778106402,
        0.0024631409030467202,
        0.0027460692500183037,
        0.0026129264985022644,
        0.0026956206293266794
    ],
    "nn.max_pool2d": [
        0.0033946200747858846,
        0.0031449774156933103,
        0.003078406039935291
    ],
    "nn.adaptive_avg_pool2d": [
        0.0024298552151677103
    ],
    "nn.batch_matmul": [],
    "nn.softmax": [],
    "nn.batch_norm": [],
    "multiply": [],
    "add": [],
    "squeeze": [],
    "reshape": [],
    "transpose": [],
    "latency": 2.625234921773275,
    "batch_size": 1,
    "model_name": "alexnet",
    "sm_partition": 80
}