{
    "nn.conv2d": [
        0.04019503478896244,
        0.029133549009693865,
        0.04243144071795135,
        0.037761952026502156,
        0.07206937063928953,
        0.0547110539819458,
        0.06303809733456409,
        0.0527855243381213,
        0.04283748321285998,
        0.0851642411000927,
        0.06567420134447868,
        0.0609063742362938,
        0.09765004781853291,
        0.052887034961848454,
        0.08607783671363711,
        0.059789757375295086,
        0.05552313897176305,
        0.05948205329712215,
        0.04354805757895007,
        0.07481332968691423,
        0.06638477571056878,
        0.052887034961848454,
        0.10181198339134634,
        0.059891267999022245,
        0.15195823151256158,
        0.06303809733456409,
        0.04507071693485742,
        0.09410034819507393,
        0.039078417927963724,
        0.13206532146903038,
        0.09338977382898385,
        0.0527855243381213,
        0.10628162304233268,
        0.04171769414486979,
        0.26636070445306675,
        0.08953237012735189,
        0.04537207659904741,
        0.10506032335061534,
        0.033092463335052974,
        0.25955949266334727,
        0.08729596419836297,
        0.08313720083254104,
        0.10607860179487838,
        0.03502116518586894,
        0.2925536175816646,
        0.11531606855404959,
        0.08953237012735189,
        0.20515297055258294,
        0.06577571196820584,
        0.3926430925766407,
        0.12089598065205173,
        0.05593235367366316,
        0.2023106730882226,
        0.05857162989056921,
        0.3800557752344733,
        0.11694023853368413,
        0.15033406153292705,
        0.20241218371194972,
        0.05653824520903462,
        0.28697053327667094,
        0.10414989994406242,
        0.04770682094477201,
        0.39183100758682354,
        0.07318915970727972,
        0.5922129788242302,
        0.0841523070698126,
        0.05065380123985102,
        0.390508197271379,
        0.05065380123985102,
        0.5869312541834264,
        0.08272798613064095,
        0.05075531186357817,
        0.388278135756373,
        0.05105667152776817,
        0.5850025523326106,
        0.0828294967543681,
        0.04760531032104485,
        0.3866507935697471,
        0.05004473749748808,
        0.4390334476199513,
        0.146073787543378
    ],
    "nn.conv2d_transpose": [],
    "nn.dense": [
        0.049841716250033766
    ],
    "nn.layer_norm": [],
    "nn.relu": [],
    "nn.bias_add": [
        0.03410439736533306,
        0.02984095116879249,
        0.03176965301960847,
        0.03055152553488259,
        0.030656208365601217,
        0.030351676494419742,
        0.03095756802979121,
        0.02902886617897524,
        0.030351676494419742,
        0.03278475925688003,
        0.0223323372199744,
        0.026186568714614868,
        0.014918889480900512,
        0.022633696884164393,
        0.014211487321801889,
        0.02456239873498036,
        0.013700761996174635,
        0.025783698426697716,
        0.01522659355907345,
        0.026900315287696427,
        0.01349774074872032,
        0.0251714624773433,
        0.014211487321801889,
        0.023956507199608894,
        0.014512846985991883,
        0.014918889480900512,
        0.013700761996174635,
        0.014211487321801889,
        0.014106804491083258,
        0.014106804491083258,
        0.014008466074347577,
        0.013903783243628948,
        0.02527614530806193
    ],
    "nn.max_pool2d": [],
    "nn.adaptive_avg_pool2d": [
        0.15977454953955258,
        0.07257692375792531,
        0.10485730210316103,
        0.05349292649721993,
        0.052988545585575614,
        0.04567660847022888,
        0.037149716077147746,
        0.03816799452141078,
        0.04131482385695263,
        0.0432435257077686,
        0.04212373663977841,
        0.04151784510440694,
        0.0423299300942242,
        0.03705137766041206,
        0.04405243849059438,
        0.04080727073831685,
        0.04577811909395603
    ],
    "nn.batch_matmul": [],
    "nn.softmax": [],
    "nn.batch_norm": [
        0.14941094929840826,
        0.2660434837539194,
        0.5149538775468898,
        0.38359913044394944,
        0.4580920672247249,
        0.2997354942103609,
        0.2840108641536261,
        0.26736312186237243,
        0.26147867789318885,
        0.2738629739879019,
        0.2585348698051013,
        0.30096313831606125,
        0.2725465080864404,
        0.248881843930047,
        0.25681553361572257,
        0.2587283744315812,
        0.3825745075857035,
        0.28096554544181146,
        0.22543923426305681,
        0.20706263916145012,
        0.17203830176858967,
        0.20726248820191295,
        0.2105108281611819,
        0.1691008380944851,
        0.21143076818870926,
        0.20614587134091422,
        0.2845247616862448,
        0.2290016227144818,
        0.2099081088328019,
        0.15245944021721441,
        0.20737985986059745,
        0.20949889413090184,
        0.2298010188763331,
        0.20717683861314318,
        0.20076263607638345,
        0.24675646524575973,
        0.22016068182924473,
        0.2092007066737033,
        0.12596199521743512,
        0.1773200264093933,
        0.2108280488603293,
        0.1242363146140735,
        0.18930145221618921,
        0.20665025225255854,
        0.12301184271536462,
        0.18564389755502012,
        0.2020917908058109,
        0.2642162925268306,
        0.20311324145706544
    ],
    "multiply": [
        0.020200614121704114,
        0.03085605740606406,
        0.03390454832487022,
        0.050853650280313856,
        0.08272798613064095,
        0.03573173955195903,
        0.032074184890789934,
        0.03826633293814647,
        0.03928461138240951,
        0.03410439736533306,
        0.028318291812885147,
        0.040601077283871065,
        0.03542720768077756,
        0.03339699520623444,
        0.0316681423958813,
        0.031163761484237,
        0.035833250175686185,
        0.03156980397914562,
        0.028521313060339462,
        0.03593158859242187,
        0.030246993663701118,
        0.025377655931789086,
        0.023753485952154582,
        0.0251714624773433,
        0.025783698426697716,
        0.02710016432815927,
        0.026088230297879184,
        0.02527614530806193,
        0.024156356240071737,
        0.028318291812885147,
        0.024765419982434676,
        0.023956507199608894,
        0.025377655931789086,
        0.02557750497225193,
        0.02456239873498036,
        0.02456239873498036,
        0.02811844277242231,
        0.026694121833250643,
        0.014211487321801889,
        0.026694121833250643,
        0.024464060318244676,
        0.025783698426697716,
        0.01349774074872032,
        0.0272048471588779,
        0.026694121833250643,
        0.02456239873498036,
        0.01339940233198464,
        0.027404696199340738,
        0.025783698426697716,
        0.02628807933834202,
        0.014211487321801889,
        0.014918889480900512,
        0.02497161343688046,
        0.02710016432815927,
        0.01329471950126601,
        0.014211487321801889,
        0.024870102813153303,
        0.026186568714614868,
        0.01349774074872032,
        0.014211487321801889,
        0.02710016432815927,
        0.027506206823067897,
        0.01349774074872032,
        0.014309825738537573,
        0.026494272792787807
    ],
    "add": [
        0.03431059081977885,
        0.036645335165503445,
        0.024765419982434676,
        0.02151708002316568,
        0.025377655931789086,
        0.026592611209523487,
        0.014918889480900512,
        0.01360242357943895,
        0.01329471950126601
    ],
    "squeeze": [],
    "reshape": [],
    "transpose": [],
    "latency": 27.19499111175537,
    "batch_size": 1,
    "model_name": "efficientnet_b0",
    "sm_partition": 100
}