{
    "nn.conv2d": [
        0.0967013984603379,
        0.06429476358757051,
        0.01641936166886881,
        0.014604590115993838,
        0.09566438614440935,
        0.13964829132547288,
        0.11545403784004596,
        0.030675580459980405,
        0.017626508817879395,
        0.08313112010736656,
        0.13472248282481222,
        0.14302128190514676,
        0.0681835597723026,
        0.028431420995041264,
        0.10637747952276502,
        0.13333979973690752,
        0.11389851936615315,
        0.0357769248995352,
        0.022293064239557906,
        0.06005759607795617,
        0.1313548933509505,
        0.13386100644777785,
        0.07181040232514647,
        0.03352736432878393,
        0.12936458585918134,
        0.1218489471216054,
        0.047440612900825394,
        0.08201039065135,
        0.031971845854891094,
        0.12150057579672313,
        0.14742588369493706,
        0.057465065288134776,
        0.0915163368806951,
        0.03836945568935659,
        0.24361147655021673,
        0.14777155446691326,
        0.05063806754160512,
        0.09090871247683073,
        0.029554851003963864,
        0.2405004396024311,
        0.1445768003790396,
        0.08201039065135,
        0.09220497787174144,
        0.028601555828123286,
        0.29070911923197196,
        0.24559638293617375,
        0.10871345778651036,
        0.175168663698932,
        0.05469969911232529,
        0.3900030484821313,
        0.24525071216419753,
        0.09237781325772952,
        0.17386969775111524,
        0.05011956138364084,
        0.3921634908069825,
        0.24387072962919892,
        0.18579803993719973,
        0.1741289508300974,
        0.050208679629540946,
        0.24577191887506794,
        0.48488967538959427,
        0.11787373324387929,
        0.32769589183342385,
        0.06472415149963466,
        0.5243825610878735,
        0.48315862097680734,
        0.11864879192791963,
        0.33469302441303556,
        0.04571495959385054,
        0.51824420433239,
        0.48376354482776557,
        0.11579700805911607,
        0.333572294957019,
        0.04580137728684459,
        0.5156543740954748,
        0.4829020684507312,
        0.07959069524751673,
        0.33028572207033924,
        0.046492718830796954,
        0.4311378703472974,
        0.24853728505087738
    ],
    "nn.conv2d_transpose": [],
    "nn.dense": [
        0.06705742921047393
    ],
    "nn.layer_norm": [],
    "nn.relu": [],
    "nn.bias_add": [
        0.01261698317713077,
        0.013394742414077189,
        0.012962653949106956,
        0.01252786493123066,
        0.01252786493123066,
        0.01261698317713077,
        0.01261698317713077,
        0.01261698317713077,
        0.012700700317218755,
        0.01261698317713077,
        0.011925641633178401,
        0.021083216537641253,
        0.01261698317713077,
        0.023246359415398477,
        0.012873535703206847,
        0.02091038115165316,
        0.012271312405154585,
        0.019268444984766278,
        0.01261698317713077,
        0.026530231749172243,
        0.01235502954524257,
        0.02091038115165316,
        0.011925641633178401,
        0.022814270950428248,
        0.012700700317218755,
        0.013221907028089097,
        0.012009358773266384,
        0.012009358773266384,
        0.011925641633178401,
        0.012009358773266384,
        0.012009358773266384,
        0.012009358773266384,
        0.013221907028089097
    ],
    "nn.max_pool2d": [],
    "nn.adaptive_avg_pool2d": [
        0.11761448016489713,
        0.044070322874057585,
        0.0679216061404144,
        0.02549321943324368,
        0.028687973521117332,
        0.03525571818866485,
        0.04001139185624348,
        0.18441265629638892,
        0.034564376644712486,
        0.038023784917380406,
        0.0357769248995352,
        0.038110202610374455,
        0.034826330276600696,
        0.035601388960641044,
        0.03543125412755901,
        0.03395945279375417,
        0.038280337443456484
    ],
    "nn.batch_matmul": [],
    "nn.softmax": [],
    "nn.batch_norm": [
        0.23840481054732543,
        0.2290744002568745,
        0.28213756430812503,
        0.5017195211001848,
        0.21715145917660217,
        0.2520669076991029,
        0.24713839864553622,
        0.23857224482750142,
        0.1322892846564486,
        0.23711664681113293,
        0.15000491172022815,
        0.23590679910921628,
        0.18526062990889297,
        0.17808796139038713,
        0.11396873374171078,
        0.17852004985535738,
        0.18171480394323106,
        0.31410941016301613,
        0.20712970734219888,
        0.20660309952551636,
        0.23953634221496625,
        0.20990047462382047,
        0.2137865702556465,
        0.1916582397433585,
        0.2010804688326156,
        0.22407297627484407,
        0.37019449291615225,
        0.20306267466566655,
        0.3789226799085509,
        0.1247628437072484,
        0.20202836290264406,
        0.2433306190479861,
        0.21006790890399643,
        0.19140438777018848,
        0.17757755689114105,
        0.6627291859126235,
        0.1349682331392641,
        0.1834593611205483,
        0.12502749789204268,
        0.12736887726160012,
        0.18596007311156354,
        0.12969405331372116,
        0.1273715778145062,
        0.1914881049102764,
        0.12882987638378074,
        0.1263210627340473,
        0.1949529142887565,
        0.3818662825761607,
        0.1896733333574015
    ],
    "multiply": [
        0.051159274252475455,
        0.05141582677855154,
        0.011925641633178401,
        0.047702566532713604,
        0.13515727184268853,
        0.04424315826004568,
        0.012009358773266384,
        0.042949593418041054,
        0.055218205270289575,
        0.05547745834927172,
        0.011925641633178401,
        0.049690173471576664,
        0.05487523505121945,
        0.02419695403833299,
        0.012009358773266384,
        0.024888295582285357,
        0.032663187398843475,
        0.031971845854891094,
        0.012009358773266384,
        0.03326811124980179,
        0.03162617508291491,
        0.026530231749172243,
        0.022033811160575765,
        0.032663187398843475,
        0.03326811124980179,
        0.03326811124980179,
        0.024801877889291307,
        0.03249305256576144,
        0.031971845854891094,
        0.03154245794282693,
        0.022033811160575765,
        0.032317516626867285,
        0.029209180231987677,
        0.032576769705849426,
        0.023330076555486457,
        0.033184394109713806,
        0.03853959052243862,
        0.037156907434533884,
        0.012098477019166495,
        0.03439424181163046,
        0.03499646510968272,
        0.0357769248995352,
        0.011318017229314014,
        0.033097976416719764,
        0.03439424181163046,
        0.027135155600130564,
        0.011234300089226028,
        0.024367088871415015,
        0.018234133221743786,
        0.026268278117284036,
        0.013049071642101003,
        0.017972179589855582,
        0.017972179589855582,
        0.02912276253899363,
        0.011318017229314014,
        0.01719712090581523,
        0.0178884624497676,
        0.027650961205188777,
        0.011579970861202216,
        0.01728083804590321,
        0.017715627063779504,
        0.029033644293093512,
        0.011318017229314014,
        0.017626508817879395,
        0.029209180231987677
    ],
    "add": [
        0.02151800555551755,
        0.015120395721052051,
        0.02315994172240443,
        0.02350561249438062,
        0.02722157329312461,
        0.02523396635426154,
        0.021428887309617436,
        0.02350561249438062,
        0.022555017871446106
    ],
    "squeeze": [],
    "reshape": [],
    "transpose": [],
    "latency": 27.18964735666911,
    "batch_size": 1,
    "model_name": "efficientnet_b0",
    "sm_partition": 10
}