{
    "nn.conv2d": [
        0.06695093479355416,
        0.04593145526534529,
        0.018875565600635476,
        0.01673773369838854,
        0.06587745732343585,
        0.08962472521055723,
        0.07736032113977218,
        0.03386471701766983,
        0.019459440031974612,
        0.06957532872191705,
        0.09925561231498975,
        0.11589603360815509,
        0.0951684912956158,
        0.05497846793843867,
        0.09808786345231148,
        0.11765069791483572,
        0.09915829990976653,
        0.06159571149361552,
        0.044666393997443835,
        0.07755798696288177,
        0.10324846194180372,
        0.10801372878507676,
        0.09186291053069058,
        0.05517613376154826,
        0.15122043670417276,
        0.09750398902097235,
        0.05157557476829028,
        0.09244678496202971,
        0.03980077373628438,
        0.13175795565953494,
        0.11356357689546179,
        0.057414319081681604,
        0.10382929536047963,
        0.046706913494467574,
        0.25982412194591514,
        0.11579872120293187,
        0.05760894389212799,
        0.1043188983992588,
        0.03921689930494524,
        0.25087138066538167,
        0.10986266448431736,
        0.08777274849865341,
        0.10315114953658056,
        0.031042657266197347,
        0.2789916247622201,
        0.17594082864352603,
        0.08835662292999255,
        0.19452749804115518,
        0.045542205644452535,
        0.377179841632418,
        0.18022257447334636,
        0.06802137125100922,
        0.19919545247920503,
        0.04369326994521194,
        0.37153572212947306,
        0.17311876889205352,
        0.14587129542956062,
        0.1986115780478659,
        0.04388485374299509,
        0.2761695650107477,
        0.29232646529046025,
        0.08797041432176302,
        0.3778610284689803,
        0.07327320012039822,
        0.5706369032161182,
        0.27539106576896216,
        0.06860524568234837,
        0.3779613818868668,
        0.04943470185338009,
        0.5640196596609413,
        0.2761695650107477,
        0.06782674644056283,
        0.3730957616257073,
        0.04982091046160963,
        0.565287761941506,
        0.27821312552043465,
        0.046317663873574826,
        0.3713410973190267,
        0.04933738944815691,
        0.42778229234847637,
        0.1913161886687899
    ],
    "nn.conv2d_transpose": [],
    "nn.dense": [
        0.042619792475093635
    ],
    "nn.layer_norm": [],
    "nn.relu": [],
    "nn.bias_add": [
        0.014596860783478374,
        0.013912632934252829,
        0.014596860783478374,
        0.014301882555145586,
        0.02257647801177989,
        0.03376436359978342,
        0.03454286284156893,
        0.03376436359978342,
        0.013912632934252829,
        0.023841539279681346,
        0.013818361541692862,
        0.025492809155812337,
        0.014694173188701566,
        0.028317909919948047,
        0.013234487110353731,
        0.025009288142359618,
        0.013234487110353731,
        0.024811622319250017,
        0.013912632934252829,
        0.015667297240933457,
        0.013234487110353731,
        0.013718008123806451,
        0.013234487110353731,
        0.014207611162585619,
        0.014301882555145586,
        0.014788444581261533,
        0.013623736731246488,
        0.01401298635213924,
        0.013523383313360072,
        0.013523383313360072,
        0.013234487110353731,
        0.013234487110353731,
        0.014788444581261533
    ],
    "nn.max_pool2d": [],
    "nn.adaptive_avg_pool2d": [
        0.1320498928752045,
        0.048847786409377744,
        0.10003715256943847,
        0.05857902693169666,
        0.04456604057955741,
        0.0437875413377719,
        0.0474854127362531,
        0.042038959056417725,
        0.04291477070342643,
        0.040089669939290716,
        0.044763706402667025,
        0.044666393997443835,
        0.04145508462507859,
        0.04310635450120957,
        0.07940388164945913,
        0.023741185861794935,
        0.024908934724473208
    ],
    "nn.batch_matmul": [],
    "nn.softmax": [],
    "nn.batch_norm": [
        0.1979212681733139,
        0.18925438208312362,
        0.22389759834257897,
        0.36373248363563854,
        0.18351599118761866,
        0.21775779377552834,
        0.22604759429547883,
        0.36880185174523406,
        0.34748739398869244,
        0.3623761919878404,
        0.30466993569048917,
        0.3723993697258289,
        0.34690351955735327,
        0.26000962371837183,
        0.21115271427100438,
        0.26545911841087044,
        0.2514400500334047,
        0.3002969594807722,
        0.256992939156453,
        0.23528314975369205,
        0.1907171091741347,
        0.22517178264847007,
        0.23022898670741268,
        0.17407060585564285,
        0.22419561758357495,
        0.22662234568882828,
        0.33328282383877,
        0.23771900089693504,
        0.24462818166778144,
        0.13426679110669526,
        0.21824739681430752,
        0.24589324293568296,
        0.24891600952292828,
        0.22613882467537552,
        0.20278992944713659,
        0.42971333538962403,
        0.16658667369144697,
        0.2183599142828469,
        0.12221525792233594,
        0.13106156375965647,
        0.20958963376210696,
        0.11880324171419787,
        0.12930994046563907,
        0.21445829503592956,
        0.11890055411942106,
        0.1287321480596264,
        0.12999112730220141,
        0.30428372708225965,
        0.1389408275700716
    ],
    "multiply": [
        0.035810965122133616,
        0.03551902790646405,
        0.013912632934252829,
        0.03366705119456024,
        0.09585271914484134,
        0.032693927142328334,
        0.013429111920800109,
        0.03152617827965006,
        0.05897131756525264,
        0.052354074010075774,
        0.03454286284156893,
        0.0710380558129281,
        0.057119340853348834,
        0.0413577722198554,
        0.02909640916173356,
        0.038629983860942886,
        0.04690457931757718,
        0.03590523651469358,
        0.027928660299055295,
        0.04047891956018347,
        0.03454286284156893,
        0.029193721566956748,
        0.02636862080282104,
        0.031042657266197347,
        0.03162653169753648,
        0.03444555043634574,
        0.026177037005037887,
        0.030455741822194987,
        0.0332808425863307,
        0.033183530181107514,
        0.022965727632672645,
        0.024908934724473208,
        0.03074767903786456,
        0.031042657266197347,
        0.021603353959548,
        0.028120244096838446,
        0.03610290233780319,
        0.031334594481866915,
        0.014107257744699205,
        0.03561329929902401,
        0.028898743338623963,
        0.03016684561918864,
        0.014107257744699205,
        0.03405630081545299,
        0.029388346377403132,
        0.030945344860974156,
        0.013623736731246488,
        0.03074767903786456,
        0.03152617827965006,
        0.030945344860974156,
        0.014788444581261533,
        0.01673773369838854,
        0.01664042129316535,
        0.029193721566956748,
        0.012744884071574557,
        0.016056546861826216,
        0.016345443064832557,
        0.0260797245998147,
        0.01255025926112818,
        0.016056546861826216,
        0.0159561934439398,
        0.016932358508834917,
        0.012744884071574557,
        0.016345443064832557,
        0.01751623294017405
    ],
    "add": [
        0.040190023357177126,
        0.031818115495319634,
        0.028509493717731205,
        0.028317909919948047,
        0.027928660299055295,
        0.025690474978921945,
        0.014694173188701566,
        0.013523383313360072,
        0.013234487110353731
    ],
    "squeeze": [],
    "reshape": [],
    "transpose": [],
    "latency": 27.435487111409504,
    "batch_size": 1,
    "model_name": "efficientnet_b0",
    "sm_partition": 20
}