{
    "nn.conv2d": [
        0.04680038575310181,
        0.07173755988492053,
        0.05551793160947731,
        0.05543471523306412,
        0.07488465193836474,
        0.13233925558073079,
        0.08432592809869735,
        0.06132794770814354,
        0.05188667154781091,
        0.08311550807814191,
        0.08319620274617892,
        0.07940355334843849,
        0.08529426411514172,
        0.048336106154181546,
        0.08085353566472887,
        0.08545565345121578,
        0.07488465193836474,
        0.05640557295788465,
        0.04429885104395385,
        0.07052713986436505,
        0.08230603968939544,
        0.07141225950439625,
        0.08432592809869735,
        0.05349804320017537,
        0.12854660618299035,
        0.07012114481580375,
        0.03921760866599706,
        0.07980450498024746,
        0.036632857580435906,
        0.11587502159280032,
        0.08198578272562347,
        0.051077203159064444,
        0.09053941753754875,
        0.04357259903162057,
        0.22037713840913156,
        0.08480757439854339,
        0.04760985414184827,
        0.08827744512413571,
        0.033243681522880604,
        0.21109472987649686,
        0.0824674290254695,
        0.07504351956606266,
        0.08448731743477142,
        0.028240612104584683,
        0.2366749396442357,
        0.12112269672358349,
        0.0716568652168835,
        0.16389087078320994,
        0.053417348532138344,
        0.3125279275990448,
        0.12063600700698515,
        0.05180345517139773,
        0.16469529575520409,
        0.04922122579421273,
        0.3084957159055694,
        0.11918350298231858,
        0.122814763043985,
        0.16381017611517285,
        0.050595556859218425,
        0.23320506891864332,
        0.1829348124399492,
        0.059792227307063794,
        0.31293140093922994,
        0.0590659752947305,
        0.4837620131736245,
        0.1810788350750975,
        0.05922988633918073,
        0.307928331520934,
        0.040347334018515486,
        0.47819408107906936,
        0.18374175912031954,
        0.058745718330958555,
        0.31148141862293954,
        0.041232453658546664,
        0.4761767143781436,
        0.1763985443289497,
        0.04680038575310181,
        0.3105912555661561,
        0.04018594468244142,
        0.36651518222419466,
        0.1316911765280584
    ],
    "nn.conv2d_transpose": [],
    "nn.dense": [
        0.04462415142447813
    ],
    "nn.layer_norm": [],
    "nn.relu": [],
    "nn.bias_add": [
        0.04905983645813866,
        0.0459934390727315,
        0.04777124347792233,
        0.048981663498477795,
        0.033730371239478946,
        0.031952566834288106,
        0.03203326150232514,
        0.03211647787873832,
        0.022917285722516792,
        0.023641016026473918,
        0.02557768805936266,
        0.025015347091479602,
        0.024932130715066416,
        0.024609352042918288,
        0.021061308357665086,
        0.02235242304625758,
        0.017430048295998687,
        0.021139481317325955,
        0.011620032197332458,
        0.023721710694510945,
        0.011052647812697085,
        0.021303392361776176,
        0.011135864189110275,
        0.025174214719177506,
        0.011698205156993333,
        0.023076153350214703,
        0.011135864189110275,
        0.011214037148771148,
        0.011135864189110275,
        0.014925991878474569,
        0.010813085516962152,
        0.020816702645177834,
        0.019202809284437215
    ],
    "nn.max_pool2d": [],
    "nn.adaptive_avg_pool2d": [
        0.14113497439676717,
        0.07464256793425365,
        0.08932899751699329,
        0.0535787378682124,
        0.04220331138336719,
        0.04220331138336719,
        0.043817204744107816,
        0.03647398995273799,
        0.03615121128058987,
        0.034618012587886285,
        0.036632857580435906,
        0.036716073956849095,
        0.03744232596918237,
        0.031793699206590205,
        0.038087883313478614,
        0.03615121128058987,
        0.04018594468244142
    ],
    "nn.batch_matmul": [],
    "nn.softmax": [],
    "nn.batch_norm": [
        0.41168906607467504,
        0.38861795614121264,
        0.4811722186713111,
        0.5157095365911603,
        0.3982256650543717,
        0.3359218162046553,
        0.3279229572354846,
        0.31454277259159447,
        0.2895249037917387,
        0.3263141072914963,
        0.29977060492406543,
        0.33761388252505675,
        0.3009885900697494,
        0.2315810887243981,
        0.23674806918714428,
        0.24682733756664463,
        0.274021440695124,
        0.27668436474034613,
        0.23246873007280547,
        0.21334157203965287,
        0.20447020197233182,
        0.2235897948803559,
        0.21229506306354773,
        0.1811443994928776,
        0.1937352894150306,
        0.1822060387192398,
        0.2709626084348454,
        0.21592632312521406,
        0.19623682412417853,
        0.1708205254008899,
        0.2013155447937592,
        0.19140018745870901,
        0.1947868418078881,
        0.19865262074853715,
        0.19228782880711637,
        0.3644852069813881,
        0.18526739268789463,
        0.1808241425291056,
        0.14378276819173225,
        0.16540893922565653,
        0.1859835578667233,
        0.1364420751087386,
        0.17558151081507478,
        0.18002223926548763,
        0.14144514452703452,
        0.17428535270972992,
        0.1803399745208834,
        0.2676516053369509,
        0.1976893281488451
    ],
    "multiply": [
        0.05245153422407013,
        0.05188667154781091,
        0.045108319432700314,
        0.05164206583532366,
        0.09425137226725218,
        0.046154828408805554,
        0.04204192204729314,
        0.04922122579421273,
        0.04591526611307062,
        0.04155775403907096,
        0.03340759256733082,
        0.05382334358069966,
        0.045509271064509305,
        0.03276203522303458,
        0.032842729891071606,
        0.034618012587886285,
        0.03937647629369496,
        0.03090605785818286,
        0.024369789747183353,
        0.03340759256733082,
        0.028966864116917963,
        0.02816243914492381,
        0.02783966047277568,
        0.02695201912436834,
        0.02905008049333115,
        0.030341195181923644,
        0.023159369726627885,
        0.023885621738961166,
        0.028886169448880932,
        0.02485143604702938,
        0.016136411899030034,
        0.023318237354325793,
        0.024450484415220384,
        0.023963794698622042,
        0.018637946608177997,
        0.021948949706072425,
        0.025819772063473755,
        0.025983683107923972,
        0.02299545868217767,
        0.02864408544476984,
        0.023641016026473918,
        0.02477326308736851,
        0.021865733329659232,
        0.02719410312847944,
        0.02549699339132563,
        0.024932130715066416,
        0.025254909387214537,
        0.020816702645177834,
        0.02477326308736851,
        0.024369789747183353,
        0.011297253525184337,
        0.022917285722516792,
        0.025015347091479602,
        0.023804927070924135,
        0.010490306844814026,
        0.024369789747183353,
        0.024450484415220384,
        0.04890096883044077,
        0.010568479804474899,
        0.02073852968551696,
        0.02339893202236282,
        0.022917285722516792,
        0.01202098382914146,
        0.023963794698622042,
        0.025819772063473755
    ],
    "add": [
        0.03590912727647879,
        0.02864408544476984,
        0.025983683107923972,
        0.022430596005918447,
        0.02348214839877601,
        0.02348214839877601,
        0.02146225998947408,
        0.02283659105447976,
        0.02348214839877601
    ],
    "squeeze": [],
    "reshape": [],
    "transpose": [],
    "latency": 27.107502619425457,
    "batch_size": 1,
    "model_name": "efficientnet_b0",
    "sm_partition": 30
}