{
    "nn.conv2d": [
        0.8611433662866689,
        0.07228139098465275,
        1.3933036953884255,
        0.1280645387363375,
        0.1285052789252683,
        0.3154420819160645,
        0.09910161203517001,
        0.044325870429612835,
        0.11408677845881753,
        0.13977563518507044,
        0.13537020088589147,
        0.758134120254996,
        0.07631101556916302,
        0.2101071443517302,
        0.10999615858030347,
        0.1620664637582719,
        0.28880878192781695,
        0.3632309109729908,
        0.1321571262049807,
        0.0487962352030539,
        0.1560849897656395,
        0.16370349874572926,
        0.16760719756197356,
        0.21571084103956478,
        0.23321452282853122,
        0.03966661700377285,
        0.18089039852390165,
        0.18233854485896003,
        0.17780718479151514,
        0.5219623094623445,
        0.22880515334909396,
        0.03594983924979831,
        0.17724051883431838,
        0.16559238526971842,
        0.12258873540689802,
        0.5348047702353417,
        0.17912940535830757,
        0.043885130240682024,
        0.17730348171845134,
        0.3306790998762439,
        0.17900151199991243,
        0.39899579675064856,
        0.16936819072756762,
        0.19883678809192804,
        0.32784577009026017,
        0.30284950508947,
        0.2047552992004275,
        1.045244871901352,
        0.2087219609008048,
        0.20299233844470424,
        0.309966278586625,
        0.32854032940585204,
        0.3548588149734346,
        0.9593005350598443,
        0.31789960198737965,
        0.24253106209008202,
        0.29768851618069536
    ],
    "nn.conv2d_transpose": [],
    "nn.dense": [
        0.027955520555039918
    ],
    "nn.layer_norm": [],
    "nn.relu": [
        0.046590566668270696,
        0.01687405294763671,
        0.039727612297776674,
        0.011016537133141083,
        0.012464683468199456,
        0.012968386541263238,
        0.009444432619945917,
        0.010072093871146489,
        0.009318506851679974,
        0.012968386541263238,
        0.012968386541263238,
        0.015174055076046442,
        0.009694316566348652,
        0.012023943279268645,
        0.010766653186738346,
        0.010829616070871318,
        0.009444432619945917,
        0.0106407274184724,
        0.008749873304354061,
        0.009192581083414026,
        0.009192581083414026,
        0.010137024345408618,
        0.009633321272344834,
        0.011268388669672972,
        0.009253576377417845,
        0.008688878010350246,
        0.008688878010350246,
        0.010072093871146489,
        0.009192581083414026,
        0.011081467607403209,
        0.008437026473818355,
        0.008688878010350246,
        0.00881480377861619,
        0.009633321272344834,
        0.010072093871146489,
        0.01164616597447081,
        0.009192581083414026,
        0.008688878010350246,
        0.008749873304354061,
        0.0106407274184724,
        0.009759247040610783,
        0.011520240206204865,
        0.00824617023129028,
        0.010011098577142675,
        0.009633321272344834,
        0.009192581083414026,
        0.009444432619945917,
        0.009192581083414026,
        0.008940729546882135,
        0.009192581083414026,
        0.008185174937286462,
        0.009444432619945917,
        0.009568390798082709,
        0.008749873304354061,
        0.00950739550407889,
        0.008688878010350246,
        0.00824617023129028
    ],
    "nn.bias_add": [
        0.009759247040610783
    ],
    "nn.max_pool2d": [
        0.04130168440110099,
        0.034438730030606955,
        0.02701107729304533,
        0.032486880622484796,
        0.02707207258704914,
        0.03210910331768697,
        0.02102960330041291,
        0.021659232141742635,
        0.020901709942017812,
        0.034438730030606955,
        0.014794310181119449,
        0.02102960330041291,
        0.020335043984821055
    ],
    "nn.adaptive_avg_pool2d": [
        0.016685164295237788
    ],
    "nn.batch_matmul": [],
    "nn.softmax": [],
    "nn.batch_norm": [
        0.1953620239238396,
        0.10413077240529121,
        0.17552871542195317,
        0.08593253130073292,
        0.09380289181735453,
        0.09619351382427833,
        0.0833569558216685,
        0.0854878559315438,
        0.08140117123328804,
        0.09279155049096866,
        0.09292337902962204,
        0.10374905992023506,
        0.07982513153983456,
        0.09059178472657292,
        0.08725868704778365,
        0.08378982565008271,
        0.0801458487308869,
        0.08776239012084745,
        0.08007698307636645,
        0.08253843832793986,
        0.07837895279490532,
        0.08517500910100809,
        0.08360290458781293,
        0.08813426465525784,
        0.08165105517969078,
        0.0773715466487778,
        0.07806610596436962,
        0.08568067976420106,
        0.08001205260210431,
        0.08851204196005565,
        0.07718659317663717,
        0.0778732821317124,
        0.07673995021731889,
        0.08064168144343406,
        0.08637523907979289,
        0.08983623011697722,
        0.08240660978928646,
        0.07844388326916747,
        0.07705476463798376,
        0.08574954541872148,
        0.08460834314381133,
        0.09210682912602258,
        0.07617918703050962,
        0.08594040166124955,
        0.07951228470929886,
        0.08196783719048478,
        0.08140117123328804,
        0.08291424804260854,
        0.08146413411742101,
        0.08184387901234799,
        0.07755846771104755,
        0.08347501122941782,
        0.08266239650607664,
        0.07995105730810052,
        0.08246760508329026,
        0.07687177875597231,
        0.07712166270237505
    ],
    "multiply": [
        0.011268388669672972,
        0.011081467607403209,
        0.010766653186738346
    ],
    "add": [
        0.011711096448732939,
        0.0106407274184724,
        0.010575796944210273
    ],
    "squeeze": [],
    "reshape": [],
    "transpose": [],
    "latency": 21.870938936869305,
    "batch_size": 2,
    "model_name": "googlenet",
    "sm_partition": 30
}