{
    "nn.conv2d": [
        1.6341624525443361,
        0.09549166749597936,
        2.513739972898029,
        0.10259614574976667,
        0.16214338662084518,
        0.5117808497675685,
        0.06989424922899795,
        0.036650848882268834,
        0.08443823688069194,
        0.15690884963656138,
        0.1548713927949982,
        1.202122910788158,
        0.06120941088841497,
        0.21009699162100196,
        0.09328929222300857,
        0.16247582062431246,
        0.2318727174184355,
        0.6788704907603157,
        0.08747039859200491,
        0.03681576731367644,
        0.11556107188499101,
        0.16555213372671093,
        0.14331931117450983,
        0.3522138266735949,
        0.15345854828026217,
        0.04126207211005146,
        0.15341699402982878,
        0.15960857734440706,
        0.15703221381753557,
        0.3881569547281697,
        0.15158990558108473,
        0.039434983661307405,
        0.15150679708021791,
        0.14298687717104253,
        0.13638104992245614,
        0.5464799474497931,
        0.11759723015622817,
        0.04275932369598031,
        0.1523781377689935,
        0.2587583174488527,
        0.20939056936363393,
        0.7622283171297388,
        0.11190559641717687,
        0.13937165738333573,
        0.2455843214911352,
        0.21300578915134072,
        0.15183793251335917,
        0.6892603519389946,
        0.1372952434319912,
        0.13343069814168396,
        0.20453002063325085,
        0.2518590133065803,
        0.4248493578608719,
        0.6895083788712691,
        0.20943342218439337,
        0.16496907565031715,
        0.196468496049169
    ],
    "nn.conv2d_transpose": [],
    "nn.dense": [
        0.03781436789440436
    ],
    "nn.layer_norm": [],
    "nn.relu": [
        0.0709733611699406,
        0.02144069465331423,
        0.05642937351824661,
        0.010097682855318965,
        0.01230005812828977,
        0.014376472079634293,
        0.006979815502487069,
        0.008103078834515219,
        0.007520020758121416,
        0.01396092957530018,
        0.014542689081367941,
        0.018657858444601712,
        0.0078121990814813405,
        0.011801407123088834,
        0.009514624778925162,
        0.00897571809361686,
        0.007603129258988241,
        0.009348407777191517,
        0.0059838120624112374,
        0.006690234319779233,
        0.006896707001620245,
        0.008392660017223056,
        0.007520020758121416,
        0.009680841780658807,
        0.006066920563278062,
        0.006398055996419309,
        0.006314947495552487,
        0.0078121990814813405,
        0.007396656577147227,
        0.010137938535426334,
        0.005817595060677595,
        0.006357800316311941,
        0.006398055996419309,
        0.007396656577147227,
        0.008103078834515219,
        0.010636589540627272,
        0.0061071762433854305,
        0.006357800316311941,
        0.006398055996419309,
        0.009848357352718497,
        0.008143334514622588,
        0.01125990329712844,
        0.005817595060677595,
        0.008103078834515219,
        0.007520020758121416,
        0.006939559822379701,
        0.0061071762433854305,
        0.006979815502487069,
        0.005817595060677595,
        0.0061071762433854305,
        0.005774742239918138,
        0.007520020758121416,
        0.006979815502487069,
        0.006939559822379701,
        0.005774742239918138,
        0.005774742239918138,
        0.005817595060677595
    ],
    "nn.bias_add": [
        0.006314947495552487
    ],
    "nn.max_pool2d": [
        0.06037832587974675,
        0.04961577501749319,
        0.039434983661307405,
        0.05065333270800244,
        0.038976588336213834,
        0.04865872868719868,
        0.028672432799053852,
        0.028504917226994164,
        0.028423107296453386,
        0.054311405316468685,
        0.015790615164696327,
        0.02526368569318807,
        0.024932550260046833
    ],
    "nn.adaptive_avg_pool2d": [
        0.013048034636091176
    ],
    "nn.batch_matmul": [],
    "nn.softmax": [],
    "nn.batch_norm": [
        0.25741819287237516,
        0.10309090104398945,
        0.21333302887350383,
        0.06639330362998304,
        0.07744933138592254,
        0.08330718212670751,
        0.05733707417615145,
        0.06037053445779048,
        0.05667090759889081,
        0.08164371353904502,
        0.08097624839145835,
        0.09722915459222638,
        0.05725266710495858,
        0.07512489050230362,
        0.06793340803667135,
        0.06253395262097997,
        0.056295620774664074,
        0.06647641213084987,
        0.053515381706603644,
        0.05729811706637012,
        0.054386722395379235,
        0.06307156073596222,
        0.05929272108717387,
        0.06722698577930336,
        0.05396988132071907,
        0.0527635094878241,
        0.053432273205736826,
        0.060577007139631496,
        0.05704749299344362,
        0.06926314405054051,
        0.05168569611720749,
        0.05334916470487,
        0.05384132285844072,
        0.056924128812469416,
        0.061740526151767006,
        0.0717563990765452,
        0.054345168144945825,
        0.053845218569418846,
        0.05313879631205086,
        0.06693870316692156,
        0.062406692729027644,
        0.07400162717027546,
        0.05044166574485724,
        0.061035402464725066,
        0.05762925249951137,
        0.057630551069837416,
        0.05488407483025413,
        0.05791753511189317,
        0.05318164913281031,
        0.05239081980424945,
        0.05143637061460702,
        0.05899794562316185,
        0.0567527175294316,
        0.05612940377293042,
        0.05447372660722418,
        0.05118314940102842,
        0.050357258673664376
    ],
    "multiply": [
        0.010513225359653081,
        0.009888613032825865,
        0.010014574354452143
    ],
    "add": [
        0.010388562608352846,
        0.010097682855318965,
        0.010014574354452143
    ],
    "squeeze": [],
    "reshape": [],
    "transpose": [],
    "latency": 21.86404546101888,
    "batch_size": 2,
    "model_name": "googlenet",
    "sm_partition": 10
}