{
    "nn.conv2d": [
        0.5961504507661854,
        0.0685420182960316,
        0.8256175725305958,
        0.16098804187090326,
        0.12889575042361376,
        0.2508808642500273,
        0.11432970613267233,
        0.04524851552168008,
        0.1145290110740002,
        0.11634373501345929,
        0.13037480288294168,
        0.7873489258488929,
        0.10989884259494107,
        0.19374957833170428,
        0.11432970613267233,
        0.1676993735267756,
        0.30861426088583566,
        0.3201634577490983,
        0.14071138652423051,
        0.05128850421729009,
        0.16568534464598866,
        0.17206310276848064,
        0.1631363393437427,
        0.15098293381624395,
        0.24457024042356154,
        0.036990997110453595,
        0.19287473453661247,
        0.19200198868827142,
        0.18703614872908111,
        0.5462696688186953,
        0.24127856197152536,
        0.03222236414584032,
        0.18884667677503855,
        0.16045096750269341,
        0.12493482695806611,
        0.5600321995040728,
        0.19032363128761562,
        0.04484570974552269,
        0.18898304331384183,
        0.3490983393364041,
        0.18287382237545477,
        0.2926362984315925,
        0.22691182262191187,
        0.2106653229835638,
        0.3482906298373385,
        0.32204112009108193,
        0.20583375161642592,
        1.0986506565225285,
        0.22194598266272153,
        0.21731161829016074,
        0.3267426187596689,
        0.34244994608305634,
        0.3733988565511492,
        1.0157418988768836,
        0.3337917198424233,
        0.2525592216506831,
        0.31532978843520965
    ],
    "nn.conv2d_transpose": [],
    "nn.dense": [
        0.03336574512503708
    ],
    "nn.layer_norm": [],
    "nn.relu": [
        0.07733870902221875,
        0.016984976894636586,
        0.062029991581487136,
        0.011142195193603616,
        0.011880672449892167,
        0.012283478226049558,
        0.009801607219829808,
        0.010070144403934734,
        0.009398801443672418,
        0.012084173284721679,
        0.01168136750856429,
        0.014299605053587322,
        0.00946383779294783,
        0.011142195193603616,
        0.010540084476118355,
        0.010540084476118355,
        0.010000912161157685,
        0.010540084476118355,
        0.009398801443672418,
        0.00946383779294783,
        0.010000912161157685,
        0.010540084476118355,
        0.010000912161157685,
        0.011077158844328206,
        0.00946383779294783,
        0.00946383779294783,
        0.009533070035724879,
        0.010070144403934734,
        0.009329569200895367,
        0.011345696028433135,
        0.008995995667515029,
        0.00946383779294783,
        0.00946383779294783,
        0.010070144403934734,
        0.010070144403934734,
        0.011746403857839703,
        0.00946383779294783,
        0.00906103201679044,
        0.009329569200895367,
        0.011142195193603616,
        0.010470852233341302,
        0.011547098916511827,
        0.008995995667515029,
        0.010540084476118355,
        0.009533070035724879,
        0.01033658364128884,
        0.009732374977052757,
        0.010000912161157685,
        0.00946383779294783,
        0.00946383779294783,
        0.008926763424737976,
        0.010000912161157685,
        0.010000912161157685,
        0.00946383779294783,
        0.009533070035724879,
        0.009667338627777343,
        0.008926763424737976
    ],
    "nn.bias_add": [
        0.010470852233341302
    ],
    "nn.max_pool2d": [
        0.05256615378853931,
        0.03960923465547662,
        0.02262425776084004,
        0.027323658482676243,
        0.030814641876040286,
        0.02537466595116471,
        0.016915744651859535,
        0.016915744651859535,
        0.016580073171728375,
        0.028599210107174644,
        0.014096104218757809,
        0.016110133099544757,
        0.015709425270138185
    ],
    "nn.adaptive_avg_pool2d": [
        0.016179365342321804
    ],
    "nn.batch_matmul": [],
    "nn.softmax": [],
    "nn.batch_norm": [
        0.29028030423042195,
        0.1093512784929771,
        0.238175698727063,
        0.08981100245584209,
        0.09551951556482259,
        0.09531391678324226,
        0.08887531820497646,
        0.09055367560563227,
        0.0831689030427468,
        0.09316981520390447,
        0.09108865202709131,
        0.10250777619180314,
        0.08517663808328127,
        0.09236000775808806,
        0.09196349582218313,
        0.08819977935121252,
        0.08685079959043543,
        0.09068374830418309,
        0.0880697066526617,
        0.08974177021306502,
        0.08557524796593705,
        0.0914285194007241,
        0.08786410787108137,
        0.09350968257753728,
        0.08833824383676661,
        0.08343114638659926,
        0.08552279929716655,
        0.08988233264536996,
        0.08309967079996976,
        0.0934404503347602,
        0.0826276327810353,
        0.0839031844055337,
        0.08524377237930753,
        0.08806760870591086,
        0.0900145032906716,
        0.09605868787978325,
        0.08732913144962234,
        0.08444235672049438,
        0.08350667246962878,
        0.09289918007304875,
        0.09048444336285522,
        0.09578805274892752,
        0.08410458729361239,
        0.08981310040259292,
        0.08403535505083534,
        0.09007953963994701,
        0.08947742892246176,
        0.09008163758669781,
        0.08927392808763222,
        0.08799627851638302,
        0.08396822075480911,
        0.08961169751451419,
        0.08907042725280272,
        0.08450739306976977,
        0.08894245250100272,
        0.08437312447771735,
        0.08288987612488777
    ],
    "multiply": [
        0.011077158844328206,
        0.010873658009498691,
        0.011007926601551156
    ],
    "add": [
        0.011211427436380672,
        0.011007926601551156,
        0.010674353068170817
    ],
    "squeeze": [],
    "reshape": [],
    "transpose": [],
    "latency": 21.852299372355144,
    "batch_size": 4,
    "model_name": "googlenet",
    "sm_partition": 100
}