{
    "nn.conv2d": [
        0.28355678799378736,
        0.05256912814828265,
        1.2594448867373207,
        0.13406332982210856,
        0.13534898784747415,
        0.2762021991160448,
        0.10685023495186985,
        0.04785281667675916,
        0.14834841899283754,
        0.11692345486241669,
        0.11363788435314905,
        0.8138192980112471,
        0.08571053502437388,
        0.20334824434532708,
        0.11992109154308683,
        0.18320403656941625,
        0.2627742152955596,
        0.34519694776548293,
        0.16692126695996815,
        0.05592612410340396,
        0.18063272051868506,
        0.20720298637624096,
        0.1630620608386884,
        0.20077469624941288,
        0.264916978671169,
        0.05099776833950246,
        0.2044888194338024,
        0.09392446129754305,
        0.09713637431577413,
        0.5994715350044587,
        0.26134347433330374,
        0.046781434988954484,
        0.20056041991185194,
        0.15891938497917701,
        0.13534898784747415,
        0.6071162897559816,
        0.1962748931606333,
        0.04635288231383262,
        0.20063184535770562,
        0.3049152283492101,
        0.20113405552386404,
        0.3821261353170002,
        0.19034881319996366,
        0.22427366793526204,
        0.30141538150238145,
        0.34805619764481166,
        0.23427546239995528,
        1.1792341110436777,
        0.23648965122141827,
        0.22670213309428597,
        0.09999339214991994,
        0.375340717960904,
        0.3986968387550458,
        1.1433071117792941,
        0.36041056773230923,
        0.2825568317518363,
        0.09999339214991994
    ],
    "nn.conv2d_transpose": [],
    "nn.dense": [
        0.026139481137251112
    ],
    "nn.layer_norm": [],
    "nn.relu": [
        0.03935542066535835,
        0.01742557674310643,
        0.029710753429933356,
        0.011499496782436829,
        0.013068624546034094,
        0.014213663724875336,
        0.010354457603595584,
        0.010497308495302875,
        0.009999562419510288,
        0.013427983820485243,
        0.013285132928777952,
        0.01614215076292375,
        0.009925904928473716,
        0.012428027578534213,
        0.011499496782436829,
        0.01164234767414412,
        0.010497308495302875,
        0.011425839291400258,
        0.010211606711888296,
        0.010142413311217575,
        0.010497308495302875,
        0.0108544357245711,
        0.010428115094632156,
        0.011425839291400258,
        0.009999562419510288,
        0.009497352253351847,
        0.009925904928473716,
        0.010428115094632156,
        0.010354457603595584,
        0.011785198565851411,
        0.009571009744388417,
        0.009783054036766426,
        0.009497352253351847,
        0.009925904928473716,
        0.010428115094632156,
        0.0119280494575587,
        0.009925904928473716,
        0.009497352253351847,
        0.009497352253351847,
        0.011499496782436829,
        0.01092809321560767,
        0.012428027578534213,
        0.009497352253351847,
        0.010428115094632156,
        0.009925904928473716,
        0.009999562419510288,
        0.009999562419510288,
        0.010497308495302875,
        0.009999562419510288,
        0.009999562419510288,
        0.009497352253351847,
        0.010497308495302875,
        0.009925904928473716,
        0.009999562419510288,
        0.009999562419510288,
        0.009428158852681128,
        0.009428158852681128
    ],
    "nn.bias_add": [
        0.010497308495302875
    ],
    "nn.max_pool2d": [
        0.0332820257226156,
        0.029784410920969926,
        0.023784673469263752,
        0.027355945761945995,
        0.024782397666031852,
        0.02928443279999441,
        0.019427721272191414,
        0.019142019488776835,
        0.0189277431512159,
        0.03235349492651821,
        0.015427896304387298,
        0.019854041902130356,
        0.01935406378115484
    ],
    "nn.adaptive_avg_pool2d": [
        0.016570703438045616
    ],
    "nn.batch_matmul": [],
    "nn.softmax": [],
    "nn.batch_norm": [
        0.18169294198057506,
        0.1138365363744295,
        0.15126123795655655,
        0.09405168787296986,
        0.10140850879589527,
        0.10091299476528562,
        0.09362313519784801,
        0.09412534536400644,
        0.08727519869760526,
        0.09784616468394475,
        0.09841310416040806,
        0.10762252258516239,
        0.08726627051687359,
        0.09548019679004276,
        0.09455166599394536,
        0.09384410767095769,
        0.08919475755492201,
        0.0970560206891888,
        0.09040899013443393,
        0.0914156425119338,
        0.0910540511922997,
        0.09369232859851871,
        0.0935561738423602,
        0.0987635352541275,
        0.09141341046675085,
        0.08698056873345902,
        0.08620381700980063,
        0.09312315707687248,
        0.08683771784175173,
        0.09805597693113983,
        0.08691360737797121,
        0.08612792747358114,
        0.08533555143364224,
        0.08791133157473931,
        0.09398919060784791,
        0.09934386700168837,
        0.08998266950449503,
        0.08618819269352013,
        0.08541144096986175,
        0.09348028430614068,
        0.09433738965638443,
        0.0997701876316273,
        0.08469941855650824,
        0.09319904661309197,
        0.08848496718675139,
        0.0906902278274827,
        0.0907750455444339,
        0.0942681962557137,
        0.0914178745571167,
        0.086980568733459,
        0.08533778347882519,
        0.09326154387821392,
        0.09262317895589695,
        0.08805641451162954,
        0.09127055957504356,
        0.08548063437053247,
        0.08462352902028873
    ],
    "multiply": [
        0.01164234767414412,
        0.010997286616278386,
        0.011070944107314962
    ],
    "add": [
        0.011785198565851411,
        0.010997286616278386,
        0.011140137507985677
    ],
    "squeeze": [],
    "reshape": [],
    "transpose": [],
    "latency": 22.060588200887043,
    "batch_size": 1,
    "model_name": "googlenet",
    "sm_partition": 20
}