{
    "nn.conv2d": [
        1.3383741277674175,
        0.09715901103127562,
        2.0789412493083836,
        0.12846191422508857,
        0.1283603423047812,
        0.48934382178742597,
        0.09080685939974359,
        0.043304016239364224,
        0.09505881624830416,
        0.15396271680195725,
        0.1516640661131544,
        0.9094327830194108,
        0.08650802320334885,
        0.20466898206433926,
        0.10815846867810318,
        0.16976574495686092,
        0.2330700536272162,
        0.5618505464376315,
        0.10475815331519696,
        0.03895205011542408,
        0.12406150610838643,
        0.16866564292768538,
        0.15081242462750002,
        0.29537739483363107,
        0.18261693684313876,
        0.040352179970738394,
        0.14506189129317337,
        0.18576722901759596,
        0.18236691365468974,
        0.451341859788108,
        0.17881502173378638,
        0.038101971274697534,
        0.14191159911871615,
        0.14696363017031347,
        0.12711178900746406,
        0.5031966690724275,
        0.14091306900984804,
        0.043304016239364224,
        0.14176158520564677,
        0.29637748758742694,
        0.1805167420601673,
        0.6132568766276707,
        0.17716486869002304,
        0.161114942636526,
        0.2621227481249882,
        0.2411723675778911,
        0.16566536466629758,
        0.8230247690914414,
        0.16536533684015878,
        0.16101493336114645,
        0.2443210971074205,
        0.2788258597583082,
        0.36043186582312914,
        0.7623707062186454,
        0.2521233832319566,
        0.18881751191667356,
        0.23437173685207868
    ],
    "nn.conv2d_transpose": [],
    "nn.dense": [
        0.03625179968017504
    ],
    "nn.layer_norm": [],
    "nn.relu": [
        0.06515604290980552,
        0.021150399097856338,
        0.05035310750869781,
        0.01069942982068876,
        0.01225113623400027,
        0.013299670980558204,
        0.008099188660819313,
        0.008949267501545862,
        0.008949267501545862,
        0.013001205799347229,
        0.013051210437037025,
        0.01650153043763302,
        0.008199197936198907,
        0.011851099132481894,
        0.0099993648930316,
        0.009600890436441028,
        0.008499225762337689,
        0.0099993648930316,
        0.007100658551951177,
        0.007500695653469554,
        0.007850728117298134,
        0.008949267501545862,
        0.008550793044955292,
        0.01019938344379079,
        0.007149100544713169,
        0.007500695653469554,
        0.007650709566538945,
        0.00890082550878387,
        0.008199197936198907,
        0.010650987827926768,
        0.006749063443194793,
        0.007500695653469554,
        0.00740068637808996,
        0.007999179385439719,
        0.009300862610302248,
        0.010749434458378554,
        0.00740068637808996,
        0.00740068637808996,
        0.007349119095472357,
        0.01045096927716758,
        0.008949267501545862,
        0.011801094494792098,
        0.006749063443194793,
        0.009049276776925456,
        0.008350774494196106,
        0.007850728117298134,
        0.007449128370851952,
        0.008199197936198907,
        0.007100658551951177,
        0.007100658551951177,
        0.006749063443194793,
        0.008199197936198907,
        0.007449128370851952,
        0.007899170110060123,
        0.007149100544713169,
        0.006749063443194793,
        0.006800630725812396
    ],
    "nn.bias_add": [
        0.007850728117298134
    ],
    "nn.max_pool2d": [
        0.05740532406788699,
        0.047954447544515354,
        0.03515169765099951,
        0.04610271330506505,
        0.042553946674017275,
        0.043052430405987434,
        0.02575238841024547,
        0.025450797939178878,
        0.025150770113040097,
        0.04580268547892627,
        0.015501437683837079,
        0.02340217043882501,
        0.02365063098234619
    ],
    "nn.adaptive_avg_pool2d": [
        0.01489981938663171
    ],
    "nn.batch_matmul": [],
    "nn.softmax": [],
    "nn.batch_norm": [
        0.24581498565840315,
        0.10440030762672936,
        0.20240939749873155,
        0.0748975713897491,
        0.08204979722431788,
        0.08475004765956692,
        0.0668983920043094,
        0.07054873055566457,
        0.06745156830875278,
        0.08269829486935747,
        0.08235138769538447,
        0.09475097519752634,
        0.0666483688158604,
        0.08069810936176557,
        0.07474912012160752,
        0.07099720964994494,
        0.06609519251141703,
        0.07464598555637231,
        0.06384654646030397,
        0.06594830388820323,
        0.06559514613451906,
        0.07174415392543629,
        0.0698955449758416,
        0.0750475853028185,
        0.06439503482996393,
        0.0630449096123394,
        0.06329962073557181,
        0.0701486934541462,
        0.06564827606206447,
        0.07709777544810018,
        0.06074313363368094,
        0.06309647689495701,
        0.06394655573568356,
        0.06724998711306579,
        0.07154882330946052,
        0.07824631947003771,
        0.06479819722133792,
        0.06429815084443995,
        0.06485132714888332,
        0.0752507291434333,
        0.07114722356301434,
        0.08160288077496534,
        0.06129474729319651,
        0.0697470937077,
        0.06584673196789584,
        0.06674369015645658,
        0.06534512294607007,
        0.06804693602624692,
        0.06535293617070909,
        0.06465130859812414,
        0.06099315682212991,
        0.06854541975821708,
        0.06519823432285629,
        0.06534199765621446,
        0.06479507193148232,
        0.060794700916298544,
        0.0615463331265733
    ],
    "multiply": [
        0.01084944373375815,
        0.010299392719170382,
        0.010350960001787986
    ],
    "add": [
        0.01160107594403291,
        0.010250950726408392,
        0.0099993648930316
    ],
    "squeeze": [],
    "reshape": [],
    "transpose": [],
    "latency": 21.739792823791504,
    "batch_size": 4,
    "model_name": "googlenet",
    "sm_partition": 30
}