{
    "nn.conv2d": [
        0.15689014749057,
        0.03961381609037442,
        0.6264764840485644,
        0.1472040029867168,
        0.13493456105783788,
        0.22119423159782478,
        0.11610676668697512,
        0.054066119926600154,
        0.1629088886556818,
        0.07438089740884345,
        0.0732088910156371,
        0.8644719156289992,
        0.09305486594059786,
        0.2179150553768329,
        0.13227801323323682,
        0.1990848193259843,
        0.2874541013737426,
        0.3300370003269064,
        0.18290868941975091,
        0.061254425804932386,
        0.19720716741686828,
        0.22502522749561799,
        0.17564224978187157,
        0.138528713997004,
        0.29018878295789075,
        0.05656640023210702,
        0.2233062847855821,
        0.06977100559556516,
        0.0671925915305112,
        0.6585894592224182,
        0.2848756873086887,
        0.0507063682660753,
        0.21939715512824173,
        0.17236307356087963,
        0.1425941111734385,
        0.6609310303288449,
        0.21572731010951438,
        0.0510213449842495,
        0.21885021881141206,
        0.3312871404796599,
        0.21111741829623606,
        0.24002690932865925,
        0.20799206791435249,
        0.2434623530687453,
        0.3299564248873735,
        0.38152714786843844,
        0.2577608310658627,
        1.2913166440347497,
        0.25674753387173643,
        0.25291653797394315,
        0.07172679126422825,
        0.41192118033225633,
        0.43153031229858996,
        1.24943694891751,
        0.39254400796457817,
        0.308625908531018,
        0.07047420943148897
    ],
    "nn.conv2d_transpose": [],
    "nn.dense": [
        0.02492466929552158
    ],
    "nn.layer_norm": [],
    "nn.relu": [
        0.02179687723365215,
        0.013983501278943192,
        0.017890189256297668,
        0.011483220973436323,
        0.011563796412969259,
        0.012655227366642666,
        0.010938726336592545,
        0.010938726336592545,
        0.010313656260215825,
        0.012110732729798887,
        0.011483220973436323,
        0.012892070325269782,
        0.010389348339777069,
        0.011873889771171773,
        0.010938726336592545,
        0.012498959847548485,
        0.011326953454342144,
        0.011483220973436323,
        0.010938726336592545,
        0.011326953454342144,
        0.011170685935247964,
        0.01140752889387508,
        0.010938726336592545,
        0.011014418416153787,
        0.011326953454342144,
        0.010545615858871248,
        0.010626191298404183,
        0.011326953454342144,
        0.010469923779310006,
        0.011873889771171773,
        0.010469923779310006,
        0.010389348339777069,
        0.010545615858871248,
        0.010469923779310006,
        0.011251261374780898,
        0.011483220973436323,
        0.010782458817498366,
        0.010157388741121647,
        0.010313656260215825,
        0.011014418416153787,
        0.011563796412969259,
        0.011563796412969259,
        0.010389348339777069,
        0.010938726336592545,
        0.010782458817498366,
        0.011170685935247964,
        0.011094993855686722,
        0.010938726336592545,
        0.011014418416153787,
        0.010938726336592545,
        0.011639488492530502,
        0.011014418416153787,
        0.01140752889387508,
        0.010389348339777069,
        0.011483220973436323,
        0.010938726336592545,
        0.010469923779310006
    ],
    "nn.bias_add": [
        0.011483220973436323
    ],
    "nn.max_pool2d": [
        0.02085927211908707,
        0.019845974924960753,
        0.017658229657642247,
        0.018439567253113142,
        0.016017420707153365,
        0.018127032214924784,
        0.015780577748526252,
        0.014689146794852843,
        0.014376611756664485,
        0.02133051635635546,
        0.013983501278943192,
        0.014845414313947022,
        0.013983501278943192
    ],
    "nn.adaptive_avg_pool2d": [
        0.017658229657642247
    ],
    "nn.batch_matmul": [],
    "nn.softmax": [],
    "nn.batch_norm": [
        0.13656316160839752,
        0.10483841355229329,
        0.12031378130258874,
        0.09718374679666439,
        0.10359315675951157,
        0.10092684221496712,
        0.09890757286667204,
        0.10093416725492468,
        0.09366284425707364,
        0.09929579998442165,
        0.09867317158803077,
        0.10429636059543537,
        0.09444418185254455,
        0.09859015446851196,
        0.0987537470275637,
        0.09819460231080485,
        0.09601174040345803,
        0.10217942404770641,
        0.09898082326624745,
        0.10210373196814518,
        0.09608010744306174,
        0.10257741788539941,
        0.10210129028815933,
        0.09960589334262415,
        0.10116856853356593,
        0.09562595496569429,
        0.09398270433521956,
        0.10179608028992851,
        0.09288883170156031,
        0.10234301660675814,
        0.09601174040345803,
        0.09460777441159626,
        0.09436604809299748,
        0.09515226904844006,
        0.1018742140494756,
        0.10234057492677229,
        0.10140052813222139,
        0.09444662353253039,
        0.09359447721746994,
        0.09812135191122945,
        0.10055082349714677,
        0.10390080843772825,
        0.09436848977298329,
        0.10132727773264598,
        0.09327950049929574,
        0.10015527133943965,
        0.1015543539713297,
        0.0985169040689366,
        0.10038723093809505,
        0.09640240920119349,
        0.09514250232849665,
        0.10132239437267428,
        0.10093172557493882,
        0.09429279769342207,
        0.10046536469764214,
        0.09421954729384668,
        0.09484217569023755
    ],
    "multiply": [
        0.011563796412969259,
        0.010701883377965427,
        0.011014418416153787
    ],
    "add": [
        0.011639488492530502,
        0.010701883377965427,
        0.011014418416153787
    ],
    "squeeze": [],
    "reshape": [],
    "transpose": [],
    "latency": 22.080356280008953,
    "batch_size": 1,
    "model_name": "googlenet",
    "sm_partition": 60
}