{
    "nn.conv2d": [
        0.3597478941893091,
        0.050992277758220746,
        0.596012802345468,
        0.13896708386584308,
        0.13214334994757046,
        0.20639731473565537,
        0.11152769414811171,
        0.049891675513338056,
        0.12693612557646927,
        0.12466154760371174,
        0.12069708660079057,
        0.8107013206592399,
        0.0880481795906145,
        0.20544345945675704,
        0.1247349210867039,
        0.1835047880420956,
        0.33480320289331167,
        0.3132313988936112,
        0.15320383248766928,
        0.05664203594861851,
        0.18240647871855645,
        0.1886432247728916,
        0.17902900557957266,
        0.13008889242378946,
        0.27096597976877274,
        0.03984180126475307,
        0.2107263502321939,
        0.21109551056849832,
        0.20595707383770226,
        0.5926376221278279,
        0.26707947809153076,
        0.0345589104893162,
        0.20595707383770226,
        0.17558274480028377,
        0.13464034129064803,
        0.6064295440090138,
        0.20955466742566256,
        0.0490845672004241,
        0.20603044732069445,
        0.3819823524572827,
        0.19818177756187483,
        0.21645177482692737,
        0.19744804273195304,
        0.23222478074890232,
        0.38014801538247817,
        0.35138331712820065,
        0.23758104500733132,
        1.215796320259059,
        0.24264610825513513,
        0.2381703257926123,
        0.3593076532913559,
        0.3813930716720017,
        0.39929620152209333,
        1.145139949058934,
        0.3699491012465653,
        0.2813873072750056,
        0.34390151478434194
    ],
    "nn.conv2d_transpose": [],
    "nn.dense": [
        0.0272949356730905
    ],
    "nn.layer_norm": [],
    "nn.relu": [
        0.04299456811207326,
        0.01342505446622521,
        0.03081456993537158,
        0.010859275482842459,
        0.011813130761740781,
        0.012030958289373811,
        0.010565781550873742,
        0.010490115146538059,
        0.009978793686936313,
        0.01159071739142074,
        0.011666383795756425,
        0.012838066602287779,
        0.0103433681805537,
        0.010490115146538059,
        0.011006022448826813,
        0.011006022448826813,
        0.010490115146538059,
        0.011006022448826813,
        0.010419034584889384,
        0.010419034584889384,
        0.010419034584889384,
        0.011006022448826813,
        0.010490115146538059,
        0.011079395931818994,
        0.010490115146538059,
        0.01027228761890503,
        0.009978793686936313,
        0.010859275482842459,
        0.010049874248584985,
        0.011006022448826813,
        0.01012554065292067,
        0.009978793686936313,
        0.010049874248584985,
        0.0103433681805537,
        0.010490115146538059,
        0.011079395931818994,
        0.010859275482842459,
        0.009903127282600628,
        0.009978793686936313,
        0.010490115146538059,
        0.010859275482842459,
        0.011006022448826813,
        0.01012554065292067,
        0.010490115146538059,
        0.009978793686936313,
        0.010419034584889384,
        0.011226142897803352,
        0.010636862112522415,
        0.010490115146538059,
        0.010490115146538059,
        0.010049874248584985,
        0.010490115146538059,
        0.010419034584889384,
        0.009903127282600628,
        0.010930356044491132,
        0.009903127282600628,
        0.009903127282600628
    ],
    "nn.bias_add": [
        0.01159071739142074
    ],
    "nn.max_pool2d": [
        0.02942047375852018,
        0.02135168355072402,
        0.016653487717881076,
        0.01915047906095866,
        0.019515053554576042,
        0.02039553535048219,
        0.016142166258279328,
        0.014378909745123535,
        0.014748070081427932,
        0.02061565579945873,
        0.012838066602287779,
        0.014232162779139175,
        0.014087708734498326
    ],
    "nn.adaptive_avg_pool2d": [
        0.016653487717881076
    ],
    "nn.batch_matmul": [],
    "nn.softmax": [],
    "nn.batch_norm": [
        0.19435489183956406,
        0.10292694618862228,
        0.15685645618787367,
        0.09420238047658351,
        0.09867128417507591,
        0.10035887428389602,
        0.0955918908107479,
        0.09574322361941925,
        0.09030900003531102,
        0.0966191195726384,
        0.09661911957263841,
        0.10205105023540316,
        0.09030900003531102,
        0.09529610395743568,
        0.09860249653477074,
        0.09331731283799036,
        0.09074694801192057,
        0.09757526777288023,
        0.09280599137838859,
        0.09536947744042787,
        0.09214792295280251,
        0.09632562564066967,
        0.09551851732775571,
        0.09720610743657584,
        0.09383092721893561,
        0.09060707980996677,
        0.09141189520153721,
        0.09655262485367673,
        0.09191633789710847,
        0.09699057283028632,
        0.09096936138224064,
        0.08979538565436578,
        0.0896463457670379,
        0.09096706846089712,
        0.099333938443349,
        0.09874924350075508,
        0.09611009103438016,
        0.09126973407823986,
        0.08979538565436578,
        0.09448670272317818,
        0.09647925137068457,
        0.09926056496035682,
        0.08964863868838141,
        0.09500490294681044,
        0.08949730587971004,
        0.09544514384476353,
        0.09639899912366186,
        0.09786646878350544,
        0.09617658575334181,
        0.09624995923633399,
        0.09074924093326411,
        0.09779309530051325,
        0.09705706754924796,
        0.09200117598681815,
        0.0955162244064122,
        0.08920839779042834,
        0.08965093160972494
    ],
    "multiply": [
        0.011150476493467667,
        0.010196621214569344,
        0.010783609078506775
    ],
    "add": [
        0.01159071739142074,
        0.010419034584889384,
        0.010490115146538059
    ],
    "squeeze": [],
    "reshape": [],
    "transpose": [],
    "latency": 22.273197174072266,
    "batch_size": 2,
    "model_name": "googlenet",
    "sm_partition": 100
}