{
    "nn.conv2d": [
        0.5348745477797227,
        0.05936932956341507,
        0.8139779208996305,
        0.1250589216126362,
        0.12146663566984901,
        0.24898759247172922,
        0.10138806345984575,
        0.045141467136459126,
        0.11561592588680171,
        0.11428829678475366,
        0.11142734956484737,
        0.7330008563420066,
        0.08011275515785553,
        0.18868331283644935,
        0.11209428061611093,
        0.16621126844247217,
        0.305099140451402,
        0.29725387051504315,
        0.1383559893013801,
        0.052523417370538346,
        0.16415022295071688,
        0.17106677581569008,
        0.16248808948962387,
        0.14866121676015662,
        0.24612872291864926,
        0.035434607723676084,
        0.1900150972721501,
        0.19167723073324308,
        0.18576003561175206,
        0.5363351475586581,
        0.24227257328891352,
        0.031779991776097874,
        0.18622335531403172,
        0.15876698820360197,
        0.12313084679776835,
        0.549166817878296,
        0.1893502438877129,
        0.04441220608040457,
        0.18562706493486458,
        0.3456551969020709,
        0.18083804290009042,
        0.22797822552351388,
        0.17884348274677886,
        0.2098942134668222,
        0.34552430389200983,
        0.3174654134019339,
        0.21341585873751293,
        1.1025907750838164,
        0.21780596874162478,
        0.21261803467618828,
        0.34632005028650803,
        0.36746238791161084,
        0.38887274455731485,
        1.0623006599869227,
        0.33508610575634584,
        0.2568328624080881,
        0.33056510274217293
    ],
    "nn.conv2d_transpose": [],
    "nn.dense": [
        0.043880323372854815
    ],
    "nn.layer_norm": [],
    "nn.relu": [
        0.04314690698314753,
        0.014028406411624797,
        0.03297465020125846,
        0.010837110166326266,
        0.011236022196988582,
        0.011834390242982057,
        0.009372355053738072,
        0.009904237761287828,
        0.009174976705233281,
        0.011435478212319737,
        0.011435478212319737,
        0.013294990021917518,
        0.00930794738212072,
        0.010438198135663948,
        0.010369635130393863,
        0.009904237761287828,
        0.009904237761287828,
        0.010438198135663948,
        0.009372355053738072,
        0.009372355053738072,
        0.009904237761287828,
        0.010103693776618987,
        0.010369635130393863,
        0.010502605807281302,
        0.009706859412783033,
        0.008973443023075754,
        0.008909035351458403,
        0.009904237761287828,
        0.008909035351458403,
        0.010438198135663948,
        0.008840472346188316,
        0.008973443023075754,
        0.009440918059008156,
        0.00950532573062551,
        0.009972800766557913,
        0.011300429868605936,
        0.009706859412783033,
        0.008909035351458403,
        0.008840472346188316,
        0.009972800766557913,
        0.009904237761287828,
        0.011435478212319737,
        0.008909035351458403,
        0.009706859412783033,
        0.009106413699963194,
        0.00963829640751295,
        0.009372355053738072,
        0.009839830089670471,
        0.00963829640751295,
        0.03297465020125846,
        0.029054092899905383,
        0.03470534666762153,
        0.036431887800331866,
        0.008909035351458403,
        0.009372355053738072,
        0.03264430117586623,
        0.027790871469474718
    ],
    "nn.bias_add": [
        0.03138107974543557
    ],
    "nn.max_pool2d": [
        0.029320034253680263,
        0.024666060562619902,
        0.01947812649718342,
        0.022206103040202284,
        0.019278670481852264,
        0.02160773499420881,
        0.016685742282547208,
        0.01595440355966629,
        0.016087374236553733,
        0.024998487254838497,
        0.013826872729467275,
        0.03250925283215243,
        0.033575095914078305
    ],
    "nn.adaptive_avg_pool2d": [
        0.05218891301149337
    ],
    "nn.batch_matmul": [],
    "nn.softmax": [],
    "nn.batch_norm": [
        0.18667836434900592,
        0.09818430121358904,
        0.15163643565551307,
        0.0868215413401921,
        0.09220269842048065,
        0.0931355708255191,
        0.08721006503672257,
        0.08767961773948137,
        0.08109964690037949,
        0.09034318661088284,
        0.08894699450356473,
        0.09805340820352793,
        0.08263296501823778,
        0.08847951946763234,
        0.08980714856968036,
        0.0853567862276039,
        0.08362608976124085,
        0.0878167437500215,
        0.08668649299647828,
        0.08661585232438183,
        0.0842867878120253,
        0.08747808405732382,
        0.08748016172415021,
        0.08981130390333311,
        0.08874961615505994,
        0.08156504426948552,
        0.08083578321343099,
        0.08721006503672257,
        0.0807672202081609,
        0.09014165292872534,
        0.08176242261799033,
        0.08289682870518629,
        0.0817021702800257,
        0.08296331404363,
        0.08834654879074491,
        0.09187234939508838,
        0.08854808247290245,
        0.08236286833081019,
        0.0830983623873438,
        0.08774818074475144,
        0.08794348142642987,
        0.09206765007676682,
        0.08056776419282974,
        0.0862127849600668,
        0.08130118058253702,
        0.08821773344751019,
        0.08721629803720168,
        0.08848367480128508,
        0.08654521165228539,
        0.11054849649729447,
        0.16533033770809288,
        0.2523658787314007,
        0.18195790531950182,
        0.08349104141752703,
        0.08661585232438183,
        0.15130816429694718,
        0.1854857835906717
    ],
    "multiply": [
        0.011103051520101142,
        0.010236664453506423,
        0.010172256781889072
    ],
    "add": [
        0.011167459191718496,
        0.010103693776618987,
        0.009972800766557913
    ],
    "squeeze": [],
    "reshape": [],
    "transpose": [],
    "latency": 21.767794291178387,
    "batch_size": 2,
    "model_name": "googlenet",
    "sm_partition": 60
}