{
    "nn.conv2d": [
        2.9805897121471148,
        0.1519344020884473,
        4.5469105023992755,
        0.1341909091705341,
        0.25451532092574847,
        0.8286374915081499,
        0.06415423311489298,
        0.04062750451948481,
        0.09097306040316268,
        0.2708753898597692,
        0.27155705939868674,
        1.9200092909541397,
        0.09730284897882546,
        0.3947645681234121,
        0.13680072969096121,
        0.27755635997467787,
        0.1728519187969452,
        1.1798725905035428,
        0.04802787945135825,
        0.026428693203942786,
        0.09592064226196678,
        0.20714902610725036,
        0.21182333151697055,
        0.605517313284172,
        0.08361102938285334,
        0.05558528183058948,
        0.10038070867374148,
        0.1680023269343605,
        0.16798224202830314,
        0.6950491295193376,
        0.0823645479402613,
        0.05527305283642457,
        0.09940689504671643,
        0.21085012652346244,
        0.25052268505494585,
        0.9560123139230258,
        0.08629875499344246,
        0.05918839225058215,
        0.10018594594833648,
        0.3212611155555619,
        0.38765572864612935,
        1.3966428952458005,
        0.08994081795851613,
        0.09566745071894028,
        0.16558726913933838,
        0.14538976588132208,
        0.17883052583336206,
        0.5783284368176329,
        0.10597039889286523,
        0.06997763860450273,
        0.1323406632791865,
        0.3095357908526634,
        0.6860322239666026,
        0.6422294783894994,
        0.18274586524751962,
        0.08170296330740115,
        0.11350771636603908
    ],
    "nn.conv2d_transpose": [],
    "nn.dense": [
        0.0601031684264688
    ],
    "nn.layer_norm": [],
    "nn.relu": [
        0.11488992308289772,
        0.03231052751117406,
        0.08575402799582532,
        0.011120342987109106,
        0.01501559749520928,
        0.0178986944647203,
        0.004849591862584717,
        0.007089363204742316,
        0.0068556479342563054,
        0.017372226472609886,
        0.01725536883736688,
        0.02389738640719457,
        0.006719314026472799,
        0.014723453407101768,
        0.011062522803004493,
        0.009289573368302023,
        0.005803320583552369,
        0.009854993905493442,
        0.0032525375142636453,
        0.004303647597933801,
        0.004887935774148828,
        0.00827741582971287,
        0.006505075028527291,
        0.01053605481089408,
        0.0037004917826951654,
        0.004693781682260709,
        0.0047126493212843205,
        0.00697189693598242,
        0.0068939918458204175,
        0.011081999075544994,
        0.00336878651598976,
        0.0049074120466893285,
        0.004693781682260709,
        0.006309703669605392,
        0.007673651380957343,
        0.013146483964838087,
        0.003777788239340278,
        0.0047126493212843205,
        0.0047126493212843205,
        0.011198856710787998,
        0.008179425833493474,
        0.013302294145162093,
        0.003505729057290157,
        0.00697189693598242,
        0.006835563028198915,
        0.004829506956527324,
        0.003914730780640675,
        0.005355366315120848,
        0.002979869698696633,
        0.0037004917826951654,
        0.003563549241394769,
        0.0059980833089573775,
        0.004167313690150296,
        0.005823405489609759,
        0.0031155949729632483,
        0.0038368256904786715,
        0.003505729057290157
    ],
    "nn.bias_add": [
        0.0032525375142636453
    ],
    "nn.max_pool2d": [
        0.1031846832860567,
        0.08312412256934082,
        0.06619985036516245,
        0.09223962675181212,
        0.07400983565390329,
        0.08306630238523618,
        0.0449317607509355,
        0.044834379388233,
        0.044970104662499615,
        0.09142101467159418,
        0.02109219452784555,
        0.03973098734910487,
        0.03953683325721676
    ],
    "nn.adaptive_avg_pool2d": [
        0.013419151780405097
    ],
    "nn.batch_matmul": [],
    "nn.softmax": [],
    "nn.batch_norm": [
        0.3728488924472135,
        0.11638655290093186,
        0.28898467152133367,
        0.053438022782999264,
        0.06697524946568115,
        0.07365682821410673,
        0.032249055525968094,
        0.04011868689936423,
        0.038423642554823764,
        0.0720774242377755,
        0.07201899542015398,
        0.09190609558455604,
        0.038112022194175754,
        0.06594178975400083,
        0.05484274893998289,
        0.04687573620388426,
        0.035093808583915,
        0.050011416082904894,
        0.02687543020534053,
        0.030437153546184627,
        0.031217421714838444,
        0.04442294313081492,
        0.038130889833199365,
        0.052212234879981494,
        0.027713518558098955,
        0.030827896264028425,
        0.03049558236380613,
        0.04046743390454258,
        0.038306176286063864,
        0.05546416376072824,
        0.026211411038412825,
        0.03105978563396376,
        0.030476714724782517,
        0.03795621201385175,
        0.04235784960800494,
        0.06047200033770453,
        0.02856864864933032,
        0.03131358581050717,
        0.031372014628128664,
        0.054686330126142,
        0.04451971586000053,
        0.06319685259282398,
        0.027283823295174155,
        0.03960986927924364,
        0.038461377832870985,
        0.03221010298088709,
        0.029680013451172653,
        0.03462516077590921,
        0.026212019671929716,
        0.02847126728662782,
        0.027670305578399723,
        0.036982398386826695,
        0.03094353663223764,
        0.03501529486023611,
        0.026563809844692518,
        0.027128013114850146,
        0.02699046194003286
    ],
    "multiply": [
        0.012483682064944166,
        0.011802621159543529,
        0.012114241520191542
    ],
    "add": [
        0.012639492245268174,
        0.01215258543175565,
        0.01209476524765104
    ],
    "squeeze": [],
    "reshape": [],
    "transpose": [],
    "latency": 28.394897778828938,
    "batch_size": 4,
    "model_name": "googlenet",
    "sm_partition": 5
}