{
    "nn.conv2d": [
        0.12204373018925307,
        0.034590209484258984,
        0.4673967740876484,
        0.14800844738502658,
        0.13537782454826447,
        0.2207184795662241,
        0.11647723601842315,
        0.05412073592775216,
        0.16620556439261863,
        0.06361147367740147,
        0.06172656217701915,
        0.8678902199530145,
        0.09333620939279325,
        0.21899289088446963,
        0.1311447398133357,
        0.20047957935990834,
        0.2873080643918238,
        0.3293521306675816,
        0.18330457951182147,
        0.062197177272043075,
        0.19867555482898336,
        0.22526530769783545,
        0.17726256800539442,
        0.13765246417421348,
        0.29084012872478987,
        0.05749102632180376,
        0.2239343493822209,
        0.0619643208448177,
        0.06235404897038439,
        0.6576037083264875,
        0.2866021417492879,
        0.051922081030687225,
        0.21969636240671891,
        0.17326479081797758,
        0.14298855303810462,
        0.6622314234275561,
        0.21491177560730898,
        0.05090241499146871,
        0.21977479825588955,
        0.33194051369021327,
        0.2127155718305306,
        0.2111493059674041,
        0.21044093220458163,
        0.24809259092678276,
        0.33201649841909736,
        0.38394103057007123,
        0.25766176452560263,
        1.2989736469949362,
        0.25954422490569845,
        0.25389439264512464,
        0.066670471795057,
        0.4112391572017458,
        0.4342992968579185,
        1.2562285603172152,
        0.3944514343589389,
        0.3087994870645833,
        0.06259180763818294
    ],
    "nn.conv2d_transpose": [],
    "nn.dense": [
        0.02517545646349377
    ],
    "nn.layer_norm": [],
    "nn.relu": [
        0.02203802249666756,
        0.01325565850984075,
        0.017331871546428238,
        0.011370747009458438,
        0.01215755662145157,
        0.012000684923110263,
        0.011137890582233053,
        0.011370747009458438,
        0.01019666039218519,
        0.011919797953653026,
        0.011213875311117127,
        0.012547284747018266,
        0.010824147185550435,
        0.010743260216093193,
        0.011213875311117127,
        0.011294762280574364,
        0.011370747009458438,
        0.011608505677256986,
        0.010900131914434508,
        0.011294762280574364,
        0.011294762280574364,
        0.011213875311117127,
        0.011294762280574364,
        0.011370747009458438,
        0.011294762280574364,
        0.01019666039218519,
        0.010429516819410572,
        0.011137890582233053,
        0.010272645121069261,
        0.01152761870779975,
        0.010900131914434508,
        0.010353532090526502,
        0.010037337573557296,
        0.010981018883891747,
        0.01152761870779975,
        0.011370747009458438,
        0.011294762280574364,
        0.01011577342272795,
        0.01019666039218519,
        0.010824147185550435,
        0.01215755662145157,
        0.011919797953653026,
        0.011370747009458438,
        0.011370747009458438,
        0.01019666039218519,
        0.011370747009458438,
        0.011370747009458438,
        0.011294762280574364,
        0.011370747009458438,
        0.011294762280574364,
        0.01019666039218519,
        0.01215755662145157,
        0.010900131914434508,
        0.01019666039218519,
        0.011294762280574364,
        0.010743260216093193,
        0.01019666039218519
    ],
    "nn.bias_add": [
        0.011919797953653026
    ],
    "nn.max_pool2d": [
        0.01874616795178662,
        0.01835398870593334,
        0.015527847015503169,
        0.016861256451404304,
        0.016625948903892344,
        0.018040245309250722,
        0.014275324549059266,
        0.013412530208182059,
        0.013098786811499438,
        0.018273101736476106,
        0.013098786811499438,
        0.01482192437296727,
        0.014275324549059266
    ],
    "nn.adaptive_avg_pool2d": [
        0.018273101736476106
    ],
    "nn.batch_matmul": [],
    "nn.softmax": [],
    "nn.batch_norm": [
        0.13152221233746947,
        0.10415055209719733,
        0.1165385140255877,
        0.098262961168825,
        0.10414564985662415,
        0.10031209772840838,
        0.10258183511378424,
        0.10124842567788309,
        0.09426028174083499,
        0.09881201211301961,
        0.0961500954817905,
        0.10469470080081876,
        0.09575546511565061,
        0.09786833080268514,
        0.09897133493164749,
        0.09904977078081814,
        0.09693445397349704,
        0.10164060492373637,
        0.0984222839874529,
        0.10147883098482187,
        0.09865268929439172,
        0.10163815380344979,
        0.10109400509982834,
        0.10147637986453531,
        0.10195925056099214,
        0.09615254660207707,
        0.09512797832228538,
        0.1012459745575965,
        0.09520396305116945,
        0.10186855911038858,
        0.09599567490373578,
        0.09536083474951079,
        0.09449804040863356,
        0.09709622791241151,
        0.10234162532569911,
        0.10125087679816966,
        0.1015621690745657,
        0.09544417283925459,
        0.09316217985244582,
        0.09818697643994094,
        0.10258428623407082,
        0.10344462945466144,
        0.09693200285321045,
        0.10077781058285915,
        0.09441715343917631,
        0.10070182585397508,
        0.09959637060472615,
        0.0987384785044221,
        0.10140039513565124,
        0.09708887455155175,
        0.09418429701195094,
        0.10266272208324145,
        0.10093468228120046,
        0.0959907726631626,
        0.10179992774236427,
        0.0958339009648213,
        0.09363279494746976
    ],
    "multiply": [
        0.01168449040614106,
        0.011451633978915675,
        0.010510403788867811
    ],
    "add": [
        0.011843813224768952,
        0.010510403788867811,
        0.010743260216093193
    ],
    "squeeze": [],
    "reshape": [],
    "transpose": [],
    "latency": 21.856369972229004,
    "batch_size": 1,
    "model_name": "googlenet",
    "sm_partition": 80
}