{
    "nn.conv2d": [
        1.6605289972679391,
        0.10045455123825273,
        2.520673132624491,
        0.12155827298174204,
        0.16075313766405327,
        0.5146469203668286,
        0.07575845658984794,
        0.036269777329708285,
        0.08583042031780616,
        0.15824591993325077,
        0.15824591993325077,
        1.2133680208218782,
        0.07383625632956602,
        0.2151192813028559,
        0.09339386047239376,
        0.17855568939531927,
        0.19669123098145747,
        0.6920325748211067,
        0.08837942501078874,
        0.033345995819673485,
        0.10392417494176434,
        0.1655586383147581,
        0.14604543281924665,
        0.35197027659992525,
        0.15310612358510556,
        0.04090943597426106,
        0.12180899475482229,
        0.16200674652945452,
        0.15849794754889912,
        0.3899964121837634,
        0.14963911156673024,
        0.03982166911501185,
        0.11842294497567077,
        0.14696474598720755,
        0.13969381456788024,
        0.5555576621836579,
        0.11767208549899814,
        0.04366737547814384,
        0.11900926828875946,
        0.26070755119871364,
        0.21085570531792355,
        0.8043977161232395,
        0.15899939109505964,
        0.13505415592332745,
        0.21900546878559987,
        0.20379501455206459,
        0.15189430168188436,
        0.6870612321642499,
        0.13852377962683907,
        0.13681051417745735,
        0.2034607188546243,
        0.2506786802755036,
        0.4280643347297816,
        0.694289070778829,
        0.2127792114207736,
        0.1615483957880422,
        0.19589597285746854
    ],
    "nn.conv2d_transpose": [],
    "nn.dense": [
        0.039321531411419475
    ],
    "nn.layer_norm": [],
    "nn.relu": [
        0.07492402318881522,
        0.0218127942579819,
        0.05402923625622612,
        0.01007065788539011,
        0.012451208887084375,
        0.013997326487745926,
        0.007145570532787173,
        0.008188938744720096,
        0.007772374965487804,
        0.013537669903765467,
        0.013412309017225342,
        0.017507431310869452,
        0.007812856085099719,
        0.011949765340923872,
        0.009694575225769733,
        0.009400760647941313,
        0.007688801041127719,
        0.009400760647941313,
        0.006309831289186335,
        0.007102477728039006,
        0.007145570532787173,
        0.00843966051780035,
        0.007772374965487804,
        0.00973505634538165,
        0.006309831289186335,
        0.006560553062266587,
        0.006517460257518418,
        0.008023096738568056,
        0.007896430009459802,
        0.01007065788539011,
        0.006100896478286124,
        0.006684608106238586,
        0.006517460257518418,
        0.0076457082363795515,
        0.00843966051780035,
        0.010988665210782905,
        0.006224951522258124,
        0.006476979137906503,
        0.006476979137906503,
        0.010320073815902235,
        0.008773956215240684,
        0.011322960908223243,
        0.005850174705205874,
        0.008105364820360013,
        0.007772374965487804,
        0.006811274835346838,
        0.006476979137906503,
        0.007438079268047466,
        0.005890655824817789,
        0.006184470402646209,
        0.005890655824817789,
        0.007478560387659384,
        0.006851755954958754,
        0.007145570532787173,
        0.00635031240879825,
        0.005890655824817789,
        0.005850174705205874
    ],
    "nn.bias_add": [
        0.006560553062266587
    ],
    "nn.max_pool2d": [
        0.06606518720664631,
        0.05423817106712631,
        0.04053204747207257,
        0.05382160728789404,
        0.0470508135721591,
        0.04955803130296163,
        0.02895705894820095,
        0.02904063287256103,
        0.028540495168968658,
        0.055575353856887666,
        0.01579416586148773,
        0.025615407816365714,
        0.025823036784697797
    ],
    "nn.adaptive_avg_pool2d": [
        0.013580762708513636
    ],
    "nn.batch_matmul": [],
    "nn.softmax": [],
    "nn.batch_norm": [
        0.26801635205251656,
        0.10312108176236666,
        0.21410725331255806,
        0.06722869293484687,
        0.07642051877188796,
        0.0808094556433605,
        0.05724160897381684,
        0.061378518229641,
        0.05832676414792981,
        0.0775082856311372,
        0.07683577670855214,
        0.09163227884799136,
        0.058284977185749764,
        0.07466546636032621,
        0.06831515395152796,
        0.06425790109235952,
        0.058284977185749764,
        0.06718560013009871,
        0.05444449419289028,
        0.056903395748672134,
        0.055820852259695415,
        0.06417824469570381,
        0.060499686181291985,
        0.06798085825408763,
        0.055109168060066584,
        0.05439748386043774,
        0.05506476941275027,
        0.06180030537914579,
        0.059200372826006306,
        0.06931804104384898,
        0.05251837640490397,
        0.05422903016914944,
        0.05490023324916637,
        0.05962085413294297,
        0.06325631984260663,
        0.07278635890479246,
        0.05560930576365895,
        0.053855559194665316,
        0.05418985489210566,
        0.06956615113179297,
        0.06488862305276452,
        0.07470725332250625,
        0.0528121909827324,
        0.06279927494376243,
        0.0579937742930576,
        0.05807473653228143,
        0.05586263922187547,
        0.05983240062897945,
        0.05469391012340241,
        0.055194047826994795,
        0.052897070749660616,
        0.05941583684974716,
        0.05661480454111622,
        0.0569464885534203,
        0.05415067961506187,
        0.05235253439875194,
        0.05193335893438338
    ],
    "multiply": [
        0.010446740545010488,
        0.010111139005002026,
        0.010194712929362111
    ],
    "add": [
        0.010320073815902235,
        0.010154231809750194,
        0.009943991156281858
    ],
    "squeeze": [],
    "reshape": [],
    "transpose": [],
    "latency": 22.041012446085613,
    "batch_size": 4,
    "model_name": "googlenet",
    "sm_partition": 20
}