{
    "nn.conv2d": [
        2.0300513820066306,
        0.10823602941051232,
        3.131691447349515,
        0.1041610447367449,
        0.1941007215898377,
        0.6387735652808192,
        0.05400011948334373,
        0.03496517595380395,
        0.0660147517150322,
        0.19015636646508827,
        0.18823800170435304,
        1.3178237532726815,
        0.07032634840211513,
        0.27738815027690344,
        0.0975367299334008,
        0.1903666882547021,
        0.15006459688944793,
        0.8307184885271153,
        0.05736526811716457,
        0.025053761618253515,
        0.07511116911582913,
        0.1459625004224881,
        0.14659428736082014,
        0.4147282788947163,
        0.09556414158628074,
        0.040749846737674185,
        0.10100621789253784,
        0.13665576123207734,
        0.13476286512555313,
        0.5345582969576895,
        0.09427674219438685,
        0.040144350023043826,
        0.09932364357562744,
        0.14669944825562706,
        0.16423420589518717,
        0.7662548600104852,
        0.09761560060450598,
        0.043325467090952585,
        0.09779881060092735,
        0.2225722122893156,
        0.2652157767030046,
        0.9509436815151053,
        0.10629055285658462,
        0.09172659049531949,
        0.16323599896401225,
        0.16228955091075015,
        0.12816484054591076,
        0.623472655086415,
        0.09564301225738592,
        0.08841320073941143,
        0.1588718218295259,
        0.22089045954189576,
        0.4799535023292061,
        0.5185483722928295,
        0.1567423137096861,
        0.1057384581588484,
        0.15555925364310846
    ],
    "nn.conv2d_transpose": [],
    "nn.dense": [
        0.04343144955525016
    ],
    "nn.layer_norm": [],
    "nn.relu": [
        0.08305081667375017,
        0.024107313564991406,
        0.061045077865915426,
        0.009070127177095221,
        0.011804310442074651,
        0.01364380453170474,
        0.00512659362183643,
        0.006283363464712342,
        0.00630883211892339,
        0.013486884758985067,
        0.013459772965792665,
        0.01769332055126112,
        0.005967059210800959,
        0.011750908425180522,
        0.008937854489095915,
        0.00780737486992173,
        0.0057041569737837075,
        0.00836029113714864,
        0.0038638413146629374,
        0.004837401161117452,
        0.005204642723450927,
        0.007282391965377904,
        0.0061519123462037174,
        0.00885980538748142,
        0.00423272601597777,
        0.004862869815328497,
        0.0047577089205215976,
        0.00630883211892339,
        0.00641399301373029,
        0.009121886055007994,
        0.004022404226363968,
        0.004810289367925048,
        0.004784820713714001,
        0.005809317868590608,
        0.007440133307588254,
        0.010279477467374586,
        0.004415936012399169,
        0.004810289367925048,
        0.004810289367925048,
        0.009305917620920071,
        0.0071509408468692776,
        0.010489799256988386,
        0.00418014556857432,
        0.006388524359519244,
        0.0061519123462037174,
        0.005204642723450927,
        0.004415936012399169,
        0.005414964513064729,
        0.003811260867259487,
        0.004390467358188123,
        0.004022404226363968,
        0.005783849214379562,
        0.004810289367925048,
        0.0057041569737837075,
        0.003811260867259487,
        0.004047872880575014,
        0.004047872880575014
    ],
    "nn.bias_add": [
        0.004022404226363968
    ],
    "nn.max_pool2d": [
        0.07350746547002387,
        0.05954735668440777,
        0.046164811250738916,
        0.06367492180557863,
        0.05244899628494194,
        0.05818026505191804,
        0.03231068492942037,
        0.03209954157031589,
        0.03204696112291244,
        0.06393700247310521,
        0.016510260484683476,
        0.02860376338747711,
        0.028418910252074353
    ],
    "nn.adaptive_avg_pool2d": [
        0.011672859323566025
    ],
    "nn.batch_matmul": [],
    "nn.softmax": [],
    "nn.batch_norm": [
        0.27890887540415016,
        0.09629533843298495,
        0.21856952573072788,
        0.05173423082805128,
        0.062120512329214145,
        0.0661420949860874,
        0.03896046838697551,
        0.043428984846778124,
        0.041611673133396365,
        0.0655661747731215,
        0.06451127954708978,
        0.08036346286973943,
        0.04140052977429189,
        0.06043465173434099,
        0.052364374627402,
        0.047395522347775935,
        0.04016653239929216,
        0.050526523676753275,
        0.03430299094431675,
        0.0374331707038034,
        0.03801073405575068,
        0.04629297609128483,
        0.042927827457463985,
        0.05236519619689269,
        0.035565743251490235,
        0.036880254436576505,
        0.03635280682356064,
        0.04363930663639193,
        0.04161249470288705,
        0.054022301859592066,
        0.033935749381983266,
        0.03640538727096408,
        0.03654012466743543,
        0.04129619044897566,
        0.045869867803585186,
        0.057126191395377,
        0.036301869515138536,
        0.03701252712457581,
        0.03674962488755855,
        0.05344309536866343,
        0.046347199677669634,
        0.059095493464534354,
        0.034382683184912596,
        0.04324495328086605,
        0.04158702604867601,
        0.0387189269567159,
        0.03682767398917304,
        0.04040396598209836,
        0.03443608520180673,
        0.03638238332522507,
        0.0343317458764905,
        0.04174394582139568,
        0.03756544339180272,
        0.03940247277296077,
        0.035039117207965056,
        0.034408151839123644,
        0.03406720050049189
    ],
    "multiply": [
        0.009726561200147676,
        0.009779963217041806,
        0.0094644805326211
    ],
    "add": [
        0.009963994782953883,
        0.009910592766059753,
        0.009648512098533178
    ],
    "squeeze": [],
    "reshape": [],
    "transpose": [],
    "latency": 22.027522722880047,
    "batch_size": 4,
    "model_name": "googlenet",
    "sm_partition": 10
}