{
    "nn.conv2d": [
        0.6177556802976539,
        0.08838575539273456,
        2.59566083247226,
        0.13112991922546596,
        0.16239534322507315,
        0.5309722389773573,
        0.07465782131265769,
        0.044343771293560555,
        0.0952280695399022,
        0.21752360847408844,
        0.21306446584851138,
        1.2590277555587837,
        0.08622181941146062,
        0.2183477717089826,
        0.12203570421973683,
        0.16871934124914642,
        0.21410245140050457,
        0.6965302578673692,
        0.10596925770961534,
        0.037805950952388305,
        0.12064991907600664,
        0.18413484766733995,
        0.14541947521437876,
        0.36840231930351347,
        0.15966707872335442,
        0.04352096136447077,
        0.16001352500928698,
        0.19115173826327836,
        0.1689778226577914,
        0.542576836250293,
        0.15845451672259053,
        0.041009225791459866,
        0.1571986489360851,
        0.14360198551903733,
        0.14494446487702595,
        0.5693844709301277,
        0.11848462978892828,
        0.045426415937099736,
        0.15728526050756822,
        0.3001510476689989,
        0.2202532262816116,
        0.7952241435724015,
        0.12186248107677054,
        0.1493169959311198,
        0.23315835043259867,
        0.28659769003769275,
        0.17608132482521288,
        0.7152816630934681,
        0.14624363844927296,
        0.13719137592348096,
        0.1833120377382502,
        0.30690810355048787,
        0.4449655951888001,
        0.7647788228902753,
        0.22891438342992504,
        0.17222575658840897,
        0.17958909347027985
    ],
    "nn.conv2d_transpose": [],
    "nn.dense": [
        0.038888595595927486
    ],
    "nn.layer_norm": [],
    "nn.relu": [
        0.07284033161731629,
        0.024769556138372104,
        0.05322281067638629,
        0.010826446435391839,
        0.012818512579503937,
        0.015286942366773276,
        0.007100795555812623,
        0.008010217056385535,
        0.007750382341936134,
        0.014637355580649769,
        0.01502575434651945,
        0.020135837064024397,
        0.007968264576448393,
        0.012730547702216377,
        0.010565258415138012,
        0.009482613771598827,
        0.007968264576448393,
        0.009787107577594224,
        0.006149421575302565,
        0.007232066218841748,
        0.007058843075875479,
        0.008877686077021309,
        0.007923605484902403,
        0.010565258415138012,
        0.006451208769689112,
        0.006754349269880083,
        0.006754349269880083,
        0.007968264576448393,
        0.007968264576448393,
        0.01065322329242557,
        0.0061047624837565736,
        0.006754349269880083,
        0.006754349269880083,
        0.007663770770452999,
        0.008573192271025914,
        0.011302810078549082,
        0.006409256289751968,
        0.006840960841363218,
        0.006799008361426075,
        0.01008889477198077,
        0.008877686077021309,
        0.011864431987385033,
        0.005976198432336296,
        0.008399969128059645,
        0.007968264576448393,
        0.007360630270262027,
        0.006451208769689112,
        0.007360630270262027,
        0.0061047624837565736,
        0.006364597198205979,
        0.006149421575302565,
        0.007968264576448393,
        0.007014183984329487,
        0.0073186777903248845,
        0.0061047624837565736,
        0.006451208769689112,
        0.0061047624837565736
    ],
    "nn.bias_add": [
        0.006409256289751968
    ],
    "nn.max_pool2d": [
        0.053481292085031266,
        0.04819798622456005,
        0.03689652945181539,
        0.04707338910108372,
        0.040534215454107056,
        0.05135930858369446,
        0.0269361987312549,
        0.026503140873839218,
        0.026286611945131384,
        0.05634082724977913,
        0.016282975438829325,
        0.026503140873839218,
        0.025983471444940412
    ],
    "nn.adaptive_avg_pool2d": [
        0.01381454565155999
    ],
    "nn.batch_matmul": [],
    "nn.softmax": [],
    "nn.batch_norm": [
        0.2594801483286451,
        0.11522857602348421,
        0.2022718520582302,
        0.0682864575854296,
        0.07885036269476318,
        0.08413502186103883,
        0.05823816198758155,
        0.06309111660224594,
        0.05888504216209621,
        0.08253406109440527,
        0.08378722226930187,
        0.1011541956574748,
        0.059277500845379166,
        0.07686100316225994,
        0.06763822410511053,
        0.06486530051184577,
        0.059062325222475766,
        0.0686762096571037,
        0.05563981484308752,
        0.058150197110294,
        0.05663720122094798,
        0.06482334803190865,
        0.061484742612394686,
        0.07005658157761617,
        0.056503223946310015,
        0.05598626112902005,
        0.05520811029147626,
        0.06222635419321903,
        0.0587997838964175,
        0.07114734605598191,
        0.053948182587557535,
        0.055335321037092114,
        0.055163451199930255,
        0.058889102079509495,
        0.06421436041991785,
        0.07465240808944,
        0.056416612374826876,
        0.05572642641457064,
        0.055768378894507795,
        0.0695396187603262,
        0.0648666538176502,
        0.07651049695891413,
        0.053214690841559734,
        0.06252678808180115,
        0.05919359588550488,
        0.058802490508026356,
        0.05546253178270798,
        0.05862656075345123,
        0.05507277971103386,
        0.0535624904332967,
        0.05256645736124065,
        0.062440176510317996,
        0.0576765400787456,
        0.057546622721520904,
        0.05524870946560898,
        0.0535624904332967,
        0.05291290364717319
    ],
    "multiply": [
        0.011041622058295255,
        0.010478646843654876,
        0.010523305935200867
    ],
    "add": [
        0.010783140649650273,
        0.010695175772362715,
        0.010478646843654876
    ],
    "squeeze": [],
    "reshape": [],
    "transpose": [],
    "latency": 22.04489549001058,
    "batch_size": 1,
    "model_name": "googlenet",
    "sm_partition": 5
}