{
    "nn.conv2d": [
        0.04400438603676082,
        0.031088949395106917,
        0.0430623961216008,
        0.03402651376468259,
        0.030770576496951793,
        0.04799553494559212,
        0.045264748850075975,
        0.0337114230613538,
        0.04452953720897547,
        0.039491368150541224,
        0.029300153214750792,
        0.04284905345788861,
        0.054930812613651764,
        0.07163061989007745,
        0.06123262668022748,
        0.06332994917425971,
        0.047473665968203814,
        0.08538958060210108,
        0.05104469393926339,
        0.04158869064457346,
        0.0753033959007536,
        0.06648085620754758,
        0.04831390784374725,
        0.13601087140876644,
        0.09452392880380958,
        0.08328569371841618,
        0.27402388166160124,
        0.09053277989497827,
        0.052410086987021466,
        0.266458422586884,
        0.0901159411520329,
        0.053772197839953205,
        0.39964004205534404,
        0.06396013058091728,
        0.03991148908831294,
        0.3541619505415559,
        0.07120721675747939,
        0.04967601869667897,
        0.3292665027837554,
        0.13979524204353824,
        0.05409057073810833,
        0.625350015873198,
        0.12183178975897105,
        0.04862899854707603,
        0.6195700707840106,
        0.12267531382934081,
        0.03969814642460075,
        0.6178895870329237,
        0.12172675952452813,
        0.031925909075824016,
        0.46685939209881844,
        0.14966808408117355
    ],
    "nn.conv2d_transpose": [],
    "nn.dense": [
        0.05188165361998048
    ],
    "nn.layer_norm": [],
    "nn.relu": [
        0.02268653063967262,
        0.020690956185256973,
        0.02436701439075948,
        0.017750109620854968,
        0.019535623606384757,
        0.017960170089740827,
        0.01858706930157206,
        0.017851857660471555,
        0.028775002042536146,
        0.032766150951367444,
        0.026257558610732194,
        0.023628520554832635,
        0.023526772515216048,
        0.023838581023718493,
        0.025732407438517554,
        0.02719954852589222,
        0.024258701961490207,
        0.025624095009248286,
        0.02341846008594678,
        0.023526772515216048,
        0.02436701439075948,
        0.023946893452987762,
        0.025203974071476568,
        0.024258701961490207,
        0.023628520554832635,
        0.02446876243037607,
        0.023838581023718493,
        0.023316712046330193,
        0.02195131899857212,
        0.023946893452987762,
        0.014914293290895888,
        0.020690956185256973,
        0.014914293290895888,
        0.022161379467457977,
        0.023208399617060924
    ],
    "nn.bias_add": [
        0.025732407438517554
    ],
    "nn.max_pool2d": [],
    "nn.adaptive_avg_pool2d": [],
    "nn.batch_matmul": [],
    "nn.softmax": [],
    "nn.batch_norm": [
        0.15994463608244888,
        0.14912323974000086,
        0.1637191601327416,
        0.17149796187117097,
        0.138101629513146,
        0.16897723624454075,
        0.150797159101435,
        0.14093416364827877,
        0.1336837952768903,
        0.14281814347859878,
        0.14093088145345242,
        0.2519478392596281,
        0.25184609122001156,
        0.2526928974852076,
        0.29574872921715584,
        0.21812153937935239,
        0.19680368398226417,
        0.1998594073655881,
        0.19692184299601248,
        0.19933425619337344,
        0.23461456838171854,
        0.22737732878963543,
        0.20331555851772573,
        0.26665863647129084,
        0.20384399188476673,
        0.19208060562715867,
        0.14943833044332963,
        0.19124036375161527,
        0.19954431666225936,
        0.14923483436409643,
        0.19093183743793923,
        0.20112305237372963,
        0.18504686211430882,
        0.1984907321230037,
        0.2031153446333189,
        0.13073966651766195,
        0.20227510275777547,
        0.20867538266914146,
        0.2617156510628205,
        0.1964918754737617,
        0.19733211734930514,
        0.1297943944076756,
        0.2061645036269902,
        0.19585841187227784,
        0.1292725254302873,
        0.13085454333658392,
        0.2008998631255384,
        0.12948258589917316,
        0.13295843022026885,
        0.18756430554611278,
        0.27211692646749674,
        0.15626529568211997
    ],
    "multiply": [],
    "add": [
        0.016279686338653964,
        0.02761966946366393,
        0.02615252837628927,
        0.022578218210403345,
        0.024678822899261925,
        0.0215311980608004,
        0.015436162268284192,
        0.015334414228667602,
        0.014494172353124175,
        0.014284111884238315
    ],
    "squeeze": [],
    "reshape": [],
    "transpose": [],
    "latency": 17.163039843241375,
    "batch_size": 1,
    "model_name": "mnasnet1_0",
    "sm_partition": 60
}