{
    "nn.conv2d": [
        0.20574632460382078,
        0.10899787360134573,
        0.1289753513860196,
        0.2655856538669683,
        0.2912827985914494,
        0.06329748120989534,
        0.09656182717746423,
        0.13304533021565354,
        0.09958105983866328,
        0.09497947327586943,
        0.13240731780720907,
        0.09926184581280964,
        0.09532487282728137,
        0.46126426735851445,
        0.05572903303701906,
        0.10891848573814517,
        0.058030034140047405,
        0.10329192288921188,
        0.10685689515450707,
        0.05724571530308668,
        0.10060520483827706,
        0.2237420153113199,
        0.08534985016261785,
        0.21436510330186917,
        0.3478364678619238,
        0.10339874320775927,
        0.40018756810192124,
        0.35309019870409825,
        0.10330522347362248,
        0.3863682608993406,
        0.35068279292578536,
        0.049158544338198225,
        0.13227389631984057,
        0.15090843072230983,
        0.04242886426971341,
        0.16564547824921969,
        0.1494054646839156,
        0.13457531306613177,
        0.23773464575450076,
        1.1341541332735838,
        0.05983932926314753,
        1.595205175638266,
        1.1540518075517943,
        0.05959950310049447,
        1.6202771928954507,
        1.1333290813968657,
        0.0595600169905256,
        1.6105810668601463,
        1.133874405357699,
        0.03307855342908378,
        1.7792586627117126,
        0.27762309840179566
    ],
    "nn.conv2d_transpose": [],
    "nn.dense": [
        0.05086143478601382
    ],
    "nn.layer_norm": [],
    "nn.relu": [
        0.050661510376592465,
        0.05043581608487562,
        0.08828886367409064,
        0.02672045843756922,
        0.033330848889621754,
        0.033810085571665045,
        0.03259973239030331,
        0.0342490048572138,
        0.03334414947403231,
        0.010054826171126931,
        0.014364215520151113,
        0.014125220644023714,
        0.014191307922813725,
        0.014125220644023714,
        0.029314488040892903,
        0.010281351749369425,
        0.013699601942885522,
        0.013579481039927574,
        0.013566180455517007,
        0.013579481039927574,
        0.013673000774064383,
        0.013579481039927574,
        0.01647942408469433,
        0.016266199090862403,
        0.01619969616880956,
        0.005918760062702968,
        0.010932664742224448,
        0.010613866359633638,
        0.010653352469602511,
        0.01050746168434909,
        0.010494161099938523,
        0.010613866359633638,
        0.010480860515527953,
        0.010613866359633638,
        0.00901738058710259
    ],
    "nn.bias_add": [
        0.0021808802000703987
    ],
    "nn.max_pool2d": [],
    "nn.adaptive_avg_pool2d": [],
    "nn.batch_matmul": [],
    "nn.softmax": [],
    "nn.batch_norm": [
        0.17454107536031305,
        0.17338475580311924,
        0.3488190485352545,
        0.28056086498347993,
        0.0938734465534781,
        0.13478645984364954,
        0.11443615005221694,
        0.11515438161038763,
        0.05449000047052203,
        0.1140770342731316,
        0.11577950907768435,
        0.054251005594394636,
        0.11245353168851659,
        0.0451933076107975,
        0.13680690174426743,
        0.05862731350873448,
        0.05705659761849891,
        0.03590908404895788,
        0.05749634819057334,
        0.05748346324942559,
        0.036641447478064804,
        0.10089615512225823,
        0.04430258409855224,
        0.3690608754350884,
        0.055461774419019186,
        0.05445051436055315,
        0.025534212565451648,
        0.05401117943174156,
        0.05413130033469952,
        0.024697522677374326,
        0.05431709287318464,
        0.054316261586658976,
        0.17305140990632936,
        0.0639342466885513,
        0.06196534455252433,
        0.027410841897130292,
        0.061898841630471484,
        0.031267180089669486,
        1.152852261095266,
        0.045844620603652526,
        0.04458148072791135,
        0.02173107671055472,
        0.04498008261696558,
        0.044754388325248744,
        0.021637141333155085,
        0.044754388325248744,
        0.044780989494069876,
        0.021690759314060188,
        0.04487367794168103,
        0.04512680468874466,
        0.2989152558268016,
        0.042612578591884394
    ],
    "multiply": [],
    "add": [
        0.016997731233443673,
        0.016625314869947755,
        0.00867198103569064,
        0.009150802074471104,
        0.005373020458606831,
        0.004389192855487594,
        0.005998147925903548,
        0.003737048576106909,
        0.0036709612973168976,
        0.003843453251391457
    ],
    "squeeze": [],
    "reshape": [],
    "transpose": [],
    "latency": 21.544941266377766,
    "batch_size": 4,
    "model_name": "mnasnet1_3",
    "sm_partition": 5
}