{
    "nn.conv2d": [
        0.05078911535092663,
        0.03320649650218356,
        0.050497453260717,
        0.04597822592610031,
        0.09421606551950895,
        0.05776444449783503,
        0.05658858575520038,
        0.043813786204018254,
        0.057469712280360026,
        0.05078911535092663,
        0.03949411714165026,
        0.054718878250593336,
        0.051673312003351644,
        0.06484108784450043,
        0.0910722551997756,
        0.06543055227945044,
        0.1202507447298008,
        0.07024144170427678,
        0.05629078341046001,
        0.09087576705479228,
        0.0644450414272684,
        0.04165241660920157,
        0.05491843652284204,
        0.10276329982628404,
        0.0999111515967603,
        0.04538569136388493,
        0.15041167498474267,
        0.0945077276097186,
        0.038999826651926556,
        0.14657708603030228,
        0.09274240443213394,
        0.03782089778202656,
        0.19540746018592636,
        0.06424855328228506,
        0.038999826651926556,
        0.22959639741302657,
        0.06091132494483374,
        0.0881249330250256,
        0.17320429980280944,
        0.09529368018965194,
        0.055802633175267034,
        0.32263353406263545,
        0.09028630261984226,
        0.038413432344241924,
        0.32076382655802843,
        0.09214986986991859,
        0.039294558869401565,
        0.3159529371332021,
        0.08822317709751727,
        0.04263485733411825,
        0.397495517301286,
        0.19236189393868458
    ],
    "nn.conv2d_transpose": [],
    "nn.dense": [
        0.04450149471145993
    ],
    "nn.layer_norm": [],
    "nn.relu": [
        0.01738613070375975,
        0.01660324825109178,
        0.03811562999950155,
        0.02888068718528483,
        0.03290869415744319,
        0.02819604880510852,
        0.03064908049013484,
        0.03163459134231688,
        0.026522829445484807,
        0.03045566247241687,
        0.0297679539649752,
        0.020431696951001437,
        0.022203160383116812,
        0.0201400348607918,
        0.025835120938043132,
        0.022399648528100148,
        0.022399648528100148,
        0.022494822473326452,
        0.02288779876329312,
        0.020628185095984772,
        0.02053301115075847,
        0.02053301115075847,
        0.02259613667308348,
        0.023185601108033485,
        0.022494822473326452,
        0.09274240443213394,
        0.022494822473326452,
        0.02210184618335978,
        0.021708869893393115,
        0.09637743511432563,
        0.020431696951001437,
        0.022006672238133483,
        0.019354082280858463,
        0.021810184093150144,
        0.02122071965820014
    ],
    "nn.bias_add": [
        0.022691310618309785
    ],
    "nn.max_pool2d": [],
    "nn.adaptive_avg_pool2d": [],
    "nn.batch_matmul": [],
    "nn.softmax": [],
    "nn.batch_norm": [
        0.1388035237943991,
        0.1329119495721644,
        0.2740948219972211,
        0.27762546835239044,
        0.24490405195813442,
        0.27673820157270007,
        0.25493108760681527,
        0.24786365464194593,
        0.24284706669034017,
        0.238711605263894,
        0.3267567149800202,
        0.24254619421833445,
        0.23498140063647602,
        0.24353170507051644,
        0.2858779704416904,
        0.24972722189202226,
        0.26219500871666784,
        0.19106630023270077,
        0.18330194837859365,
        0.18428745923077572,
        0.19598464411181485,
        0.20423407607384952,
        0.19303732193706485,
        0.27702986366290966,
        0.1989319662865649,
        0.1857641904454161,
        0.1858624345179077,
        0.1807476024938103,
        0.18644575869832702,
        0.1794827100604801,
        0.19206102146667892,
        0.18557077242769812,
        0.21779789833223037,
        0.2089467214261842,
        0.1872378515327911,
        0.16935743033930759,
        0.18958956901806034,
        0.2575775373095595,
        0.26691072419626793,
        0.20325163534893287,
        0.228497291852026,
        0.14892266326104084,
        0.1927364494650591,
        0.2581700718717749,
        0.15373662281313252,
        0.18841371027542575,
        0.1861540966081174,
        0.14735075810117418,
        0.16542459731237558,
        0.17132231178914098,
        0.30651229579220585,
        0.16679387407272822
    ],
    "multiply": [],
    "add": [
        0.02819604880510852,
        0.028782443112793158,
        0.024263215778176462,
        0.022203160383116812,
        0.023185601108033485,
        0.021119405458443107,
        0.023283845180525155,
        0.02436145985066813,
        0.022691310618309785,
        0.019056279936118095
    ],
    "squeeze": [],
    "reshape": [],
    "transpose": [],
    "latency": 16.910184224446613,
    "batch_size": 1,
    "model_name": "mnasnet0_75",
    "sm_partition": 100
}