{
    "nn.conv2d": [
        0.26811513692790445,
        0.26426944240945094,
        0.16422317373333528,
        0.2159579050213786,
        0.3562055769912303,
        0.11050362842868773,
        0.17419606611004745,
        0.14511300131424276,
        0.13261637190979544,
        0.17203286294341738,
        0.14246908633280597,
        0.1257662285488001,
        0.1719126849897157,
        0.16884814717032304,
        0.0754116659477994,
        0.1149502127156496,
        0.3193729119621943,
        0.10731703487506682,
        0.10821836952782936,
        0.3142634711493466,
        0.10593686618802418,
        0.19132330229306238,
        0.11026327252128437,
        0.1400073160624483,
        0.12312231356736332,
        0.08706704967633502,
        0.24029394064596726,
        0.12378329231272255,
        0.08268243214675057,
        0.23663039083859289,
        0.1240818594164501,
        0.05924773117492446,
        0.13543867604125814,
        0.17041046056844483,
        0.1004687692945981,
        0.1730562533304082,
        0.1753997234275908,
        0.11200397506943205,
        0.11338789931752787,
        0.2077876819501915,
        0.09211640151233186,
        0.2177605743269037,
        0.20772759297334067,
        0.0833415331115832,
        0.21698129540836944,
        0.20989079613997078,
        0.0843630457180474,
        0.21649870581303615,
        0.21054989710480337,
        0.06940089048218921,
        0.2729823440528221,
        0.30488959076061617
    ],
    "nn.conv2d_transpose": [],
    "nn.dense": [
        0.1215600001692416
    ],
    "nn.layer_norm": [],
    "nn.relu": [
        0.08346171106528487,
        0.08424286776434572,
        0.1386853585717299,
        0.040738448524340345,
        0.06501439517207815,
        0.06531671783685893,
        0.06681706447760323,
        0.06687715345445407,
        0.06681706447760323,
        0.02307416711072109,
        0.027038161802349685,
        0.02709825077920053,
        0.0267395946986221,
        0.0267395946986221,
        0.040738448524340345,
        0.017786337147847504,
        0.027580840374533806,
        0.02716021753657795,
        0.02649923879121875,
        0.02649923879121875,
        0.026439149814367922,
        0.02625888288381541,
        0.030344933309672275,
        0.02908118701527812,
        0.029141275992128957,
        0.013940642629393993,
        0.019589006453372595,
        0.01868767180061005,
        0.019406861742293495,
        0.01868767180061005,
        0.01868767180061005,
        0.0187458829969343,
        0.0187458829969343,
        0.01868767180061005,
        0.02457639153199199
    ],
    "nn.bias_add": [
        0.009492180561905527
    ],
    "nn.max_pool2d": [],
    "nn.adaptive_avg_pool2d": [],
    "nn.batch_matmul": [],
    "nn.softmax": [],
    "nn.batch_norm": [
        0.30367842232096653,
        0.30771001711155227,
        0.38600032060661205,
        0.49686448289640484,
        0.18530126014429266,
        0.2861324410805223,
        0.2507381559348532,
        0.24851674157189887,
        0.1460669138217498,
        0.24827450788396896,
        0.25302341483571156,
        0.1462490585328289,
        0.24875521969877568,
        0.12587701759986886,
        0.19918181379683578,
        0.14065702812464798,
        0.1417930853432341,
        0.09847456637536095,
        0.1375962458663085,
        0.14149451823950648,
        0.09847644415588756,
        0.1815776213600674,
        0.1081488916483456,
        0.20032725991805483,
        0.14366147696718976,
        0.1389801701144043,
        0.08501651334130025,
        0.13831168024693874,
        0.13873793642647436,
        0.08441562357279188,
        0.13795677972741352,
        0.1369333893404227,
        0.2473130842543556,
        0.15057358708556254,
        0.14498343445790815,
        0.08657882673942201,
        0.14642369212180165,
        0.09445236048740811,
        0.2810868448055787,
        0.11992820889163608,
        0.11482252363984158,
        0.07972680559790007,
        0.11367895529914909,
        0.11313815450749158,
        0.07900198231463686,
        0.11373528871494676,
        0.11535956887044593,
        0.0784029703266551,
        0.11337475485384176,
        0.11271565388900914,
        0.38053222371318596,
        0.1354931316765292
    ],
    "multiply": [],
    "add": [
        0.03575106344572094,
        0.035330440607765086,
        0.018026693055250852,
        0.0180849042515751,
        0.012558596161824762,
        0.011957706393316399,
        0.012979218999780617,
        0.010994404983176432,
        0.009972892376712216,
        0.00991468118038797
    ],
    "squeeze": [],
    "reshape": [],
    "transpose": [],
    "latency": 16.9131072362264,
    "batch_size": 4,
    "model_name": "mnasnet0_75",
    "sm_partition": 10
}