{
    "nn.conv2d": [
        0.1230417670827835,
        0.07918288179468998,
        0.121567454310811,
        0.11530162502992787,
        0.07481945349951613,
        0.059953466382126716,
        0.09595318957587724,
        0.0745756543822759,
        0.07076701305468025,
        0.09373980073982996,
        0.07346991980329652,
        0.07002793699060549,
        0.09545983230713122,
        0.07967239970725898,
        0.06695837172708462,
        0.07402086741469771,
        0.060936341563441715,
        0.08207007763980281,
        0.07395943771586551,
        0.056636262645188576,
        0.07998146787950841,
        0.15160657703975078,
        0.08010432727717279,
        0.09877895572215786,
        0.16168296732631807,
        0.08237530645587524,
        0.19743505204665135,
        0.16156010792865372,
        0.06947506970111582,
        0.19688026507907314,
        0.1596538675867674,
        0.04981948575290425,
        0.3019250500821141,
        0.19307162375147752,
        0.06548213927702361,
        0.24123250763591267,
        0.18195284826285152,
        0.10627337897968477,
        0.19288733465498098,
        0.6659574453616586,
        0.13575963441913486,
        0.3669195911246573,
        0.660183053671433,
        0.13041525062073456,
        0.37963553878292006,
        0.6741295149844281,
        0.1476750763144908,
        0.38024983577124205,
        0.6913279109793521,
        0.09884038542099007,
        0.4193172045504249,
        0.2839894977012039
    ],
    "nn.conv2d_transpose": [],
    "nn.dense": [
        0.08440248651733742
    ],
    "nn.layer_norm": [],
    "nn.relu": [
        0.05590102593729083,
        0.0545495725629827,
        0.07561803958433458,
        0.028994817848792605,
        0.04091217942223702,
        0.04011359333741858,
        0.040052163638586394,
        0.03992930424092202,
        0.04060503092807609,
        0.016278870190529746,
        0.021438964892433514,
        0.021008957000608203,
        0.021008957000608203,
        0.020577029430694383,
        0.035383506527340125,
        0.01437454952673193,
        0.0219899125038347,
        0.020517519409950703,
        0.020517519409950703,
        0.02045608971111851,
        0.021131816398272572,
        0.021008957000608203,
        0.025124746822364773,
        0.0240190122433854,
        0.02407852226412908,
        0.012470228862934108,
        0.01633838021127343,
        0.015787432599872246,
        0.015603143503375683,
        0.03169580491932036,
        0.028933388149960413,
        0.02874909905346386,
        0.029975773352019106,
        0.028441950559302917,
        0.03255774038105949
    ],
    "nn.bias_add": [
        0.02807145268822128
    ],
    "nn.max_pool2d": [],
    "nn.adaptive_avg_pool2d": [],
    "nn.batch_matmul": [],
    "nn.softmax": [],
    "nn.batch_norm": [
        0.2315842055630822,
        0.2265469702588428,
        0.2498825771027201,
        0.2896256725690571,
        0.14330780866313997,
        0.19128248377299006,
        0.1844618675245287,
        0.17813652822290188,
        0.111423875291146,
        0.1790579737053847,
        0.17819987759982256,
        0.10982862279959762,
        0.1801003589074434,
        0.10233227986398222,
        0.15361839967650492,
        0.12278453021892372,
        0.11762251583893144,
        0.08961633220571935,
        0.11713299792636245,
        0.11657821095878425,
        0.0890020352173975,
        0.16824634671091965,
        0.0984007791387222,
        0.23728948884212167,
        0.12499407969879398,
        0.11916209766591317,
        0.08101617436921306,
        0.12002019377147528,
        0.11965161557848214,
        0.08150761195987058,
        0.11959018587964995,
        0.11879543915100854,
        0.2704020161907593,
        0.13464046209353595,
        0.12880464070447814,
        0.08383618148122819,
        0.12819610275042176,
        0.08906154523814117,
        0.7399053650089931,
        0.10614092119157785,
        0.10141083438149939,
        0.08058424679929925,
        0.10091555743466488,
        0.17033303679312553,
        0.17898886529419847,
        0.11480442840500482,
        0.22758359642663592,
        0.18483236539561032,
        0.12972800586504943,
        0.2407929013536448,
        0.4334345172132971,
        0.21462576932922137
    ],
    "multiply": [],
    "add": [
        0.020517519409950703,
        0.019596073927467882,
        0.013391674345416923,
        0.012898317076670917,
        0.01105734578979379,
        0.010565908199136286,
        0.011915441895355912,
        0.010135900307310975,
        0.029975773352019106,
        0.026719999313913157
    ],
    "squeeze": [],
    "reshape": [],
    "transpose": [],
    "latency": 17.14871088663737,
    "batch_size": 1,
    "model_name": "mnasnet1_0",
    "sm_partition": 5
}