{
    "nn.conv2d": [
        0.16477240906298404,
        0.15874465715461655,
        0.11342427694425614,
        0.11830467745489302,
        0.20415095015079737,
        0.07085587726033662,
        0.11005705001613361,
        0.08974837600026365,
        0.08087995939944709,
        0.1058888942137498,
        0.08957100766824733,
        0.08025917023738993,
        0.10872678752601113,
        0.10154059869916195,
        0.08815206101211667,
        0.08283101105162675,
        0.21399212119751604,
        0.0780420660871858,
        0.0795496969093246,
        0.19998002296822587,
        0.08442455465958597,
        0.1269929543435055,
        0.08079127523343893,
        0.1667234607151637,
        0.11484322360038679,
        0.0666904928381406,
        0.2899057673005058,
        0.11209401445413367,
        0.060125093173348576,
        0.2790862990475096,
        0.1103231025141581,
        0.05117076378671159,
        0.17780898146618443,
        0.11697441496477051,
        0.07245219224848361,
        0.20654542263301787,
        0.11236006695215817,
        0.0814120643954961,
        0.15829846494438798,
        0.14561940058540804,
        0.07768455804296537,
        0.29265497644675903,
        0.13949742175065685,
        0.06465075701995276,
        0.2881348553605303,
        0.14153992894903242,
        0.061455355663471066,
        0.2884895920245629,
        0.13665952843839554,
        0.05915233872744651,
        0.3503911398982626,
        0.2415756682062433
    ],
    "nn.conv2d_transpose": [],
    "nn.dense": [
        0.08735390351804319
    ],
    "nn.layer_norm": [],
    "nn.relu": [
        0.05666641069903011,
        0.054363393763005564,
        0.08815206101211667,
        0.029265774782694674,
        0.04442799578990325,
        0.041770242189846034,
        0.043189188845976674,
        0.04274576801593585,
        0.041770242189846034,
        0.01951051652179645,
        0.021372884007967927,
        0.0209294631779271,
        0.0209294631779271,
        0.02935168756851508,
        0.03866629637956024,
        0.026250513138417038,
        0.029531827280719167,
        0.029440371734523248,
        0.030950773936849817,
        0.028376161742425264,
        0.028376161742425264,
        0.0245655139842619,
        0.029531827280719167,
        0.030596037272817154,
        0.027666688414359937,
        0.02358721677798431,
        0.02341261982615574,
        0.02270037511790266,
        0.0237673564901884,
        0.021902217623829167,
        0.02225695428786183,
        0.021636165125804668,
        0.0237673564901884,
        0.021902217623829167,
        0.025895776474384374
    ],
    "nn.bias_add": [
        0.013831958517086091
    ],
    "nn.max_pool2d": [],
    "nn.adaptive_avg_pool2d": [],
    "nn.batch_matmul": [],
    "nn.softmax": [],
    "nn.batch_norm": [
        0.2448348113070434,
        0.23907865465707587,
        0.27445532275377077,
        0.3556983329578137,
        0.1691068476766332,
        0.22887997556613687,
        0.2127422287328384,
        0.2007698663217361,
        0.14391777315012635,
        0.2040484090838504,
        0.20449182991389128,
        0.1426734234458243,
        0.2010331474395728,
        0.1351408120955057,
        0.19128343193905012,
        0.14436119398016722,
        0.1391260568054977,
        0.12156659193588085,
        0.13850803902362824,
        0.17948843785996407,
        0.18470694675350707,
        0.24422787904592502,
        0.19518276386322161,
        0.26496888837108473,
        0.22453722281192448,
        0.24208560216079023,
        0.17318909069319657,
        0.20901472238030772,
        0.2094553718301608,
        0.15740330914374304,
        0.20732972322615253,
        0.20476619655247902,
        0.24927733374801495,
        0.19961697216362992,
        0.1947310288926175,
        0.13628816349323636,
        0.178504597893311,
        0.1706948485242169,
        0.2809403523931179,
        0.17576093150743335,
        0.17584684429325376,
        0.13789002124175884,
        0.18329631423793966,
        0.1730976351470006,
        0.12307699413820743,
        0.15854788916128598,
        0.17415075961834758,
        0.10995173756899891,
        0.16512160296664122,
        0.1670643404782576,
        0.34559110941307053,
        0.15669383581567772
    ],
    "multiply": [],
    "add": [
        0.02669116258827011,
        0.02580709230837621,
        0.017113272659388216,
        0.02403063760802514,
        0.026336425924237447,
        0.022171041502041418,
        0.022171041502041418,
        0.019865253185829112,
        0.018889727359739285,
        0.012593151573159524
    ],
    "squeeze": [],
    "reshape": [],
    "transpose": [],
    "latency": 17.14540958404541,
    "batch_size": 4,
    "model_name": "mnasnet0_75",
    "sm_partition": 30
}