{
    "nn.conv2d": [
        0.07459063263782607,
        0.10061406565981344,
        0.05249684700375777,
        0.058849683783800434,
        0.09364075823957303,
        0.04534466516472161,
        0.05777364235823228,
        0.044358060948551326,
        0.04731228377147482,
        0.05276795354474507,
        0.0921203256798092,
        0.0553588377044897,
        0.06305323262550046,
        0.06054619584956634,
        0.05339401401053018,
        0.05714758189244716,
        0.048653841912442916,
        0.07431952609683877,
        0.05339401401053018,
        0.04391366981435564,
        0.07002933495853456,
        0.08281885590243039,
        0.05419894889511103,
        0.16295459552292463,
        0.092475279604607,
        0.07933080473591335,
        0.23396494487204206,
        0.08612523773735802,
        0.05205245586956208,
        0.2592756751316401,
        0.08899002335088362,
        0.055179963285693946,
        0.4266126939150605,
        0.09167313963281981,
        0.047577800486874745,
        0.3055147123903405,
        0.08719848425013249,
        0.0662701772510302,
        0.2701870146781806,
        0.2334311165284485,
        0.07342794891565373,
        0.5122068982216187,
        0.2183134332274143,
        0.06770396751418985,
        0.5054991075167782,
        0.21750849834283342,
        0.06421312143487913,
        0.5046047354227995,
        0.21724298162743352,
        0.05357288842932592,
        0.3839511450322751,
        0.13174100944306694
    ],
    "nn.conv2d_transpose": [],
    "nn.dense": [
        0.06474974469126638
    ],
    "nn.layer_norm": [],
    "nn.relu": [
        0.05231797258496202,
        0.05249684700375777,
        0.0787941814795261,
        0.0186001446419639,
        0.026202307440783102,
        0.022985362815253357,
        0.042840423301581165,
        0.03255514422082577,
        0.03094247953887037,
        0.028798781426115104,
        0.027010037238157647,
        0.02459243767162139,
        0.027099474447555515,
        0.023519191158846913,
        0.03273122372682784,
        0.023787502787040532,
        0.027010037238157647,
        0.02495018650921288,
        0.027814972122738504,
        0.025042418631404446,
        0.026202307440783102,
        0.023343111652844854,
        0.027991051628740566,
        0.02280369348366393,
        0.023787502787040532,
        0.029600921397902276,
        0.023969172118629964,
        0.022985362815253357,
        0.023700860490436345,
        0.020928306999102284,
        0.01448603300966174,
        0.019050125601746945,
        0.014578265131853297,
        0.019318437229940567,
        0.021641009761491584
    ],
    "nn.bias_add": [
        0.014399390713057552
    ],
    "nn.max_pool2d": [],
    "nn.adaptive_avg_pool2d": [],
    "nn.batch_matmul": [],
    "nn.softmax": [],
    "nn.batch_norm": [
        0.23806787685316955,
        0.23090451536295864,
        0.1861887055768158,
        0.31435781646955513,
        0.1362827427328027,
        0.16901676137242416,
        0.1567582738593282,
        0.14987719856127937,
        0.12295939344531326,
        0.168656217622039,
        0.2385234476385399,
        0.20274576896659705,
        0.22043756695061376,
        0.20569160705113948,
        0.23458262059944612,
        0.21159446287139907,
        0.1924632847986353,
        0.1903978442441032,
        0.19684291314633737,
        0.1915633228790692,
        0.19085062011667991,
        0.22813755169721192,
        0.1884358154629374,
        0.26203704897179947,
        0.21105783961501187,
        0.19808664933952658,
        0.16231735540596476,
        0.19916548567788842,
        0.19809223916511398,
        0.1708949427697795,
        0.20085640791806697,
        0.18985842607492226,
        0.20721203961090331,
        0.2175029085172461,
        0.1962979051515691,
        0.14362777355460302,
        0.19594015631397765,
        0.1988859943985201,
        0.36963560170302806,
        0.17966537911635844,
        0.18736256895016287,
        0.11249523994576213,
        0.19933877027109678,
        0.17358644379009677,
        0.1115980729389897,
        0.11795090971903238,
        0.16633923491607536,
        0.11061985346120047,
        0.12001076044797712,
        0.15784549493607108,
        0.23709245228817397,
        0.1440637799504176
    ],
    "multiply": [],
    "add": [
        0.018957893479555392,
        0.029514279101298092,
        0.024416358165619326,
        0.02181988418028733,
        0.024503000462223517,
        0.020299451620523483,
        0.023343111652844854,
        0.013323349287489392,
        0.012700083734497963,
        0.012250102774714916
    ],
    "squeeze": [],
    "reshape": [],
    "transpose": [],
    "latency": 17.246864636739094,
    "batch_size": 4,
    "model_name": "mnasnet1_0",
    "sm_partition": 100
}