{
    "nn.conv2d": [
        0.05197346849662587,
        0.04977611499897379,
        0.05899452050700743,
        0.0474674201914556,
        0.0413927693149361,
        0.06863536804365078,
        0.049144089328263134,
        0.04621319308325778,
        0.056689100443897064,
        0.04432366555994146,
        0.04117991092842733,
        0.0537582041988917,
        0.04181193659913799,
        0.04778507039901484,
        0.05396778784099264,
        0.06360863537763599,
        0.048305754759859376,
        0.05522201494919046,
        0.05050965774632709,
        0.03960803361267026,
        0.04893778043057003,
        0.05878821160931432,
        0.09064492520865754,
        0.1102377210006878,
        0.05637799972515348,
        0.03510198530750001,
        0.14807084314431573,
        0.0515575759568318,
        0.031224687928632575,
        0.14377110373683855,
        0.053024661451538405,
        0.03217108906249464,
        0.16410399176503782,
        0.06695869890684324,
        0.039716100178128565,
        0.28419214394446995,
        0.06402452791743003,
        0.09169284341916224,
        0.180343449283453,
        0.060566397822764496,
        0.043279022093844585,
        0.3283127753511262,
        0.052811803065029625,
        0.038458598325522904,
        0.32055818059339125,
        0.05459653876729548,
        0.036572345546614426,
        0.3195069876384787,
        0.056479516801796116,
        0.036991512830816316,
        0.2555839767976913,
        0.20099071277480363
    ],
    "nn.conv2d_transpose": [],
    "nn.dense": [
        0.052707011243979154
    ],
    "nn.layer_norm": [],
    "nn.relu": [
        0.05438368038078669,
        0.029656085357283334,
        0.03458130094665548,
        0.02954801879182503,
        0.029760877178333804,
        0.030599211746737572,
        0.027976141476067966,
        0.029656085357283334,
        0.027245873473122496,
        0.028709684223421267,
        0.030281561539178332,
        0.028814476044471737,
        0.03091358720988898,
        0.023994052276150063,
        0.02441321956035195,
        0.027665040757324382,
        0.025985096876109014,
        0.022946134065645354,
        0.023263784273204594,
        0.023365301349847236,
        0.024311702483709306,
        0.023365301349847236,
        0.023682951557406476,
        0.023365301349847236,
        0.020535922181484517,
        0.026093163441567313,
        0.024937178665604305,
        0.022422174960393,
        0.02315571770774629,
        0.02179342403409017,
        0.023994052276150063,
        0.02661712254681967,
        0.021272739673245646,
        0.022422174960393,
        0.02410211884160836
    ],
    "nn.bias_add": [
        0.017392167549970382
    ],
    "nn.max_pool2d": [],
    "nn.adaptive_avg_pool2d": [],
    "nn.batch_matmul": [],
    "nn.softmax": [],
    "nn.batch_norm": [
        0.18388672273272202,
        0.25745713059896846,
        0.28910753530061856,
        0.27685016698212134,
        0.25976582540648663,
        0.28364526162836273,
        0.27516694835649813,
        0.25892749083808286,
        0.25588197853880357,
        0.2518049217510586,
        0.25525977710131637,
        0.25379596635101764,
        0.24603482210446712,
        0.247079465570564,
        0.29759567280570676,
        0.2690857479911629,
        0.3629726701635694,
        0.25945144994333524,
        0.2510648295148897,
        0.2024381498030633,
        0.2025396668797059,
        0.21763623859978942,
        0.19720510823935541,
        0.24006823779340591,
        0.21710900475012926,
        0.20023752156100344,
        0.18609062571918977,
        0.19710359116271273,
        0.2034958922467915,
        0.18577625025603836,
        0.20275907475503038,
        0.20369237691126113,
        0.2289504805288325,
        0.2165981446225082,
        0.20453726096848054,
        0.15560275528231834,
        0.19479817109960243,
        0.1929119183206939,
        0.22601303479501147,
        0.22183118618621608,
        0.19866891898965416,
        0.1496328962268493,
        0.20862086724504106,
        0.19971356245575103,
        0.14187502672470664,
        0.20369892640007678,
        0.20265100818957207,
        0.13810252116688965,
        0.1981482346288096,
        0.19846588483636887,
        0.33856927483644095,
        0.18263249562452424
    ],
    "multiply": [],
    "add": [
        0.031119896107582104,
        0.027665040757324382,
        0.033742966378251714,
        0.02284461698900271,
        0.024937178665604305,
        0.023263784273204594,
        0.02357488499194818,
        0.02462280320245289,
        0.0257787879784159,
        0.023365301349847236
    ],
    "squeeze": [],
    "reshape": [],
    "transpose": [],
    "latency": 17.169055938720703,
    "batch_size": 1,
    "model_name": "mnasnet0_5",
    "sm_partition": 100
}