{
    "nn.conv2d": [
        0.06498752208354859,
        0.04410164750868214,
        0.05367087291150939,
        0.08637006025948568,
        0.1022658958267365,
        0.04926070816064118,
        0.04759389471411611,
        0.06723160945383116,
        0.05233950242068124,
        0.0447673327540962,
        0.04551362832219713,
        0.06265502339160943,
        0.058494490607771496,
        0.22183960803423877,
        0.07155856354902261,
        0.062407991757569066,
        0.04767710536979286,
        0.09344556632500006,
        0.061159831922417675,
        0.04301730865189437,
        0.0915291209114447,
        0.08720216681625326,
        0.050090214384418866,
        0.1595148269323465,
        0.10675667090029158,
        0.04568004963355065,
        0.26935029209267813,
        0.09985278681211048,
        0.043766204552985195,
        0.2656084129202139,
        0.10076810402455484,
        0.03153683850149156,
        0.5154874115845305,
        0.11948790121883567,
        0.03694553112048088,
        0.5083338955293192,
        0.1117493102408971,
        0.10717532451166527,
        0.3215259735349958,
        0.2459680978475089,
        0.038690354556702916,
        0.6290699565833062,
        0.24289190392045876,
        0.03494587505124877,
        0.6246623921654278,
        0.24413746342262024,
        0.02712667375062335,
        0.6245765811767613,
        0.24430648506696367,
        0.023631826212199485,
        0.6293221888833263,
        0.33051012401509583
    ],
    "nn.conv2d_transpose": [],
    "nn.dense": [
        0.039023197179409955
    ],
    "nn.layer_norm": [],
    "nn.relu": [
        0.027623337351694005,
        0.027043463094946592,
        0.060907599622397494,
        0.01647310949100833,
        0.01830634424888692,
        0.01705818441373554,
        0.01705818441373554,
        0.027709148340360663,
        0.02646098850520928,
        0.026793831127916317,
        0.02654419916088604,
        0.025293438992744763,
        0.026793831127916317,
        0.02429751145761355,
        0.02712667375062335,
        0.025462460637088177,
        0.021216116864583582,
        0.020469821296482654,
        0.020053768018098852,
        0.018220533260220266,
        0.018886218505634336,
        0.018386954571573782,
        0.023795647190563103,
        0.019052639816987852,
        0.020633642274846268,
        0.018553375882927305,
        0.020053768018098852,
        0.018972029494300997,
        0.01972092539539182,
        0.01921906112834137,
        0.012978261952584464,
        0.017973501626179892,
        0.012395787362847155,
        0.017224605725089055,
        0.01248159835151381
    ],
    "nn.bias_add": [
        0.013477525886645017
    ],
    "nn.max_pool2d": [],
    "nn.adaptive_avg_pool2d": [],
    "nn.batch_matmul": [],
    "nn.softmax": [],
    "nn.batch_norm": [
        0.15950702593337682,
        0.1530998054462664,
        0.19577907080947393,
        0.2537768978161748,
        0.11964652153121948,
        0.14959715690887285,
        0.1298814321794608,
        0.1199819644869164,
        0.11099001300784667,
        0.12122232332309808,
        0.1663224986999013,
        0.19836380180143326,
        0.2107569888312905,
        0.18345609277034391,
        0.24488115865773127,
        0.2135861511243003,
        0.19835860113545345,
        0.19653316737654455,
        0.2044381796658366,
        0.1961977244208476,
        0.20036085753767546,
        0.30403613384493705,
        0.19869404409115038,
        0.26468529470879987,
        0.1607473847695585,
        0.16141567034796245,
        0.10641342694562493,
        0.14810716610566083,
        0.15941861461172027,
        0.1163961052938461,
        0.1496803675645496,
        0.15833947642091228,
        0.2162462917729667,
        0.137115558557359,
        0.163737767707942,
        0.10316301070825155,
        0.13378713233028866,
        0.14918630429646879,
        0.3434753843027308,
        0.12972021153408705,
        0.16366495838422485,
        0.10324622136392829,
        0.16490791755339643,
        0.1550916605165288,
        0.10166781923905979,
        0.10924258923863474,
        0.12238467216958282,
        0.10333203235259496,
        0.10766418711376623,
        0.12089208103338094,
        0.4282644421043581,
        0.11190272988730111
    ],
    "multiply": [],
    "add": [
        0.014977918021816573,
        0.02296614096678541,
        0.025709492271128558,
        0.02912112915387566,
        0.015810024578584162,
        0.017973501626179892,
        0.012148755728806774,
        0.012395787362847155,
        0.011064416872019015,
        0.01123083818337253
    ],
    "squeeze": [],
    "reshape": [],
    "transpose": [],
    "latency": 17.156591415405273,
    "batch_size": 2,
    "model_name": "mnasnet1_3",
    "sm_partition": 80
}