{
    "nn.conv2d": [
        0.054952174660843706,
        0.030967829911759333,
        0.031909606492260066,
        0.05672818931957346,
        0.1100151465664522,
        0.06861608193433702,
        0.050885264029477226,
        0.049428606135069525,
        0.057037769856416266,
        0.046821612140603826,
        0.04640449310148932,
        0.05453831436422228,
        0.04577555580032447,
        0.053075138984828414,
        0.05797628769442391,
        0.06465345106274915,
        0.04828152877750462,
        0.057037769856416266,
        0.05484789490106508,
        0.0406691063136648,
        0.05244946042615664,
        0.0704931176103523,
        0.09593737899633746,
        0.11793714956713484,
        0.06684006727560726,
        0.04306754078857323,
        0.14484132759002077,
        0.05557785321951548,
        0.033679103666003664,
        0.14192475305871227,
        0.055268272682672676,
        0.030345410095580654,
        0.16371596410995234,
        0.06767430535383628,
        0.05203560012953521,
        0.2874992977096765,
        0.06308925466606975,
        0.09218004890181379,
        0.1777937316800671,
        0.06829998391250804,
        0.0474472906992756,
        0.31972174348127247,
        0.06006514163248955,
        0.04306754078857323,
        0.31565157410741285,
        0.059022344034703265,
        0.045048856224367155,
        0.3151301753085198,
        0.05964476385088195,
        0.04192046343100833,
        0.24391035812221018,
        0.19990429949562927
    ],
    "nn.conv2d_transpose": [],
    "nn.dense": [
        0.057037769856416266
    ],
    "nn.layer_norm": [],
    "nn.relu": [
        0.01845425873832402,
        0.017623279402588076,
        0.034617621504011306,
        0.030032570816244775,
        0.03128392793358831,
        0.027839437118400506,
        0.02909079423574404,
        0.02909079423574404,
        0.029716472794415805,
        0.03138494895087385,
        0.03294914534755327,
        0.02679989826310731,
        0.030133591833530315,
        0.02700519904017149,
        0.03159676721292419,
        0.030654990632423457,
        0.03128392793358831,
        0.0285693954368509,
        0.024192904268641624,
        0.022104050330575983,
        0.022416889609911866,
        0.02283400864902638,
        0.025023883604377566,
        0.02106125273278971,
        0.024192904268641624,
        0.023042568168583636,
        0.02345968720769815,
        0.021269812252346965,
        0.02325112768814089,
        0.022312609850133242,
        0.02283400864902638,
        0.020751672195946907,
        0.021794469793733184,
        0.0203345531568324,
        0.023775785229527113
    ],
    "nn.bias_add": [
        0.017724300419873624
    ],
    "nn.max_pool2d": [],
    "nn.adaptive_avg_pool2d": [],
    "nn.batch_matmul": [],
    "nn.softmax": [],
    "nn.batch_norm": [
        0.1496219028273722,
        0.14096668276574617,
        0.26412433780679856,
        0.28372241516019436,
        0.2504669480182914,
        0.27695400700206285,
        0.27695400700206285,
        0.2477491567790609,
        0.24598617709030351,
        0.2524482634540854,
        0.2527448090209558,
        0.24232660927057223,
        0.24524970128686688,
        0.25526055822561516,
        0.28862682261228295,
        0.26224404338829016,
        0.24045609107954308,
        0.2475373385170105,
        0.2458721211030456,
        0.22960121983508658,
        0.2361741034436332,
        0.4567257953754308,
        0.2469084012158457,
        0.2855082060464033,
        0.26287623943194804,
        0.24692143618581797,
        0.18915696675344448,
        0.19363447893893926,
        0.19582109515179735,
        0.17642180109047956,
        0.19468053527921866,
        0.1985323689060417,
        0.2185540827835382,
        0.21271767497842817,
        0.19447197575966138,
        0.14712570607767134,
        0.19395709444575437,
        0.18935249130302936,
        0.22428621082886965,
        0.21062882104036257,
        0.19561905311722633,
        0.14233209587034754,
        0.20248848229264335,
        0.19070486943765846,
        0.12866167111186808,
        0.19196274403998817,
        0.189140673040979,
        0.13659345034002993,
        0.19123278572153773,
        0.1878893159236355,
        0.334307874880308,
        0.1679783992909038
    ],
    "multiply": [],
    "add": [
        0.02961545177713026,
        0.027839437118400506,
        0.029716472794415805,
        0.02544100264349207,
        0.02648705898377143,
        0.02325112768814089,
        0.02544100264349207,
        0.026382779223992802,
        0.014491627866736167,
        0.02147837177190422
    ],
    "squeeze": [],
    "reshape": [],
    "transpose": [],
    "latency": 17.13419755299886,
    "batch_size": 2,
    "model_name": "mnasnet0_5",
    "sm_partition": 100
}