{
    "nn.conv2d": [
        0.12548655148900825,
        0.07046781385954716,
        0.09150606690127894,
        0.16123625908405803,
        0.18392614327159648,
        0.050286556050968594,
        0.07246509381040939,
        0.07388866801267427,
        0.07149585180035672,
        0.07081168096973128,
        0.06328402013798022,
        0.07086869520561676,
        0.07160988027212763,
        0.2724692516017033,
        0.04863136151541909,
        0.0726931507539512,
        0.04315977656528711,
        0.07189495145155488,
        0.07326329311280573,
        0.040478325783799445,
        0.06773113053704546,
        0.1436188601954534,
        0.05815273890828955,
        0.12742681720398508,
        0.2143717452344278,
        0.06636457057066603,
        0.22737277271118228,
        0.21334727068336112,
        0.06510847568631468,
        0.22634473477037273,
        0.21505769775992464,
        0.03540584048486564,
        0.3485280239677676,
        0.11191894504314213,
        0.03318228528533301,
        0.34436420305325816,
        0.10689991059035095,
        0.11630725951145049,
        0.23592312639912866,
        0.6545804422008735,
        0.04281769114997439,
        0.8957506599963352,
        0.6538962713702481,
        0.041506363724608995,
        0.8947796362914112,
        0.6531533046088659,
        0.04173263897327938,
        0.8951787359426092,
        0.6527542049576677,
        0.027422065766030953,
        0.9605170502673369,
        0.2405430612007217
    ],
    "nn.conv2d_transpose": [],
    "nn.dense": [
        0.038140742112495914
    ],
    "nn.layer_norm": [],
    "nn.relu": [
        0.04173263897327938,
        0.04042131154791399,
        0.06265686354324025,
        0.01949886867282456,
        0.023488083489934773,
        0.023147779769493487,
        0.022632869951652996,
        0.0228609268951948,
        0.02297673706183713,
        0.012657160366570329,
        0.016591142642666507,
        0.015963986047926544,
        0.016135028755582894,
        0.016135028755582894,
        0.02160839540058628,
        0.011801946828288548,
        0.015108772509644758,
        0.014652658622561146,
        0.014707891163575177,
        0.014481615914904787,
        0.014935948107116985,
        0.014935948107116985,
        0.0169314463631078,
        0.016591142642666507,
        0.017446356180948287,
        0.010262562459381347,
        0.012429103423028522,
        0.011515093953989869,
        0.011573889884746743,
        0.011971207841073484,
        0.011573889884746743,
        0.011915975300059452,
        0.011971207841073484,
        0.011971207841073484,
        0.011573889884746743
    ],
    "nn.bias_add": [
        0.009521377392870473
    ],
    "nn.max_pool2d": [],
    "nn.adaptive_avg_pool2d": [],
    "nn.batch_matmul": [],
    "nn.softmax": [],
    "nn.batch_norm": [
        0.1746827102786676,
        0.1703460649616304,
        0.26442668095211175,
        0.2475486854351467,
        0.11190647317904219,
        0.15239192574232732,
        0.12427856236618526,
        0.12062965126951633,
        0.09161296859356416,
        0.1196033950235782,
        0.11937355638516498,
        0.09132255232952263,
        0.11937711977490781,
        0.08750794360981161,
        0.14475023643880533,
        0.10278954052198414,
        0.09953794738164197,
        0.07981458515501844,
        0.0971968003205956,
        0.09788453454096385,
        0.0783233065476396,
        0.1194893665518073,
        0.08517214163337948,
        0.28243427101755747,
        0.10073346464036503,
        0.0953776898568754,
        0.07404723885623068,
        0.09674424982325482,
        0.09554160578504606,
        0.07393677377420263,
        0.09754244912565113,
        0.09622755831054292,
        0.18118055147473772,
        0.106607712631438,
        0.10073168294549363,
        0.07456036697919975,
        0.1024973425630712,
        0.07941370380894884,
        0.7209913368381965,
        0.0892736032273892,
        0.08471602774629589,
        0.07251319957193775,
        0.08477304198218133,
        0.08557124128457767,
        0.07074932164923158,
        0.08534496603590727,
        0.0859151083947618,
        0.07114842130042974,
        0.08596499585116156,
        0.08579573483837663,
        0.3090118134145352,
        0.08636944058697399
    ],
    "multiply": [],
    "add": [
        0.015336829453186571,
        0.014880715566102952,
        0.011117775997663126,
        0.010718676346464963,
        0.0094625814621136,
        0.00883720656224505,
        0.009861681113311763,
        0.009521377392870473,
        0.008210049967505077,
        0.008210049967505077
    ],
    "squeeze": [],
    "reshape": [],
    "transpose": [],
    "latency": 17.004823684692383,
    "batch_size": 2,
    "model_name": "mnasnet1_3",
    "sm_partition": 20
}