{
    "nn.conv2d": [
        0.11111235594115672,
        0.08446735846532567,
        0.1481507921486949,
        0.14172870997782475,
        0.26153376013095475,
        0.06112936422231053,
        0.06510072078314749,
        0.10761933377649491,
        0.05895619066931722,
        0.06727389433614082,
        0.10610756087006479,
        0.05810877109090814,
        0.06840477133450554,
        0.09023099267109054,
        0.04327154676510461,
        0.06755439907463859,
        0.05007747752549808,
        0.0437469284798219,
        0.06481431068173397,
        0.048090322904350655,
        0.04232964138004366,
        0.10638806560856257,
        0.12141426154766985,
        0.09070342170434996,
        0.12216719531942706,
        0.0874938569596438,
        0.133413958992459,
        0.11867417315476526,
        0.08891114405942203,
        0.13303601576585147,
        0.12009146025454348,
        0.06396393842186703,
        0.15486223710243646,
        0.08692694211973251,
        0.07917615329282021,
        0.26692240379156995,
        0.08342801459215496,
        0.12377345403250906,
        0.16430786508616693,
        0.28062284575609303,
        0.12320949187405565,
        0.2979137483733876,
        0.27561509800354317,
        0.1184852015414615,
        0.2935644485859431,
        0.27561509800354317,
        0.11754034347494266,
        0.29763029095343196,
        0.26748636595002334,
        0.07917615329282021,
        0.2565260123784049,
        0.2909188459996904
    ],
    "nn.conv2d_transpose": [],
    "nn.dense": [
        0.1133829679822598
    ],
    "nn.layer_norm": [],
    "nn.relu": [
        0.04960209581078079,
        0.047715332359200995,
        0.06368343368336926,
        0.028153817700803312,
        0.04317706095845272,
        0.042137717085282016,
        0.04299104202660684,
        0.04129029750687294,
        0.042137717085282016,
        0.02097584907671806,
        0.024752328661335515,
        0.02362145166297079,
        0.024752328661335515,
        0.02352696585631891,
        0.03675202610612468,
        0.020408934236806762,
        0.02239313617649631,
        0.021634297041823375,
        0.021634297041823375,
        0.021731735529933127,
        0.03391745190656818,
        0.030802372968513913,
        0.03788585578594727,
        0.034392833621285465,
        0.029763029095343195,
        0.02456630972948962,
        0.018894208648918758,
        0.023149022629711375,
        0.024752328661335515,
        0.02513027188794305,
        0.017854864775748047,
        0.024374385434727988,
        0.017574360037250266,
        0.02362145166297079,
        0.025886158341158108
    ],
    "nn.bias_add": [
        0.015968101324168253
    ],
    "nn.max_pool2d": [],
    "nn.adaptive_avg_pool2d": [],
    "nn.batch_matmul": [],
    "nn.softmax": [],
    "nn.batch_norm": [
        0.2398817470003841,
        0.22910741236061158,
        0.29988613958724564,
        0.28722208881443545,
        0.17156850879107258,
        0.19367228218469748,
        0.22306327341634893,
        0.2161687622122193,
        0.1541919784114997,
        0.2163547811440652,
        0.21853976542289,
        0.15144893733713724,
        0.21464813126141558,
        0.1449264639966994,
        0.1798744017320647,
        0.16504898813209265,
        0.15532285540986443,
        0.13056757406707103,
        0.156066931137248,
        0.15588681756831782,
        0.12980282956948236,
        0.20434622565490246,
        0.1384039906562616,
        0.23420669323835538,
        0.1547470825255795,
        0.14888600983170489,
        0.12025976309764215,
        0.14983972594259737,
        0.14766064702668824,
        0.1196987536206466,
        0.2373276775393254,
        0.2418748069844473,
        0.265682277579264,
        0.27786504127444117,
        0.2526402835798462,
        0.18507702646083404,
        0.2845823915910985,
        0.1658993603919596,
        0.42952361899508723,
        0.14293635669409413,
        0.17799059096194278,
        0.11798915105653908,
        0.19291639573148245,
        0.1748755120238885,
        0.11733365577289165,
        0.13585287387666076,
        0.17676818083838403,
        0.11780017944323533,
        0.13605070353433815,
        0.18195899484132186,
        0.40333333446376834,
        0.16873098191005823
    ],
    "multiply": [],
    "add": [
        0.026456025862527283,
        0.02456630972948962,
        0.018141274877161568,
        0.01747692154914051,
        0.014547861542932135,
        0.013983899384478709,
        0.03051596286710039,
        0.013886460896368955,
        0.013130574443153888,
        0.01407543250967272
    ],
    "squeeze": [],
    "reshape": [],
    "transpose": [],
    "latency": 16.887276967366535,
    "batch_size": 2,
    "model_name": "mnasnet0_5",
    "sm_partition": 10
}