{
    "nn.conv2d": [
        0.15398396206411996,
        0.07925359886974219,
        0.09804830693298028,
        0.20007226453801763,
        0.20966509723841514,
        0.04661569719216687,
        0.07345776341015514,
        0.08093673444974049,
        0.07619935938760786,
        0.07279209583071562,
        0.0794493834519303,
        0.07602254143681922,
        0.07371289519381902,
        0.29841486017109947,
        0.043738275660821155,
        0.08318825714490363,
        0.04497171852860619,
        0.0778831067944255,
        0.0831099433120284,
        0.044345207865604266,
        0.0778831067944255,
        0.16956902663311194,
        0.061887506429657874,
        0.16590724311937516,
        0.2583181777389769,
        0.07817617184088832,
        0.2977681592230594,
        0.2583964915718521,
        0.07790207342582499,
        0.2979058202574103,
        0.2585531192376026,
        0.0380409443191475,
        0.16318583742696058,
        0.11459271595469395,
        0.033870732718541005,
        0.1979577910503862,
        0.11116587393958285,
        0.10844508007398765,
        0.17878986862735202,
        0.9397262257596148,
        0.046459069526416395,
        1.1773701634463478,
        0.9389822443473002,
        0.04571569994092095,
        1.188959998885064,
        0.9175444444245227,
        0.04544098969903828,
        1.1925036998226684,
        0.9081265941944558,
        0.026450497053612076,
        1.2771609531608021,
        0.2263459436408411
    ],
    "nn.conv2d_transpose": [],
    "nn.dense": [
        0.038901784653955794
    ],
    "nn.layer_norm": [],
    "nn.relu": [
        0.044090076081940405,
        0.04352230079359491,
        0.06670380715148508,
        0.01883386497967572,
        0.024042346692698467,
        0.024022768234479665,
        0.023826371825472224,
        0.02355227341040889,
        0.023768248277635136,
        0.008946743579176753,
        0.014860049788076661,
        0.014840471329857852,
        0.01511395791810185,
        0.01497752053738952,
        0.021046842585220566,
        0.008653066705894608,
        0.01378323458604212,
        0.013509136170978781,
        0.01378323458604212,
        0.013509136170978781,
        0.013880515050316832,
        0.013586838177034684,
        0.014585951373013321,
        0.014448290338662314,
        0.014448290338662314,
        0.005991008214955807,
        0.009318734285334139,
        0.009064826155308951,
        0.008927776947777282,
        0.008946743579176753,
        0.009064826155308951,
        0.009064826155308951,
        0.009064826155308951,
        0.009064826155308951,
        0.008262109368337748
    ],
    "nn.bias_add": [
        0.0031912886896660023
    ],
    "nn.max_pool2d": [],
    "nn.adaptive_avg_pool2d": [],
    "nn.batch_matmul": [],
    "nn.softmax": [],
    "nn.batch_norm": [
        0.15129804232722702,
        0.15090708498967015,
        0.2692203198327573,
        0.23446794466755047,
        0.08034570974226017,
        0.11705593072934793,
        0.09246538720652278,
        0.09146810949100218,
        0.05467835101740049,
        0.09015512913670325,
        0.09172079396738868,
        0.05395455989012387,
        0.09080244191156264,
        0.04620149043547518,
        0.11498000233133478,
        0.06546485784232604,
        0.06384168129062283,
        0.037606547277417655,
        0.0637829459159664,
        0.06400014443683133,
        0.03719539965482266,
        0.08700422101711353,
        0.0445966686883521,
        0.28499994533029865,
        0.06425344074003718,
        0.06172843145663003,
        0.03004926240495706,
        0.06302060969907149,
        0.06255195035545873,
        0.02951942037941052,
        0.06241245384064971,
        0.06229375943769819,
        0.14248834795558193,
        0.06816913238379914,
        0.066738069453368,
        0.03149806831314899,
        0.06601550197973005,
        0.03653034390220245,
        0.9647046674859003,
        0.04827558335303034,
        0.04677048937745933,
        0.027329080366181174,
        0.047026232987942534,
        0.04637769655944446,
        0.027072724928878633,
        0.04710209951354043,
        0.04684819138351524,
        0.02764233569768213,
        0.047161446715016195,
        0.04692589338957114,
        0.2532834548426461,
        0.045086741970641685
    ],
    "multiply": [],
    "add": [
        0.012568758349656572,
        0.012098875352405137,
        0.00716510388126506,
        0.00689161729302106,
        0.004757565347170789,
        0.004482855105288113,
        0.0053051503504781255,
        0.003935270101980776,
        0.0036605598600981,
        0.0036807501451362485
    ],
    "squeeze": [],
    "reshape": [],
    "transpose": [],
    "latency": 17.242940266927082,
    "batch_size": 2,
    "model_name": "mnasnet1_3",
    "sm_partition": 5
}