{
    "nn.conv2d": [
        0.07874741453596859,
        0.06105416633326678,
        0.1170412521953373,
        0.10657222784065765,
        0.264235786538941,
        0.06736725019901954,
        0.06130077117177275,
        0.0892138430502429,
        0.057150022363656516,
        0.06097109944029635,
        0.0820674944143805,
        0.057980691293360836,
        0.06279597524524051,
        0.07451100299447662,
        0.049505272369971556,
        0.06869632048654643,
        0.043859319488387574,
        0.047680396565027386,
        0.05474108246751403,
        0.040868911341452055,
        0.04601905870561878,
        0.08705150799260636,
        0.08514356529469176,
        0.09461319109332092,
        0.09286878634094187,
        0.06745031709198997,
        0.12160733546830564,
        0.09070904712371067,
        0.06371230690832057,
        0.12235753334544487,
        0.08771863897677515,
        0.04236151957451448,
        0.13315363359119559,
        0.06379537380129101,
        0.05058514197858715,
        0.22984609284918256,
        0.06462344689058999,
        0.07966115035864331,
        0.14577980132270107,
        0.18133502735445084,
        0.08613777216993163,
        0.25833544129763514,
        0.17410561182561804,
        0.08165475578993366,
        0.2552645620981345,
        0.17518548143423363,
        0.07600361122753906,
        0.25177575259337637,
        0.16937079892630352,
        0.053077148767700075,
        0.20558796426141138,
        0.22112406908728732
    ],
    "nn.conv2d_transpose": [],
    "nn.dense": [
        0.08314995986340143
    ],
    "nn.layer_norm": [],
    "nn.relu": [
        0.03380822543896542,
        0.04643439317047093,
        0.0670323867867325,
        0.03289189377588535,
        0.04136731269927464,
        0.03986951278540156,
        0.03795897424708164,
        0.04244458646748491,
        0.039952579678371986,
        0.03156541932876378,
        0.02799354293103525,
        0.024587800319247573,
        0.026911077482014323,
        0.02483700099815887,
        0.03231042552509233,
        0.023422267977256214,
        0.0252497396226057,
        0.02533280651557613,
        0.02450473342627715,
        0.025169268570040593,
        0.02483700099815887,
        0.025582007194487423,
        0.02699674021539008,
        0.025501536141922316,
        0.02533280651557613,
        0.02441907069290139,
        0.02317306729834492,
        0.022176264582699747,
        0.02201272663716422,
        0.022261927316075514,
        0.018773117811317405,
        0.019603786741021718,
        0.01844085023943568,
        0.017942448881613095,
        0.02533280651557613
    ],
    "nn.bias_add": [
        0.013288107034863633
    ],
    "nn.max_pool2d": [],
    "nn.adaptive_avg_pool2d": [],
    "nn.batch_matmul": [],
    "nn.softmax": [],
    "nn.batch_norm": [
        0.17766191318091465,
        0.2834943265060544,
        0.3464538396968304,
        0.36140328459110266,
        0.27934098185753287,
        0.2824144568974387,
        0.2849895305795222,
        0.2814981252343587,
        0.25516072848192145,
        0.2754316462071119,
        0.2815837879677345,
        0.25450138501896863,
        0.27510457031604085,
        0.25284004715956,
        0.28657039738636564,
        0.22884409845272677,
        0.1922012152911454,
        0.18762994033736632,
        0.19469581792066365,
        0.19453227997512812,
        0.17600317116191133,
        0.22410409387260152,
        0.18928868235636964,
        0.2590778516535583,
        0.201260698305733,
        0.1952020067997022,
        0.17708304077052694,
        0.19029846427404146,
        0.19029586843363608,
        0.1679456825437795,
        0.1883048588427511,
        0.19070601121767763,
        0.22176783750780818,
        0.21073032410436215,
        0.194451808922563,
        0.1592340421435056,
        0.1945296841347228,
        0.1868044630884727,
        0.33242332230604354,
        0.17509462702004724,
        0.1830664529048033,
        0.14718674682238772,
        0.18754946928480126,
        0.17866909925818109,
        0.1397834099863981,
        0.14485049045759438,
        0.14701542135563625,
        0.1108735353922828,
        0.137122673570939,
        0.15125183289712824,
        0.3408883578678115,
        0.15864478637149657
    ],
    "multiply": [],
    "add": [
        0.03363949581261923,
        0.034885499207175694,
        0.025665074087457853,
        0.02126252876002501,
        0.02400373622804923,
        0.020099592258438975,
        0.023840198282513693,
        0.02076672324260775,
        0.019437652955080858,
        0.015530913145065271
    ],
    "squeeze": [],
    "reshape": [],
    "transpose": [],
    "latency": 17.090091705322266,
    "batch_size": 4,
    "model_name": "mnasnet0_5",
    "sm_partition": 30
}