{
    "nn.conv2d": [
        0.3235442667186224,
        0.3111880586236509,
        0.18571755197290435,
        0.26251325743589354,
        0.4260633508520522,
        0.1254705066507466,
        0.20398976273152877,
        0.16770627250264902,
        0.1467018888366611,
        0.20151852111253446,
        0.165797846801617,
        0.14621395902836534,
        0.2046251245682304,
        0.20065733085136978,
        0.05848605164953155,
        0.12202574560608791,
        0.3384466025422546,
        0.11738280680676529,
        0.12120199839975646,
        0.3358630317587606,
        0.11566159637989946,
        0.22083913740648983,
        0.12625798089770834,
        0.14011191118600966,
        0.13857674593784655,
        0.09757660089544125,
        0.1956025184488815,
        0.1365548209768512,
        0.09518024538611346,
        0.19343082126855313,
        0.1407472730227113,
        0.0638392383952223,
        0.13265957317873,
        0.19912099550774312,
        0.11146797423857581,
        0.16459849895148954,
        0.19575229066821442,
        0.12584493719907908,
        0.10300467375079853,
        0.2523661895760837,
        0.10375353484746346,
        0.2052616565003956,
        0.254537886756412,
        0.09858756337593894,
        0.20301507321040083,
        0.2509807965472536,
        0.09772637311477425,
        0.2023422683188659,
        0.25300155141278535,
        0.077057806846822,
        0.2764420738338614,
        0.38251707808098623
    ],
    "nn.conv2d_transpose": [],
    "nn.dense": [
        0.1433320139016689
    ],
    "nn.layer_norm": [],
    "nn.relu": [
        0.09469231557781772,
        0.09173548434145475,
        0.16602133503515296,
        0.0456793568010976,
        0.07668220620302597,
        0.0776557256286904,
        0.0741360784743652,
        0.07383770413116275,
        0.07687059157265576,
        0.025048233587978593,
        0.028230893248804574,
        0.02752064530243642,
        0.028082291124935124,
        0.02972861544213445,
        0.0457542429107641,
        0.017673121881292508,
        0.028119734179768374,
        0.0279313488101386,
        0.028829982126136525,
        0.028043677974638342,
        0.0279313488101386,
        0.029205582769932535,
        0.03205008484179575,
        0.03197519873212926,
        0.03253684455462796,
        0.012168992820805222,
        0.019807376006787576,
        0.01935688925332507,
        0.019844819061620826,
        0.01935688925332507,
        0.0196189906371578,
        0.01935688925332507,
        0.020030864240323517,
        0.019057344814659097,
        0.025647322465310544
    ],
    "nn.bias_add": [
        0.006178104047485727
    ],
    "nn.max_pool2d": [],
    "nn.adaptive_avg_pool2d": [],
    "nn.batch_matmul": [],
    "nn.softmax": [],
    "nn.batch_norm": [
        0.3221928064582349,
        0.31664538386559665,
        0.42785476700673036,
        0.558340302814205,
        0.18024384539446903,
        0.30077303890269064,
        0.2614203882729482,
        0.26478909311247684,
        0.13688361780210567,
        0.2564030189252931,
        0.25902286266815683,
        0.13534728245847902,
        0.25977289386028535,
        0.1126591314204585,
        0.18585913352399253,
        0.12729702566933093,
        0.12508788543416935,
        0.07731288765787349,
        0.12643817559909332,
        0.12752168399833042,
        0.07761243209653945,
        0.17990802799643335,
        0.09008096935601066,
        0.19143931878960982,
        0.1312297165222854,
        0.12756263733955425,
        0.060500956037745655,
        0.12662539087325958,
        0.12711098049062822,
        0.060049299188819606,
        0.127073537435795,
        0.12658911791388985,
        0.2537445620321326,
        0.13767109204906738,
        0.13572405319773853,
        0.06334194782321827,
        0.1355696005965514,
        0.07218552933664574,
        0.30129724167035604,
        0.10026548027065381,
        0.09764212624139942,
        0.054209352730296645,
        0.09764329633686299,
        0.09711909356919751,
        0.05406192070189073,
        0.09745959134908735,
        0.09711909356919751,
        0.05376120616776122,
        0.09809261299486194,
        0.0961841872938299,
        0.43563941212565516,
        0.12074449107351275
    ],
    "multiply": [],
    "add": [
        0.03894077702657671,
        0.038789834711780186,
        0.016512387181461856,
        0.016774488565294583,
        0.0100721817501434,
        0.010108454709513104,
        0.010819872751344795,
        0.008123972803351023,
        0.0075623269808523215,
        0.00793675752918479
    ],
    "squeeze": [],
    "reshape": [],
    "transpose": [],
    "latency": 17.04232692718506,
    "batch_size": 4,
    "model_name": "mnasnet0_75",
    "sm_partition": 5
}