{
    "nn.conv2d": [
        0.05527313386904996,
        0.0639572408654527,
        0.06682207524575064,
        0.05224651474963875,
        0.06618489227324302,
        0.05870048134226479,
        0.06101026961760494,
        0.048503064786156465,
        0.05718468278657284,
        0.054240200534711444,
        0.04468245594709709,
        0.0561517494522343,
        0.054556303024978894,
        0.06124672423630894,
        0.10155103624340246,
        0.053919120052471264,
        0.12711800301527085,
        0.06929115926421767,
        0.050494261575242796,
        0.10935403866063449,
        0.06323792102539524,
        0.07335568970994012,
        0.0509721488046235,
        0.1310182597258937,
        0.08864559205413675,
        0.04444102333642037,
        0.2645080924662408,
        0.08522073357690824,
        0.0353636549741731,
        0.2578973191264741,
        0.08466319847596408,
        0.037909897868217225,
        0.15953219774560984,
        0.06132637210787239,
        0.041496541084558976,
        0.19075665239446973,
        0.05822010511689772,
        0.07502829501277264,
        0.14655208367675338,
        0.08809054594917892,
        0.05185076438780784,
        0.26968520411786523,
        0.08370742401720266,
        0.03902745706609193,
        0.26411234210440987,
        0.08426744811413318,
        0.038071682607330494,
        0.2632362155172119,
        0.084586039600387,
        0.04189229144638987,
        0.32137916175853254,
        0.16582686859510895
    ],
    "nn.conv2d_transpose": [],
    "nn.dense": [
        0.04874449739683319
    ],
    "nn.layer_norm": [],
    "nn.relu": [
        0.0359187010791309,
        0.03432574364786185,
        0.05113144454775041,
        0.032575979469452246,
        0.03408680003317149,
        0.030343350069689207,
        0.030422997941252652,
        0.02931041673535067,
        0.029629008221604483,
        0.032575979469452246,
        0.02349612211121861,
        0.022697154399597724,
        0.022540347652457174,
        0.021743868936822647,
        0.024372248698416595,
        0.024210463959303326,
        0.02580342139057239,
        0.023652928858359158,
        0.023652928858359158,
        0.022458210784907364,
        0.021900675683963193,
        0.021664221065259198,
        0.024372248698416595,
        0.02015091150555359,
        0.02126349271145557,
        0.02381471359747242,
        0.022697154399597724,
        0.021821027812399738,
        0.022378562913343912,
        0.025564477775882034,
        0.022378562913343912,
        0.02213961929865355,
        0.02158208419770938,
        0.021743868936822647,
        0.023894361469035872
    ],
    "nn.bias_add": [
        0.02333433737210535
    ],
    "nn.max_pool2d": [],
    "nn.adaptive_avg_pool2d": [],
    "nn.batch_matmul": [],
    "nn.softmax": [],
    "nn.batch_norm": [
        0.3481284016239209,
        0.28958721602478305,
        0.3041503315409631,
        0.3439045754350715,
        0.2765299430803494,
        0.30974061652632295,
        0.2843329454975814,
        0.27262719737374025,
        0.27175355978252863,
        0.2745337682992904,
        0.27214931014435956,
        0.27277902612890803,
        0.2711138878140346,
        0.2734186980974021,
        0.305999655558827,
        0.2024524445343655,
        0.17162125125135014,
        0.19847253995217923,
        0.19154068613017247,
        0.18214721527765776,
        0.18867336275388816,
        0.214083522778616,
        0.1948037598682877,
        0.2429957001561494,
        0.20205420517654823,
        0.19424622476734352,
        0.13769623595729197,
        0.19440303151448404,
        0.19066455954297445,
        0.1558559506737592,
        0.193930122277076,
        0.1909931070131737,
        0.21655011780109668,
        0.2148775124982642,
        0.18620427873542114,
        0.1573692602334648,
        0.19305897368185077,
        0.1983082662170796,
        0.24474795333054533,
        0.200543384612829,
        0.1911424467723552,
        0.1366682806149261,
        0.19902509706115068,
        0.19065709255501545,
        0.15936045702255114,
        0.19154068613017244,
        0.1859553791367853,
        0.13132689522820207,
        0.1839766273276308,
        0.188588736890352,
        0.2708624992194125,
        0.18134326957406413
    ],
    "multiply": [],
    "add": [
        0.03050513480880247,
        0.030266191194112106,
        0.02580342139057239,
        0.021743868936822647,
        0.026998139464024178,
        0.022540347652457174,
        0.02373257672992261,
        0.025009431670924214,
        0.024927294803374404,
        0.020708446606497757
    ],
    "squeeze": [],
    "reshape": [],
    "transpose": [],
    "latency": 17.18490441640218,
    "batch_size": 2,
    "model_name": "mnasnet0_75",
    "sm_partition": 80
}