{
    "nn.conv2d": [
        0.09900849188264442,
        0.0564042790161596,
        0.07662033190392259,
        0.1390121420771822,
        0.061000685407139925,
        0.05406133204164222,
        0.06664382505293936,
        0.050503523672930595,
        0.0691603236551988,
        0.06343040819552832,
        0.03670345752325578,
        0.06994130598003791,
        0.06725125575003646,
        0.20774129840720945,
        0.0702856974913385,
        0.06681466493649792,
        0.04642234867680944,
        0.08824829096263856,
        0.06551302772843269,
        0.04130257565841957,
        0.08399627608295883,
        0.1251307236020033,
        0.054232171925200766,
        0.16122675042816198,
        0.17294419704493247,
        0.05857367436293498,
        0.28627069821629425,
        0.17146629646494177,
        0.056835446341331225,
        0.28488499693854147,
        0.16999381937331798,
        0.03427644647905084,
        0.42884336040637155,
        0.12938002673749957,
        0.03592518694260012,
        0.1514237952049208,
        0.12226712174425984,
        0.10899042222199457,
        0.33104701817373794,
        0.5042515426602834,
        0.04087140833324797,
        0.7236208001262088,
        0.5028658413825307,
        0.04034804170583841,
        0.7250119248923285,
        0.5012171009189814,
        0.03878607705616014,
        0.72457533407879,
        0.501301164988669,
        0.029761392413574603,
        0.7976432811023678,
        0.34484437257922923
    ],
    "nn.conv2d_transpose": [],
    "nn.dense": [
        0.038005094731321014
    ],
    "nn.layer_norm": [],
    "nn.relu": [
        0.03358223996808272,
        0.030715926366155763,
        0.056835446341331225,
        0.022125120792925307,
        0.026206295789046465,
        0.025509377533894883,
        0.025685640905820373,
        0.025856480789378935,
        0.025251761836465297,
        0.01596674975226672,
        0.01813614509904209,
        0.01717889940227746,
        0.01700534777453543,
        0.018567312424213698,
        0.025251761836465297,
        0.014838664171943529,
        0.017526002657761514,
        0.016921283704847884,
        0.016571468705180354,
        0.0168317961467934,
        0.016571468705180354,
        0.0168317961467934,
        0.019090679051623254,
        0.017873105913245577,
        0.01796259347130006,
        0.014749176613889045,
        0.015703710566470207,
        0.015183055683244118,
        0.014318009288717442,
        0.015446094869040632,
        0.015098991613556573,
        0.014749176613889045,
        0.014749176613889045,
        0.0146651125442015,
        0.0146651125442015
    ],
    "nn.bias_add": [
        0.014054970102920927
    ],
    "nn.max_pool2d": [],
    "nn.adaptive_avg_pool2d": [],
    "nn.batch_matmul": [],
    "nn.softmax": [],
    "nn.batch_norm": [
        0.17423227553208032,
        0.1653757190288699,
        0.26985651067375516,
        0.24234044244409308,
        0.14204116033011732,
        0.17709316564564034,
        0.15974342635980435,
        0.15149701229787446,
        0.12052075849010567,
        0.15513888473627363,
        0.15270916194788522,
        0.12164613232624537,
        0.15132346067013244,
        0.11809103570171725,
        0.17136053844178645,
        0.13257988487399325,
        0.12467786232336396,
        0.11349191756655344,
        0.12354435325467383,
        0.12528529302046107,
        0.1105388281507555,
        0.1543633258998014,
        0.11582672930852046,
        0.2727255360198656,
        0.1314463758053031,
        0.12251389046495553,
        0.10767251454882852,
        0.1236446877894622,
        0.12555104395044103,
        0.10689966745653981,
        0.12363926430109524,
        0.12407314337045032,
        0.23046300292049793,
        0.13561703835947875,
        0.12770959232048254,
        0.10845349687366765,
        0.12867768499398108,
        0.11487490710012277,
        0.6041115222165372,
        0.1237314636033332,
        0.11747546977206973,
        0.10915312687300271,
        0.11678126326110162,
        0.11739682919074913,
        0.10636545385239639,
        0.11799612465529584,
        0.11729649465596079,
        0.1071572831539694,
        0.11782528477173727,
        0.1178225730275538,
        0.4463530925990322,
        0.1209492140710938
    ],
    "multiply": [],
    "add": [
        0.01778904184355803,
        0.01717889940227746,
        0.015446094869040632,
        0.014144457660975409,
        0.012926884522597736,
        0.012322165569684098,
        0.013970906033233383,
        0.01362380277774932,
        0.012059126383887587,
        0.012148613941942072
    ],
    "squeeze": [],
    "reshape": [],
    "transpose": [],
    "latency": 17.313564618428547,
    "batch_size": 1,
    "model_name": "mnasnet1_3",
    "sm_partition": 20
}