{
    "nn.conv2d": [
        0.15084069325290736,
        0.11420183168153353,
        0.10028757081943634,
        0.10489261233665537,
        0.1708982074167946,
        0.06661960061576845,
        0.10182258465850937,
        0.07521567811457727,
        0.07593201790614468,
        0.09854469052298888,
        0.07142931064486385,
        0.07511334385863908,
        0.10489261233665537,
        0.08964161025636545,
        0.09680500817203948,
        0.072551789514686,
        0.18952304199754708,
        0.0822767417743131,
        0.07040596808548186,
        0.17805840738697057,
        0.08002538814367269,
        0.1101116593895036,
        0.06283323314605503,
        0.17898261363591247,
        0.10642762617572839,
        0.05853199645115254,
        0.3214286999563893,
        0.10212958742632398,
        0.05136859853547852,
        0.3140638314743369,
        0.10212958742632398,
        0.042056181245102284,
        0.19228286896238048,
        0.10550661787228456,
        0.07562181719283198,
        0.23557345716973727,
        0.11235981507464593,
        0.09619100263641028,
        0.18317831812937865,
        0.13528588635030087,
        0.08473276391682989,
        0.3387263871554432,
        0.13221266072665683,
        0.06784441374152878,
        0.33155979129427116,
        0.1278122877213142,
        0.06754060891921225,
        0.3380100473638758,
        0.126686610905994,
        0.06590326082420103,
        0.4130178590210786,
        0.24457887169229886
    ],
    "nn.conv2d_transpose": [],
    "nn.dense": [
        0.07910437984022889
    ],
    "nn.layer_norm": [],
    "nn.relu": [
        0.04174917847728768,
        0.041032838685720274,
        0.08319775007775691,
        0.030799413091900242,
        0.036533329369937535,
        0.034381112049737254,
        0.03448664425117352,
        0.034895981274926324,
        0.034790449073490055,
        0.019648177140134473,
        0.022408004104967807,
        0.021896332825276813,
        0.021998667081215006,
        0.021282327289647608,
        0.030492410324085645,
        0.0187239708911926,
        0.022718204818280484,
        0.021387859491083874,
        0.02148699580152401,
        0.021077658777771204,
        0.021387859491083874,
        0.021282327289647608,
        0.03070027678146011,
        0.030188605501769102,
        0.03202742416315865,
        0.02650137434249583,
        0.026709240799870294,
        0.024045352199979022,
        0.029062928686448903,
        0.02803638818156883,
        0.024662555681106285,
        0.027627051157816027,
        0.028752727973136234,
        0.025071892704859086,
        0.021077658777771204
    ],
    "nn.bias_add": [
        0.015960945980861188
    ],
    "nn.max_pool2d": [],
    "nn.adaptive_avg_pool2d": [],
    "nn.batch_matmul": [],
    "nn.softmax": [],
    "nn.batch_norm": [
        0.22204614771290637,
        0.21765536854405798,
        0.2678950923187182,
        0.34587059739812887,
        0.18460140387601925,
        0.23586447021006152,
        0.20333177065820798,
        0.19206540866851174,
        0.15644988965651996,
        0.19329341973977016,
        0.19473249521390112,
        0.15287778453517714,
        0.19257388200270467,
        0.14907862528347146,
        0.19585177613822516,
        0.1604377276926117,
        0.15389792914906106,
        0.13648831385757473,
        0.15307925510155548,
        0.15430087028181777,
        0.13332234781448665,
        0.1881799048883582,
        0.14211989587967383,
        0.22665438717562347,
        0.16146426819749177,
        0.15307605715605743,
        0.130361050283275,
        0.15367407296419627,
        0.15532421284119974,
        0.13086632567196985,
        0.15174890977435887,
        0.15255479203987218,
        0.22665118923012542,
        0.17312717542894857,
        0.22880340655032566,
        0.15676648626082876,
        0.2122188611973411,
        0.2034149172411578,
        0.2933795199928282,
        0.2092607616116275,
        0.20700301208999095,
        0.12943364608883506,
        0.22880660449582377,
        0.22061666607526967,
        0.12625169031825662,
        0.19636344741791614,
        0.21498828199866862,
        0.1271886883491908,
        0.1893983221231224,
        0.20813828274180532,
        0.36572024510464163,
        0.1562388252536474
    ],
    "multiply": [],
    "add": [
        0.02496636050342282,
        0.022718204818280484,
        0.018109965355563393,
        0.01739362556399599,
        0.01606647818229746,
        0.01616561449273759,
        0.02548122972861189,
        0.014940801366977252,
        0.014122127319471652,
        0.014122127319471652
    ],
    "squeeze": [],
    "reshape": [],
    "transpose": [],
    "latency": 17.05148696899414,
    "batch_size": 2,
    "model_name": "mnasnet0_75",
    "sm_partition": 20
}