{
    "nn.conv2d": [
        0.1046501923722333,
        0.15906572745009923,
        0.08888853962401337,
        0.08470253192912404,
        0.13813825393134796,
        0.05408978570455039,
        0.08741112514346419,
        0.06073558591132628,
        0.059753207879988904,
        0.07772585243764182,
        0.059096579221967045,
        0.059178657804219784,
        0.07903910975368551,
        0.0725549017557197,
        0.0522840568949903,
        0.06336210054341372,
        0.04842636352911188,
        0.06516782935297383,
        0.06040983653801076,
        0.04456867016323348,
        0.06172309385405447,
        0.13083326011085483,
        0.07419903835646975,
        0.11277340705955839,
        0.1423242616262373,
        0.07575596646357625,
        0.2181623066720663,
        0.13657619591285067,
        0.0659091015489438,
        0.2123347273321223,
        0.13846656826035889,
        0.051871099028031234,
        0.3851101429741232,
        0.14470454051156653,
        0.06607325871344928,
        0.28842157308040495,
        0.1434733617777756,
        0.09496235471071555,
        0.2615844416394569,
        0.46005045352656293,
        0.11113183541450375,
        0.4960008725532596,
        0.4498727093272241,
        0.1045681137899806,
        0.4871338207142691,
        0.4502805372827924,
        0.09652184777351745,
        0.48549481402490985,
        0.45266081616812165,
        0.059504407177535315,
        0.4183519687864797,
        0.22300494302497748
    ],
    "nn.conv2d_transpose": [],
    "nn.dense": [
        0.06229764392982359
    ],
    "nn.layer_norm": [],
    "nn.relu": [
        0.04423779087852715,
        0.043501648593947964,
        0.06442912211269923,
        0.024295260346808675,
        0.02864542520620347,
        0.027660482219170685,
        0.027742560801423424,
        0.02749376009896982,
        0.02749376009896982,
        0.016005323539282742,
        0.020024609113971213,
        0.019370545411644756,
        0.018957587544685697,
        0.019042231082633827,
        0.03783566146281405,
        0.023718145315344153,
        0.029135331744024464,
        0.02610098915636878,
        0.02938156749078266,
        0.02577267482735785,
        0.026675539232137904,
        0.02577267482735785,
        0.032254317869628284,
        0.02659089569418978,
        0.028807017415013538,
        0.021255787847762192,
        0.0166619521973046,
        0.02273576728400677,
        0.02265368870175404,
        0.022325374372743106,
        0.015430773463513618,
        0.021830337923531316,
        0.01551028709007095,
        0.015430773463513618,
        0.0166619521973046
    ],
    "nn.bias_add": [
        0.013622479698258116
    ],
    "nn.max_pool2d": [],
    "nn.adaptive_avg_pool2d": [],
    "nn.batch_matmul": [],
    "nn.softmax": [],
    "nn.batch_norm": [
        0.20624808746694315,
        0.20132593748747465,
        0.21503562567937626,
        0.27157750902872707,
        0.14691296736530413,
        0.19730152200139536,
        0.16102278864568784,
        0.15487458984381913,
        0.12326920576512652,
        0.1569214244887466,
        0.15429234490096377,
        0.1237616772586429,
        0.15576462947012215,
        0.11915758178540367,
        0.1645598625496415,
        0.13500387807157177,
        0.1295071780163341,
        0.11013663260468934,
        0.12876847077605952,
        0.1294199695226906,
        0.1340984487110963,
        0.2360451777803803,
        0.17735642651398148,
        0.2905453563961943,
        0.1886858358205539,
        0.1922947284839787,
        0.1515068030157617,
        0.1960780381346906,
        0.19574972380567965,
        0.1436272591194994,
        0.1826940993161045,
        0.19123796673747476,
        0.24671282851754003,
        0.20050002175355652,
        0.1968962590015225,
        0.13394455136937244,
        0.18236834994278894,
        0.18137827704436532,
        0.5792952438056101,
        0.12344362275241354,
        0.17563277628667412,
        0.10340362390426994,
        0.17341152465445955,
        0.1553568015145539,
        0.1027469952462481,
        0.11842656941221531,
        0.12621890481483405,
        0.10151581651245709,
        0.11784175951366457,
        0.11809569012750898,
        0.32017572458943055,
        0.12762706549160746
    ],
    "multiply": [],
    "add": [
        0.019042231082633827,
        0.018629273215674768,
        0.014774144805491761,
        0.02273576728400677,
        0.0228152809105641,
        0.019780938322908417,
        0.023310317359775887,
        0.012473379546719869,
        0.011406357977434353,
        0.011819315844393408
    ],
    "squeeze": [],
    "reshape": [],
    "transpose": [],
    "latency": 17.30465571085612,
    "batch_size": 2,
    "model_name": "mnasnet1_0",
    "sm_partition": 20
}