{
    "nn.conv2d": [
        0.07697451569805205,
        0.04464423617263226,
        0.060898112873487245,
        0.10536760553715685,
        0.04988654144151209,
        0.053034654970167516,
        0.056002564255205216,
        0.04927493916014277,
        0.05888856252041665,
        0.05338141162076529,
        0.030492742313984286,
        0.05652679478209318,
        0.054517244429022595,
        0.19772228039125056,
        0.07094586463884026,
        0.057752729712159355,
        0.03328590809005932,
        0.0864953065691895,
        0.0544326030418688,
        0.029444281260208326,
        0.08265094937201098,
        0.10598193818585372,
        0.0535588854970555,
        0.1646957571973077,
        0.13874361574902505,
        0.05329403986628396,
        0.2845670739783654,
        0.13411564312884208,
        0.051983463549064024,
        0.2845670739783654,
        0.1335013104801452,
        0.037305008796200516,
        0.4402635404640961,
        0.140054192066245,
        0.04639440162958641,
        0.15482001857358985,
        0.1338535278653981,
        0.11602695958387914,
        0.33908704877471546,
        0.3670487405760688,
        0.05189609179458269,
        0.6322220154269064,
        0.35822419337345435,
        0.03861558511342048,
        0.6344063092889397,
        0.3601463719720437,
        0.031713216509395376,
        0.6281155429662838,
        0.3613668461674548,
        0.02612415458991777,
        0.6857809009239618,
        0.34817371124077384
    ],
    "nn.conv2d_transpose": [],
    "nn.dense": [
        0.034511843020125485
    ],
    "nn.layer_norm": [],
    "nn.relu": [
        0.025247706677776927,
        0.024548732641926283,
        0.042113185660001225,
        0.019396529494855336,
        0.0211412342171544,
        0.021315977726117062,
        0.02061973405759396,
        0.020444990548631303,
        0.02061973405759396,
        0.014326237367610633,
        0.01616104421171857,
        0.015377428788714138,
        0.01546207017586793,
        0.01546207017586793,
        0.029965781419768765,
        0.02157809298956105,
        0.022888669306781007,
        0.02306614318307121,
        0.02376511721892186,
        0.0224545409017019,
        0.02236443877989303,
        0.023675015097112978,
        0.02900469212047413,
        0.021315977726117062,
        0.02166546474404238,
        0.021315977726117062,
        0.014850467894498617,
        0.01948117088200912,
        0.02009550353070598,
        0.02070710581207529,
        0.01345251982279733,
        0.018956940355121143,
        0.013542621944606203,
        0.018872298967967355,
        0.014151493858647973
    ],
    "nn.bias_add": [
        0.013976750349685313
    ],
    "nn.max_pool2d": [],
    "nn.adaptive_avg_pool2d": [],
    "nn.batch_matmul": [],
    "nn.softmax": [],
    "nn.batch_norm": [
        0.156111482319517,
        0.14842549829248744,
        0.2287174102935025,
        0.20460826679131042,
        0.13191496706284356,
        0.16459200323886117,
        0.1458070760253751,
        0.14012518161676107,
        0.1181047691201383,
        0.13986579672064461,
        0.1360214395234661,
        0.11732934479911648,
        0.13881733566686866,
        0.11610614023637786,
        0.1612827980378807,
        0.12701941844456152,
        0.11994230633157378,
        0.11120513088344074,
        0.11924333229572313,
        0.1199423063315738,
        0.10972527179191321,
        0.21850583648849706,
        0.18049366255446325,
        0.28402646124751213,
        0.18251140400951643,
        0.18468750676956713,
        0.14808147200921723,
        0.1772636380059816,
        0.1838165195920813,
        0.13803372024386423,
        0.17307252415820523,
        0.18258785429468763,
        0.25729343474355265,
        0.18600354382144213,
        0.17149437184288618,
        0.1461620237779555,
        0.15576472566891922,
        0.154800906002297,
        0.4693446828697413,
        0.12003240845338264,
        0.17350392219595678,
        0.1084119651073657,
        0.16547118151832949,
        0.15960908286609776,
        0.10726521082979827,
        0.11443788579924996,
        0.13427127406651196,
        0.10772118217349769,
        0.11540170546587211,
        0.1386453225252335,
        0.44985532088574953,
        0.11837234511823737
    ],
    "multiply": [],
    "add": [
        0.01616104421171857,
        0.015377428788714138,
        0.013542621944606203,
        0.012840917541428019,
        0.02253918228885569,
        0.020180144917859768,
        0.018610183704523366,
        0.012840917541428019,
        0.012141943505577376,
        0.01223204562738625
    ],
    "squeeze": [],
    "reshape": [],
    "transpose": [],
    "latency": 16.938622792561848,
    "batch_size": 1,
    "model_name": "mnasnet1_3",
    "sm_partition": 30
}