{
    "nn.conv2d": [
        0.07598169890410877,
        0.05127767660909541,
        0.07469747025695983,
        0.0775037476711001,
        0.17304157796840292,
        0.06193567674910931,
        0.04706643110234772,
        0.06017946663335007,
        0.049170224470184314,
        0.04331619075098684,
        0.058770839769668175,
        0.04800307649741931,
        0.04449065626590083,
        0.05666338763075709,
        0.04800307649741931,
        0.05748661112251923,
        0.03816829984916755,
        0.057248791002676824,
        0.05994164651350767,
        0.04296860749890948,
        0.05748661112251923,
        0.08254187544068443,
        0.10150894469088427,
        0.12071017528985196,
        0.08160523004561283,
        0.06205275742349326,
        0.16273847862261537,
        0.07504505350903716,
        0.057834194374596574,
        0.1587577356935611,
        0.0770390837446388,
        0.04484189828905267,
        0.18276293271334523,
        0.07586461822972482,
        0.06006238595896612,
        0.3207973890409473,
        0.07352666351312032,
        0.10279317333803321,
        0.19927130780148214,
        0.14494221611625505,
        0.0775037476711001,
        0.3615414637265617,
        0.13780029497883414,
        0.07434622823380796,
        0.3534628971940692,
        0.14248352195419212,
        0.07153263327751867,
        0.34983339628816673,
        0.14201885802773082,
        0.059125740563894524,
        0.27572498817420116,
        0.24598283810960347
    ],
    "nn.conv2d_transpose": [],
    "nn.dense": [
        0.07691834429918035
    ],
    "nn.layer_norm": [],
    "nn.relu": [
        0.03102637871174663,
        0.030440975339826884,
        0.0385195418723194,
        0.022944153408179613,
        0.028329864429841294,
        0.027748119828996044,
        0.026928555108308397,
        0.02891526780176104,
        0.027162716457076297,
        0.01896341047912533,
        0.02130868273787882,
        0.020840360040343016,
        0.028216442526531844,
        0.029270168595987387,
        0.03523762421849432,
        0.029738491293523187,
        0.029738491293523187,
        0.028684765224067637,
        0.02809570308107339,
        0.028564025778609194,
        0.026339492965314154,
        0.026928555108308397,
        0.029270168595987387,
        0.02845060387529974,
        0.025051605547090704,
        0.027041977011617847,
        0.030788558591904228,
        0.02434912150078701,
        0.027396877805844197,
        0.026573654314082047,
        0.027861541732305498,
        0.02610533161654625,
        0.025289425666933103,
        0.026339492965314154,
        0.028564025778609194
    ],
    "nn.bias_add": [
        0.01884998857581588
    ],
    "nn.max_pool2d": [],
    "nn.adaptive_avg_pool2d": [],
    "nn.batch_matmul": [],
    "nn.softmax": [],
    "nn.batch_norm": [
        0.19878469124857384,
        0.1894109197557089,
        0.23016597075454684,
        0.22243132870305718,
        0.1685705597153659,
        0.18484477345473485,
        0.19233793661530765,
        0.18297880020674068,
        0.15732715620343218,
        0.182276316160437,
        0.18343980536212748,
        0.15592950565297378,
        0.1829788002067406,
        0.15510628216121167,
        0.1883718287705513,
        0.16786807566906217,
        0.15615634945959272,
        0.22137028509145262,
        0.22232156557082225,
        0.22746579770156702,
        0.21248313015149595,
        0.2655170168763506,
        0.21107450328781405,
        0.2635303041828979,
        0.23753473569858666,
        0.22395703624112298,
        0.1977309651791183,
        0.21962505128891685,
        0.2225630444617391,
        0.1806298691769127,
        0.2183371638706934,
        0.21798226307646704,
        0.2480683376220676,
        0.24316558438223967,
        0.22197398231874482,
        0.14397630055258748,
        0.2175139403789313,
        0.20849141090921813,
        0.3124663673043144,
        0.22044095723853,
        0.21740051847562183,
        0.16879740352198475,
        0.23063795222315717,
        0.21751028160785676,
        0.14210666853351875,
        0.20323009810408937,
        0.21248678892257045,
        0.14176274405251593,
        0.19444904752529324,
        0.21248313015149595,
        0.39114823926140296,
        0.21060618059027822
    ],
    "multiply": [],
    "add": [
        0.022245328132950416,
        0.020606198691575123,
        0.03020315521998449,
        0.024704022295013353,
        0.027748119828996044,
        0.023880798803251214,
        0.017207200363366086,
        0.025402847570242557,
        0.015568070921990793,
        0.015568070921990793
    ],
    "squeeze": [],
    "reshape": [],
    "transpose": [],
    "latency": 17.014803886413574,
    "batch_size": 2,
    "model_name": "mnasnet0_5",
    "sm_partition": 30
}