{
    "nn.conv2d": [
        0.0728430191560092,
        0.05470741191084047,
        0.08496369174683244,
        0.08576526554772385,
        0.15350138287070988,
        0.055508985711731906,
        0.04929678875482329,
        0.06983711740266631,
        0.04668854275426638,
        0.046791870627037546,
        0.06623003529865486,
        0.04588696895337494,
        0.04639108372659183,
        0.06031529736942079,
        0.05831449401485193,
        0.0719381174823466,
        0.05109719865916927,
        0.05350192006184359,
        0.06422296964876653,
        0.0493969854799347,
        0.05370544465972618,
        0.086266249173281,
        0.09849338078453512,
        0.11422113547936981,
        0.10330282358988373,
        0.06923593705199772,
        0.14959057944370438,
        0.09067803622584361,
        0.06893534687666344,
        0.13917012003211576,
        0.08646664262350386,
        0.04548618205292923,
        0.15650728462405278,
        0.07784972426392094,
        0.05370544465972618,
        0.2753374694585483,
        0.07053849447844632,
        0.08997665915006361,
        0.16973012119110173,
        0.16211517008263304,
        0.08025444566659523,
        0.30690256901630836,
        0.16021143230551593,
        0.07734874063836379,
        0.30319215903952573,
        0.16041182575573878,
        0.07724854391325237,
        0.3044978476136341,
        0.15880867815395594,
        0.05390583810994904,
        0.24598296014855928,
        0.21411727041546497
    ],
    "nn.conv2d_transpose": [],
    "nn.dense": [
        0.07724854391325237
    ],
    "nn.layer_norm": [],
    "nn.relu": [
        0.03286139468888912,
        0.03165903398755197,
        0.040679870395240354,
        0.021842886074291613,
        0.030660197884097403,
        0.029454706035100517,
        0.029257443732537393,
        0.02855293550909765,
        0.02935450930998909,
        0.033562771764669125,
        0.0317592307126634,
        0.03186255858543456,
        0.03186255858543456,
        0.029454706035100517,
        0.04218282127191179,
        0.029454706035100517,
        0.03276119796377768,
        0.029157247007425963,
        0.031258247087106256,
        0.02494898455274593,
        0.025547033755754775,
        0.024548197652300208,
        0.028055083031200245,
        0.027654296130754524,
        0.024548197652300208,
        0.023245640225851627,
        0.02704998463242621,
        0.025547033755754775,
        0.023543099253526184,
        0.025049181277857355,
        0.022644459875183053,
        0.02384368942886047,
        0.024444869779529046,
        0.022941918902857603,
        0.02975529621043481
    ],
    "nn.bias_add": [
        0.01553049239227156
    ],
    "nn.max_pool2d": [],
    "nn.adaptive_avg_pool2d": [],
    "nn.batch_matmul": [],
    "nn.softmax": [],
    "nn.batch_norm": [
        0.19196126957520016,
        0.1838422036935146,
        0.22491972984154093,
        0.21520064750573228,
        0.15168218608040548,
        0.17091995730179999,
        0.18324415449050574,
        0.17341548198660647,
        0.14015330039727164,
        0.17432351480792885,
        0.17272036720614597,
        0.13955212004660308,
        0.17422018693515764,
        0.20007094201390643,
        0.29115915858317504,
        0.2646070264286462,
        0.25318459976594326,
        0.24225063213815853,
        0.25659441956739154,
        0.24555712406683564,
        0.2334364514760124,
        0.30348335577188085,
        0.24627102573325463,
        0.31450186438647826,
        0.26950414136846723,
        0.24457081255402,
        0.21460572945038314,
        0.24747338643459177,
        0.26400584607797767,
        0.1721129245601579,
        0.19025792524830581,
        0.201373499440355,
        0.22692679549142927,
        0.21149963097192886,
        0.20980254894035402,
        0.13435441493144765,
        0.19998013873177417,
        0.19606933530476878,
        0.3143954053660474,
        0.23544977942122022,
        0.19225872860287466,
        0.12252493907297954,
        0.19917543378322303,
        0.18655690871450242,
        0.12362397190154552,
        0.16871876049700824,
        0.19506736805365446,
        0.12392456207687981,
        0.16800485883058933,
        0.19125989249942013,
        0.3396512423894471,
        0.1736284000274683
    ],
    "multiply": [],
    "add": [
        0.020236607324849012,
        0.019738754846951596,
        0.02855293550909765,
        0.028152148608651933,
        0.030857460186660537,
        0.024044082879083332,
        0.024347804202077352,
        0.014829115316491556,
        0.014725787443720394,
        0.015627557969723257
    ],
    "squeeze": [],
    "reshape": [],
    "transpose": [],
    "latency": 16.84911886850993,
    "batch_size": 2,
    "model_name": "mnasnet0_5",
    "sm_partition": 20
}