{
    "nn.conv2d": [
        0.07001118341720142,
        0.04360310419819395,
        0.05288083492626347,
        0.08578109543118687,
        0.09448788888368284,
        0.04353173703874727,
        0.046743259213848254,
        0.05737919619513755,
        0.0483133367216754,
        0.06429958043773362,
        0.051455721961062406,
        0.05966294529743159,
        0.05823337188476511,
        0.19554378666019379,
        0.06565778669095342,
        0.05930387927646544,
        0.04003697644959225,
        0.08356871348833952,
        0.05573775152786372,
        0.03760826280467213,
        0.08064265995102529,
        0.08920671908462792,
        0.04902700831614229,
        0.13980826535606278,
        0.11525573228266922,
        0.04867240274264156,
        0.23879451550861971,
        0.11197284294812156,
        0.04810146546706805,
        0.23444111878237173,
        0.11225831158590831,
        0.034755806650537305,
        0.4478289255279703,
        0.11575753262252875,
        0.03725365723117139,
        0.44361603289688295,
        0.1104763628234738,
        0.09413328331018213,
        0.27733278160983155,
        0.3047355406136272,
        0.035612212563897565,
        0.5712227442112947,
        0.2966732818198841,
        0.03346896755676419,
        0.5628727865560321,
        0.29381636521828386,
        0.025977646038594614,
        0.5650851684988796,
        0.2943873024938573,
        0.02090834749414702,
        0.5558765747065241,
        0.2832562558439066
    ],
    "nn.conv2d_transpose": [],
    "nn.dense": [
        0.03339983062105022
    ],
    "nn.layer_norm": [],
    "nn.relu": [
        0.02797369627936918,
        0.027048153430294944,
        0.052383495033869354,
        0.015058470643251273,
        0.01748495406443868,
        0.01562717769509207,
        0.024907138646894283,
        0.025692177400807856,
        0.024976275582608266,
        0.025692177400807856,
        0.024122099892980715,
        0.024050732733534023,
        0.02433620137132078,
        0.022264323523634107,
        0.026332251612095344,
        0.023334830915334427,
        0.023334830915334427,
        0.02304936227754768,
        0.02390576819090794,
        0.02240928806626019,
        0.022195186587920124,
        0.022480655225706875,
        0.025618580017628463,
        0.022549792161420855,
        0.022621159320867546,
        0.0173422197455453,
        0.01748495406443868,
        0.047242829329975075,
        0.018127258499458877,
        0.016626317927345712,
        0.011061909714236717,
        0.016983153724579154,
        0.011204644033130096,
        0.017625458159599348,
        0.011701983925524203
    ],
    "nn.bias_add": [
        0.011490112670916848
    ],
    "nn.max_pool2d": [],
    "nn.adaptive_avg_pool2d": [],
    "nn.batch_matmul": [],
    "nn.softmax": [],
    "nn.batch_norm": [
        0.14822066927584118,
        0.14107503243624148,
        0.18503943287913432,
        0.2185842280428106,
        0.10718009214652985,
        0.13515155820216634,
        0.11467364388843218,
        0.10789376374099674,
        0.1627015119723208,
        0.22850649342963303,
        0.2073104470739665,
        0.1948234243945288,
        0.20773418958318124,
        0.17441018656904309,
        0.23328140244136297,
        0.20353021784702474,
        0.2212270431660708,
        0.2312853522005885,
        0.1964670992855353,
        0.19475205723508207,
        0.18690166969594632,
        0.21587896665503453,
        0.19182377347403512,
        0.27753350174577535,
        0.19989049271524362,
        0.19653400599751653,
        0.1497104587292908,
        0.19467845985190269,
        0.19739487235834222,
        0.16627433039212067,
        0.19183046414523325,
        0.19360572223646963,
        0.21115981323662228,
        0.20109927397837188,
        0.19453349530927658,
        0.11446623308129024,
        0.18532713174065374,
        0.14015618025836538,
        0.39693075950008516,
        0.10753915816749603,
        0.18283151138375237,
        0.08847966614776477,
        0.1558547251129041,
        0.14043495822495397,
        0.08756081396988867,
        0.09590185073022037,
        0.13001535294573746,
        0.088983696711357,
        0.09555170560418506,
        0.1081770021550508,
        0.36809842708362295,
        0.09790236141846036
    ],
    "multiply": [],
    "add": [
        0.030757015497790037,
        0.02319432682017376,
        0.02426260398814138,
        0.022050222045294034,
        0.024621670009107526,
        0.022835260799207613,
        0.022480655225706875,
        0.010562339598109897,
        0.009705933684749637,
        0.00956319936585626
    ],
    "squeeze": [],
    "reshape": [],
    "transpose": [],
    "latency": 17.02665646870931,
    "batch_size": 2,
    "model_name": "mnasnet1_3",
    "sm_partition": 60
}