{
    "nn.conv2d": [
        0.14164813432946347,
        0.08164887614239325,
        0.09710609601036035,
        0.1835975787547504,
        0.2085995211196682,
        0.051768664149844656,
        0.07172266734093358,
        0.09610320850162277,
        0.07850188430463052,
        0.07258722553812111,
        0.09603404384584778,
        0.07653069161504289,
        0.07258722553812111,
        0.3309182955555108,
        0.045924250736856735,
        0.08189095243760576,
        0.04499160858164066,
        0.07677168721250892,
        0.08040391233844316,
        0.04343540382670305,
        0.07324537046573015,
        0.15997676810983977,
        0.06456520616596703,
        0.14704297747991382,
        0.2627565272892434,
        0.07293304881699612,
        0.25680836689259307,
        0.25770642671992167,
        0.07151517337360855,
        0.255942727997659,
        0.2547334272193429,
        0.0367599338466686,
        0.21292339280335246,
        0.1068593931723825,
        0.03423542391088093,
        0.20949974234248975,
        0.10523294306392343,
        0.10492278281068237,
        0.17692210877471595,
        0.80341556078471,
        0.04436804598191914,
        1.1027947733068186,
        0.7721887994000418,
        0.043261411489519064,
        1.0984373999929933,
        0.7862983891781427,
        0.04350456848247806,
        1.0969157775659428,
        0.7910696697288717,
        0.026490063161826866,
        1.1323972459785208,
        0.2061441758396555
    ],
    "nn.conv2d_transpose": [],
    "nn.dense": [
        0.04021924733316533
    ],
    "nn.layer_norm": [],
    "nn.relu": [
        0.0398042593985153,
        0.03942277309400629,
        0.06913007344711736,
        0.022650344068567606,
        0.027941440235355483,
        0.028322926539864485,
        0.028460175153668017,
        0.027527532998451936,
        0.029324733350855576,
        0.010443863022025733,
        0.013002955285700913,
        0.012726296662600894,
        0.012656051309079406,
        0.012794380620629415,
        0.02583191823421783,
        0.009925128103713198,
        0.012759798292741913,
        0.012379392685979386,
        0.012413975013866886,
        0.012622549678938387,
        0.012413975013866886,
        0.012484220367388377,
        0.014350585375567024,
        0.01372810347359198,
        0.013902095810775977,
        0.007503284453841543,
        0.010616774661463244,
        0.010443863022025733,
        0.010269870684841738,
        0.010443863022025733,
        0.01037469836625073,
        0.010443863022025733,
        0.010582192333575744,
        0.010546529307941756,
        0.009302646201738155
    ],
    "nn.bias_add": [
        0.0055320917642539035
    ],
    "nn.max_pool2d": [],
    "nn.adaptive_avg_pool2d": [],
    "nn.batch_matmul": [],
    "nn.softmax": [],
    "nn.batch_norm": [
        0.15689353743911963,
        0.1541604528382604,
        0.2721564362881652,
        0.24314294388829716,
        0.09824190934191551,
        0.12735806802769958,
        0.11480360230678971,
        0.11408169621213807,
        0.06742905519415084,
        0.1140125315563631,
        0.11224883283410046,
        0.06742905519415084,
        0.11525425326707374,
        0.06380007216145604,
        0.1292265944313712,
        0.07195934014741365,
        0.0704398791158565,
        0.054460682236337425,
        0.07002272978571351,
        0.06950507556514746,
        0.05463467457352142,
        0.10553661913068554,
        0.06040776193524137,
        0.3057337152714371,
        0.07071329564571709,
        0.06836169734936691,
        0.04771928969376741,
        0.0677446189361243,
        0.06857243340993138,
        0.04716381105207441,
        0.06777487847302584,
        0.06729180658034731,
        0.15136036497711924,
        0.07697161629560852,
        0.0726164043772762,
        0.049342497708987056,
        0.07320538464911022,
        0.053041726095203336,
        0.8454957696373215,
        0.06389949635413263,
        0.0617597148160934,
        0.04598693120615284,
        0.06241569834820946,
        0.061099408492991406,
        0.045501697917981324,
        0.06165488713468441,
        0.06172297109271293,
        0.045364449304177795,
        0.06237895462482899,
        0.06220712368313796,
        0.2490554412593136,
        0.06030509564932534
    ],
    "multiply": [],
    "add": [
        0.015077894958951059,
        0.015216224270501068,
        0.009474477143429182,
        0.009302646201738155,
        0.006984549535529006,
        0.006363148331300447,
        0.0074341197980665385,
        0.006050826682566441,
        0.006050826682566441,
        0.005808750387353925
    ],
    "squeeze": [],
    "reshape": [],
    "transpose": [],
    "latency": 17.06299622853597,
    "batch_size": 4,
    "model_name": "mnasnet1_3",
    "sm_partition": 20
}