{
    "nn.conv2d": [
        0.11251585417903956,
        0.06823814613925816,
        0.07553743824764206,
        0.061190196357645006,
        0.08482155739011261,
        0.05820518233249121,
        0.05970028050307605,
        0.04709688795242666,
        0.05381057835101478,
        0.05613225592613441,
        0.04427511688177346,
        0.08515581677313765,
        0.05679559237616858,
        0.05953185523255958,
        0.09187209832973373,
        0.06259978631396765,
        0.1320039535568015,
        0.07570327236015062,
        0.05853944171551624,
        0.12047848273745765,
        0.10306590092406048,
        0.08034403635238192,
        0.0763666088101848,
        0.13440854818817538,
        0.12520216378594326,
        0.041538854025382474,
        0.2698121010514021,
        0.08581656206516389,
        0.03382756779373516,
        0.262183731876009,
        0.0840778950418321,
        0.033578816624972335,
        0.1663290236880623,
        0.06517021505785008,
        0.04493845333180764,
        0.1928650728474374,
        0.06351446509077259,
        0.07553743824764206,
        0.1478385201433596,
        0.09178918127347944,
        0.053230158957234874,
        0.2766942167205067,
        0.09261835183602217,
        0.03896842528150004,
        0.2705557633996826,
        0.08565072795265534,
        0.03565174303132915,
        0.2697291839951478,
        0.08648248967320599,
        0.04079519167710197,
        0.3310852144653014,
        0.1733795646276834
    ],
    "nn.conv2d_transpose": [],
    "nn.dense": [
        0.048752637919504176
    ],
    "nn.layer_norm": [],
    "nn.relu": [
        0.03971726994579643,
        0.037558835325177405,
        0.05348150128400564,
        0.02876962736222454,
        0.03134005610610698,
        0.028189207968444634,
        0.02926972085775812,
        0.031257139049852715,
        0.027857539743427553,
        0.027194203293393365,
        0.030096300262292902,
        0.025867530393325015,
        0.028437959137207452,
        0.02346552691995906,
        0.02835763323896113,
        0.026699292113875683,
        0.022716682255662667,
        0.02164135168236507,
        0.02321677575119625,
        0.020560838793051584,
        0.020729264063568075,
        0.020314678782296713,
        0.021060932288585164,
        0.020148844669788172,
        0.019236757050991177,
        0.020729264063568075,
        0.021224175243085765,
        0.022053345805628483,
        0.020729264063568075,
        0.018819580611711868,
        0.019568425276008262,
        0.019983010557279628,
        0.0193170829492375,
        0.01840758648844845,
        0.020978015232330893
    ],
    "nn.bias_add": [
        0.0215584346261108
    ],
    "nn.max_pool2d": [],
    "nn.adaptive_avg_pool2d": [],
    "nn.batch_matmul": [],
    "nn.softmax": [],
    "nn.batch_norm": [
        0.3324870309476001,
        0.31474018975117796,
        0.3946696408222885,
        0.3140898090911835,
        0.23754959269446627,
        0.2722840657909826,
        0.2460770936986166,
        0.23463972225154292,
        0.22593861366086027,
        0.23257456931920995,
        0.23430805402652585,
        0.21997117676856057,
        0.23489106457831369,
        0.22336559375896986,
        0.2739527715480998,
        0.236458715173121,
        0.22203373854288563,
        0.220380579733816,
        0.22303392553395276,
        0.2222099372874259,
        0.22236540676790265,
        0.2395370108865609,
        0.22585828776261394,
        0.32742131704206573,
        0.18605291844454733,
        0.17186632835104293,
        0.14956682253465955,
        0.17022094301599724,
        0.1691352478106678,
        0.1420991051557592,
        0.17187669298307473,
        0.17320595704115102,
        0.20479217315801285,
        0.18364573265516548,
        0.21565948984333846,
        0.15238859360531276,
        0.16972862299448746,
        0.18074622684427388,
        0.2376325097507206,
        0.18124891149781544,
        0.16756759721586048,
        0.1347350340971766,
        0.1773492186958567,
        0.16440638444616634,
        0.13572226529820405,
        0.1656605049220122,
        0.16689907844981042,
        0.14202655273153666,
        0.16540398027922557,
        0.1620043809728004,
        0.2871339923345212,
        0.1693114465552082
    ],
    "multiply": [],
    "add": [
        0.02761137973267268,
        0.025287110999545108,
        0.02653086684335919,
        0.026282115674596377,
        0.02180459463686567,
        0.018573420600957,
        0.020978015232330893,
        0.019651342332262536,
        0.02006333645552595,
        0.018653746499203323
    ],
    "squeeze": [],
    "reshape": [],
    "transpose": [],
    "latency": 17.070603370666504,
    "batch_size": 2,
    "model_name": "mnasnet0_75",
    "sm_partition": 60
}