{
    "nn.conv2d": [
        0.041098591941520414,
        0.023757021217403633,
        0.03362010419692813,
        0.07067956821665962,
        0.0358020191777204,
        0.050628700217815,
        0.046194552617039045,
        0.04546449006896353,
        0.05042808812953363,
        0.04268694332090285,
        0.028391780906460964,
        0.04784701713803718,
        0.04837646759783132,
        0.15215082588334206,
        0.06214217955247906,
        0.048045561060459985,
        0.03375039864601809,
        0.07379008966795021,
        0.0459277592212834,
        0.029316251045242145,
        0.0707457495241339,
        0.07458426535764145,
        0.04520183300492503,
        0.13699323830587615,
        0.08623424363897117,
        0.04156186109384029,
        0.23176487060902787,
        0.08305754088020628,
        0.038980790102343836,
        0.22547971456483099,
        0.08093767087517116,
        0.03289210981471118,
        0.34725332031748407,
        0.11363330493331811,
        0.03917933402476664,
        0.1095300638699135,
        0.10489530418085617,
        0.09450690707325465,
        0.2569137674492497,
        0.16862997144443478,
        0.034943730346413494,
        0.47478469982039845,
        0.16856379013696057,
        0.032360591189058464,
        0.4698872830673026,
        0.16942207896826744,
        0.030242789349881893,
        0.46935576444164995,
        0.16644598829778395,
        0.029250069737767875,
        0.5013875172591956,
        0.2766378652424401
    ],
    "nn.conv2d_transpose": [],
    "nn.dense": [
        0.038912540629011005
    ],
    "nn.layer_norm": [],
    "nn.relu": [
        0.014756363400903189,
        0.01409661849201908,
        0.030641945360586075,
        0.02124213153338145,
        0.021970125915598396,
        0.01819779138956512,
        0.02084711185439441,
        0.0200529361647032,
        0.019124329694204873,
        0.017538046480681014,
        0.019389054924101944,
        0.019389054924101944,
        0.01919051100167914,
        0.017802771710578084,
        0.03156641549936725,
        0.031036965039573112,
        0.029316251045242145,
        0.029913950978369127,
        0.027794080973333978,
        0.026470454823848622,
        0.026406341682232923,
        0.027597605216769742,
        0.028323531433128123,
        0.026340160374758653,
        0.02283255107862245,
        0.024749740829517655,
        0.02461944638042769,
        0.023362001538416593,
        0.022369281926302574,
        0.024288539843056345,
        0.02283255107862245,
        0.020911224996010107,
        0.02190394460812413,
        0.022038375388931237,
        0.02494828475194046
    ],
    "nn.bias_add": [
        0.024485015599620585
    ],
    "nn.max_pool2d": [],
    "nn.adaptive_avg_pool2d": [],
    "nn.batch_matmul": [],
    "nn.softmax": [],
    "nn.batch_norm": [
        0.10250450444834824,
        0.09648200546818984,
        0.17166397075895826,
        0.23757848483747063,
        0.16821840643857922,
        0.19297641993153114,
        0.1740464978280319,
        0.16034489901499988,
        0.15657463265482516,
        0.15796444011178484,
        0.1643840269367888,
        0.15518275703200696,
        0.15677317657724799,
        0.14863080759205444,
        0.19515833491232343,
        0.16782338675959213,
        0.1584897542398618,
        0.15100919832941093,
        0.15505453074877557,
        0.15412799244413583,
        0.30574316337010804,
        0.27688811331132723,
        0.25174128463696394,
        0.31581099476963104,
        0.2561133872619828,
        0.24499492760630573,
        0.2322177989320549,
        0.2411522754410811,
        0.24380366407176893,
        0.22553348687715385,
        0.23897242862614737,
        0.24313771466530912,
        0.305743163370108,
        0.2581629396278265,
        0.24618619114084256,
        0.20998501595241806,
        0.1996586638205736,
        0.20402456194801674,
        0.32653443474632105,
        0.1992636441415866,
        0.2023121206171201,
        0.13691671616910905,
        0.20217768983631298,
        0.1986059673985611,
        0.11738909413248283,
        0.18178764263666272,
        0.19224222105173847,
        0.12440431272475519,
        0.1972678640880657,
        0.19416768346606797,
        0.38734678365173897,
        0.17682818090780977
    ],
    "multiply": [],
    "add": [
        0.020117049306318895,
        0.019060216552589174,
        0.019124329694204873,
        0.03434603041328651,
        0.032360591189058464,
        0.027992624895756782,
        0.02468355952204339,
        0.024749740829517655,
        0.024817990302850493,
        0.022369281926302574
    ],
    "squeeze": [],
    "reshape": [],
    "transpose": [],
    "latency": 17.1168851852417,
    "batch_size": 1,
    "model_name": "mnasnet1_3",
    "sm_partition": 60
}