{
    "nn.conv2d": [
        0.11981502946809645,
        0.06326846782444266,
        0.08620365593636128,
        0.165510356051809,
        0.0668063131827526,
        0.05076623826395678,
        0.0735263767357507,
        0.051237950978398096,
        0.07564908395073665,
        0.07223100939882783,
        0.039741796191681604,
        0.07388016127158167,
        0.07223100939882783,
        0.24723642645655924,
        0.05807962796558809,
        0.07429475252450864,
        0.04469477969331551,
        0.07441083807532818,
        0.07753777743629273,
        0.041331983975130285,
        0.06945969720148505,
        0.1500636072816464,
        0.057193323998219824,
        0.1322564523114864,
        0.2128603623916477,
        0.06816064460898064,
        0.23726965273619552,
        0.2132731110167839,
        0.06621667228970096,
        0.23626910584579847,
        0.20902585395902115,
        0.036616699458507825,
        0.29316945202528333,
        0.11468515369854707,
        0.034492149615731084,
        0.17677433973688644,
        0.10990721983703784,
        0.1183980486969817,
        0.23579555050356635,
        0.6760822479730285,
        0.04375135426443286,
        0.9069266576027518,
        0.6753746789013666,
        0.04221644531470777,
        0.9059813895460783,
        0.674077468936653,
        0.04298482110346571,
        0.9057455331888576,
        0.6743114826660828,
        0.028951367848836302,
        0.9922476948273263,
        0.3290767397843383
    ],
    "nn.conv2d_transpose": [],
    "nn.dense": [
        0.038088959063346174
    ],
    "nn.layer_norm": [],
    "nn.relu": [
        0.0349638623301724,
        0.03378458054406909,
        0.0650963545929028,
        0.022758295844003126,
        0.02635510529161823,
        0.025531450669136695,
        0.025708342937052195,
        0.025531450669136695,
        0.02618005565149352,
        0.012736243289915765,
        0.016686837273361857,
        0.017097743270707233,
        0.016213281931129746,
        0.01603823229100504,
        0.026590961648838892,
        0.012026831590462993,
        0.016745801362667023,
        0.015389627308648218,
        0.01533066321934305,
        0.016213281931129746,
        0.015389627308648218,
        0.01533066321934305,
        0.017394406345023844,
        0.01698165771988769,
        0.016861886913486567,
        0.010967320610760797,
        0.012911292930040475,
        0.012144759769073324,
        0.011851781950338284,
        0.012144759769073324,
        0.012323494664779607,
        0.011851781950338284,
        0.012087638307558943,
        0.01179097523324233,
        0.012205566486169274
    ],
    "nn.bias_add": [
        0.008960698946594382
    ],
    "nn.max_pool2d": [],
    "nn.adaptive_avg_pool2d": [],
    "nn.batch_matmul": [],
    "nn.softmax": [],
    "nn.batch_norm": [
        0.160135410786085,
        0.15353327541169723,
        0.2772952136076582,
        0.24510450610261947,
        0.12121542658909415,
        0.15582734701122633,
        0.13902626681483574,
        0.13301561496129038,
        0.09256440707015602,
        0.13484350172975054,
        0.13378030549446673,
        0.09233223596851695,
        0.13378399075004835,
        0.08755245947921696,
        0.14739916749616921,
        0.10429826084188398,
        0.1011731641087102,
        0.081003760310762,
        0.09916285718896223,
        0.09946320551886041,
        0.0810608817722764,
        0.13560450700734536,
        0.08643029915462802,
        0.28361174167447406,
        0.10506110874726957,
        0.09952032698037477,
        0.07587572716900338,
        0.09858058680707371,
        0.09869667235789326,
        0.07475725209999604,
        0.09852162271776853,
        0.09781405364610656,
        0.1853720410086959,
        0.10789691291728985,
        0.10276335189215888,
        0.07770361393746351,
        0.10217555362689801,
        0.08212776326314172,
        0.7447035495297059,
        0.09215165844501987,
        0.08684304777976419,
        0.07486965239523401,
        0.08666799813963948,
        0.08760773831294054,
        0.07310257234386981,
        0.08755061685142616,
        0.08660350616696194,
        0.07422657529624953,
        0.08631421360380848,
        0.0867859263182498,
        0.39952961336505727,
        0.08867461980380589
    ],
    "multiply": [],
    "add": [
        0.015566519576563714,
        0.014976878683512057,
        0.01126029842949584,
        0.011024442072275176,
        0.0097861961968667,
        0.009375290199521326,
        0.01019894482200286,
        0.008960698946594382,
        0.008665878500068553,
        0.008608757038554175
    ],
    "squeeze": [],
    "reshape": [],
    "transpose": [],
    "latency": 17.050035794576008,
    "batch_size": 1,
    "model_name": "mnasnet1_3",
    "sm_partition": 10
}