{
    "nn.conv2d": [
        0.08949039719305647,
        0.06448505142280339,
        0.05891110437804108,
        0.05744262093352255,
        0.09669007879254109,
        0.043040838486704,
        0.0750910339940872,
        0.06185290976277674,
        0.0659583733630205,
        0.07339030275603689,
        0.05504272706702768,
        0.06386572397338536,
        0.07486120544840473,
        0.05790469727273679,
        0.09196770699072859,
        0.06642286895008402,
        0.13369489389526856,
        0.07068074516483301,
        0.053958904030546116,
        0.12347841022772033,
        0.06634545301890678,
        0.07880699869059539,
        0.0534944084434826,
        0.12835561389188732,
        0.09088388395424704,
        0.041802183587867935,
        0.25461857839413954,
        0.08879607306031047,
        0.03808863813920903,
        0.24664715673073162,
        0.0882517422942204,
        0.03429283826367429,
        0.1573865880833576,
        0.0754031169666455,
        0.050939682714633214,
        0.18184760308752063,
        0.0750910339940872,
        0.07517086917311373,
        0.1390390123943484,
        0.09406035638036375,
        0.05341699251230534,
        0.25694105632945713,
        0.08895090492266498,
        0.03940228972137305,
        0.25307025977059444,
        0.09158304658269163,
        0.03870796558862706,
        0.25461857839413954,
        0.09057422022953802,
        0.042269098422780746,
        0.31461834430436075,
        0.19640179814884443
    ],
    "nn.conv2d_transpose": [],
    "nn.dense": [
        0.05132434312267019
    ],
    "nn.layer_norm": [],
    "nn.relu": [
        0.02554725728849386,
        0.02469568204554406,
        0.04969860856794785,
        0.018502407551363734,
        0.03623065579095493,
        0.03259210702562398,
        0.031972779576205944,
        0.03398317453896527,
        0.033286431158369975,
        0.03026962909030636,
        0.024770678728872033,
        0.021057133280213115,
        0.0232997760365042,
        0.02182887334413637,
        1.5195948938304717,
        0.02360943976121322,
        0.024461015004163013,
        0.024228767210631247,
        0.025080342453581046,
        0.02283769969728996,
        0.022061121137668133,
        0.023067528242972438,
        0.025237593563784844,
        0.022680448587086167,
        0.024151351279453993,
        0.023067528242972438,
        0.02299011231179518,
        0.020128142106086072,
        0.022295788179049182,
        0.019970890995882274,
        0.020280554720591287,
        0.02082488548668136,
        0.019506395408818752,
        0.01958623058784529,
        0.02569966990299908
    ],
    "nn.bias_add": [
        0.013315540162487708
    ],
    "nn.max_pool2d": [],
    "nn.adaptive_avg_pool2d": [],
    "nn.batch_matmul": [],
    "nn.softmax": [],
    "nn.batch_norm": [
        0.14723542410774015,
        0.14180663193393522,
        0.16968120565344527,
        0.21690492367157027,
        0.12424047330024642,
        0.26467297245578536,
        0.2757410313662834,
        0.2605747665990895,
        0.24044420524515417,
        0.2604997699157615,
        0.26017800995180607,
        0.23897572180063556,
        0.25608706183865804,
        0.24578832374423396,
        0.27999890758103246,
        0.2430037694697021,
        0.16333793779260905,
        0.1754922389874379,
        0.18872794397089906,
        0.16697648655793995,
        0.1819903387106287,
        1.6977216937257855,
        0.18362333100889888,
        0.23479042302136527,
        0.18439749032067146,
        0.18338624471966858,
        0.11502555824230389,
        0.17587448014762563,
        0.1784316251243243,
        0.11402398963269816,
        0.1723181858091705,
        0.18400315292123726,
        0.220775720230433,
        0.20336923195479728,
        0.1845402259437795,
        0.1480821608549914,
        0.25792810945196715,
        0.1835362380863245,
        0.23927812778179672,
        0.19677436231763495,
        0.17680105207390337,
        0.1404204029162925,
        0.1859409704485179,
        0.1749430697256493,
        0.12416547661691844,
        0.17385682744131842,
        0.1775824691292238,
        0.11634888681586508,
        0.17363183739133453,
        0.17076502868992682,
        0.286654258414427,
        0.1552842617023253
    ],
    "multiply": [],
    "add": [
        0.030344625773634323,
        0.02778990004478494,
        0.022915115628467216,
        0.021676460729631156,
        0.020590218445300307,
        0.01842257237233719,
        0.02299011231179518,
        0.020590218445300307,
        0.020205558037263323,
        0.019663646519022547
    ],
    "squeeze": [],
    "reshape": [],
    "transpose": [],
    "latency": 17.216920852661133,
    "batch_size": 2,
    "model_name": "mnasnet0_75",
    "sm_partition": 30
}