{
    "nn.conv2d": [
        0.05704551562308973,
        0.08398733535732031,
        0.04446388342446371,
        0.04347579712614229,
        0.07364536543488953,
        0.03379255140259242,
        0.056845839850303934,
        0.04900908039674221,
        0.046440056021106534,
        0.05362014978890882,
        0.04518642153011124,
        0.045647528469327896,
        0.054542363667342136,
        0.04775544590574692,
        0.04354166954603038,
        0.0515781047723779,
        0.034385403181585256,
        0.05289555317013979,
        0.03675475178443516,
        0.03326557204348766,
        0.05197333929170646,
        0.06738542703239904,
        0.04116820391693748,
        0.08220672150722028,
        0.0797715004844823,
        0.057768053728737265,
        0.1719270159079263,
        0.07529011741897038,
        0.057768053728737265,
        0.1793047269353929,
        0.09564469516439153,
        0.05631886049119919,
        0.32343358165054337,
        0.08958443253468686,
        0.05059001847405648,
        0.23424232512206364,
        0.08062784194302752,
        0.06237912312090387,
        0.21395361979653058,
        0.2094722367310186,
        0.06837351333072048,
        0.39154566381483297,
        0.20552195005085447,
        0.06653114408697532,
        0.38884489459942106,
        0.20696908477527104,
        0.061852143761799115,
        0.3863417426436736,
        0.20446593281952344,
        0.05519902935310159,
        0.2951722550054294,
        0.14623471363844803
    ],
    "nn.conv2d_transpose": [],
    "nn.dense": [
        0.05697964320320164
    ],
    "nn.layer_norm": [],
    "nn.relu": [
        0.04031392097151376,
        0.04051153823117804,
        0.058033601921411146,
        0.014424001442371165,
        0.028388954458647173,
        0.028388954458647173,
        0.02746879909333536,
        0.025953733435909187,
        0.02681007489445441,
        0.022462495181840184,
        0.018376346635656828,
        0.017126829170904537,
        0.018246660309002145,
        0.015414146253814084,
        0.024043433259154447,
        0.01705889823789494,
        0.016861280978230656,
        0.01897125692777118,
        0.03767696566286849,
        0.031155596093947135,
        0.030892106414394757,
        0.028191337198982893,
        0.03306589627070187,
        0.030301313148523416,
        0.02917942349730431,
        0.031750506386061486,
        0.03122352702695673,
        0.028983864750761527,
        0.030762420087740074,
        0.02937704075696859,
        0.030762420087740074,
        0.03247510300483052,
        0.028720375071209146,
        0.02410724716592104,
        0.02311916086759962
    ],
    "nn.bias_add": [
        0.024831843784690076
    ],
    "nn.max_pool2d": [],
    "nn.adaptive_avg_pool2d": [],
    "nn.batch_matmul": [],
    "nn.softmax": [],
    "nn.batch_norm": [
        0.17613461672827832,
        0.17251163363443314,
        0.13693640986861919,
        0.22896018045228703,
        0.09820342697441971,
        0.21670996886622296,
        0.20741372360951565,
        0.19596221511459475,
        0.1746792479513758,
        0.19332731831907096,
        0.19477857006973057,
        0.1705395780640333,
        0.19338907371271605,
        0.17692096874069246,
        0.20465737453982322,
        0.16894628890799004,
        0.13140106808489777,
        0.12797981927695987,
        0.13450736438524571,
        0.13133519566500967,
        0.12883204370926207,
        0.1603231774420142,
        0.13608006841007395,
        0.19562873598891126,
        0.13252089922299537,
        0.13541722718495003,
        0.10255100668703393,
        0.40293335840298733,
        0.2660484113624057,
        0.2900897861084386,
        0.254057572429651,
        0.24437226819297958,
        0.2808676473241054,
        0.2677569772532531,
        0.2538661307093512,
        0.22691813543575612,
        0.25346677916377963,
        0.2616370177430249,
        0.4281583781938844,
        0.26710854561997965,
        0.2547204136547749,
        0.21058383381663018,
        0.3028669770536074,
        0.24865809251194876,
        0.20004424663453507,
        0.22830351476652758,
        0.24760413379373925,
        0.20669530253011115,
        0.22843320109318227,
        0.19536936333560193,
        0.2858739512356006,
        0.19128115627629702
    ],
    "multiply": [],
    "add": [
        0.02437073684547342,
        0.0222648779221759,
        0.016993025818006848,
        0.016861280978230656,
        0.01659779129867828,
        0.03267066175137331,
        0.03346318930315194,
        0.030564802828075794,
        0.032013996065613864,
        0.029247354430313906
    ],
    "squeeze": [],
    "reshape": [],
    "transpose": [],
    "latency": 17.08318869272868,
    "batch_size": 4,
    "model_name": "mnasnet1_0",
    "sm_partition": 80
}