{
    "nn.conv2d": [
        0.05669450934144465,
        0.04387010230050729,
        0.05520900416879621,
        0.06114012206913197,
        0.17479080771821254,
        0.04631505301585708,
        0.03567392972407825,
        0.04709732821686645,
        0.03863676297668163,
        0.03331620133079222,
        0.043782879978443524,
        0.04936783428808872,
        0.047361720880622224,
        0.05425228432365933,
        0.05006561286459881,
        0.05643011667768887,
        0.03942448957281997,
        0.048580107691950376,
        0.0860857061793676,
        0.03776726545360851,
        0.044047272642199306,
        0.07230730499085786,
        0.0843439854356569,
        0.09393844086267059,
        0.0666351283591489,
        0.052333393238256594,
        0.124986861819805,
        0.06166618169907902,
        0.04744894320268598,
        0.12315791875403052,
        0.0590467863396017,
        0.03741837616535346,
        0.13702354226460406,
        0.06227673795352534,
        0.052682282526511644,
        0.2409080535401079,
        0.053813447015776034,
        0.0784973641598204,
        0.14583572249060836,
        0.10710901149429851,
        0.05721511757626272,
        0.2642836358531958,
        0.10283511771317423,
        0.05416506200159558,
        0.25913751885143393,
        0.10536456505302329,
        0.051196777353863215,
        0.25852423689942305,
        0.10309678467936549,
        0.044393436232889855,
        0.20383856666300948,
        0.18229465311326046
    ],
    "nn.conv2d_transpose": [],
    "nn.dense": [
        0.0666351283591489
    ],
    "nn.layer_norm": [],
    "nn.relu": [
        0.02555341466711748,
        0.02337558231308795,
        0.042826160133306646,
        0.016656737816613858,
        0.020235578718792554,
        0.018924518190271643,
        0.01936335549815494,
        0.030353368078188826,
        0.028085587704531043,
        0.02738780912802095,
        0.024332302158224822,
        0.023547301259650974,
        0.02389619054790602,
        0.024855636090607394,
        0.031748925231209,
        0.02372447160134299,
        0.025204525378862433,
        0.025032806432299406,
        0.02398341286996978,
        0.02407336088959804,
        0.025032806432299406,
        0.022416136770386577,
        0.027038919839765908,
        0.024593969124416113,
        0.020846134973238874,
        0.019188910854027418,
        0.02127952088599319,
        0.020756186953610627,
        0.01909896283439917,
        0.01936335549815494,
        0.019886689430537504,
        0.020584468007047593,
        0.02006113407466503,
        0.019447852122654208,
        0.02389619054790602
    ],
    "nn.bias_add": [
        0.013693904564010475
    ],
    "nn.max_pool2d": [],
    "nn.adaptive_avg_pool2d": [],
    "nn.batch_matmul": [],
    "nn.softmax": [],
    "nn.batch_norm": [
        0.1557627130204902,
        0.14459553009876427,
        0.1731172294136141,
        0.20190332139221975,
        0.12313883887107906,
        0.13970835436562917,
        0.13918502043324663,
        0.1329949612642841,
        0.11738489131243532,
        0.13151218178920016,
        0.15149154493693037,
        0.2095788857338307,
        0.22039990506486606,
        0.2094126181823967,
        0.237748970062861,
        0.21961217846872774,
        0.20033331959507208,
        0.20093842445438942,
        0.20461539046888982,
        0.20452271675169711,
        0.20320893052561168,
        0.22588945995975404,
        0.289392761817301,
        0.24769504047569427,
        0.21943228242947116,
        0.20164983151872198,
        0.17452096365932776,
        0.20024882297057278,
        0.20051321563432856,
        0.18324592156326838,
        0.20269649938348708,
        0.2022494849829103,
        0.22685708259514886,
        0.21987384543491906,
        0.2416712488581658,
        0.18785780184238976,
        0.1702416184830745,
        0.1568938775097546,
        0.23233846039734338,
        0.16308938807384613,
        2.75943624894582,
        0.10701361207954126,
        0.16928489863793766,
        0.1622171648532085,
        0.10507836680875159,
        0.14912836514851538,
        0.16310029086410407,
        0.1058742704975834,
        0.1456421979635294,
        0.15968499181579496,
        0.29907443956637847,
        0.14582209400278595
    ],
    "multiply": [],
    "add": [
        0.016482293172486333,
        0.025291747700926195,
        0.02538169572055445,
        0.021890077140439515,
        0.024245079836161063,
        0.021195024261493924,
        0.055034559524668694,
        0.012734459021309102,
        0.011772287781043242,
        0.011862235800671495
    ],
    "squeeze": [],
    "reshape": [],
    "transpose": [],
    "latency": 17.128705978393555,
    "batch_size": 4,
    "model_name": "mnasnet0_5",
    "sm_partition": 60
}