{
    "nn.conv2d": [
        0.15022988320892297,
        0.12156229690600015,
        0.2089581098806396,
        0.20111072472338973,
        0.4990066301219765,
        0.07060355434179724,
        0.08270112912436059,
        0.15154732743240293,
        0.07683563832069351,
        0.08409647439757673,
        0.15176728333754044,
        0.0769822755907852,
        0.0856361657335393,
        0.12493495411810872,
        0.04604410280878655,
        0.08394754592013984,
        0.05997464346749585,
        0.0470682724920831,
        0.07918183464216035,
        0.05923916590969229,
        0.04684831658694558,
        0.1445110296753476,
        0.14223586078158143,
        0.0730253605056551,
        0.17266538553294955,
        0.1222221646214127,
        0.18080146281569245,
        0.1692904371134958,
        0.12009592420508337,
        0.17654898198303381,
        0.1697303489237708,
        0.06239415842400852,
        0.13908545068195552,
        0.08284776639445227,
        0.07566254015996011,
        0.21269506906063218,
        0.08270112912436059,
        0.12427279519535099,
        0.12904079768067567,
        0.42436596843796776,
        0.1542601169290989,
        0.2392364149472257,
        0.3987044461719243,
        0.1519872392426779,
        0.23498393411456706,
        0.4222397280216385,
        0.15301599134066485,
        0.234179720336408,
        0.3965071783278944,
        0.08893550431060204,
        0.26123200546097725,
        0.46410466863281225
    ],
    "nn.conv2d_transpose": [],
    "nn.dense": [
        0.1489101477780979
    ],
    "nn.layer_norm": [],
    "nn.relu": [
        0.0664977107792303,
        0.06701094122455116,
        0.10213285861885298,
        0.03372657212108569,
        0.050516539546582695,
        0.048903529575574256,
        0.04897684821062009,
        0.04875460109813739,
        0.04883021094052842,
        0.021922271878705695,
        0.028445339190440132,
        0.028374311762739482,
        0.028298701920348463,
        0.028960860843106194,
        0.04113175426071537,
        0.019429438287147188,
        0.025808159536135137,
        0.02463277016805654,
        0.025074973185676752,
        0.025146000613377406,
        0.024852726073194054,
        0.0247816986454934,
        0.02851865782548597,
        0.027638834204935913,
        0.02822538328530262,
        0.015101347612097539,
        0.019356119652101354,
        0.018400686189160274,
        0.018474004824206112,
        0.018400686189160274,
        0.018474004824206112,
        0.019280509809710328,
        0.018400686189160274,
        0.018400686189160274,
        0.02961843735117355
    ],
    "nn.bias_add": [
        0.0123908493227467
    ],
    "nn.max_pool2d": [],
    "nn.adaptive_avg_pool2d": [],
    "nn.batch_matmul": [],
    "nn.softmax": [],
    "nn.batch_norm": [
        0.2728094761761841,
        0.26400894876333836,
        0.34854304376384493,
        0.37405792875979677,
        0.16898799774393172,
        0.20226778443270682,
        0.22500343491895228,
        0.21584089674556767,
        0.14846336234578733,
        0.21547888598502885,
        0.21517873782280994,
        0.14706114345053564,
        0.21810690080995312,
        0.13247760869844935,
        0.17910826058760257,
        0.15865236140981365,
        0.15182685472851515,
        0.110559919234434,
        0.15226905774613536,
        0.1529312166688931,
        0.11194609967826939,
        0.19406297092960842,
        0.12279954887239868,
        0.26151840637912505,
        0.14948294961439348,
        0.14273992639752156,
        0.09750232857423921,
        0.1420823498894542,
        0.14244206944264784,
        0.09735569130414755,
        0.1439840519859556,
        0.14339750290558892,
        0.17470456007016194,
        0.1597498497281561,
        0.15329551863677712,
        0.10021740927828042,
        0.1548352099727397,
        0.10806021202083996,
        0.5132189892841432,
        0.12866274846872058,
        0.12213509874229575,
        0.09595805482358624,
        0.12177308798175693,
        0.1247791520186363,
        0.09390971545699313,
        0.12390161960543143,
        0.12345941658781118,
        0.0945695831724057,
        0.1217662143597214,
        0.12118195648669985,
        0.5538352218921926,
        0.16649287294502801
    ],
    "multiply": [],
    "add": [
        0.028667586302922834,
        0.028005427380165107,
        0.017303197870817872,
        0.016641038948060145,
        0.013197354308250921,
        0.012097574782563346,
        0.013930540658709308,
        0.012315239480355678,
        0.011582053129897293,
        0.011511025702196637
    ],
    "squeeze": [],
    "reshape": [],
    "transpose": [],
    "latency": 16.972514788309734,
    "batch_size": 4,
    "model_name": "mnasnet0_5",
    "sm_partition": 10
}