{
    "nn.conv2d": [
        0.09574825458389687,
        0.047564552127295524,
        0.06530417985510537,
        0.07027464103531622,
        0.04970461180210854,
        0.0447319933036771,
        0.0784228319544379,
        0.06185462802040174,
        0.061645368153005704,
        0.073381179272948,
        0.05971456834558873,
        0.06123332037287539,
        0.07572834149693645,
        0.07110520855023861,
        0.06157633396994721,
        0.056260701874443944,
        0.125780281532558,
        0.05646996174183997,
        0.0551561549455082,
        0.11535611989072689,
        0.05177563729386306,
        0.07013872998741982,
        0.05059989886364825,
        0.07227878966223282,
        0.08353136150076572,
        0.049290406703757624,
        0.11231861583615359,
        0.09837371085833982,
        0.057574508670775716,
        0.1218453330982244,
        0.09188449765084229,
        0.048254893957880365,
        0.14973298573563137,
        0.08898506196238597,
        0.05605575664348908,
        0.17251426614493112,
        0.08822352863052209,
        0.07759226443951553,
        0.1352379646115703,
        0.10555326589642214,
        0.07110520855023861,
        0.24009873135918702,
        0.10037570216703585,
        0.058400761549256955,
        0.23975356044389462,
        0.10168735164514704,
        0.0507401245479858,
        0.23064320559839532,
        0.09443876242400623,
        0.052396944941389426,
        0.28656089387576733,
        0.17665631712844018
    ],
    "nn.conv2d_transpose": [],
    "nn.dense": [
        0.059367240112075725
    ],
    "nn.layer_norm": [],
    "nn.relu": [
        0.031132259241155737,
        0.030720211461025413,
        0.046598073564476754,
        0.020570029233207675,
        0.036862096435009914,
        0.03630982297054204,
        0.03561948113995721,
        0.037554595583815346,
        0.03527431022466478,
        0.021053268514617064,
        0.02229588380966978,
        0.021536507796026453,
        0.020777131782383128,
        0.020500995050149195,
        0.027887652637406994,
        0.020434118185311288,
        0.021812644528260393,
        0.021193494198954613,
        0.034238797478787525,
        0.030444074728791484,
        0.029199302115518192,
        0.029063391067621795,
        0.03465300257713843,
        0.03065117727796693,
        0.032098737803974514,
        0.03320328473291026,
        0.03065117727796693,
        0.029822767081265123,
        0.030234814861395447,
        0.030510951593629387,
        0.023816793155177002,
        0.023124294006371587,
        0.022088781260494326,
        0.022229006944831875,
        0.026368900610120337
    ],
    "nn.bias_add": [
        0.026163955379165466
    ],
    "nn.max_pool2d": [],
    "nn.adaptive_avg_pool2d": [],
    "nn.batch_matmul": [],
    "nn.softmax": [],
    "nn.batch_norm": [
        0.16276965974258198,
        0.15752090451191664,
        0.18410553694409473,
        0.2097172188587923,
        0.1223846626533688,
        0.23277247868210543,
        0.24015482163292207,
        0.2303541249568379,
        0.19514884891523157,
        0.22911150966178523,
        0.2658484816400016,
        0.19342515165699006,
        0.23193975384896248,
        0.19190208499326225,
        0.18665980171725866,
        0.16511682196657046,
        0.1473016881010404,
        0.1419213364589198,
        0.15165731358838663,
        0.14737287960231946,
        0.1378504769766898,
        0.18154695753448966,
        0.14627480462804546,
        0.21268784604852772,
        0.16525920496912858,
        0.146205770444987,
        0.34391535608804424,
        0.29345568290873353,
        0.26314104727317666,
        0.26418087465549506,
        0.2616287672005518,
        0.25942398797912136,
        0.35081877439389264,
        0.28234117943631754,
        0.26942962988616037,
        0.2666661052456005,
        0.26307201309011824,
        0.2656327498179438,
        0.34446978687073265,
        0.2721176483890002,
        0.25797427013489327,
        0.25127148242355857,
        0.26908230165264746,
        0.2592060988388431,
        0.2982837610863862,
        0.26715365916345113,
        0.1991506742144031,
        0.17077762497736615,
        0.20025090650689767,
        0.19729106590826517,
        0.3334976664008748,
        0.20453102585652372
    ],
    "multiply": [],
    "add": [
        0.027820775772569084,
        0.025197476816346688,
        0.02029389250097374,
        0.017808661910868315,
        0.03603584355652869,
        0.03057998577668787,
        0.032651011268442394,
        0.04252289944580562,
        0.03141055329161026,
        0.021260371063792517
    ],
    "squeeze": [],
    "reshape": [],
    "transpose": [],
    "latency": 17.06182638804118,
    "batch_size": 1,
    "model_name": "mnasnet0_75",
    "sm_partition": 10
}