{
    "nn.conv2d": [
        0.10122972031392016,
        0.06784452594858131,
        0.09943762192686947,
        0.09126800909200454,
        0.06362650407984227,
        0.05752383414209215,
        0.09082208789710461,
        0.06578038758728348,
        0.06605242756153062,
        0.08741177234365602,
        0.06398828920023279,
        0.06470625036937987,
        0.08453992766706771,
        0.07672929541677634,
        0.05806230501895246,
        0.06811656592282844,
        0.05214192990930609,
        0.07233458779156751,
        0.06775478080243794,
        0.04819314347899721,
        0.0666806435845343,
        0.12833275444922215,
        0.06928044828687545,
        0.1115532166562263,
        0.13928166227871497,
        0.07134458664817328,
        0.24598864104319854,
        0.13883574108381502,
        0.059949757623780506,
        0.24006826593355216,
        0.13820472052499436,
        0.044154611902544924,
        0.3290926463719721,
        0.1542719062204771,
        0.05608791180379801,
        0.3061178889592659,
        0.1496051586210211,
        0.09019106733828393,
        0.2775817370214867,
        0.4937749895450817,
        0.1104734703666887,
        0.5335320892866008,
        0.48830334016615223,
        0.10697340966709673,
        0.5294963622459655,
        0.48875206589686915,
        0.10733519478748725,
        0.5280604399076714,
        0.49009543855320303,
        0.06802682077668507,
        0.4449564345788979,
        0.246796347358489
    ],
    "nn.conv2d_transpose": [],
    "nn.dense": [
        0.057344343849805385
    ],
    "nn.layer_norm": [],
    "nn.relu": [
        0.04621875026384276,
        0.04576721999730885,
        0.06075465940325398,
        0.026923543843015197,
        0.034908057313959386,
        0.03383111556023879,
        0.03383111556023879,
        0.034549076729385855,
        0.03410315553448592,
        0.01767979379024665,
        0.021449089928268772,
        0.020102912736118014,
        0.020189853346444415,
        0.020820873905265085,
        0.030872330273324092,
        0.017407753815999513,
        0.021000364197551854,
        0.02126959963598201,
        0.02072832422330472,
        0.020548833931017956,
        0.026382268430337915,
        0.02126959963598201,
        0.022795267120419533,
        0.022077305951272462,
        0.022164246561598867,
        0.015166929698231897,
        0.018038774374820182,
        0.016959028085282594,
        0.016959028085282594,
        0.01750030349795988,
        0.017407753815999513,
        0.017407753815999513,
        0.016779537792995826,
        0.01687208747495619,
        0.018038774374820182
    ],
    "nn.bias_add": [
        0.013910497652224518
    ],
    "nn.max_pool2d": [],
    "nn.adaptive_avg_pool2d": [],
    "nn.batch_matmul": [],
    "nn.softmax": [],
    "nn.batch_norm": [
        0.22560807926119944,
        0.22031031110292276,
        0.24058710505969363,
        0.2718184159175912,
        0.15874794538437836,
        0.21214069826805787,
        0.19087109863207585,
        0.18422995781746546,
        0.13495706804893068,
        0.18404205391772774,
        0.18351480118413535,
        0.13379599022070063,
        0.1844122526455692,
        0.12868051689052773,
        0.17741213124638522,
        0.14751858397318746,
        0.13720350123833225,
        0.11961625713004594,
        0.14043713103531105,
        0.13891146355087353,
        0.11790829481750467,
        0.17947907414350006,
        0.1265266333830865,
        0.24642895316646454,
        0.14653699643724416,
        0.14088585676602797,
        0.1131574111435393,
        0.14160101339935804,
        0.1409699928405374,
        0.11450358833569003,
        0.14717082153188182,
        0.1423217791043221,
        0.26141358803659265,
        0.1546168641259657,
        0.14546285921934055,
        0.11521594043320316,
        0.14608266163489328,
        0.12113631554284954,
        0.599211513584473,
        0.13370904961037422,
        0.12634433855498278,
        0.11215899639269414,
        0.1278672015036033,
        0.12652102431145254,
        0.1134182329745185,
        0.12778306542909387,
        0.12778586996491087,
        0.11072026951858302,
        0.12652102431145257,
        0.12777745635745996,
        0.3523198120082066,
        0.13469905075376842
    ],
    "multiply": [],
    "add": [
        0.021536030538595177,
        0.020102912736118014,
        0.016061576623848755,
        0.015346419990518662,
        0.013910497652224518,
        0.013282281629220828,
        0.01552310574698845,
        0.013817947970264153,
        0.012651261070400162,
        0.012651261070400162
    ],
    "squeeze": [],
    "reshape": [],
    "transpose": [],
    "latency": 17.134653727213543,
    "batch_size": 1,
    "model_name": "mnasnet1_0",
    "sm_partition": 10
}