{
    "nn.conv2d": [
        0.10590260128733649,
        0.08517217905603255,
        0.14312722903311273,
        0.13456466332887843,
        0.3582757755192745,
        0.06038580464903872,
        0.06823012882216122,
        0.10328876544078078,
        0.056329852473348825,
        0.0666049313184299,
        0.10220999482738548,
        0.05651293364794594,
        0.06606413769500459,
        0.08724522127916295,
        0.04317335760345471,
        0.0641741766464713,
        0.048401029296566145,
        0.042812828521171166,
        0.07147207392925779,
        0.055251081859953526,
        0.048127815851398144,
        0.1152763574267087,
        0.13150298276292366,
        0.10058479732365418,
        0.12573451744638692,
        0.09535994226399809,
        0.14033312864541522,
        0.12221654226066697,
        0.09193209934884908,
        0.13528853812690086,
        0.12248693907237966,
        0.05822263015533745,
        0.14394123610170603,
        0.08427367298377905,
        0.07426617431695527,
        0.25128877035163205,
        0.08021772080808913,
        0.11906472942414129,
        0.15484724084078327,
        0.2650790077489777,
        0.11698887056755557,
        0.2782355026188718,
        0.2609301066692616,
        0.1135666609193172,
        0.2727374341140477,
        0.260569577586978,
        0.11158093433330236,
        0.2715657145966262,
        0.2608399743986907,
        0.07084114803526158,
        0.24380779189424848,
        0.27941003876974874
    ],
    "nn.conv2d_transpose": [],
    "nn.dense": [
        0.11275265385072387
    ],
    "nn.layer_norm": [],
    "nn.relu": [
        0.04884887401596524,
        0.04722649314568927,
        0.07426617431695527,
        0.02685659999666889,
        0.03659370185177999,
        0.037224627745776194,
        0.0358726436872129,
        0.03614022386547022,
        0.03605009159489933,
        0.01973615062156884,
        0.023341441444404313,
        0.02217253856043812,
        0.03019149400779169,
        0.03037457518238881,
        0.04146084446260787,
        0.028118451784661304,
        0.03019149400779169,
        0.02892964221979928,
        0.03019149400779169,
        0.026405938643814457,
        0.029109906760941055,
        0.027580474794691324,
        0.0304647074529597,
        0.029743649288392605,
        0.026766467726098,
        0.023611838256116964,
        0.026949548900695116,
        0.0240624996089714,
        0.023794919430714084,
        0.022893596725005214,
        0.024783557773538495,
        0.021902141748725464,
        0.021361348125300137,
        0.022349986468124552,
        0.030912552172358786
    ],
    "nn.bias_add": [
        0.014871824644196303
    ],
    "nn.max_pool2d": [],
    "nn.adaptive_avg_pool2d": [],
    "nn.batch_matmul": [],
    "nn.softmax": [],
    "nn.batch_norm": [
        0.23080902849785342,
        0.22080997973139566,
        0.2775904935575989,
        0.30733414284599153,
        0.1591623232943645,
        0.19124941161760015,
        0.1955673107046367,
        0.18989461092558152,
        0.14617764306524614,
        0.18917073612755908,
        0.1884553112299027,
        0.1440172852050002,
        0.1906100358232379,
        0.1360884620282175,
        0.17078656956455354,
        0.15483034104005125,
        0.14726204694555214,
        0.1493322725352272,
        0.20945613027291926,
        0.20872662220798616,
        0.18854262686701825,
        0.24991988649233665,
        0.18754835525728314,
        0.2908483872318852,
        0.2161259182951649,
        0.20638318317314308,
        0.17250189933885576,
        0.19800933191041667,
        0.2044960387580652,
        0.17276666288365772,
        0.20458053776172538,
        0.20278634225067366,
        0.247032837200613,
        0.227668482195149,
        0.24514850941899038,
        0.15970030028433446,
        0.22306610312912314,
        0.161409996791726,
        0.47066226702080416,
        0.16312814319948352,
        0.17123723091740803,
        0.13284370028766562,
        0.18006737679989954,
        0.1626718485797184,
        0.12545285410085288,
        0.14275261678355244,
        0.165375816696845,
        0.11778597783541683,
        0.13960080394702676,
        0.17627900480246697,
        0.4012547854143108,
        0.175476264267695
    ],
    "multiply": [],
    "add": [
        0.024515977595281173,
        0.023794919430714084,
        0.025867961653844473,
        0.02433289642068406,
        0.02505395458525115,
        0.021178266950703028,
        0.02397236733840051,
        0.020998002409561258,
        0.020096679703852385,
        0.018477115467031766
    ],
    "squeeze": [],
    "reshape": [],
    "transpose": [],
    "latency": 17.064444224039715,
    "batch_size": 4,
    "model_name": "mnasnet0_5",
    "sm_partition": 20
}