{
    "nn.conv2d": [
        0.05227971382342939,
        0.07315923609328287,
        0.04083773561954968,
        0.062220976364163384,
        0.0930365412941834,
        0.06389133814575167,
        0.06639427087785035,
        0.0532845408326661,
        0.053448967070541184,
        0.05395007560501769,
        0.0461019851718365,
        0.054117111783176505,
        0.05445379407977789,
        0.05771099955387502,
        0.05152805102171467,
        0.05361600324870002,
        0.04560087663736001,
        0.07132183813353576,
        0.050358797774602886,
        0.03783108441269078,
        0.06823166883759746,
        0.07065369342090047,
        0.050358797774602886,
        0.11466772636575163,
        0.08452030614836692,
        0.07649995965645945,
        0.2222416350403205,
        0.0828473344264949,
        0.04986029918041013,
        0.21973609236793806,
        0.08310049863401688,
        0.050859906309079356,
        0.39537463370194564,
        0.08142752691214486,
        0.04209050695574089,
        0.27978298847575295,
        0.07182294666801226,
        0.05837914426651034,
        0.25640053347380076,
        0.1846584949545842,
        0.05536988311936771,
        0.48147917360253767,
        0.1732139068104208,
        0.050943424398158764,
        0.4796443855830744,
        0.1727963163650237,
        0.044264587212089396,
        0.47688828864345356,
        0.17213078159267212,
        0.03348814378056126,
        0.3658066202275493,
        0.11892975884908545
    ],
    "nn.conv2d_transpose": [],
    "nn.dense": [
        0.047686218924061635
    ],
    "nn.layer_norm": [],
    "nn.relu": [
        0.023719137298553558,
        0.022132293606044698,
        0.05871060668254427,
        0.03783108441269078,
        0.037750176263895104,
        0.026806696654208147,
        0.02781152366344485,
        0.028145596019762503,
        0.02797594990131994,
        0.025470407228937522,
        0.02638910620881108,
        0.02438728201118887,
        0.02630819806001539,
        0.024721354367506526,
        0.028310022257637592,
        0.026055033852493425,
        0.027895041752524257,
        0.024303763922109454,
        0.024721354367506526,
        0.0239696915657918,
        0.02497190863474477,
        0.02338506494223591,
        0.027560969396206607,
        0.02497190863474477,
        0.024303763922109454,
        0.02037580379509327,
        0.0229648645565551,
        0.019209160488265205,
        0.019543232844582866,
        0.019543232844582866,
        0.012611231450991505,
        0.018788960102584403,
        0.01269213959978719,
        0.02096043041864917,
        0.02305099258591825
    ],
    "nn.bias_add": [
        0.013026211956104844
    ],
    "nn.max_pool2d": [],
    "nn.adaptive_avg_pool2d": [],
    "nn.batch_matmul": [],
    "nn.softmax": [],
    "nn.batch_norm": [
        0.14672823281111164,
        0.13979362147723656,
        0.29263955431341526,
        0.3634576739721908,
        0.2981491382523728,
        0.3256213696789326,
        0.3009861433407892,
        0.23725923143291264,
        0.20895442905584247,
        0.22055561361702986,
        0.22790781539630203,
        0.2053553214045765,
        0.21395507463947244,
        0.20602085617692803,
        0.24469756124154793,
        0.22072264979518866,
        0.20828367440292347,
        0.21053866280806763,
        0.21245696891661042,
        0.21137123375857803,
        0.20168052548508228,
        0.2307526503055695,
        0.209698262036706,
        0.2587207703860383,
        0.22097581400271069,
        0.2869498844948802,
        0.15950389049997826,
        0.20970087197698972,
        0.20753201160120874,
        0.1608401799252489,
        0.20527441325578086,
        0.20277409046396583,
        0.17728802359332596,
        0.22190234280343538,
        0.20785825413667516,
        0.13378292900380248,
        0.2078608640769589,
        0.19592038727888647,
        0.28085828387265044,
        0.14104900275371152,
        0.16326220450855186,
        0.10196253706454576,
        0.16994626157518875,
        0.1590863000545812,
        0.10197036688539696,
        0.10680397629086805,
        0.12667867155148482,
        0.10054011960991198,
        0.10847433807245632,
        0.14364067345545706,
        0.2162961910739797,
        0.13562032696354961
    ],
    "multiply": [],
    "add": [
        0.026224679970935975,
        0.024217635892746312,
        0.029646311682908218,
        0.02564005334738008,
        0.02714337895080953,
        0.02480226251630221,
        0.025470407228937522,
        0.011940476798072462,
        0.011692532471117956,
        0.011606404441754807
    ],
    "squeeze": [],
    "reshape": [],
    "transpose": [],
    "latency": 17.25069522857666,
    "batch_size": 2,
    "model_name": "mnasnet1_0",
    "sm_partition": 60
}