{
    "nn.conv2d": [
        0.06527389545247603,
        0.041025299336096645,
        0.05427305224671118,
        0.06143111228712387,
        0.13845704661191927,
        0.07115325353604263,
        0.05629961122270488,
        0.05972172481478652,
        0.057154304958873574,
        0.048610706244593675,
        0.05576876628500638,
        0.057581651826957916,
        0.05298767299505124,
        0.05790216197802116,
        0.05833284749351242,
        0.0660217524716236,
        0.046687645338214144,
        0.055875603002027464,
        0.05704746824185248,
        0.04070145053762648,
        0.052029481189268395,
        0.07243195549288872,
        0.09946164489922323,
        0.1161315114019194,
        0.07093624145459353,
        0.05213297925888257,
        0.1511706159374284,
        0.07072256802055135,
        0.049248387899313274,
        0.14828602457785905,
        0.06676960949077121,
        0.038244206046141524,
        0.16185762628694375,
        0.07104307817161462,
        0.05448338703334644,
        0.29091638044841445,
        0.06452937708073535,
        0.0947641679977024,
        0.17446102024802493,
        0.10309743192534702,
        0.061000426771632636,
        0.3207238244972972,
        0.09807610622535604,
        0.055231244052494036,
        0.31548548671585713,
        0.09914447339556688,
        0.05427305224671118,
        0.31826658000581226,
        0.09572569845089218,
        0.05223981597590366,
        0.2442253964627934,
        0.20341377056073892
    ],
    "nn.conv2d_transpose": [],
    "nn.dense": [
        0.07734644447585864
    ],
    "nn.layer_norm": [],
    "nn.relu": [
        0.026385330456801085,
        0.02628183238718691,
        0.04658080862119306,
        0.030872472571686658,
        0.03237152525738876,
        0.032154513175939675,
        0.030551962420623403,
        0.03258186004402402,
        0.03129981943977099,
        0.03258186004402402,
        0.029059587029735125,
        0.02660234253825017,
        0.02809471792913844,
        0.025851146871695665,
        0.034401422880789366,
        0.02809471792913844,
        0.02788438314250319,
        0.02766737106105411,
        0.02670917925527125,
        0.02820489329356644,
        0.025747648802081486,
        0.02478611834889172,
        0.02563747343765349,
        0.02275622072549111,
        0.025423800003611326,
        0.02414509804676521,
        0.02275622072549111,
        0.022966555512126365,
        0.021474180121238088,
        0.022115200423364595,
        0.021791351624894435,
        0.02115033132276792,
        0.022328873857406766,
        0.0192306090637953,
        0.02670917925527125
    ],
    "nn.bias_add": [
        0.017628058308479022
    ],
    "nn.max_pool2d": [],
    "nn.adaptive_avg_pool2d": [],
    "nn.batch_matmul": [],
    "nn.softmax": [],
    "nn.batch_norm": [
        0.1771152449365175,
        0.16867848293925866,
        0.1962423559306986,
        0.23470023541088228,
        0.24560759648925373,
        0.26600673214546716,
        0.25501256623451607,
        0.24378135635767453,
        0.23597893736772835,
        0.2404727567774278,
        0.24646229022542238,
        0.23085745224553014,
        0.23704730453793924,
        0.23074727688110216,
        0.2628016306348346,
        0.2447428868108643,
        0.22252418831788554,
        0.26227412434454295,
        0.22274453904674152,
        0.2206078047063198,
        0.21814054427261412,
        0.25489237492786737,
        0.2197464336753373,
        0.27509119173966623,
        0.2388735446695184,
        0.22508493087898465,
        0.2091695986902499,
        0.221883168015759,
        0.22327204533703315,
        0.22071130277593398,
        0.22306504919780476,
        0.1941056215902769,
        0.23716081854977417,
        0.21290554513858093,
        0.2590656841865035,
        0.1650460345605418,
        0.1954911602641441,
        0.18383928081403203,
        0.26568956064181076,
        0.20585432181518937,
        0.20295971451339934,
        0.14325468293564733,
        0.19496699262125947,
        0.19122103023070763,
        0.1453814013338483,
        0.21781335682673708,
        0.1837357827444179,
        0.14208281769582234,
        0.18139205226476782,
        0.18332179046596117,
        0.3514694284675213,
        0.1964627066595546
    ],
    "multiply": [],
    "add": [
        0.028949411665307127,
        0.02873907687867187,
        0.02959377061484055,
        0.02660234253825017,
        0.02628183238718691,
        0.024358771480807385,
        0.023821249248295043,
        0.022542547291448937,
        0.02157767819085226,
        0.019975127435535988
    ],
    "squeeze": [],
    "reshape": [],
    "transpose": [],
    "latency": 17.245065371195476,
    "batch_size": 4,
    "model_name": "mnasnet0_5",
    "sm_partition": 80
}