{
    "nn.conv2d": [
        0.09465293211238554,
        0.07165356502030835,
        0.08331743741517741,
        0.12270466157634796,
        0.15662581917960378,
        0.05286880932340665,
        0.055850065113981696,
        0.07289467757839685,
        0.07148808334589657,
        0.05311703183502435,
        0.07049519329942577,
        0.06726830064839572,
        0.05427540355590693,
        0.2828883367558053,
        0.061308374718408325,
        0.060646448020761135,
        0.04409828057958137,
        0.08596514420576618,
        0.05949066195104124,
        0.03988108353324321,
        0.08265809636869291,
        0.10706405769327036,
        0.052289623462965354,
        0.14967817450547094,
        0.1413187642965125,
        0.052289623462965354,
        0.2649335750821253,
        0.13917008818032178,
        0.05088561488162776,
        0.2635295665007877,
        0.14007765173842399,
        0.029455738045299978,
        0.5025678451886293,
        0.12270466157634796,
        0.039632861021625526,
        0.49859369935158354,
        0.11658183962311143,
        0.10292960148413811,
        0.3128405198243407,
        0.38706163644919456,
        0.03532775183575611,
        0.6692906321585154,
        0.38780630398404775,
        0.0345029291148598,
        0.6697017506933822,
        0.38978949842582655,
        0.03433486178928532,
        0.6643235962749988,
        0.3792814121006775,
        0.02912477469647638,
        0.6740068598792517,
        0.33120898568405027
    ],
    "nn.conv2d_transpose": [],
    "nn.dense": [
        0.05361347685825975
    ],
    "nn.layer_norm": [],
    "nn.relu": [
        0.06263481376486539,
        0.06263481376486539,
        0.10789405171649204,
        0.022836471068828072,
        0.03392374325441851,
        0.031441518138241545,
        0.03375567592884403,
        0.0349166333008893,
        0.03334455739397722,
        0.01522431404588538,
        0.01737299016207607,
        0.015720759069120772,
        0.014808024208693205,
        0.016214618441193485,
        0.029287670719725493,
        0.01456238734823819,
        0.016049136766781685,
        0.01522431404588538,
        0.01563543258075219,
        0.015555277394708975,
        0.015469950906340391,
        0.015469950906340391,
        0.017623798324856443,
        0.016299944929562063,
        0.016214618441193485,
        0.012824829766914316,
        0.013983201487796899,
        0.014727869022649989,
        0.014148683162208698,
        0.013652238138973306,
        0.013486756464561505,
        0.0138177198133851,
        0.013983201487796899,
        0.013732393325016516,
        0.014148683162208698
    ],
    "nn.bias_add": [
        0.013070466627369328
    ],
    "nn.max_pool2d": [],
    "nn.adaptive_avg_pool2d": [],
    "nn.batch_matmul": [],
    "nn.softmax": [],
    "nn.batch_norm": [
        0.2593020268497988,
        0.2518553515012679,
        0.26979977057029725,
        0.3927604116117509,
        0.13998456829656739,
        0.1596743019004086,
        0.17787987173686898,
        0.16836467545819064,
        0.11896839564626907,
        0.17324379920217595,
        0.1744926687137525,
        0.11573633169291364,
        0.17043061073717544,
        0.11498907850689787,
        0.16149718597010104,
        0.12524894232042932,
        0.11698778685565286,
        0.1095359402047966,
        0.11871241618116332,
        0.11872017313465136,
        0.10904208083272389,
        0.16405956627232127,
        0.11251719599537163,
        0.23794454824602618,
        0.12334590306469363,
        0.11673697869287249,
        0.10325022222831098,
        0.11665423785566656,
        0.115741502995239,
        0.10191602622836586,
        0.1162353623673117,
        0.11548810918129596,
        0.22041124771186368,
        0.1285715040644787,
        0.12360963948328745,
        0.10697355990257641,
        0.1226917333205345,
        0.10846030932111991,
        0.48427177756147494,
        0.11847712192535906,
        0.11375830855346013,
        0.1046516451584859,
        0.11325669222789936,
        0.11275766155350128,
        0.10224957522835212,
        0.1107744671117224,
        0.11259476553025219,
        0.103987132809676,
        0.11193801013493036,
        0.11068914062335383,
        0.4328845463542864,
        0.11681713387891568
    ],
    "multiply": [],
    "add": [
        0.020354245952651107,
        0.01894506606898814,
        0.01522431404588538,
        0.015304469231928592,
        0.013155793115737911,
        0.011914680557649429,
        0.01431157918545781,
        0.013235948301781125,
        0.011829354069280847,
        0.011829354069280847
    ],
    "squeeze": [],
    "reshape": [],
    "transpose": [],
    "latency": 17.120938301086426,
    "batch_size": 4,
    "model_name": "mnasnet1_3",
    "sm_partition": 100
}