{
    "nn.conv2d": [
        0.17550974891664656,
        0.14363747894871517,
        0.2559281528870553,
        0.24837570739539938,
        0.5878557572624714,
        0.07224697857112307,
        0.09547282656796648,
        0.1881461420908734,
        0.08768288279040948,
        0.0960918064755963,
        0.18610365683212374,
        0.09029684829960877,
        0.0964718037330381,
        0.14767494980903434,
        0.049113161160066345,
        0.09081934452859125,
        0.06787701011054233,
        0.05025463729667863,
        0.09020184898524831,
        0.06740052917445317,
        0.04878214792409164,
        0.16629629978796964,
        0.16776730479626975,
        0.07181799729221416,
        0.20842701134254285,
        0.14781744878057504,
        0.2241983818906646,
        0.2066695240268745,
        0.1479599477521157,
        0.22044590897342678,
        0.2045335238180512,
        0.07248299249273732,
        0.14045500191764007,
        0.09547282656796648,
        0.07975044004131182,
        0.2003520696219045,
        0.09381033856665859,
        0.13114655347460277,
        0.09100934315731216,
        0.49841390279210673,
        0.1883821560124877,
        0.16867128264698095,
        0.5067263427986463,
        0.18605467281065663,
        0.16743629156029505,
        0.5001699057434882,
        0.18605467281065663,
        0.1658213032161674,
        0.4962289185618163,
        0.10791922111347244,
        0.3043303035537051,
        0.5246797288484846
    ],
    "nn.conv2d_transpose": [],
    "nn.dense": [
        0.18087721017801203
    ],
    "nn.layer_norm": [],
    "nn.relu": [
        0.07884794655488754,
        0.07789943777556989,
        0.1195566371226277,
        0.035719742199529614,
        0.057900597738408055,
        0.05804309670994874,
        0.057569584502433366,
        0.05737958587371246,
        0.05728310219506514,
        0.02137336136681461,
        0.03153828800338288,
        0.030922276824326834,
        0.030730793831319048,
        0.03049329554541792,
        0.04588466883609788,
        0.01857236595746819,
        0.02697980527836811,
        0.026503324342278974,
        0.027215819199982356,
        0.026693322970999876,
        0.026788322285360332,
        0.026599808020926312,
        0.031349773738948865,
        0.03054227956688503,
        0.031443288689022436,
        0.012207411895317969,
        0.01890486355772977,
        0.018095885021379054,
        0.01804986972848571,
        0.01771588776393725,
        0.018192368700026388,
        0.018382367328747286,
        0.018618381250361533,
        0.01804986972848571,
        0.03239476619691383
    ],
    "nn.bias_add": [
        0.007457446177295411
    ],
    "nn.max_pool2d": [],
    "nn.adaptive_avg_pool2d": [],
    "nn.batch_matmul": [],
    "nn.softmax": [],
    "nn.batch_norm": [
        0.29111649267188106,
        0.28280256830105477,
        0.385262297567375,
        0.409061110178955,
        0.15830745119597048,
        0.19744419998390256,
        0.2253739984058752,
        0.22433345904077087,
        0.1319436570966584,
        0.21925544881534734,
        0.22058098612353305,
        0.13365809784800714,
        0.22480697124828625,
        0.11228028338833189,
        0.16148992822704558,
        0.14434255198498416,
        0.13797759792283393,
        0.08586898963183962,
        0.13987609984575608,
        0.13759314757253147,
        0.08477649751669443,
        0.18818473556233234,
        0.10007435585730085,
        0.2708326546916379,
        0.1305231204741123,
        0.12662517985676003,
        0.06872458211835196,
        0.1274801736860041,
        0.12752767334318432,
        0.06858208314681127,
        0.12723970667152917,
        0.12672463226398112,
        0.1587364324748794,
        0.1454380128287031,
        0.14173303956864555,
        0.07133557889897749,
        0.14291607790529054,
        0.07883904036916624,
        0.556828090573776,
        0.1038238600459649,
        0.1000268562001206,
        0.06487859425104057,
        0.1001188867859073,
        0.09945389158538413,
        0.0638766483573952,
        0.09974334262132613,
        0.09945834467824478,
        0.06392563237886231,
        0.10087888130079088,
        0.09968990550699837,
        0.5873703701406611,
        0.1520879648339347
    ],
    "multiply": [],
    "add": [
        0.03006579863079589,
        0.03054227956688503,
        0.015768401819548,
        0.01581738584101511,
        0.010305941243822064,
        0.009878444329200032,
        0.01111491978017278,
        0.008929935549882403,
        0.008595953585333944,
        0.008595953585333944
    ],
    "squeeze": [],
    "reshape": [],
    "transpose": [],
    "latency": 17.06669807434082,
    "batch_size": 4,
    "model_name": "mnasnet0_5",
    "sm_partition": 5
}