{
    "nn.conv2d": [
        0.1190702885809666,
        0.19470158580595445,
        0.10144678001111701,
        0.09608064033085421,
        0.16642284548923164,
        0.05670704364818264,
        0.09035418975145212,
        0.07381841219787202,
        0.0668569336937473,
        0.08571320408203566,
        0.07258791648571715,
        0.06569668727639318,
        0.08578571948312029,
        0.08201265252043549,
        0.057067354547321904,
        0.06736454150133972,
        0.05387894300588196,
        0.07215282407920937,
        0.06613404578918487,
        0.0506157499570735,
        0.06852478791869385,
        0.13146815606015488,
        0.07925933338550334,
        0.10369475744474062,
        0.14655362559204232,
        0.09238462098182185,
        0.21152742496387308,
        0.1400272394944254,
        0.07679380974862585,
        0.2077543580011883,
        0.14205767072479514,
        0.0593175980872294,
        0.3469839280836828,
        0.17251187307405688,
        0.06279833733929177,
        0.25691979993656916,
        0.19122311266017597,
        0.09760572985991539,
        0.23683303383612594,
        0.6168160016258842,
        0.11087604825840314,
        0.4358878098134422,
        0.5535803057738008,
        0.11232635628009578,
        0.43958836137504237,
        0.5541604289824779,
        0.1056549393803096,
        0.43284442907417164,
        0.5577159497419087,
        0.06337846054796882,
        0.37961812467805134,
        0.2550366656146526
    ],
    "nn.conv2d_transpose": [],
    "nn.dense": [
        0.06642184128723949
    ],
    "nn.layer_norm": [],
    "nn.relu": [
        0.05300649208658248,
        0.054894158621066814,
        0.07215282407920937,
        0.0238575669568441,
        0.03596537283169384,
        0.03538524962301678,
        0.03538524962301678,
        0.035095188018678246,
        0.03466236171845434,
        0.01609841904078842,
        0.019434127490681522,
        0.01892651968308909,
        0.01950664289176615,
        0.01892651968308909,
        0.03959340899220936,
        0.02508806266899896,
        0.027845914016498892,
        0.027626101706961097,
        0.02907640972865375,
        0.025525421181790648,
        0.023567505352505572,
        0.022695054433206085,
        0.027045978498284037,
        0.02508806266899896,
        0.04822047561499674,
        0.02030431230369711,
        0.015878606731250626,
        0.015300749628857463,
        0.020521858506951002,
        0.0184891611702974,
        0.01508093731931967,
        0.015010688024518933,
        0.01508093731931967,
        0.015370998923658202,
        0.016678542249465484
    ],
    "nn.bias_add": [
        0.011745228869426574
    ],
    "nn.max_pool2d": [],
    "nn.adaptive_avg_pool2d": [],
    "nn.batch_matmul": [],
    "nn.softmax": [],
    "nn.batch_norm": [
        0.22790230897129665,
        0.223481135611418,
        0.2241337742211797,
        0.28968543069540353,
        0.13639013890877433,
        0.1927346055515338,
        0.17183883950774015,
        0.16873200779252043,
        0.12109392149248464,
        0.16604440573982124,
        0.16633899955672754,
        0.11731858842351597,
        0.16800911988795797,
        0.109996799020252,
        0.15908292723569648,
        0.12413730223175533,
        0.1186918488315562,
        0.10056979687924973,
        0.11927650425280104,
        0.11789871163219304,
        0.09969281374738244,
        0.19113473451510413,
        0.1772117775068546,
        0.2996291050691338,
        0.19012858332505478,
        0.1851884716261642,
        0.16452611452961177,
        0.1825099339986006,
        0.18360219722743787,
        0.14531633156103582,
        0.16931439710748142,
        0.15988512886019524,
        0.2615494550745662,
        0.14675757515759286,
        0.16183851247691253,
        0.10629398135236792,
        0.16481164392138248,
        0.13638787280249043,
        0.7078794826441954,
        0.11529042329943014,
        0.10948919121265954,
        0.0925863044410885,
        0.15365107047320073,
        0.13711302681333673,
        0.0917206518406407,
        0.1091220819946686,
        0.11013956371613733,
        0.0910612149120273,
        0.10999226680768417,
        0.11042735921419196,
        0.3413934438813144,
        0.11630790502089888
    ],
    "multiply": [],
    "add": [
        0.02247977433623608,
        0.0211744971167127,
        0.014355783308473346,
        0.013413083094373121,
        0.047787649314772834,
        0.020884435512374167,
        0.0178387886668196,
        0.011165105660749514,
        0.010442217756187084,
        0.010657497853157085
    ],
    "squeeze": [],
    "reshape": [],
    "transpose": [],
    "latency": 17.20706621805827,
    "batch_size": 4,
    "model_name": "mnasnet1_0",
    "sm_partition": 30
}