{
    "nn.conv2d": [
        0.0938140647050088,
        0.1099700288518898,
        0.07685830035283672,
        0.07966010044699724,
        0.1282054735325277,
        0.06102225628807221,
        0.07662085966689092,
        0.06478131725294056,
        0.06622345699810614,
        0.07350163886625548,
        0.06206199655495068,
        0.06686329716233903,
        0.07685830035283672,
        0.06326419623852894,
        0.09053738323895667,
        0.06590103754034815,
        0.18211450674479188,
        0.07718071981059471,
        0.06102225628807221,
        0.16923772343960458,
        0.07054237810667827,
        0.08205950106287065,
        0.05342665371344795,
        0.13092729360615912,
        0.09341666397800479,
        0.043346671751138086,
        0.25937520657591573,
        0.08877532341167466,
        0.03791052973079989,
        0.25393406580429445,
        0.08677582289844682,
        0.039430150120853054,
        0.16051740182628962,
        0.07974008046752636,
        0.0519870133439239,
        0.18571110829296045,
        0.07670083968742003,
        0.0736615989073137,
        0.14140217691983145,
        0.10341166716850245,
        0.05262685350815681,
        0.2636116482883172,
        0.09541616449123265,
        0.04030743097103176,
        0.25961514663750307,
        0.09421646418329593,
        0.04134717123791024,
        0.2607323675492691,
        0.09365410466395059,
        0.04126719121738113,
        0.3191202819111636,
        0.19875035101484753
    ],
    "nn.conv2d_transpose": [],
    "nn.dense": [
        0.06494377666964032
    ],
    "nn.layer_norm": [],
    "nn.relu": [
        0.05270683352868592,
        0.05294427421463173,
        0.0870182623356757,
        0.03191202819111636,
        0.03775056968974166,
        0.03654837000616342,
        0.037990509751329,
        0.0397500702029695,
        0.03519120903281003,
        0.02807048783007737,
        0.027353167020956887,
        0.026550867440024207,
        0.02607348669249106,
        0.021672086187748272,
        0.025351167132087505,
        0.02095226600298625,
        0.022791806475155867,
        0.021032246023515368,
        0.02223194633145207,
        0.01887528484487083,
        0.022154465686564494,
        0.019752565695049545,
        0.024071486803621686,
        0.022551866413568523,
        0.022074485666035377,
        0.019995005132278424,
        0.019595105029632853,
        0.01991502511174931,
        0.02023494519386576,
        0.021272186085102705,
        0.02023494519386576,
        0.019032745510287528,
        0.01991502511174931,
        0.019032745510287528,
        0.02311172655727232
    ],
    "nn.bias_add": [
        0.01567358464806475
    ],
    "nn.max_pool2d": [],
    "nn.adaptive_avg_pool2d": [],
    "nn.batch_matmul": [],
    "nn.softmax": [],
    "nn.batch_norm": [
        0.31230698391233974,
        0.29551117960122586,
        0.30311178092713326,
        0.40252194769353844,
        0.24201204399417342,
        0.2760810333639343,
        0.2666458903171404,
        0.258712872030909,
        0.2248038427022063,
        0.2537616088850285,
        0.2592077484079329,
        0.22993256151863575,
        0.25465138661341497,
        0.2286503818145284,
        0.26951767292926393,
        0.23433146264773694,
        0.2050562757584398,
        0.2194551788293218,
        0.22713326080011673,
        0.17642092903337558,
        0.19193955239166519,
        0.19625847350023728,
        0.1645014065988961,
        0.23800554484079312,
        0.1865833903918561,
        0.16595354384662786,
        0.14874784193030224,
        0.16843042510738881,
        0.16714824540328146,
        0.1381154979512132,
        0.17618348834742983,
        0.16986006797434672,
        0.21697079944163625,
        0.1936141340714935,
        0.1789003096697781,
        0.14731070093641974,
        0.16891280460620506,
        0.16187456279964305,
        0.2454436867500007,
        0.17970760800199387,
        0.17146466713621208,
        0.12906775812885724,
        0.1677905849431559,
        0.16770560617134372,
        0.13315423730276663,
        0.15690580402427184,
        0.1662609670505366,
        0.12115723422339955,
        0.16571110440939893,
        0.16402402585136297,
        0.3099150814233909,
        0.16569860753119128
    ],
    "multiply": [],
    "add": [
        0.029830048281717876,
        0.029192707493126496,
        0.02847288730836448,
        0.018955264865399946,
        0.030149968363834326,
        0.016395904208468304,
        0.021992006269864726,
        0.019752565695049545,
        0.018955264865399946,
        0.01855536476275438
    ],
    "squeeze": [],
    "reshape": [],
    "transpose": [],
    "latency": 16.799343427022297,
    "batch_size": 4,
    "model_name": "mnasnet0_75",
    "sm_partition": 60
}