{
    "nn.conv2d": [
        0.17413785323024156,
        0.290929600183952,
        0.1556112632156973,
        0.1482834764840228,
        0.244038712090061,
        0.0723297319899813,
        0.11983813020170994,
        0.09884149971581475,
        0.08698659193274239,
        0.11584489810635926,
        0.09740192925360554,
        0.0868206360885735,
        0.12061902320489225,
        0.11436158734413651,
        0.08056448670722995,
        0.09254289651386985,
        0.07056082279825861,
        0.09612574167674089,
        0.092091342240201,
        0.06821428435047522,
        0.09505410432640995,
        0.19439218509531928,
        0.09711375786528127,
        0.12292439431148647,
        0.22662492676703688,
        0.09176071703127538,
        0.1581224710282374,
        0.22502068694007094,
        0.08640896267668167,
        0.1563947291777039,
        0.22341516063369277,
        0.057015481067605456,
        0.23440684073120452,
        0.24247563960428425,
        0.07768277282398715,
        0.22695426549655037,
        0.23897641560320376,
        0.12852443919262743,
        0.14387985745619244,
        0.8807739782631452,
        0.163640181227,
        0.2710046070483877,
        0.8689589513418498,
        0.16186998555586515,
        0.26972841947152304,
        0.8881017649948196,
        0.16244504185310155,
        0.2695212962861649,
        0.8944003681967645,
        0.09242068096971447,
        0.5100209035133685,
        0.37400400822430985
    ],
    "nn.conv2d_transpose": [],
    "nn.dense": [
        0.08299207335797953
    ],
    "nn.layer_norm": [],
    "nn.relu": [
        0.07088887504835993,
        0.06891412915069133,
        0.09497305612344378,
        0.028652469467670943,
        0.045366409990478994,
        0.0460662547906951,
        0.04511811946393174,
        0.045941466287715386,
        0.04602508744950591,
        0.01584813987842306,
        0.02148935210075321,
        0.02107639220944922,
        0.021118846030050566,
        0.020994057527070856,
        0.03741982666155464,
        0.014079230686700379,
        0.02128222891539513,
        0.02107639220944922,
        0.021118846030050566,
        0.02103522486826004,
        0.021160013371239746,
        0.02083067464172629,
        0.022599583833448973,
        0.02235386626572604,
        0.02235386626572604,
        0.010744676050376606,
        0.016136311266747333,
        0.01547892028713258,
        0.015724637854855512,
        0.0155188011489096,
        0.01547892028713258,
        0.01547892028713258,
        0.0155188011489096,
        0.01547892028713258,
        0.016878609887564778
    ],
    "nn.bias_add": [
        0.00654560724908
    ],
    "nn.max_pool2d": [],
    "nn.adaptive_avg_pool2d": [],
    "nn.batch_matmul": [],
    "nn.softmax": [],
    "nn.batch_norm": [
        0.25390986861957965,
        0.24810913295014148,
        0.265645133817321,
        0.33781019644254556,
        0.12608913366540483,
        0.19846131947598747,
        0.17265196950919445,
        0.17235993868263372,
        0.09969958148372678,
        0.16774919646944525,
        0.17379822266543077,
        0.09966098710136191,
        0.16853394891086407,
        0.08603331068833038,
        0.1529701209825288,
        0.10394110410562474,
        0.10015113575739562,
        0.07034726721583974,
        0.10002892021324024,
        0.09994658553086187,
        0.06911610641840076,
        0.1463460384893069,
        0.08076389101611504,
        0.2802582534600686,
        0.10443511219989492,
        0.10076993235464554,
        0.05968492584784149,
        0.10142732333426027,
        0.10002892021324027,
        0.05898636752703755,
        0.10077379179288203,
        0.10114043842534817,
        0.29788044844786293,
        0.10888118504832663,
        0.10534208018546909,
        0.06236080302513834,
        0.10624647521221894,
        0.06907107963897507,
        0.9324312725790961,
        0.08911828831869474,
        0.08685665751211404,
        0.05635294417034204,
        0.08660965346497894,
        0.0868952518944789,
        0.05738212770007161,
        0.08611564537070876,
        0.0857052584382291,
        0.055445976184767876,
        0.08578502016178312,
        0.0860731915501074,
        0.42763604843792935,
        0.09179673845481592
    ],
    "multiply": [],
    "add": [
        0.024493281528151365,
        0.024041727254482514,
        0.012597206403889812,
        0.011731405759504819,
        0.009096695923397145,
        0.008726189852694504,
        0.010415337320863145,
        0.008027631531890565,
        0.007574790778809559,
        0.007410121414052831
    ],
    "squeeze": [],
    "reshape": [],
    "transpose": [],
    "latency": 17.19547748565674,
    "batch_size": 4,
    "model_name": "mnasnet1_0",
    "sm_partition": 10
}