{
    "nn.conv2d": [
        0.1730671620836707,
        0.28173742083990944,
        0.1552518997036823,
        0.1489276882323639,
        0.22109810149329143,
        0.07241712984406104,
        0.1202013526705482,
        0.09176177669750553,
        0.08444553205421562,
        0.118629341771734,
        0.09101904352838622,
        0.08452820148521323,
        0.11457853965285031,
        0.09816865759982155,
        0.08031335221419367,
        0.08804165230261236,
        0.0713424272410919,
        0.09556457052339633,
        0.08837233002660287,
        0.06894630545202009,
        0.0954005233712604,
        0.19183441462999115,
        0.09511118036276874,
        0.12458154080356305,
        0.20712825936455195,
        0.09300181816246991,
        0.15930399353242533,
        0.22610089377850712,
        0.08713228856163847,
        0.15802261735196213,
        0.22502619117553802,
        0.05852866543645987,
        0.28971502093118034,
        0.23920399859163083,
        0.07857729416324352,
        0.22948904873955045,
        0.243956199164135,
        0.12962437609441824,
        0.14028873269311198,
        0.8843549463872449,
        0.16571087443474133,
        0.26338480715843643,
        0.8917964868868905,
        0.16500818427126152,
        0.2631768418710831,
        0.8639368886406905,
        0.16488288841490573,
        0.26511957349952725,
        0.8599261295274464,
        0.09601925239388324,
        0.5115158125879515,
        0.3709790716018467
    ],
    "nn.conv2d_transpose": [],
    "nn.dense": [
        0.08275210042862362
    ],
    "nn.layer_norm": [],
    "nn.relu": [
        0.07093037179596312,
        0.06952499146900346,
        0.10482354679513042,
        0.031909108655224304,
        0.03972136988449995,
        0.03930931443937116,
        0.03943202687600827,
        0.03968003516900114,
        0.039888000456354544,
        0.01653259448966586,
        0.023767461411817476,
        0.023188775394834098,
        0.023188775394834098,
        0.023270153115972383,
        0.03707723980243526,
        0.014136472700594049,
        0.023311487831471196,
        0.0238501308428151,
        0.023600830839962887,
        0.023352822546970006,
        0.023352822546970006,
        0.023890173848454578,
        0.027155616372860805,
        0.027155616372860805,
        0.027444959381352496,
        0.01157372033966764,
        0.01599653489804063,
        0.016243251481174174,
        0.015953908472682483,
        0.015912573757183666,
        0.015953908472682483,
        0.015953908472682483,
        0.015623230748691978,
        0.015623230748691978,
        0.017772635954630255
    ],
    "nn.bias_add": [
        0.006777601631945994
    ],
    "nn.max_pool2d": [],
    "nn.adaptive_avg_pool2d": [],
    "nn.batch_matmul": [],
    "nn.softmax": [],
    "nn.batch_norm": [
        0.25014736451994163,
        0.24564317224043025,
        0.26726381186602816,
        0.3537747879853251,
        0.14094362959179632,
        0.20038295047908938,
        0.16297503295266363,
        0.16008289457760608,
        0.09923560994363463,
        0.16066158059458943,
        0.16069904018051023,
        0.09977166953525987,
        0.1612389749017135,
        0.08753788545747057,
        0.14953866699583074,
        0.11382676451471564,
        0.11110125671151265,
        0.07067590495367354,
        0.11097466914529755,
        0.11089458313401859,
        0.0700571759310507,
        0.154134570675355,
        0.0812149656960115,
        0.2607316351073564,
        0.11660006558271414,
        0.11312665777095449,
        0.06099970639737329,
        0.11274818678216851,
        0.1123361313370397,
        0.06034480949868898,
        0.11180007174541447,
        0.11263064118496875,
        0.29446205466424713,
        0.12899789681263932,
        0.12618455273900137,
        0.06273705615818277,
        0.12568853615301565,
        0.07125329926079758,
        0.9355182822057599,
        0.09093120725795124,
        0.08807265333923649,
        0.05678356541649436,
        0.08791118960681923,
        0.08807652846881449,
        0.05637150997136557,
        0.08741388131097413,
        0.08786985489132043,
        0.056127376807950706,
        0.08700440928556402,
        0.0874565077363323,
        0.4252425110827728,
        0.09568469954031475
    ],
    "multiply": [],
    "add": [
        0.021246043766389885,
        0.021120747910034106,
        0.012316453508786938,
        0.012069736925653397,
        0.009133680415378336,
        0.008556286108254289,
        0.00975499285771987,
        0.007976308381411572,
        0.00739762236442819,
        0.007688257082779219
    ],
    "squeeze": [],
    "reshape": [],
    "transpose": [],
    "latency": 17.30641523996989,
    "batch_size": 2,
    "model_name": "mnasnet1_0",
    "sm_partition": 5
}