{
    "nn.conv2d": [
        0.0705067603254438,
        0.06958181906545878,
        0.05150988983190554,
        0.04781012479196551,
        0.0806121882740781,
        0.036781978999836554,
        0.049304260673479754,
        0.04197810333778118,
        0.03770914367631191,
        0.056348044114904045,
        0.04802579619152932,
        0.04816587143042128,
        0.055778849493374805,
        0.049375410001170905,
        0.08046766620220545,
        0.05086954588268515,
        0.15894759806203923,
        0.06211336307437791,
        0.04909303610689664,
        0.1504096787391007,
        0.05371551899033133,
        0.06787423520087109,
        0.04375683653006004,
        0.11255823640740648,
        0.07598525855766271,
        0.03863408493629692,
        0.2300235530090123,
        0.072427792173105,
        0.032014974044529194,
        0.2248318755040484,
        0.07200311962344841,
        0.03237294409947532,
        0.13987957824080985,
        0.06424784290511255,
        0.04212040199316349,
        0.1647796195162236,
        0.06047692853748136,
        0.06545738147586218,
        0.12386875609380972,
        0.07996962090836736,
        0.04589131636079468,
        0.23400791535971693,
        0.0736373307438546,
        0.03464972258559226,
        0.22874508852706182,
        0.07442219676494766,
        0.03358248267022495,
        0.22973895569824768,
        0.07321265819419803,
        0.036072709139415356,
        0.3009616561335837,
        0.14770378087034647
    ],
    "nn.conv2d_transpose": [],
    "nn.dense": [
        0.05407348904527745
    ],
    "nn.layer_norm": [],
    "nn.relu": [
        0.03272869073793109,
        0.031874898805637236,
        0.0658842774420091,
        0.015579479347872495,
        0.020775603685817125,
        0.019492692370885994,
        0.02611180326265372,
        0.027461417072295307,
        0.026680997884182954,
        0.021558246290419823,
        0.022412038222713683,
        0.021060200996581745,
        0.02127364897965521,
        0.018000779905862102,
        0.020631081613944467,
        0.018212004472445215,
        0.018638900438592138,
        0.018140855144754064,
        0.018000779905862102,
        0.017146987973568246,
        0.0187834225104648,
        0.01657556993554866,
        0.01927924438781253,
        0.02020640906428789,
        0.016931316574004433,
        0.018854571838155955,
        0.01735821254015136,
        0.01671786859093097,
        0.016862390662803626,
        0.016364345368965545,
        0.017146987973568246,
        0.017004689318185936,
        0.016148673969401735,
        0.015795150747436308,
        0.017571660523224824
    ],
    "nn.bias_add": [
        0.011028145792128954
    ],
    "nn.max_pool2d": [],
    "nn.adaptive_avg_pool2d": [],
    "nn.batch_matmul": [],
    "nn.softmax": [],
    "nn.batch_norm": [
        0.15644403109390675,
        0.1516081002273986,
        0.14855090255316933,
        0.2508614123565592,
        0.10870283221314204,
        0.13310927502769843,
        0.1274884781400972,
        0.12100721907073107,
        0.10742214431470129,
        0.1898175126140389,
        0.19287693370475853,
        0.16747662371901642,
        0.18754073412792197,
        0.16989125402753497,
        0.2316444236304764,
        0.1760123196254646,
        0.15886533165189634,
        0.1585807343411317,
        0.1693220594060057,
        0.13752275676104037,
        0.13254008040616916,
        0.15822276428618562,
        0.1380897279660792,
        0.19236999474495908,
        0.14548258779648826,
        0.13659336866807462,
        4.6394230936746625,
        0.13338720208899196,
        0.13894351989837309,
        0.10876953470785251,
        0.1412225218009804,
        0.13460341090921266,
        0.17395565937189214,
        0.15345131249789756,
        0.14313465998268013,
        0.12115174114260376,
        0.13972616250297576,
        0.13958164043110316,
        0.1906624108803714,
        0.1407155828411809,
        0.13374739556042842,
        0.10421820115210897,
        0.14100240356843588,
        0.13012100326466994,
        0.10194809291546308,
        0.13033222783125303,
        0.13382076830460993,
        0.1030798119090505,
        0.1289114646939203,
        0.13531712760261458,
        0.23834135409940632,
        0.12713050808515108
    ],
    "multiply": [],
    "add": [
        0.025469235896942978,
        0.023408128810389846,
        0.02127364897965521,
        0.016364345368965545,
        0.016006375314019425,
        0.014512239432505177,
        0.017146987973568246,
        0.016290972624784045,
        0.01472791083206899,
        0.014369940777122869
    ],
    "squeeze": [],
    "reshape": [],
    "transpose": [],
    "latency": 17.16256300608317,
    "batch_size": 4,
    "model_name": "mnasnet0_75",
    "sm_partition": 80
}