{
    "nn.conv2d": [
        0.02966846148424267,
        0.019682581085237502,
        0.02966846148424267,
        0.02158979014328698,
        0.027171417615220003,
        0.04171532110602575,
        0.03789401775867029,
        0.0305497710850742,
        0.03987925943762673,
        0.03202091549687892,
        0.02871600449376068,
        0.03591107115679934,
        0.0322389478200013,
        0.04604842664344743,
        0.03987925943762673,
        0.03819008270269963,
        0.03312025742083283,
        0.05625692951974599,
        0.035029761555967806,
        0.030111411361743928,
        0.053684148106901856,
        0.04538514936573828,
        0.033854682088192437,
        0.09481422455612541,
        0.06639198992930857,
        0.058460203521824815,
        0.1934474573825208,
        0.06389265098320042,
        0.13226758751437995,
        0.20446382739291488,
        0.081518842999831,
        0.05214185630544668,
        0.2923010176091241,
        0.21540445985948758,
        0.03789401775867029,
        0.2600574796349518,
        0.05992675777945854,
        0.04678285131080705,
        0.2443407917534561,
        0.09730897334806259,
        0.06998837572228517,
        0.4496147813575521,
        0.09246406562057466,
        0.04523826443226637,
        0.4380843140800063,
        0.08570735868086626,
        0.03826352516943558,
        0.4364662847347297,
        0.08497063893642118,
        0.03760024789172644,
        0.33357568391473397,
        0.1188276161016991
    ],
    "nn.conv2d_transpose": [],
    "nn.dense": [
        0.04252089316303582
    ],
    "nn.layer_norm": [],
    "nn.relu": [
        0.014833083203578587,
        0.013072759079001026,
        0.022397657277382552,
        0.018798976407320474,
        0.018725533940584512,
        0.018137994206696824,
        0.018360616683990204,
        0.017256684605865293,
        0.017332422149686753,
        0.01703865228274291,
        0.018287174217254242,
        0.018137994206696824,
        0.01681602980544953,
        0.01703865228274291,
        0.019462253685029615,
        0.01696291473892145,
        0.01608160513808992,
        0.017332422149686753,
        0.016451112548855222,
        0.03547271143346907,
        0.031213048362783345,
        0.030476328618338242,
        0.033195994964654287,
        0.03672123336798041,
        0.02966846148424267,
        0.03202091549687892,
        0.031431080685905735,
        0.03231468536382275,
        0.03231468536382275,
        0.0326084552307666,
        0.02460093127946137,
        0.02599633814744463,
        0.033854682088192437,
        0.023205524411478124,
        0.025702568280500788
    ],
    "nn.bias_add": [
        0.02658387788133232
    ],
    "nn.max_pool2d": [],
    "nn.adaptive_avg_pool2d": [],
    "nn.batch_matmul": [],
    "nn.softmax": [],
    "nn.batch_norm": [
        0.10640665891497972,
        0.10060470404283883,
        0.10941780005115413,
        0.14092232320379583,
        0.1531849200716158,
        0.16839210084013065,
        0.15935408727743647,
        0.14400690680670622,
        0.14217543529247814,
        0.147171818107609,
        0.148124275098091,
        0.14239346761560054,
        0.1458475586292762,
        0.14261149993872288,
        0.22758672902931515,
        0.16399014299014403,
        0.25204307045239,
        0.17317045133213907,
        0.14400690680670616,
        0.1382875747096432,
        0.14304756458496767,
        0.15605835658266023,
        0.13893708152483938,
        0.19468450393160464,
        0.15171836581398207,
        0.1439357594170557,
        0.12410629339834633,
        0.13952921141289806,
        0.3099226194715837,
        0.5064454801486729,
        0.28296464402531507,
        0.29764625214125073,
        0.44277315656568034,
        0.28920495862078616,
        0.30565377609255595,
        0.24484111855809493,
        0.2742984329504717,
        0.27114270195791085,
        0.4949173079482125,
        0.33621043240888665,
        0.27929252068851695,
        0.22413722816981044,
        0.3050685314357537,
        0.3325360139950031,
        0.1490055846989225,
        0.20988479946886304,
        0.22589525721730247,
        0.13747052726720568,
        0.44152004447699794,
        0.20885660493455957,
        0.26716992352291247,
        0.23449032090249539
    ],
    "multiply": [],
    "add": [
        0.017917666806488944,
        0.017770781873017023,
        0.019682581085237502,
        0.01622849007156184,
        0.017405864616422715,
        0.034515664288816084,
        0.031727145629935075,
        0.030625508628895657,
        0.025337651023906484,
        0.024086834012309648
    ],
    "squeeze": [],
    "reshape": [],
    "transpose": [],
    "latency": 17.46334711710612,
    "batch_size": 1,
    "model_name": "mnasnet1_0",
    "sm_partition": 80
}