{
    "nn.conv2d": [
        0.2660599707301083,
        0.2094133217727394,
        0.1588321350450726,
        0.21494000725842272,
        0.32042761283298676,
        0.10506709689630558,
        0.17078471877039375,
        0.13516162645506546,
        0.1223661481023422,
        0.1717458814635561,
        0.13173748436067473,
        0.12404818281537622,
        0.17000377408219938,
        0.1426106373270734,
        0.07539119874491909,
        0.10921023373968297,
        0.30414791971755006,
        0.10362347558567701,
        0.10927030640800561,
        0.29189121810884544,
        0.10362347558567701,
        0.19337391933059328,
        0.10812892570987537,
        0.14225207858802263,
        0.11960468263038561,
        0.08656471505293101,
        0.24022872335137108,
        0.11161314047258875,
        0.0840998583808175,
        0.2366863131912201,
        0.12014533664528938,
        0.05839063360961065,
        0.1664594866511634,
        0.169585142674826,
        0.09911802546147869,
        0.21403703996269796,
        0.17354993878412053,
        0.113775756532204,
        0.1406883119407488,
        0.21223485991301863,
        0.09221154587525962,
        0.2650406126395084,
        0.21235500524966391,
        0.0845222443299611,
        0.25861095985810034,
        0.20376461367952575,
        0.08446029439075335,
        0.2616145932742326,
        0.2087506451503052,
        0.07160474336970739,
        0.3492624936278563,
        0.3084731518367805
    ],
    "nn.conv2d_transpose": [],
    "nn.dense": [
        0.11972482796703089
    ],
    "nn.layer_norm": [],
    "nn.relu": [
        0.0732267054144188,
        0.07274800133872275,
        0.14964101679170794,
        0.04787791665314783,
        0.057788029655499125,
        0.057187302972272674,
        0.05748954358477097,
        0.05706903490651247,
        0.0573675209772406,
        0.02354660871159164,
        0.027030823474305028,
        0.026251756056995736,
        0.027090896142627673,
        0.02661031479604652,
        0.04511457391030617,
        0.0181419458334387,
        0.027991986167467342,
        0.027451332152563547,
        0.02751140482088618,
        0.02739313675512598,
        0.027573354760093923,
        0.027451332152563547,
        0.031718368874356404,
        0.03219895022093756,
        0.03129786019609789,
        0.014177149724144146,
        0.019401594597329156,
        0.01928144926068387,
        0.01958368987318217,
        0.01928144926068387,
        0.01928144926068387,
        0.0194616672656518,
        0.01928144926068387,
        0.01928144926068387,
        0.02546893409791627
    ],
    "nn.bias_add": [
        0.009431408926655217
    ],
    "nn.max_pool2d": [],
    "nn.adaptive_avg_pool2d": [],
    "nn.batch_matmul": [],
    "nn.softmax": [],
    "nn.batch_norm": [
        0.2813709920688424,
        0.2810105560589065,
        0.3861977982918573,
        0.5109086577296678,
        0.206518570067942,
        0.2859308830487081,
        0.23781455299315477,
        0.2330068622564581,
        0.14374075439989317,
        0.2322916220492416,
        0.23247184005420957,
        0.1438590224656534,
        0.23228411296570128,
        0.12649802132040908,
        0.19522678569416987,
        0.1435004637266026,
        0.1421187923551818,
        0.09790155392794511,
        0.1406751710445532,
        0.1412177023303421,
        0.09706616838408334,
        0.20496043523332333,
        0.1098034513393691,
        0.1970345975565044,
        0.14800966839257115,
        0.14277959170673088,
        0.08522997545363725,
        0.14464372169561793,
        0.14194045162109895,
        0.08535762987382287,
        0.14241915569679503,
        0.14440155375144229,
        0.24676725784411394,
        0.15852238534903393,
        0.15473968451559242,
        0.08612543366582168,
        0.1534180858124942,
        0.09472333431950018,
        0.28479137962146295,
        0.11928930112169174,
        0.11370629750945589,
        0.07958689917307882,
        0.11448536492676521,
        0.11370629750945589,
        0.07814515513333534,
        0.11418875612692217,
        0.11593274077916392,
        0.07892046800887448,
        0.1144328013419829,
        0.11340781143872777,
        0.3841515730271172,
        0.13821406891420987
    ],
    "multiply": [],
    "add": [
        0.03057511090534107,
        0.030877351517839373,
        0.016277815844551628,
        0.015859184437178202,
        0.012012656393643857,
        0.011954460996206296,
        0.012853673750160884,
        0.010813080298076044,
        0.009911990273236375,
        0.009850040334028648
    ],
    "squeeze": [],
    "reshape": [],
    "transpose": [],
    "latency": 16.9858980178833,
    "batch_size": 2,
    "model_name": "mnasnet0_75",
    "sm_partition": 5
}