{
    "nn.conv2d": [
        0.06324603509983721,
        0.03398294423274835,
        0.040590738944671634,
        0.046490555651746014,
        0.10430507199563288,
        0.060532119414583,
        0.039764764605681235,
        0.03869911021296592,
        0.05616256766590605,
        0.0463688719321626,
        0.0438946363006333,
        0.05321265931236887,
        0.047312842605294496,
        0.04896479128327533,
        0.057818203729328804,
        0.061712082755997884,
        0.04719484627115301,
        0.05923047235358472,
        0.05380632836851823,
        0.03905309921539039,
        0.05250836869296186,
        0.06808388479963819,
        0.10241713064936908,
        0.12377446712897829,
        0.06760821207763033,
        0.04507091225660625,
        0.16224127205910316,
        0.061594086421856396,
        0.04342265096406734,
        0.16094699976898874,
        0.06123641003399002,
        0.03433693323517281,
        0.18395259754113688,
        0.07291804711399726,
        0.06029243936085811,
        0.326141867567071,
        0.06961783714347752,
        0.10170915264452017,
        0.19870582669426468,
        0.08259374651359921,
        0.05226868863923696,
        0.3613047751412342,
        0.07504566851398595,
        0.04613656664932156,
        0.35469698042931097,
        0.07351171617014661,
        0.046962540988311964,
        0.35610924905356683,
        0.07303604344813874,
        0.0463688719321626,
        0.2857871212906824,
        0.22608097621508974
    ],
    "nn.conv2d_transpose": [],
    "nn.dense": [
        0.06690392145822331
    ],
    "nn.layer_norm": [],
    "nn.relu": [
        0.023595579442855542,
        0.02194731815031665,
        0.02607350245982678,
        0.019347711413762,
        0.02253361243558216,
        0.029613392484071403,
        0.025959193511127212,
        0.02925940348164694,
        0.025837509791543804,
        0.030679046876786714,
        0.024303557447704474,
        0.023953255830721932,
        0.0250115354525534,
        0.02477554278427042,
        0.028437116528098445,
        0.02938108720123035,
        0.02477554278427042,
        0.025723200842844244,
        0.027253465801241654,
        0.025133219172136803,
        0.023123594106289592,
        0.02524752812083637,
        0.02666717151597614,
        0.023123594106289592,
        0.02477554278427042,
        0.02560151712326083,
        0.02453955011598745,
        0.02276960510386513,
        0.023245277825873007,
        0.024189248499004903,
        0.024425241167287882,
        0.02194731815031665,
        0.0240675647794215,
        0.021589641762450266,
        0.026903164184259115
    ],
    "nn.bias_add": [
        0.01946939513334541
    ],
    "nn.max_pool2d": [],
    "nn.adaptive_avg_pool2d": [],
    "nn.batch_matmul": [],
    "nn.softmax": [],
    "nn.batch_norm": [
        0.1717879129682379,
        0.16281650418804294,
        0.19008103214561037,
        0.18239283349920407,
        0.1525397609614078,
        0.17142654919492958,
        0.1671749937803941,
        0.17449445388260829,
        0.21107331746646935,
        0.21567886188342927,
        0.22122100220263727,
        0.20754817698399242,
        0.21331893520059952,
        0.21721281422726854,
        0.2524937181355733,
        0.23265927184347768,
        0.2024669598450246,
        0.20871339078363962,
        0.21083732479818637,
        0.21426659325917335,
        0.21001135045919597,
        0.2430540114042543,
        0.2207490168660713,
        0.2592158217961962,
        0.22688113885598668,
        0.21061239428622913,
        0.1956157976939345,
        0.35231124204838776,
        0.20942136878848852,
        0.19124993333069945,
        0.20422584270082114,
        0.20575610765921856,
        0.24871783544304565,
        0.22559055395131417,
        0.20670745310323432,
        0.17577766401639694,
        0.2088313871177811,
        0.21237127714202567,
        0.265701932788536,
        0.2290087602559754,
        0.20434752642040455,
        0.17555642088988163,
        0.20965736145677144,
        0.20860276922038193,
        0.15903324672463148,
        0.20659683153997666,
        0.1966851394720917,
        0.16199790461993632,
        0.21425184371740563,
        0.19950230194971974,
        0.38935840358337287,
        0.208835074503223
    ],
    "multiply": [],
    "add": [
        0.027725451137807604,
        0.0250115354525534,
        0.02713915685254209,
        0.02938108720123035,
        0.02713915685254209,
        0.021589641762450266,
        0.02453955011598745,
        0.02761114218910804,
        0.024303557447704474,
        0.022419303486882595
    ],
    "squeeze": [],
    "reshape": [],
    "transpose": [],
    "latency": 16.918970743815105,
    "batch_size": 2,
    "model_name": "mnasnet0_5",
    "sm_partition": 80
}