{
    "nn.conv2d": [
        0.05864275188620458,
        0.03639404723119605,
        0.04213006554480847,
        0.06734876675120792,
        0.1283650434568383,
        0.06695008875419498,
        0.0510276930905467,
        0.053302321042496464,
        0.05715929887406343,
        0.04717071525897973,
        0.05340121790997253,
        0.05636812393425483,
        0.050434311885690246,
        0.0556758458619223,
        0.0556758458619223,
        0.0610162767056304,
        0.0464784371866472,
        0.054591070846794085,
        0.05300872096717686,
        0.03936095325547834,
        0.05122548682549886,
        0.06873023236876435,
        0.09405092096974849,
        0.10987132923881207,
        0.06546663574205383,
        0.047566302728884034,
        0.14260928290050193,
        0.06359068578711702,
        0.04608284971674289,
        0.14181501743358468,
        0.059832604823026124,
        0.039459850122954415,
        0.15922395663648273,
        0.0736781662696768,
        0.05765687373855243,
        0.27641674459563303,
        0.06793905742895574,
        0.0931608491624638,
        0.16920944972445778,
        0.08633696530661454,
        0.05646702080173091,
        0.30025088965736746,
        0.07446625068237678,
        0.05083298988270319,
        0.29421818074132683,
        0.08317226554738012,
        0.05004181494289458,
        0.29481156194618324,
        0.07397176634499639,
        0.0510276930905467,
        0.2266685297280581,
        0.18552743285801038
    ],
    "nn.conv2d_transpose": [],
    "nn.dense": [
        0.07248831333285524
    ],
    "nn.layer_norm": [],
    "nn.relu": [
        0.02373215766714967,
        0.02205091092005637,
        0.05093188675017926,
        0.02907258851085778,
        0.03134721646280754,
        0.03134721646280754,
        0.02986685397777502,
        0.03283066947494868,
        0.030061557185618547,
        0.030658028917583627,
        0.02897369164338171,
        0.027589135498716638,
        0.026603257351064506,
        0.027094651161336258,
        0.03203949453514007,
        0.029273472772918564,
        0.030160454053094626,
        0.032141481929724776,
        0.026797960558908023,
        0.02798781349572957,
        0.025812082411255897,
        0.02897369164338171,
        0.02946817598076209,
        0.02482002320938651,
        0.02669906369143195,
        0.02946817598076209,
        0.02284208585986498,
        0.022248704655008524,
        0.02125973598024776,
        0.022152898314641078,
        0.02205091092005637,
        0.021361723374832463,
        0.02125973598024776,
        0.020867239037452086,
        0.02600678561909942
    ],
    "nn.bias_add": [
        0.016120189398600424
    ],
    "nn.max_pool2d": [],
    "nn.adaptive_avg_pool2d": [],
    "nn.batch_matmul": [],
    "nn.softmax": [],
    "nn.batch_norm": [
        0.16188180994990223,
        0.15425747957291852,
        0.23298247661098384,
        0.3219834762852352,
        0.22309278986337625,
        0.2647221900165871,
        0.26621182408294547,
        0.24633664424736273,
        0.23753482304199197,
        0.24148760721392637,
        0.252372443690512,
        0.23486151709302927,
        0.2379273199847876,
        0.23664475123470727,
        0.27105777058927316,
        0.24801789099445606,
        0.23347387042125556,
        0.22774712368896907,
        0.23110652665604697,
        0.24801170994023877,
        0.2281396206317647,
        0.25680735009139233,
        0.23645313855397235,
        0.28559561010825635,
        0.25187177829891444,
        0.2385237917167527,
        0.2229938929959001,
        0.2303091706620211,
        0.2289307955715733,
        0.20993641596194942,
        0.23239836698745328,
        0.2342712264152815,
        0.2652259459352933,
        0.25147928135611874,
        0.23040806752949725,
        0.1952007827080141,
        0.23684872602387663,
        0.23644077644553788,
        0.2491088470638015,
        0.19391821395793374,
        0.18244617733070886,
        0.12103431315517414,
        0.18947094544861892,
        0.1780019993485027,
        0.12241268824562197,
        0.17868500583950933,
        0.17818743097502035,
        0.12073762255274592,
        0.17433972472477924,
        0.17958125870101127,
        0.3093370393567319,
        0.17304788439337299
    ],
    "multiply": [],
    "add": [
        0.03154810072486832,
        0.027193548028812332,
        0.02946817598076209,
        0.026108773013684125,
        0.030852732125427156,
        0.027094651161336258,
        0.02897369164338171,
        0.014636736386459282,
        0.01394136778701812,
        0.013252180241794215
    ],
    "squeeze": [],
    "reshape": [],
    "transpose": [],
    "latency": 17.142866452534992,
    "batch_size": 4,
    "model_name": "mnasnet0_5",
    "sm_partition": 100
}