{
    "nn.conv2d": [
        0.06378309694400254,
        0.09638692622717863,
        0.05043025775903611,
        0.04918619236404141,
        0.08893417877510434,
        0.034779488109680075,
        0.04931040482157598,
        0.040118682964017674,
        0.05086500136040709,
        0.05769474570515957,
        0.0499955141576651,
        0.05011778579555069,
        0.05819159553529786,
        0.04931040482157598,
        0.044343847339842084,
        0.05036815153026883,
        0.04452822520649497,
        0.053659781654934964,
        0.05937355470152526,
        0.053659781654934964,
        0.06632751150381229,
        0.08645187044406188,
        0.06278939728372597,
        0.09539516738655106,
        0.08905839123263891,
        0.06632751150381229,
        0.17712696444429923,
        0.08763188879064032,
        0.055024177868166275,
        0.17097844779633792,
        0.08303602786186116,
        0.04844285843848295,
        0.307674257313134,
        0.09849853800526635,
        0.0438469975097038,
        0.21774249723845515,
        0.08874980090845148,
        0.06061373845722201,
        0.19811886976764181,
        0.24848508047826165,
        0.06912229179834016,
        0.3667372808708229,
        0.24891982407963265,
        0.06496311529058098,
        0.3636319694324586,
        0.24972914587325637,
        0.06278939728372597,
        0.3603383984881435,
        0.24625119706228835,
        0.05030410448185255,
        0.29220980635007987,
        0.14004760505058061
    ],
    "nn.conv2d_transpose": [],
    "nn.dense": [
        0.05440311558049341
    ],
    "nn.layer_norm": [],
    "nn.relu": [
        0.039870258048948524,
        0.03974604559141396,
        0.05688736473118485,
        0.014408645074010315,
        0.02030679598725349,
        0.026457253454863768,
        0.027449012295491366,
        0.028568865232951487,
        0.028007968354396937,
        0.0223582423562229,
        0.022294195307806637,
        0.01999820566306604,
        0.03440685073707636,
        0.02893956178590622,
        0.035957565636609526,
        0.030057473903717366,
        0.03148785798501392,
        0.030245733409668206,
        0.033473316485918087,
        0.027575165572674917,
        0.0280720154028132,
        0.02583425034754193,
        0.025711978709656334,
        0.022606667271292045,
        0.0219234987548519,
        0.022542620222875783,
        0.025960403624725476,
        0.02117822400964447,
        0.02161296761101547,
        0.022542620222875783,
        0.02161296761101547,
        0.0219234987548519,
        0.021486814333831924,
        0.020184524349367895,
        0.02173523924890107
    ],
    "nn.bias_add": [
        0.021861392526084614
    ],
    "nn.max_pool2d": [],
    "nn.adaptive_avg_pool2d": [],
    "nn.batch_matmul": [],
    "nn.softmax": [],
    "nn.batch_norm": [
        0.17438070464099578,
        0.1681700817642672,
        0.14295689370439812,
        0.2256202841936556,
        0.09755724047551219,
        0.12923141714682795,
        0.11649381779058743,
        0.1872444572744199,
        0.24661218951699823,
        0.18953656527986254,
        0.19189854279266835,
        0.16786343225972872,
        0.18854286561958591,
        0.1650705927848498,
        0.19892042828266962,
        0.1745107395574773,
        0.15954313842456144,
        0.3477832361789069,
        0.2783504132367303,
        0.2507092597959901,
        0.24959522931747688,
        0.2811451935312581,
        0.25499653040058173,
        0.3163536027833622,
        0.26078017295453526,
        0.2423928476001207,
        0.24611533968685992,
        0.24903627325857136,
        0.24518956871429756,
        0.2488518953919185,
        0.2486015296572003,
        0.2400910354964332,
        0.28238343646730585,
        0.24530601789323622,
        0.19631196667444362,
        0.16183718724965304,
        0.19854973172971485,
        0.1905962528082043,
        0.3957292447872515,
        0.18897760922095694,
        0.185753907784005,
        0.12351570328058868,
        0.190972771820106,
        0.1820915811063841,
        0.14687346775603513,
        0.1579846602464323,
        0.18264665552599174,
        0.1164355932011181,
        0.15748975123594303,
        0.18376650846345188,
        0.2709015474239539,
        0.18810618119856598
    ],
    "multiply": [],
    "add": [
        0.02360036693156862,
        0.022728938909177637,
        0.034529122374961946,
        0.029314139978158914,
        0.03129959847906308,
        0.03148785798501392,
        0.023722638569454214,
        0.023971063484523356,
        0.023848791846637764,
        0.02136454269594633
    ],
    "squeeze": [],
    "reshape": [],
    "transpose": [],
    "latency": 17.174967130025227,
    "batch_size": 4,
    "model_name": "mnasnet1_0",
    "sm_partition": 60
}