{
    "nn.conv2d": [
        0.05353355206436064,
        0.07259111353271085,
        0.03983592975898392,
        0.03792059694809445,
        0.05736421768613956,
        0.04481878777481355,
        0.04922405323985933,
        0.035047597731760256,
        0.04405265465045776,
        0.0434750620996739,
        0.03131269875052578,
        0.040602062883339715,
        0.04395688800991329,
        0.05027449357833152,
        0.05822312474352281,
        0.057648524900255974,
        0.051426685972382216,
        0.0784328786059237,
        0.05314749279466573,
        0.04443572121263566,
        0.07593995324425039,
        0.07632601251394529,
        0.05487129232446624,
        0.12899766481340566,
        0.09901971361546849,
        0.08293391071151396,
        0.25607999681592186,
        0.09308517460922815,
        0.05544589216773309,
        0.24468077388361248,
        0.09011640875234947,
        0.050852086129115376,
        0.4487594848838853,
        0.06636328918980305,
        0.06531284885133086,
        0.3174664134049293,
        0.06895198119202085,
        0.05123215998377626,
        0.29160642775040446,
        0.15552502424422482,
        0.05784305088886192,
        0.567034278663827,
        0.14719033380933863,
        0.05190252646758756,
        0.5519989160983447,
        0.14470040115518226,
        0.04366958808827987,
        0.5496047500847329,
        0.1449906937843327,
        0.04021899632116181,
        0.415911527177131,
        0.13866710280088046
    ],
    "nn.conv2d_transpose": [],
    "nn.dense": [
        0.05439545182926088
    ],
    "nn.layer_norm": [],
    "nn.relu": [
        0.024324726698296245,
        0.022600927168495717,
        0.043286521526101976,
        0.017330769231032668,
        0.0197249352446445,
        0.018195661703449946,
        0.018004128422361,
        0.017905369074299512,
        0.018096902355388456,
        0.02968765856878675,
        0.02920583265854737,
        0.02892152544443096,
        0.0272904998476579,
        0.02719772591463044,
        0.03246189843705946,
        0.028822766096369478,
        0.026814659352452554,
        0.02776933305038027,
        0.026048526228096766,
        0.023558593573940453,
        0.02211910125825634,
        0.022310634539345287,
        0.026527359430819138,
        0.021068660919784148,
        0.02211910125825634,
        0.022502167820434234,
        0.02394166013611835,
        0.021161434852811602,
        0.021260194200873092,
        0.020778368290633713,
        0.013883170171431628,
        0.020206761154883884,
        0.013790396238404166,
        0.020586835009544766,
        0.026237066801668697
    ],
    "nn.bias_add": [
        0.016085802903954515
    ],
    "nn.max_pool2d": [],
    "nn.adaptive_avg_pool2d": [],
    "nn.batch_matmul": [],
    "nn.softmax": [],
    "nn.batch_norm": [
        0.16182766627505796,
        0.15359772060326723,
        0.15828130786739544,
        0.2087533201418499,
        0.13127810794137093,
        0.1638387657264919,
        0.14123484585047916,
        0.1321430004137882,
        0.12581641672281893,
        0.13337898861831535,
        0.13261884090899353,
        0.12351801734975157,
        0.13251708885341507,
        0.2182372102632698,
        0.27119316977684654,
        0.2496486683618571,
        0.22571299364077274,
        0.22685920061978943,
        0.2584591992919486,
        0.22149327604178187,
        0.21987122856755986,
        0.2483947239122279,
        0.2269429964302658,
        0.2935097897312259,
        0.2428522295907165,
        0.22522817502301637,
        0.1840545050039268,
        0.22273824236886003,
        1.1172016577617587,
        0.13262482632402758,
        0.1775304026168346,
        0.18175012021582546,
        0.17811398058265246,
        0.15752116015807366,
        0.18615837838838822,
        0.11815209277174404,
        0.185101952634882,
        0.18749611864849383,
        0.2640076790284941,
        0.17293360387069984,
        0.17984077281997,
        0.11777501162460019,
        0.18921991817829437,
        0.1775333953243516,
        0.11547960495904984,
        0.11969333714300667,
        0.15982255223865804,
        0.11786778555762766,
        0.12112983675117377,
        0.1712157897559334,
        0.24810443128307746,
        0.15052720269081007
    ],
    "multiply": [],
    "add": [
        0.01589426962286557,
        0.015128136498509779,
        0.028056632972013693,
        0.027868092398441756,
        0.029876199142358686,
        0.019440628030528102,
        0.013883170171431628,
        0.013691636890342683,
        0.012832729832959437,
        0.013117037047075841
    ],
    "squeeze": [],
    "reshape": [],
    "transpose": [],
    "latency": 17.4381685256958,
    "batch_size": 2,
    "model_name": "mnasnet1_0",
    "sm_partition": 80
}