{
    "nn.conv2d": [
        0.08629303784730695,
        0.046211040560846454,
        0.06371955257334085,
        0.07325361988905232,
        0.05963656392378711,
        0.06498731598872723,
        0.08434730982369237,
        0.06313583416625647,
        0.06284397496271428,
        0.0728644742843294,
        0.05603696708010012,
        0.05574206767652104,
        0.07111331906307626,
        0.06216297015444916,
        0.08969502168859558,
        0.06615171260285908,
        0.1336684750222853,
        0.06946249044304077,
        0.05973385032496784,
        0.11761925902750182,
        0.06469241658514814,
        0.05632578608360541,
        0.05934166452020802,
        0.10243954024327115,
        0.1079848651105727,
        0.051072320419846017,
        0.14923733941123887,
        0.10137243003032001,
        0.04124639390059236,
        0.14495673775928675,
        0.10117785722795855,
        0.037841369859266824,
        0.19544533977204845,
        0.08493102823077675,
        0.04611375415966572,
        0.2238560091168583,
        0.08531713363546277,
        0.08843029847324611,
        0.1727806484969754,
        0.10973602033182583,
        0.061676538148545526,
        0.3206529380916471,
        0.10078567142319875,
        0.044164985936014235,
        0.31199444838656226,
        0.10185886203622366,
        0.04192739870885746,
        0.31297035259840644,
        0.10020499321615127,
        0.043386694726568406,
        0.39858238563744836,
        0.2083874713291223
    ],
    "nn.conv2d_transpose": [],
    "nn.dense": [
        0.04825101478560488
    ],
    "nn.layer_norm": [],
    "nn.relu": [
        0.02889102095063973,
        0.02772358413647097,
        0.05418548525762936,
        0.035023104425062575,
        0.03803898286166519,
        0.03677121944627881,
        0.030836748974254317,
        0.033074336201411085,
        0.03180961298606161,
        0.025875142514037112,
        0.027240192330604224,
        0.028112729741193887,
        0.025294464306989638,
        0.025002605103447453,
        0.032104512389640696,
        0.024123987292783988,
        0.026072755516435474,
        0.026461901121158395,
        0.026072755516435474,
        0.023540268885699614,
        0.025096851304591286,
        0.024804992101049094,
        0.028796774749495897,
        0.02325144988219432,
        0.025194137705772012,
        0.02266469127507305,
        0.025096851304591286,
        0.021597581062121923,
        0.02305687707983286,
        0.021597581062121923,
        0.020913536053819917,
        0.021597581062121923,
        0.0165356480006871,
        0.0205274306491339,
        0.023151123280976696
    ],
    "nn.bias_add": [
        0.021302681658542835
    ],
    "nn.max_pool2d": [],
    "nn.adaptive_avg_pool2d": [],
    "nn.batch_matmul": [],
    "nn.softmax": [],
    "nn.batch_norm": [
        0.17489358752261935,
        0.16925705665421084,
        0.24134627992913132,
        0.3401892635287523,
        0.2708362202870399,
        0.3153842714277032,
        0.2852285272617141,
        0.2757917463471833,
        0.22433332052265123,
        0.2270512593556379,
        0.23239593102050418,
        0.2038028496734805,
        0.22675940015209572,
        0.1998992328261037,
        0.2420333651374702,
        0.21411824839867463,
        0.1906661453140451,
        0.1923169739340806,
        0.20408862847694886,
        0.20097850383920238,
        0.1934874509482862,
        0.22763801796275915,
        0.1929918983422719,
        0.28960945551488376,
        0.21372910279395174,
        0.20048903163326187,
        0.18395642383261165,
        0.19884732361333707,
        0.19718433419315398,
        0.18191340940781636,
        0.20214290045333425,
        0.19651244998499956,
        0.2468003987953259,
        0.2184870158516968,
        0.20049511203333567,
        0.1724675078931749,
        0.20038566483200734,
        0.19650028918485196,
        0.27559413334478494,
        0.2154802580152049,
        0.2453350223775412,
        0.15389492586776632,
        0.18053923899113852,
        0.17753248115464665,
        0.1353071428421732,
        0.16906552405188632,
        0.18064564599242997,
        0.13783658927287215,
        0.16945466965660916,
        0.1740240903120666,
        0.31946421987722007,
        0.17509424072505464
    ],
    "multiply": [],
    "add": [
        0.029477779557761003,
        0.02694833312706204,
        0.025096851304591286,
        0.022859264077434507,
        0.02539175070817037,
        0.020722003451495358,
        0.02373484168806107,
        0.02208097286798867,
        0.021302681658542835,
        0.02266469127507305
    ],
    "squeeze": [],
    "reshape": [],
    "transpose": [],
    "latency": 17.029212315877277,
    "batch_size": 1,
    "model_name": "mnasnet0_75",
    "sm_partition": 20
}