{
    "nn.conv2d": [
        0.1914395255999346,
        0.3223108093585629,
        0.17335576961220986,
        0.16583566786575613,
        0.2682739383394681,
        0.07728309912765832,
        0.12870226450306255,
        0.10526742602444988,
        0.09402226946952452,
        0.12752344969025506,
        0.10453656084050923,
        0.09192324234346921,
        0.1268397370988267,
        0.126722592376804,
        0.08784454309115532,
        0.09362147243317,
        0.07525553764962949,
        0.10199032084484509,
        0.09345570160011893,
        0.07367592580046745,
        0.10225039686292074,
        0.20766001742416548,
        0.1040886112116424,
        0.13575231384290928,
        0.24019530625765192,
        0.10036429316242876,
        0.16880628119403102,
        0.22824212405578406,
        0.09607340724380956,
        0.1666836777717195,
        0.22835926877780688,
        0.05846921471525097,
        0.20954538436539946,
        0.26671790278656216,
        0.08400160680140295,
        0.2315899581241573,
        0.2632286109406521,
        0.13997173411350206,
        0.124671454602519,
        0.9843810975830134,
        0.18141959969107102,
        0.23531427617337097,
        0.9795243805542465,
        0.18052296367407933,
        0.23380612997223538,
        0.9745490452849409,
        0.1796506407126018,
        0.23371182478721078,
        0.9800187460163676,
        0.10210893908538385,
        0.6865888995715881,
        0.3861797326757301
    ],
    "nn.conv2d_transpose": [],
    "nn.dense": [
        0.08984852827292804
    ],
    "nn.layer_norm": [],
    "nn.relu": [
        0.07296863691278296,
        0.07228492432135461,
        0.10474948426607257,
        0.028621623654965588,
        0.049038696212791125,
        0.047199745104811466,
        0.04729331353057805,
        0.047387618715602646,
        0.047387618715602646,
        0.015818958028618362,
        0.02133654811181537,
        0.021147937741766175,
        0.021359387648813514,
        0.02100574320497127,
        0.0393724147477698,
        0.013226302199699917,
        0.021289395519303072,
        0.02102931950122742,
        0.021052895797483574,
        0.021217929871276617,
        0.02102931950122742,
        0.021052895797483574,
        0.022679660239157896,
        0.022609668109647447,
        0.022656083942901747,
        0.00914686618812803,
        0.015300279510983074,
        0.015536779232802576,
        0.015418160992263823,
        0.015583931825314874,
        0.015348168862753376,
        0.015536779232802576,
        0.015441737288519972,
        0.015348168862753376,
        0.016314060249997504
    ],
    "nn.bias_add": [
        0.003818623234238227
    ],
    "nn.max_pool2d": [],
    "nn.adaptive_avg_pool2d": [],
    "nn.batch_matmul": [],
    "nn.softmax": [],
    "nn.batch_norm": [
        0.25072949012860274,
        0.24820682642919475,
        0.27232464073997775,
        0.34991644199674005,
        0.11544870221081646,
        0.1912464946743374,
        0.165973441847003,
        0.16427668527581826,
        0.08675634966708243,
        0.1619654714834576,
        0.1646288562011445,
        0.0850352800403835,
        0.16179822713189054,
        0.07079372358315315,
        0.13687955550765646,
        0.08828954568299016,
        0.08661562864880354,
        0.05261639916966183,
        0.08647417087126663,
        0.08654268948226107,
        0.05325516944635188,
        0.13428468940096397,
        0.06412163174266282,
        0.2750130752724368,
        0.08930479994052061,
        0.08677918920408056,
        0.04090045344887149,
        0.08703852846289822,
        0.08696927309264575,
        0.04066321696779399,
        0.08699211262964393,
        0.08751300142505322,
        0.3039632935564725,
        0.09385428835869947,
        0.09241466076855834,
        0.04455551612783268,
        0.09307479706373054,
        0.05051810880286452,
        1.016323295213806,
        0.07260909839487667,
        0.07197401191447665,
        0.03604373642010467,
        0.0716196307113764,
        0.07211399617349754,
        0.03573650780951673,
        0.07209041987724138,
        0.07086592599043762,
        0.03571366827251858,
        0.07187970672945206,
        0.07173751219265713,
        0.421943500577793,
        0.07621700848132557
    ],
    "multiply": [],
    "add": [
        0.024920145142750105,
        0.024447882458369114,
        0.010821519981572656,
        0.010679325444777753,
        0.007143617765613322,
        0.006812812858769224,
        0.008887526929310387,
        0.005751879527242493,
        0.005422548138914404,
        0.00535108249088795
    ],
    "squeeze": [],
    "reshape": [],
    "transpose": [],
    "latency": 17.205975850423176,
    "batch_size": 4,
    "model_name": "mnasnet1_0",
    "sm_partition": 5
}