{
    "nn.conv2d": [
        0.14320252330849986,
        0.0764119987553784,
        0.09505907176895693,
        0.18266696777787061,
        0.20292454437098603,
        0.04667289667567526,
        0.07305322957931781,
        0.07777540538381184,
        0.07473152081800694,
        0.07235239265163067,
        0.07270226444080366,
        0.07434775519925782,
        0.07235239265163067,
        0.3078860811228794,
        0.0460431274551639,
        0.08207882839063946,
        0.045202341811807586,
        0.0768307515530448,
        0.08228875146414326,
        0.04334911467853197,
        0.07644698593429568,
        0.16108097173523905,
        0.060351790282997524,
        0.15187934367998976,
        0.2492836497857468,
        0.07392790905225023,
        0.26327742800332476,
        0.25050820104785226,
        0.07291328086364861,
        0.26376724850816696,
        0.25162669742386456,
        0.036911473757749176,
        0.24270496679995365,
        0.10478550750796571,
        0.03376262765519237,
        0.27041481250245347,
        0.10429678035246472,
        0.10345599470910839,
        0.18340169853513388,
        0.7830830385269594,
        0.04460865311955469,
        1.1071342896589715,
        0.7944888588539982,
        0.043943896720126024,
        1.0822584054487725,
        0.7836428333896359,
        0.043873922362291436,
        1.092788452953538,
        0.801486294637458,
        0.02683516622956741,
        1.1452692213294848,
        0.20785773659832502
    ],
    "nn.conv2d_transpose": [],
    "nn.dense": [
        0.03859085834577946
    ],
    "nn.layer_norm": [],
    "nn.relu": [
        0.043103111076769715,
        0.04219344442491998,
        0.06542602457534688,
        0.019277935583431084,
        0.023651332948093313,
        0.023790188314421336,
        0.02340532934633106,
        0.02333644833783763,
        0.02337143551675493,
        0.01046116649627204,
        0.015848098700194733,
        0.015429345902528327,
        0.015358278195352569,
        0.015289397186859137,
        0.021237217602799757,
        0.009936358812512574,
        0.014484692071761285,
        0.014099833103671012,
        0.01388881668082606,
        0.013853829501908763,
        0.014133726933247144,
        0.01388881668082606,
        0.015569294618197517,
        0.015603188447773652,
        0.015603188447773652,
        0.007940996264885434,
        0.01053004750476547,
        0.009936358812512574,
        0.01046116649627204,
        0.010145188536675195,
        0.009901371633595274,
        0.009936358812512574,
        0.009901371633595274,
        0.009901371633595274,
        0.009516512665505001
    ],
    "nn.bias_add": [
        0.005702910163519541
    ],
    "nn.max_pool2d": [],
    "nn.adaptive_avg_pool2d": [],
    "nn.batch_matmul": [],
    "nn.softmax": [],
    "nn.batch_norm": [
        0.16100115723333397,
        0.15981377984882816,
        0.2655483145849256,
        0.24210362466231258,
        0.09386513428840416,
        0.1319333716491065,
        0.10548087768894703,
        0.1037993064022344,
        0.06905703773735769,
        0.10268190337556321,
        0.10306348229562999,
        0.06919698645302688,
        0.10212210851288643,
        0.06275934553224409,
        0.13045735003853298,
        0.08133863088667037,
        0.07903057042746989,
        0.05513323387761433,
        0.0775928160438372,
        0.07776884528776483,
        0.053871508737909274,
        0.09900715623990575,
        0.060977186106144235,
        0.2936780064344331,
        0.07941542939556016,
        0.07700131405026663,
        0.04803192990674405,
        0.07654320067631826,
        0.07598777921100615,
        0.04750602887364341,
        0.07731401196183997,
        0.07626439659432104,
        0.14928154564538038,
        0.08364778469521204,
        0.08113089451184893,
        0.049184320112332536,
        0.08196621340849941,
        0.05404753798183693,
        0.8252732029038558,
        0.06562720085412134,
        0.06283150658876102,
        0.045196875065101755,
        0.06293537477617174,
        0.0626893711744095,
        0.04494868476465718,
        0.06311031067075823,
        0.06206397535126279,
        0.04544178531752285,
        0.06293646812551289,
        0.0618890394566763,
        0.25179179317438055,
        0.06234496613194234
    ],
    "multiply": [],
    "add": [
        0.013503957712735784,
        0.013224060281397401,
        0.009340483421577346,
        0.008395829590810306,
        0.006751432181697308,
        0.0064376409207827934,
        0.00745226910938443,
        0.005946727066599459,
        0.005666829635261077,
        0.005702910163519541
    ],
    "squeeze": [],
    "reshape": [],
    "transpose": [],
    "latency": 17.144875526428223,
    "batch_size": 2,
    "model_name": "mnasnet1_3",
    "sm_partition": 10
}