{
    "nn.conv2d": [
        0.06411937301643304,
        0.032836879679599765,
        0.038350269309846245,
        0.035477463707672977,
        0.0594449774603545,
        0.08629653334298833,
        0.05513389630246476,
        0.059928148154853006,
        0.05908915408068506,
        0.05045950074638624,
        0.08617667704667863,
        0.06448268741462185,
        0.1759490429826484,
        0.06483851079429127,
        0.0595685792659239,
        0.09468647408466777,
        0.07754327820312011,
        0.0594449774603545,
        0.17103493483395046,
        0.05789059111758801,
        0.17427105483431254,
        0.06915708297070036,
        0.05896929778437535,
        0.17318860265826552,
        0.054051444126417734,
        0.16851420710218698,
        0.06915708297070036,
        0.06148628000687919,
        0.04734323704233388,
        0.0435040900511636,
        0.11601714931853574,
        0.07910515556440598,
        0.06411937301643304,
        0.14119071705283368,
        0.054051444126417734,
        0.1426252470992905,
        0.081258823388721,
        0.10786692116947574,
        0.12260924561556957,
        0.06016411523821273,
        0.2039954163191196,
        0.11590103853148571,
        0.06699966963712567,
        0.24474281155516,
        0.10271684593741805,
        0.370595668189611,
        0.11242146042924457,
        0.06328412445152477,
        0.24270900002715465,
        0.09840201927026863,
        0.3626814071239107,
        0.11230160413293487
    ],
    "nn.conv2d_transpose": [],
    "nn.dense": [
        0.04841819819986155,
        0.05837001630282683
    ],
    "nn.layer_norm": [],
    "nn.relu": [
        0.027806660743851793,
        0.030200041160786235,
        0.04494611111613976,
        0.034634724124245356,
        0.03247731079067065,
        0.031518460420193004,
        0.02912508000325856,
        0.017019594075978254,
        0.015937141899931218,
        0.02912508000325856,
        0.016895992270408867,
        0.025765358197327115,
        0.017019594075978254,
        0.016060743705500608
    ],
    "nn.bias_add": [
        0.030443499262665326,
        0.03008018486447653,
        0.029844217781116792,
        0.031761918522072094,
        0.01785484264088652,
        0.031642062225762387,
        0.015937141899931218,
        0.030679466346025062,
        0.030323642966355622,
        0.029364792595877973,
        0.017738731853836488,
        0.02600507078994653,
        0.017259306668597665,
        0.020016001483720906,
        0.017135704863028282,
        0.017978444446455903,
        0.017259306668597665,
        0.017019594075978254,
        0.02864565481801974,
        0.02924119079030859
    ],
    "nn.max_pool2d": [],
    "nn.adaptive_avg_pool2d": [
        0.10930894223445188,
        0.04962050667221829,
        0.046620353755215956,
        0.05033589894081685,
        0.04985647375557803,
        0.040870997041609756,
        0.04638438667185623,
        0.04278869778256504,
        0.03763487704124768,
        0.035956888892911806
    ],
    "nn.batch_matmul": [],
    "nn.softmax": [],
    "nn.batch_norm": [
        0.19750819428135685,
        0.16503088349068615,
        0.3060942532286907,
        0.30477957947854367,
        0.2589944742882359,
        0.2892020064675416,
        0.27625378095683367,
        0.2514397821114648,
        0.24160782030480923,
        0.2846362306799937,
        0.247851584240693,
        0.30202663017268006,
        0.26511089090929063,
        0.2523911414634231,
        0.2568445519731806,
        0.25947015396421513,
        0.2642644058166034,
        0.2377836553506777,
        0.25670596813057256,
        0.2423269580826675,
        0.31472765207224923,
        0.2653468579926504,
        0.2176328155336084,
        0.2274722683587833,
        0.2489265453982207,
        0.22387657946949213,
        0.30201539364490104,
        0.22889930738672076,
        0.21884636053374418,
        0.16634555724083325,
        0.22362563034909366,
        0.23621803248013218,
        0.16681000038903335,
        0.21080849766247453
    ],
    "multiply": [
        0.031997885605431826,
        0.03295673597590947,
        0.03535760741136327,
        0.031761918522072094,
        0.029600759679237705,
        0.036196601485531214,
        0.030443499262665326,
        0.03320019407778857,
        0.031997885605431826,
        0.04326812296780387,
        0.03403918815195651,
        0.027922771530901825,
        0.02756694815123238,
        0.031878029309122126,
        0.035713430791032716,
        0.026847810373374144,
        0.02828608592909062,
        0.03367587375376771,
        0.03008018486447653,
        0.02756694815123238,
        0.02912508000325856,
        0.02756694815123238,
        0.028761765605069767,
        0.024686651530539762,
        0.02732723555861297,
        0.02924119079030859,
        0.026244783382565934,
        0.02924119079030859
    ],
    "add": [
        0.031039035234954184,
        0.030919178938644477,
        0.030679466346025062,
        0.03379573005007742,
        0.029844217781116792,
        0.029001478197689178,
        0.033559762966717685,
        0.02864565481801974,
        0.03403918815195651,
        0.032121487411001216,
        0.029964074077426503,
        0.031518460420193004,
        0.029001478197689178,
        0.030443499262665326,
        0.031398604123883296,
        0.02828608592909062,
        0.031518460420193004,
        0.02912508000325856,
        0.02444693893792035,
        0.02708752296599356,
        0.027203633753043587,
        0.03128249333683327,
        0.028405942225400323,
        0.03008018486447653,
        0.030559610049715358,
        0.02600507078994653,
        0.01785484264088652,
        0.026847810373374144,
        0.02600507078994653,
        0.02600507078994653,
        0.01654016889073943,
        0.026484495975185353,
        0.02612867259551591,
        0.02768305893828241
    ],
    "squeeze": [],
    "reshape": [],
    "transpose": [],
    "latency": 18.42941125233968,
    "batch_size": 1,
    "model_name": "mobilenet_v3_small",
    "sm_partition": 20
}