{
    "nn.conv2d": [
        0.19204711633509366,
        0.1932911777936205,
        0.017743613910892533,
        0.016784337605522438,
        0.08345404082874425,
        0.2384760895150064,
        0.22542693402351882,
        0.06187332169637134,
        0.13257198540214754,
        0.07328571199182121,
        0.11300274877259757,
        0.08786671183344671,
        0.2063403332851081,
        0.04067031760923788,
        0.03731285054044254,
        0.07942807808464412,
        0.22561878928459286,
        0.15933279658351904,
        0.12643261704777894,
        0.05467575166764131,
        0.23348485498862762,
        0.21650566438357688,
        0.15693760355854805,
        0.12384257102327967,
        0.05419611351495626,
        0.23041517081144333,
        0.10878193302896913,
        0.0986136041920461,
        0.0282986510084179,
        0.027048594072982487,
        0.12019432332441904,
        0.07750652773544965,
        0.06800969231228568,
        0.10494183006903443,
        0.035490225560239355,
        0.15127787335686446,
        0.10772672909306204,
        0.166050728459564,
        0.08920969866096486,
        0.05084164418461521,
        0.1672977876565451,
        0.5274071149540257,
        0.20480249345806167,
        0.22513915113190772,
        0.12729296798415773,
        0.30773284102427323,
        0.521459601860731,
        0.20211651980302542,
        0.22830476293962912,
        0.12192401841253948,
        0.3018812555615156,
        0.520500325555361
    ],
    "nn.conv2d_transpose": [],
    "nn.dense": [
        0.1045611172853407,
        0.1568386781895568
    ],
    "nn.layer_norm": [],
    "nn.relu": [
        0.03510651503809132,
        0.013139087645116064,
        0.09218345520761217,
        0.03798434395420161,
        0.04335928900272843,
        0.04249294258944107,
        0.013522798167264103,
        0.013429868275181374,
        0.012755377122968023,
        0.013522798167264103,
        0.013522798167264103,
        0.013522798167264103,
        0.013429868275181374,
        0.012755377122968023
    ],
    "nn.bias_add": [
        0.014197289319477452,
        0.01429021921156018,
        0.014005434058403434,
        0.01429021921156018,
        0.014197289319477452,
        0.014197289319477452,
        0.013139087645116064,
        0.013522798167264103,
        0.014197289319477452,
        0.015444348516458583,
        0.01429021921156018,
        0.014197289319477452,
        0.014578002103171213,
        0.014676927472162503,
        0.013522798167264103,
        0.014098363950486163,
        0.013522798167264103,
        0.013621723536255393,
        0.01496171262531925,
        0.014389144580551473
    ],
    "nn.max_pool2d": [],
    "nn.adaptive_avg_pool2d": [
        0.04882416620488372,
        0.0252259690927793,
        0.030217203619158094,
        0.028394578638954903,
        0.02589746250653837,
        0.028199725639426604,
        0.02733637696459352,
        0.03194390096882427,
        0.03040606114177784,
        0.031077554555536905
    ],
    "nn.batch_matmul": [],
    "nn.softmax": [],
    "nn.batch_norm": [
        0.36661142200481733,
        0.1918342769048397,
        0.3937739301390625,
        0.381195419584897,
        0.20228739089491946,
        0.2615796597821543,
        0.2276212785720529,
        0.22013292791325753,
        0.14684421818298204,
        0.24373412276381626,
        0.14685021365989062,
        0.3419520254798972,
        0.19826442588927362,
        0.19260469568759006,
        0.12814432570517367,
        0.19106086038363504,
        0.1909679304915523,
        0.12920552511798938,
        0.16172798960849,
        0.1538409397352752,
        0.1991367677794695,
        0.16641645255098633,
        0.16037900730406326,
        0.1330336371241069,
        0.21265357046982505,
        0.1416671238724378,
        0.6416359387544244,
        0.16833800290018083,
        0.1622855689609863,
        0.12584206257228547,
        0.16132929039407054,
        0.16161707328568156,
        0.12554828420376588,
        0.16123336276353353
    ],
    "multiply": [
        0.10110472484755405,
        0.03712399301782279,
        0.0507457165540782,
        0.02292670369834535,
        0.02187149976243824,
        0.03664135712668347,
        0.035490225560239355,
        0.03750770353997084,
        0.035778008451850384,
        0.0358739360823874,
        0.03712399301782279,
        0.024746330940094253,
        0.023885980003715446,
        0.02445854804848322,
        0.02676081118137146,
        0.025993390137075377,
        0.02743230459513053,
        0.04076924297822917,
        0.021964429654520966,
        0.020048874782235052,
        0.026859736550362747,
        0.026092315506066673,
        0.02743230459513053,
        0.025993390137075377,
        0.02657195365875172,
        0.02676081118137146,
        0.02676081118137146,
        0.01429021921156018
    ],
    "add": [
        0.09132010653277908,
        0.014676927472162503,
        0.022827778329354058,
        0.05208870338159634,
        0.02301963359042808,
        0.013714653428338124,
        0.036068789081915686,
        0.03443502162433224,
        0.013429868275181374,
        0.017168048127670477,
        0.035589150929230644,
        0.03472280451594327,
        0.012662447230885296,
        0.017458828757735786,
        0.02503711157015956,
        0.023787054634724154,
        0.013522798167264103,
        0.026859736550362747,
        0.026092315506066673,
        0.014197289319477452,
        0.019281453737938974,
        0.04067031760923788,
        0.02014180467431778,
        0.01429021921156018,
        0.02676081118137146,
        0.025993390137075377,
        0.01429021921156018,
        0.01640362482182868,
        0.025993390137075377,
        0.026092315506066673,
        0.013330942906190081,
        0.015729133669615328,
        0.026092315506066673,
        0.01429021921156018
    ],
    "squeeze": [],
    "reshape": [],
    "transpose": [],
    "latency": 18.33675543467204,
    "batch_size": 2,
    "model_name": "mobilenet_v3_small",
    "sm_partition": 5
}