{
    "nn.conv2d": [
        0.06951429153155499,
        0.05430495457492171,
        0.06418222939703232,
        0.15670029593603327,
        0.5048672906261942,
        0.07267403205571658,
        0.0987418913800497,
        0.0731646558285112,
        0.0721772369147107,
        0.0995287408269845,
        0.08531299415236293,
        0.050852074060725595,
        0.07286843015437104,
        0.06368851994013205,
        0.07602817067853264,
        0.05776092077322345,
        0.029128857957114663,
        0.0240899358126265,
        0.07859854553851957,
        0.07464578419921195,
        0.05371558891074704,
        0.01925466881910969,
        0.023003775007445954,
        0.07425390231779737,
        0.14248454926141174,
        0.055489857271482305,
        0.12332553664957643,
        0.07839797607165384,
        0.03031376065367526,
        0.08699160630582378,
        0.10041741784940493,
        0.029718223621289334,
        0.08235073741096145,
        0.0967670535524487,
        0.04008920790030019,
        0.09084254006964573,
        0.1699317093809599,
        0.06635146532328777,
        0.17260082613232688,
        0.06684517478018802,
        0.2881288390469851,
        0.28644714120941855,
        0.08975329358035955,
        0.36198468811515666,
        0.18839644306902922,
        0.38538651637222826,
        0.28940939795082005,
        0.21703159156924362,
        0.35774187246992006,
        0.1854341863276277,
        0.19135869981043066,
        0.15265496407355683,
        0.06931372206468928,
        0.49696485363168463,
        0.15393552297739188,
        0.5759583667357243,
        0.138334304139344,
        0.05924513482802982,
        0.48718940638505964,
        0.1523556527153111,
        0.5688489505563608,
        0.13764619658378927
    ],
    "nn.conv2d_transpose": [],
    "nn.dense": [
        0.06408040182154663,
        0.06763510991122841
    ],
    "nn.layer_norm": [],
    "nn.relu": [
        0.0329797917209366,
        0.0983469238145295,
        0.032285512797170624,
        0.03525085522267774,
        0.03307544792821102,
        0.03356915738511127,
        0.01925466881910969,
        0.013919521000481383,
        0.023892452029866403,
        0.02221383987640556,
        0.01362638101044686,
        0.022908118800171535,
        0.02330308636569173,
        0.013327069652201083,
        0.014117004783241483,
        0.013524553434961185,
        0.013524553434961185,
        0.014021348575967058,
        0.012734618303920782
    ],
    "nn.bias_add": [
        0.014021348575967058,
        0.014416316141487256,
        0.014218832358727158,
        0.014218832358727158,
        0.01362638101044686,
        0.013524553434961185,
        0.013129585869440984,
        0.01470945613152178,
        0.014314488566001581,
        0.01451197234876168,
        0.015304993163907703,
        0.014218832358727158,
        0.014613799924247356,
        0.015203165588422026,
        0.013823864793206958,
        0.014416316141487256,
        0.015699960729427902,
        0.01500568180566193
    ],
    "nn.max_pool2d": [],
    "nn.adaptive_avg_pool2d": [
        0.02873389039159446,
        0.02962256741401491,
        0.02744716011954819,
        0.040974799238615,
        0.043051464641701676,
        0.04403579787139655,
        0.03604079035371815,
        0.024191763388112176,
        0.0244849033781467
    ],
    "nn.batch_matmul": [],
    "nn.softmax": [],
    "nn.batch_norm": [
        0.19144201328128263,
        0.1835488333390899,
        0.1873874243664893,
        0.38527543174442586,
        0.18739359573470063,
        0.23172870496434286,
        0.1958884840774905,
        0.18610069409444305,
        0.14789066781446944,
        0.18630743492952007,
        0.14237037894950352,
        0.19677716109991095,
        0.16478478829277485,
        0.15392009455686376,
        0.13091323386531215,
        0.1562868142658793,
        0.15500934104614988,
        0.130129470102483,
        0.1885784984312612,
        0.13960560599086214,
        0.19539477462059024,
        0.14127496109200613,
        0.13496782278010544,
        0.1267599030591388,
        0.141771756233012,
        0.13338486683391904,
        0.12508746227388923,
        0.13368109250805918,
        0.25770090808140156,
        0.20960434992700047,
        0.23301852092049483,
        0.23578020819503057,
        0.42477218829644564,
        0.20437720105206916,
        0.2577009080814016,
        0.1300245568428917,
        0.2074381996848507,
        0.18186096413331215,
        0.29542956764089745,
        0.19380873299029816,
        0.1936143348916437,
        0.1208415609445471,
        0.14128113246021737,
        0.1405868535364514,
        0.12093413146771587,
        0.13872001465254732
    ],
    "multiply": [
        0.03623827413647824,
        0.020337743940184613,
        0.02537666608467277,
        0.024191763388112176,
        0.03554708089681789,
        0.019942776374664413,
        0.018760959362209444,
        0.018264164221203565,
        0.01865913178672377,
        0.017869196655683373,
        0.02873389039159446,
        0.02725276202089372,
        0.03969424033477999,
        0.03692638169203297,
        0.035445253321332214,
        0.03485588765715754,
        0.0405798316730948,
        0.04452950732829678,
        0.04146850869551525,
        0.03090312631784993,
        0.01718108910012865,
        0.02873389039159446,
        0.02498169851915258,
        0.02024208773291019,
        0.018760959362209444,
        0.01865913178672377,
        0.01865913178672377,
        0.01865913178672377,
        0.014218832358727158
    ],
    "add": [
        0.03386538305925142,
        0.037423176833038835,
        0.023694968247106308,
        0.013823864793206958,
        0.014218832358727158,
        0.01727674530740307,
        0.01323141344492666,
        0.016884863425988498,
        0.0325848241554164,
        0.019054099352243965,
        0.018958443144969545,
        0.01718108910012865,
        0.015598133153942227,
        0.018365991796689244,
        0.017869196655683373,
        0.015107509381147606,
        0.017079261524642973,
        0.02853332092472874,
        0.024685472845012425,
        0.03525085522267774,
        0.03386538305925142,
        0.02438616148676665,
        0.03811128438859357,
        0.036827639800652914,
        0.04275523896756152,
        0.018958443144969545,
        0.03801254249721351,
        0.030508158752329737,
        0.013823864793206958,
        0.025571064183327247,
        0.027351503912273773,
        0.014314488566001581,
        0.014416316141487256,
        0.018264164221203565,
        0.017971024231169048,
        0.013524553434961185,
        0.013722037217721283,
        0.017971024231169048,
        0.014811283707007456
    ],
    "squeeze": [],
    "reshape": [],
    "transpose": [],
    "latency": 21.167046229044598,
    "batch_size": 2,
    "model_name": "mobilenet_v3_large",
    "sm_partition": 20
}