{
    "nn.conv2d": [
        0.049921813521780746,
        0.028795896053640233,
        0.029991702702780267,
        0.06327810185032655,
        0.1258555357421726,
        0.050918319062730776,
        0.04763296485741116,
        0.036272801690580884,
        0.04424484601818108,
        0.042647323072845585,
        0.05161587294139579,
        0.06387289109508108,
        0.0849988085632216,
        0.05660151472596137,
        0.05590396084729637,
        0.05012111462997075,
        0.040654311990945526,
        0.03776756000200592,
        0.08021869604647697,
        0.05819592359148142,
        0.04155428105761601,
        0.030788907135540285,
        0.035176645595535856,
        0.0777274321941019,
        0.07284144096363131,
        0.04354729213951606,
        0.1270544564711281,
        0.049625975939311215,
        0.036272801690580884,
        0.07752501700609643,
        0.054209901427681326,
        0.035771434840290404,
        0.07184804950249675,
        0.04852981984426619,
        0.03198471378468032,
        0.06796167789279166,
        0.09446872528206232,
        0.05450573901015086,
        0.1754846257612993,
        0.06716447346003164,
        0.28031389458942635,
        0.12057717045495293,
        0.05460538956424587,
        0.36202734894732835,
        0.1902297936875442,
        0.3790707077773892,
        0.1167873353195274,
        0.1434967978968035,
        0.3565496825519187,
        0.1866423737401241,
        0.17389021689577924,
        0.10672574343574759,
        0.04553718914160065,
        0.5031356476256673,
        0.13582370523148832,
        0.5765749919138686,
        0.15724857436191383,
        0.08011904549238197,
        0.5229629938107573,
        0.13153873140540323,
        0.6035802920736143,
        0.13114012918902324
    ],
    "nn.conv2d_transpose": [],
    "nn.dense": [
        0.07254560338116177,
        0.07174839894840175
    ],
    "nn.layer_norm": [],
    "nn.relu": [
        0.01823293731956998,
        0.059790332457001466,
        0.01853500306167045,
        0.020029761373095492,
        0.01853500306167045,
        0.017937099737100438,
        0.025806379430790165,
        0.026503933309455177,
        0.030788907135540285,
        0.024812987969655607,
        0.025009174998030143,
        0.025407777214410156,
        0.027400788296310197,
        0.02361718132051558,
        0.014246915155769879,
        0.014246915155769879,
        0.014446216263959885,
        0.014349679789680351,
        0.012954572032350318
    ],
    "nn.bias_add": [
        0.028699359579360702,
        0.014246915155769879,
        0.025009174998030143,
        0.027204601267935672,
        0.023913018902985115,
        0.02700218607993019,
        0.013649011831199867,
        0.015047233668345365,
        0.015047233668345365,
        0.015445835884725378,
        0.014246915155769879,
        0.014246915155769879,
        0.014947583114250367,
        0.01594097457538492,
        0.013848312939389871,
        0.015047233668345365,
        0.045839254883701115,
        0.051017969616825774
    ],
    "nn.max_pool2d": [],
    "nn.adaptive_avg_pool2d": [
        0.04653680876236614,
        0.04653680876236614,
        0.043148689923136065,
        0.038963366651145956,
        0.03467839282506084,
        0.03816616221838593,
        0.03507699504144086,
        0.08400541710208705,
        0.07054947821944625
    ],
    "nn.batch_matmul": [],
    "nn.softmax": [],
    "nn.batch_norm": [
        0.1425781443512402,
        0.13540641853621552,
        0.137003941481551,
        0.2642639272205,
        0.14019587329240657,
        0.1676931980629963,
        0.14706864744514625,
        0.1376143011253829,
        0.12613891700538024,
        0.13610708649469597,
        0.2168302634712789,
        0.25779286936395585,
        0.2348576715230279,
        0.21702333641983793,
        0.22089725171028118,
        0.22021526823069348,
        0.22279684039771716,
        0.219115998055833,
        0.2535950897727039,
        0.2369472190792075,
        0.20605243322994127,
        0.1925155282720983,
        0.18014640324505612,
        0.18054189138162063,
        0.20127232071319662,
        0.18123944526028568,
        0.1700879254410918,
        0.18035193251287707,
        0.17855510845935155,
        0.1817470402702071,
        0.1998772129558666,
        0.18972531275743826,
        0.24193597494358854,
        0.19818938169588246,
        0.19729252670902744,
        0.12355734483835663,
        0.17945819160583748,
        0.17018446191537134,
        0.22120554561201258,
        0.16919418453405227,
        0.18623131520448216,
        0.1230497498284352,
        0.4410377820254034,
        0.38822921651468306,
        0.29553863080725346,
        0.38035059458154696
    ],
    "multiply": [
        0.01963115915671548,
        0.026902535525835186,
        0.02790215514660068,
        0.025610192402415626,
        0.030290654365065266,
        0.02401578353689559,
        0.02252102522547055,
        0.022321724117280544,
        0.023517530766420575,
        0.02212242300909054,
        0.020826965805855507,
        0.021820357266990064,
        0.024610572781650134,
        0.024812987969655607,
        0.026204981647170167,
        0.03328328506773082,
        0.026706348497460654,
        0.025909144064700636,
        0.028098342174975213,
        0.0232154650243201,
        0.015047233668345365,
        0.024311621119365127,
        0.021923121900900535,
        0.015343071250814907,
        0.05052283092616624,
        0.049028072614741194,
        0.05161587294139579,
        0.04763296485741116,
        0.051017969616825774
    ],
    "add": [
        0.018631539535949985,
        0.019132906386240465,
        0.015741673467194916,
        0.025806379430790165,
        0.02790215514660068,
        0.026503933309455177,
        0.024311621119365127,
        0.027799390512690203,
        0.03009446733669073,
        0.02570672887669516,
        0.02381648242870558,
        0.02172382079271053,
        0.0232154650243201,
        0.02371371779479511,
        0.021322104496515053,
        0.020627664697665502,
        0.021322104496515053,
        0.020126297847375022,
        0.02122556802223552,
        0.024710223335745133,
        0.023318229658230574,
        0.014349679789680351,
        0.025211590186035616,
        0.02212242300909054,
        0.039660920529810975,
        0.014947583114250367,
        0.024710223335745133,
        0.022720326333660557,
        0.01395107757330034,
        0.02411232001117512,
        0.022816862807940083,
        0.01464551737214989,
        0.014349679789680351,
        0.04892842206064619,
        0.04245113604447104,
        0.013552475356920331,
        0.04713159800712068,
        0.04563683969569565,
        0.04663645931646115
    ],
    "squeeze": [],
    "reshape": [],
    "transpose": [],
    "latency": 21.530081431070965,
    "batch_size": 2,
    "model_name": "mobilenet_v3_large",
    "sm_partition": 100
}