{
    "nn.conv2d": [
        0.09218211892938094,
        0.0842981219156839,
        0.04457490619282565,
        0.04467282442496692,
        0.057812819447795344,
        0.07732381686510573,
        0.08510673699401179,
        0.06306881745692672,
        0.05841928075654127,
        0.053163282747409904,
        0.08389065572387022,
        0.06206120726166654,
        0.15545309015588962,
        0.1067371903392832,
        0.0583213625244,
        0.08965519680960625,
        0.06862804612043104,
        0.056397743060721504,
        0.14615401675511872,
        0.05286321074568665,
        0.14645724740949168,
        0.06448705249665027,
        0.045481439503294814,
        0.14100225428342805,
        0.052054595667358754,
        0.14373133017278472,
        0.05892782383314592,
        0.054072974710528784,
        0.04123621034207333,
        0.03800490868141144,
        0.10309526383415792,
        0.06862804612043104,
        0.05963536202668284,
        0.12230303059709532,
        0.05063636062763519,
        0.158387478467478,
        0.07136028066243744,
        0.09379934908603675,
        0.10421026821950848,
        0.05488474844150642,
        0.1733468574165442,
        0.09187572962235825,
        0.06488820138316449,
        0.2044785379321685,
        0.09945965463433207,
        0.3128329584281075,
        0.08965519680960625,
        0.0574116705612811,
        0.1998258425791333,
        0.18648369378672291,
        0.30585549472487955,
        0.08460135257005683
    ],
    "nn.conv2d_transpose": [],
    "nn.dense": [
        0.05367182582401456,
        0.060744049106734
    ],
    "nn.layer_norm": [],
    "nn.relu": [
        0.03527583279205476,
        0.035778058563359985,
        0.045686751925526514,
        0.03466621283065912,
        0.03608444787038267,
        0.03598337098559168,
        0.034871525252890806,
        0.028904830397572814,
        0.027593989547939693,
        0.024962831890724284,
        0.026074677623425153,
        0.027691907780080953,
        0.014450835872461548,
        0.013844374563715619
    ],
    "nn.bias_add": [
        0.03568014033121872,
        0.03952106195327625,
        0.03517475590726377,
        0.03598337098559168,
        0.015057297181207475,
        0.0274929126631487,
        0.014248682102879572,
        0.024864913658583017,
        0.027189682008775737,
        0.028197292204035895,
        0.015057297181207475,
        0.02708860512398475,
        0.015262609603439168,
        0.026785374469611784,
        0.015057297181207475,
        0.014959378949066203,
        0.014959378949066203,
        0.014248682102879572,
        0.019807910766383906,
        0.016273378451349046
    ],
    "nn.max_pool2d": [],
    "nn.adaptive_avg_pool2d": [
        0.07772496575161994,
        0.05660305548295322,
        0.04588574704245878,
        0.045481439503294814,
        0.04477390130975791,
        0.04325774803789309,
        0.04417059865366169,
        0.04791044339092824,
        0.038712446874948354,
        0.03527583279205476
    ],
    "nn.batch_matmul": [],
    "nn.softmax": [],
    "nn.batch_norm": [
        0.3590187774722894,
        0.30281371222320075,
        0.33434338297268956,
        0.3402121595958663,
        0.30614293211600385,
        0.32524646334150065,
        0.30796863334754115,
        0.2949202392515546,
        0.29159101935875137,
        0.31807000452134043,
        0.36163414186625625,
        0.3492964446164563,
        0.3112030936608528,
        0.2586367962642397,
        0.22710712551475087,
        0.23104596536894967,
        0.2511571067897065,
        0.21638349976895696,
        0.23600189137635783,
        0.22194588708511104,
        0.27753501506750466,
        0.23912895749957896,
        0.2250792705136317,
        0.21386289495448177,
        0.29360939840192146,
        0.2544010430609673,
        0.2842124067690093,
        0.24407856620168764,
        0.21801336453621165,
        0.180504364320806,
        0.22194904573776075,
        0.23741380911078194,
        0.16078805448126396,
        0.2233609634721849
    ],
    "multiply": [
        0.0731765059360255,
        0.036387678524755634,
        0.03769851937438876,
        0.039720057070208516,
        0.03557906344642772,
        0.03850713445271667,
        0.02930913793673676,
        0.02839944597361787,
        0.02738867712570799,
        0.03790383179662045,
        0.027691907780080953,
        0.02961236859110973,
        0.02627999004565685,
        0.026984369586544037,
        0.031937136941302444,
        0.026580062047380087,
        0.027593989547939693,
        0.03092952674604229,
        0.03062629609166932,
        0.0266842975848208,
        0.03001667613027368,
        0.025367139429888236,
        0.02981768101334142,
        0.028197292204035895,
        0.03001667613027368,
        0.027691907780080953,
        0.025269221197746966,
        0.024659601236351324
    ],
    "add": [
        0.04406952176887071,
        0.03527583279205476,
        0.03436298217628616,
        0.03608444787038267,
        0.034062910174562915,
        0.036387678524755634,
        0.03477044836809982,
        0.027189682008775737,
        0.03092952674604229,
        0.02870583528064055,
        0.026785374469611784,
        0.027287600240917,
        0.029514450358968457,
        0.028197292204035895,
        0.02830152774147661,
        0.02577144696905219,
        0.028096215319244906,
        0.0266842975848208,
        0.025063908775515273,
        0.03001667613027368,
        0.02708860512398475,
        0.034261905291495164,
        0.05548805109760262,
        0.029208061051945778,
        0.02930913793673676,
        0.02627999004565685,
        0.03325429509623501,
        0.029110142819804504,
        0.024962831890724284,
        0.028197292204035895,
        0.027792984664871945,
        0.02365199104109116,
        0.02395522169546412,
        0.023247683501927206
    ],
    "squeeze": [],
    "reshape": [],
    "transpose": [],
    "latency": 19.024144808451336,
    "batch_size": 4,
    "model_name": "mobilenet_v3_small",
    "sm_partition": 100
}