{
    "nn.conv2d": [
        0.07958350345644621,
        0.058488088034659366,
        0.08018280503092881,
        0.10954858218057525,
        0.09468964876824777,
        0.0861795664105951,
        0.1230965433987221,
        0.11494604198575899,
        0.09205272184052442,
        0.11853810579781396,
        0.052738538554467106,
        0.15426022527181626,
        0.05585116110693602,
        0.04746093906417988,
        0.25110361407336085,
        0.05213549134514402,
        0.0438651296172844,
        0.24906598872012012,
        0.0534539548090057,
        0.04482401213645652,
        0.11003176907500183,
        0.11782268954327539,
        0.03559476788942478,
        0.1923720597740679,
        0.1290895591435479,
        0.04602636092026221,
        0.18170823738311853,
        0.12752762941505266,
        0.046142475600318214,
        0.18601946308455256,
        0.1269320734754106,
        0.04770440532881344,
        0.22581683326503643,
        0.13640103835223538,
        0.059570576503568534,
        0.408004511907741,
        0.11746310859858583,
        0.0578925320950173,
        0.3969773629372615,
        0.11853810579781396,
        0.05897127492908595,
        0.28861989263597043,
        0.1601333807017456,
        0.049378704102524144,
        0.6860766968328181,
        0.13364050547477502,
        0.03392046911571407,
        0.6811661695569013,
        0.13364050547477502,
        0.045183593081146084,
        0.4812391643095124,
        0.24139492856674305
    ],
    "nn.conv2d_transpose": [],
    "nn.dense": [
        0.06352596689515357
    ],
    "nn.layer_norm": [],
    "nn.relu": [],
    "nn.bias_add": [
        0.02085569479199381
    ],
    "nn.max_pool2d": [],
    "nn.adaptive_avg_pool2d": [
        0.042426805838526205
    ],
    "nn.batch_matmul": [],
    "nn.softmax": [],
    "nn.batch_norm": [
        0.23106446767659958,
        0.22256187658862794,
        0.2788962245899905,
        0.39419810188559856,
        0.21404430296129426,
        0.2729032088451647,
        0.23575025686208523,
        0.23046891173695747,
        0.16334713539490842,
        0.22771212449433753,
        0.17137028522329403,
        0.19270542127487386,
        0.1850381067563373,
        0.17616844345399515,
        0.15004264044139512,
        0.17785023349738685,
        0.1766478847135812,
        0.15088166264567077,
        0.17604858313909863,
        0.15867632874878482,
        0.25755734290357013,
        0.17090582650306999,
        0.16214478661110276,
        0.25097251685394273,
        0.2739744604095523,
        0.28153315151771385,
        0.25037321527946027,
        0.27601583139763364,
        0.2890806057213539,
        0.25012600337998614,
        0.27219528386030717,
        0.2331133299343619,
        0.3086140914146455,
        0.24209910791676004,
        0.25301763347686457,
        0.1511213832754638,
        0.22700419950948006,
        0.2440168729551043,
        0.15027861543634766,
        0.22459201067218768,
        0.23430444181364599,
        0.30873769736438256,
        0.25647860006950146,
        0.21813079057229734,
        0.15015875512145113,
        0.16107353504671512,
        0.2350310949727061,
        0.14753306509824932,
        0.1576013315495567,
        0.22843128638371668,
        0.38245179102574,
        0.16766585236602352
    ],
    "multiply": [],
    "add": [
        0.022889574510394067,
        0.018454742859222974,
        0.018338628179166972,
        0.03463588537025265,
        0.031643123132680265,
        0.03212256439226634,
        0.018215022229429945,
        0.017259885345098324,
        0.017136279395361297,
        0.016301002825926197
    ],
    "squeeze": [],
    "reshape": [],
    "transpose": [],
    "latency": 19.7243070602417,
    "batch_size": 1,
    "model_name": "mobilenet_v2",
    "sm_partition": 20
}