{
    "nn.conv2d": [
        0.06164390094033896,
        0.0745947993796021,
        0.03824765191119726,
        0.03206730054938209,
        0.054045595091909156,
        0.06972104482220672,
        0.0829095063168189,
        0.05820294856051757,
        0.05178874606609317,
        0.052141378726376926,
        0.08374097701054056,
        0.06164390094033896,
        0.17365488153741665,
        0.06687028815801808,
        0.06117248675238069,
        0.09145806438664489,
        0.07126891660471538,
        0.047868955652833826,
        0.1728271227664348,
        0.04561210662701783,
        0.16783829860410474,
        0.06710785121336715,
        0.04382667178916013,
        0.1684284943197375,
        0.04655864692567421,
        0.1660565756889868,
        0.06651765549773436,
        0.05772782244981946,
        0.048815495951490206,
        0.041569822763344144,
        0.11960928644550746,
        0.08124656492937556,
        0.06437587607685306,
        0.13980214615017683,
        0.05772782244981946,
        0.1812568993085863,
        0.07803575175942351,
        0.11070067186991805,
        0.12234497350476138,
        0.06117248675238069,
        0.20608595051530199,
        0.0848100107596113,
        0.05950583344219751,
        0.24100771965161247,
        0.10025160935729961,
        0.3713110555105671,
        0.07922727895890859,
        0.05178874606609317,
        0.2372067107660277,
        0.0983511049145072,
        0.35978924732613804,
        0.07815824520983787
    ],
    "nn.conv2d_transpose": [],
    "nn.dense": [
        0.048459151368466624,
        0.05939076383726281
    ],
    "nn.layer_norm": [],
    "nn.relu": [
        0.031592174438683986,
        0.028388785114211626,
        0.03574952790729239,
        0.03052685261235309,
        0.032308575527470976,
        0.02957660039095688,
        0.027794877475839003,
        0.01686697692978264,
        0.015085254014664755,
        0.029220255807933304,
        0.016744483479368282,
        0.01686697692978264,
        0.01639185081908454,
        0.015679161653037385
    ],
    "nn.bias_add": [
        0.03076070374496231,
        0.02957660039095688,
        0.027197257914726543,
        0.02992923305124063,
        0.01769473570076449,
        0.03325882774886718,
        0.015916724708386433,
        0.029220255807933304,
        0.027909947080773694,
        0.03017050802932951,
        0.01686697692978264,
        0.030051726501654982,
        0.01745717264541544,
        0.029454106940542527,
        0.016744483479368282,
        0.017579666095829793,
        0.01639185081908454,
        0.01662941387443359,
        0.02233092720281082,
        0.018411136789551474
    ],
    "nn.max_pool2d": [],
    "nn.adaptive_avg_pool2d": [
        0.07684793648267825,
        0.052497723309400494,
        0.050125804678649806,
        0.050125804678649806,
        0.0492906220621883,
        0.04727504801446121,
        0.04418672829492353,
        0.05095727537237149,
        0.048815495951490206,
        0.04276134996282922
    ],
    "nn.batch_matmul": [],
    "nn.softmax": [],
    "nn.batch_norm": [
        0.2820949924587789,
        0.3209291281628691,
        0.3476586838123772,
        0.2738842193582774,
        0.24229946876507302,
        0.2819762109311043,
        0.26831633524853393,
        0.25619690750299245,
        0.2447827450780185,
        0.2702057039231068,
        0.22388090813004186,
        0.3070354013476894,
        0.27626727375724747,
        0.2321919031445188,
        0.21937834584662935,
        0.247874776720296,
        0.23683180656930497,
        0.21723285450300825,
        0.2648716709459727,
        0.23541756400543018,
        0.29183136580535024,
        0.2590365283989616,
        0.2364791739090212,
        0.21640509573202638,
        0.26296374265770056,
        0.23208054546232398,
        0.28244762511906263,
        0.26830519948031445,
        0.23825718490139924,
        0.16735203672518711,
        0.2394412882554047,
        0.26236612309658813,
        0.16924511732249986,
        0.2396825632334936
    ],
    "multiply": [
        0.04347032720613655,
        0.032427357055145496,
        0.03301755277077829,
        0.03076070374496231,
        0.029101474280258784,
        0.03373395385956528,
        0.029101474280258784,
        0.029695381918631403,
        0.027909947080773694,
        0.045136980516319744,
        0.029695381918631403,
        0.029454106940542527,
        0.028503854719146324,
        0.027909947080773694,
        0.03682227357910295,
        0.027909947080773694,
        0.030051726501654982,
        0.031833449416772866,
        0.03420907997026338,
        0.03076070374496231,
        0.0334926788814764,
        0.030051726501654982,
        0.030641922217287787,
        0.026484568748679386,
        0.027672384025424646,
        0.027794877475839003,
        0.025894373033046585,
        0.026484568748679386
    ],
    "add": [
        0.04228622385213112,
        0.02992923305124063,
        0.029220255807933304,
        0.03206730054938209,
        0.028503854719146324,
        0.028626348169560677,
        0.03076070374496231,
        0.026009442637981283,
        0.030641922217287787,
        0.028741417774495376,
        0.03123582985566041,
        0.027672384025424646,
        0.028978980829844427,
        0.02886391122490973,
        0.030285577634264205,
        0.02684462525444279,
        0.031001978723051184,
        0.029810451523566105,
        0.026722131804028437,
        0.03017050802932951,
        0.031001978723051184,
        0.028626348169560677,
        0.028626348169560677,
        0.029810451523566105,
        0.032308575527470976,
        0.029220255807933304,
        0.018763769449835217,
        0.03147710483374929,
        0.028978980829844427,
        0.03017050802932951,
        0.01603179431332113,
        0.029695381918631403,
        0.029695381918631403,
        0.024227719722863396
    ],
    "squeeze": [],
    "reshape": [],
    "transpose": [],
    "latency": 18.518366813659668,
    "batch_size": 2,
    "model_name": "mobilenet_v3_small",
    "sm_partition": 80
}