{
    "nn.conv2d": [
        0.049959365126378906,
        0.059745832170622945,
        0.036851376510248605,
        0.03552158056368466,
        0.04578297473170152,
        0.058226065374549864,
        0.06867149380302871,
        0.054521633809121735,
        0.048439598330305825,
        0.04017586637665846,
        0.06895645007729242,
        0.04596997728668708,
        0.13449639315794398,
        0.04862956917981497,
        0.04682781440400177,
        0.07304082334173881,
        0.05623137145470396,
        0.03960892212265464,
        0.13297662636187088,
        0.045498018457437825,
        0.1323146966831125,
        0.05290391329377051,
        0.04426023964110487,
        0.13202677211432523,
        0.04663784355449264,
        0.1340244343286947,
        0.048917493748602256,
        0.04796763950105658,
        0.03609446140673564,
        0.034381755466629846,
        0.09374764593823452,
        0.059650846745868374,
        0.05071924852441546,
        0.11056303441431656,
        0.04283545826978635,
        0.14361499393438246,
        0.061835511515223436,
        0.08700368078066023,
        0.0982119609016992,
        0.04596997728668708,
        0.15966753071790435,
        0.0771281649007088,
        0.04606496271144165,
        0.2149520162195862,
        0.11246274290940791,
        0.3217126653491964,
        0.10039959396557782,
        0.06819656667925587,
        0.20792012649322467,
        0.11008513899602015,
        0.309744501830121,
        0.09479545390505835
    ],
    "nn.conv2d_transpose": [],
    "nn.dense": [
        0.05746618197651333,
        0.06696472445197008
    ],
    "nn.layer_norm": [],
    "nn.relu": [
        0.027542804884300994,
        0.026687936061509883,
        0.03229207612202936,
        0.02934752795463778,
        0.029445481673915922,
        0.02060886887721756,
        0.02013394175344473,
        0.01329795946563945,
        0.012538076067602906,
        0.0192820412251772,
        0.022793533646572616,
        0.013010034896852166,
        0.05632338858493494,
        0.05651335943444407
    ],
    "nn.bias_add": [
        0.027355802329315438,
        0.029445481673915922,
        0.020896793446004848,
        0.023081458215359896,
        0.013677901164657719,
        0.02146670599453225,
        0.013389976595870436,
        0.020988810576235833,
        0.021656676844041392,
        0.02298350449608175,
        0.01405784286367599,
        0.020988810576235833,
        0.01405784286367599,
        0.023553417044609157,
        0.028872600830864934,
        0.04862956917981497,
        0.5806459015246711,
        0.045118076758419556,
        0.045877960156456093,
        0.044073237086119314
    ],
    "nn.max_pool2d": [],
    "nn.adaptive_avg_pool2d": [
        0.06563492850540611,
        0.03656642023598491,
        0.03400181376761158,
        0.03267498611557121,
        0.034574694610662565,
        0.03362187206859331,
        0.03229207612202936,
        0.08757359332918764,
        0.07408863130856265,
        0.07057417059264363
    ],
    "nn.batch_matmul": [],
    "nn.softmax": [],
    "nn.batch_norm": [
        0.23621687818651504,
        0.23127466780475392,
        0.2562617711042523,
        0.2530203934845027,
        0.23202267802469617,
        0.24940797904930556,
        0.2415241887946765,
        0.2176887837703272,
        0.22490470775715074,
        0.2115087945722332,
        0.18710941358840363,
        0.22348883126940294,
        0.1950822526787401,
        0.1738945663694244,
        0.1734315124237459,
        0.18368993829723917,
        0.1746603863565081,
        0.17266866073118578,
        0.1897630688924844,
        0.17209281159361126,
        0.2304197989819628,
        0.19414130331476515,
        0.17893473047046368,
        0.17077488882514158,
        0.19887870137439922,
        0.174102346986075,
        0.22282393329612102,
        0.19185274823708484,
        0.7355552561212763,
        0.41327564651807597,
        0.4005416630119168,
        0.4261788228120792,
        0.36767076945778915,
        0.39150914277666216
    ],
    "multiply": [
        0.03618647853696663,
        0.030392367626938015,
        0.027355802329315438,
        0.0245982567169094,
        0.020516851746986576,
        0.02383837331887286,
        0.021368752275254102,
        0.0233664144896236,
        0.021276735145023117,
        0.03048735305169259,
        0.022793533646572616,
        0.022701516516341627,
        0.02146670599453225,
        0.02060886887721756,
        0.0245982567169094,
        0.020896793446004848,
        0.021656676844041392,
        0.023651370763887306,
        0.02289148736585076,
        0.0233664144896236,
        0.027067877760528148,
        0.0599328347256085,
        0.04720775610302004,
        0.047397726952529175,
        0.04777470035702386,
        0.05138414649769743,
        0.04606496271144165,
        0.04749271237728374
    ],
    "add": [
        0.03419475291164429,
        0.0265959189312789,
        0.022318606522799777,
        0.02383837331887286,
        0.021368752275254102,
        0.02193866482378151,
        0.022128635673290643,
        0.01975400005442646,
        0.02374635618864187,
        0.022511545666832493,
        0.023271429064869033,
        0.021276735145023117,
        0.022036618543059657,
        0.02108676429551398,
        0.02222658939256879,
        0.020418898027708427,
        0.022416560242077926,
        0.023271429064869033,
        0.020418898027708427,
        0.02374635618864187,
        0.02289148736585076,
        0.02289148736585076,
        0.021656676844041392,
        0.02108676429551398,
        0.024978198415927664,
        0.11246274290940791,
        0.05489860721361643,
        0.04872752289909312,
        0.04340537081831376,
        0.04302542911929549,
        0.05157708564173015,
        0.048439598330305825,
        0.04701481695898733,
        0.04359830996234648
    ],
    "squeeze": [],
    "reshape": [],
    "transpose": [],
    "latency": 18.386391003926594,
    "batch_size": 2,
    "model_name": "mobilenet_v3_small",
    "sm_partition": 60
}