{
    "nn.conv2d": [
        0.09649608233223139,
        0.07559996059023269,
        0.08978068921123017,
        0.24442877202938262,
        0.812494391061238,
        0.09926510034698238,
        0.1356792605466481,
        0.10429967855562056,
        0.10622697802611483,
        0.12838174432027308,
        0.10950207603787995,
        0.04404993714943356,
        0.0606640452379395,
        0.09053587594252589,
        0.1056422327445907,
        0.08206100262465167,
        0.023659895404449016,
        0.021313047749901542,
        0.11142937550837427,
        0.10362577928498509,
        0.07728077550259575,
        0.016698017725316563,
        0.020222222471363273,
        0.1095859856746906,
        0.20901890529529424,
        0.07417349676445188,
        0.13400368998658566,
        0.11336191933116922,
        0.03716934693096141,
        0.1124362911501019,
        0.15111863371980508,
        0.035409866734088385,
        0.1079917025752885,
        0.1520416397247221,
        0.03456814818983169,
        0.10387750819541704,
        0.2200923551781479,
        0.0673794383589407,
        0.13928737492950544,
        0.08415874354491756,
        0.27992254840028163,
        0.4440471758257353,
        0.0896128699376089,
        0.29359981920041534,
        0.17922836205136813,
        0.3834644180484562,
        0.4426207119999546,
        0.2543301091730378,
        0.29368372883722593,
        0.17730106258087383,
        0.21488995769588842,
        0.16429506887522527,
        0.08667603264923664,
        0.4166952564016184,
        0.18342646606805024,
        0.5064759456128485,
        0.15246118790877525,
        0.08298400862956866,
        0.4150144414892552,
        0.18275518897356516,
        0.49976579684414807,
        0.15540064737329787
    ],
    "nn.conv2d_transpose": [],
    "nn.dense": [
        0.08877639574565288,
        0.09196233976830671
    ],
    "nn.layer_norm": [],
    "nn.relu": [
        0.043800830415151995,
        0.14214030258106702,
        0.04404993714943356,
        0.046147678069699466,
        0.045476400975214375,
        0.045392491338403736,
        0.021646064120993756,
        0.012250806974352855,
        0.029114021797140358,
        0.028526654339465902,
        0.011828636614149343,
        0.028191015792223353,
        0.028191015792223353,
        0.010989540246042984,
        0.011579529879867767,
        0.011492998066906799,
        0.011579529879867767,
        0.011828636614149343,
        0.010989540246042984
    ],
    "nn.bias_add": [
        0.013087281166308884,
        0.012418626247974128,
        0.012250806974352855,
        0.012082987700731582,
        0.011325178793285528,
        0.012164275161391888,
        0.011492998066906799,
        0.01291946189268761,
        0.013758558260793969,
        0.012332094435013161,
        0.012670355158406036,
        0.011828636614149343,
        0.012250806974352855,
        0.012751642619066342,
        0.011660817340528071,
        0.012250806974352855,
        0.013341632252891124,
        0.01291946189268761
    ],
    "nn.max_pool2d": [],
    "nn.adaptive_avg_pool2d": [
        0.024837252495948255,
        0.028778383249897812,
        0.02651282305601065,
        0.026431535595350338,
        0.03029137888863959,
        0.023746427217409983,
        0.027184100150495733,
        0.024837252495948255,
        0.025424619953622708
    ],
    "nn.batch_matmul": [],
    "nn.softmax": [],
    "nn.batch_norm": [
        0.21512857572556865,
        0.20800150094896527,
        0.21310950008981278,
        0.5176201942517612,
        0.21512857572556873,
        0.2650548096278971,
        0.22225827267832246,
        0.21344776081320563,
        0.15269980593845553,
        0.21395121863406943,
        0.140451621140253,
        0.21596767209367507,
        0.17073513350044156,
        0.16403285126019207,
        0.12324490124177194,
        0.16293678162935307,
        0.16167551490104323,
        0.12224322995234498,
        0.2131147444421134,
        0.13541704293161486,
        0.21588900680916506,
        0.1339014251167227,
        0.12777864380569665,
        0.113013169903175,
        0.1343314620053772,
        0.12601654143267327,
        0.11066370007247721,
        0.12626564816695485,
        0.1256782807092804,
        0.11133497716696227,
        0.17208555421786276,
        0.16562189000729344,
        0.5492567495055212,
        0.1968336527246997,
        0.19129823887134806,
        0.118543339404226,
        0.19154472342947926,
        0.12861774017380295,
        0.2628731590708206,
        0.1418780849660338,
        0.13416626490790629,
        0.10839551770243971,
        0.13490571858230002,
        0.13491358511075102,
        0.10671732496622699,
        0.1348296754739404
    ],
    "multiply": [
        0.05009405317594968,
        0.024165975401463164,
        0.03205085908551262,
        0.030878746346314042,
        0.048248041166115696,
        0.021729973757804392,
        0.020471329205644852,
        0.020054403197742005,
        0.01980267428731009,
        0.018877046106242766,
        0.018877046106242766,
        0.01879575864558246,
        0.03180175235123104,
        0.03062701743588214,
        0.03188566198804168,
        0.03909926857760603,
        0.03909926857760603,
        0.040693551677008125,
        0.03851452329608192,
        0.018373588285378953,
        0.01846012009833992,
        0.021646064120993756,
        0.0210586966633193,
        0.021646064120993756,
        0.020977409202659,
        0.0210586966633193,
        0.02114260630012994,
        0.02114260630012994,
        0.012250806974352855
    ],
    "add": [
        0.045308581701593104,
        0.04992361172617808,
        0.027855377244980814,
        0.012082987700731582,
        0.012250806974352855,
        0.01946703574006755,
        0.011996455887770615,
        0.017786220827704497,
        0.04472121424391866,
        0.021729973757804392,
        0.019380503927106583,
        0.01846012009833992,
        0.014768096078671931,
        0.019131397192825007,
        0.017872752640665464,
        0.014012909347376212,
        0.01795404010132577,
        0.018373588285378953,
        0.01384509007375494,
        0.031043943443784985,
        0.029785298891625445,
        0.012586445521595397,
        0.037927155838407466,
        0.03716934693096141,
        0.011996455887770615,
        0.01644366663873432,
        0.03742107584139332,
        0.018124481551097374,
        0.011660817340528071,
        0.0210586966633193,
        0.020390041744984547,
        0.012250806974352855,
        0.01291946189268761,
        0.020390041744984547,
        0.020390041744984547,
        0.011579529879867767,
        0.012250806974352855,
        0.020390041744984547,
        0.012332094435013161
    ],
    "squeeze": [],
    "reshape": [],
    "transpose": [],
    "latency": 21.5861972173055,
    "batch_size": 2,
    "model_name": "mobilenet_v3_large",
    "sm_partition": 10
}