{
    "nn.conv2d": [
        0.05517946602840559,
        0.0838368186488853,
        0.03019309659484684,
        0.036236156619284254,
        0.055653141278330875,
        0.05991991911554847,
        0.045113866967493296,
        0.06121882546495296,
        0.04890696955478561,
        0.045113866967493296,
        0.08916566521054474,
        0.0583804745532913,
        0.1708783464105464,
        0.06560402211465188,
        0.05944254327773314,
        0.09355086186024368,
        0.06903816767661018,
        0.04582808043027126,
        0.17206253453535955,
        0.06500822746435524,
        0.17371669732220796,
        0.061100406652471635,
        0.0432228665556822,
        0.17134832107258155,
        0.04890696955478561,
        0.1666152691612188,
        0.0647713898393926,
        0.06121882546495296,
        0.0471306873675658,
        0.047249106180047115,
        0.11462570989402877,
        0.0796958607999291,
        0.06536718448968924,
        0.14766455857631736,
        0.057551542865922053,
        0.14565513935202495,
        0.08241949348699949,
        0.10917844451988802,
        0.1265860099546422,
        0.05944254327773314,
        0.20770289650434715,
        0.06998551817646076,
        0.05233741452885389,
        0.24500482243596325,
        0.10089282823408556,
        0.3734929345660867,
        0.06430141517735737,
        0.04523228577997462,
        0.24180751449896765,
        0.09615607573483274,
        0.3472002576073434,
        0.05127534580441204
    ],
    "nn.conv2d_transpose": [],
    "nn.dense": [
        0.042508653092904226,
        0.0522226963042626
    ],
    "nn.layer_norm": [],
    "nn.relu": [
        0.035407224931915005,
        0.031969378782066654,
        0.033630942744695184,
        0.029486284307848956,
        0.02936416490747759,
        0.028653652032589665,
        0.029719421344921552,
        0.017052308997310237,
        0.015746001472125664,
        0.033390404531842506,
        0.016578633747384955,
        0.017881240684679483,
        0.016578633747384955,
        0.015746001472125664
    ],
    "nn.bias_add": [
        0.030666771844772126,
        0.03232833580740066,
        0.030907310057624808,
        0.03291672928191722,
        0.018118078309642127,
        0.0311404470946974,
        0.016578633747384955,
        0.026877369845369845,
        0.03220991699491934,
        0.028890489657552306,
        0.018591753559567412,
        0.029719421344921552,
        0.019065428809492694,
        0.02983784015740288,
        0.016578633747384955,
        0.017640702471826804,
        0.016930189596938875,
        0.016578633747384955,
        0.027946839745591777,
        0.017995958909270766
    ],
    "nn.max_pool2d": [],
    "nn.adaptive_avg_pool2d": [
        0.11000737620725726,
        0.0547057907784803,
        0.04677543093012184,
        0.05198215809140992,
        0.04925852540433954,
        0.050205875904190095,
        0.05352530324155713,
        0.05139006402900331,
        0.04263077249327559,
        0.03457829324454576
    ],
    "nn.batch_matmul": [],
    "nn.softmax": [],
    "nn.batch_norm": [
        0.27282214160540363,
        0.2653617564190804,
        0.324571162659741,
        0.27530153549173125,
        0.2539861492450935,
        0.2898633488390437,
        0.2677264320808168,
        0.24545629415854833,
        0.2520988494211725,
        0.2795794150926191,
        0.23161609544979397,
        0.30029160551318007,
        0.27175267170518164,
        0.24665158404703166,
        0.23966487411063375,
        0.2494862343708033,
        0.2857334927537577,
        0.2226162657012135,
        0.2604991839315662,
        0.2420332503602601,
        0.30466940098709894,
        0.2638260124447133,
        0.25695772132079664,
        0.24368741314710862,
        0.2665348427802235,
        0.2587229017443463,
        0.2782657063916544,
        0.2741247485426982,
        0.29141019457708095,
        0.17288036445905866,
        0.25079994307176795,
        0.2433358572975547,
        0.1448003035494254,
        0.19347783665502846
    ],
    "multiply": [
        0.037657182369060106,
        0.03043363480769952,
        0.03031151540732816,
        0.03421933621921175,
        0.029012609057923668,
        0.032087797594547975,
        0.028179976782664377,
        0.032087797594547975,
        0.028775771432961027,
        0.04227551605583162,
        0.029959959557774234,
        0.031495703532141366,
        0.03031151540732816,
        0.030078378370255555,
        0.033630942744695184,
        0.02616685697048192,
        0.028775771432961027,
        0.029604703120330273,
        0.03469301146913704,
        0.03019309659484684,
        0.03398619918213915,
        0.030078378370255555,
        0.03232833580740066,
        0.025693181720556634,
        0.025930019345519275,
        0.015868120872497025,
        0.021903779721154357,
        0.0266405322204072
    ],
    "add": [
        0.037183507119134825,
        0.02983784015740288,
        0.03043363480769952,
        0.030788891245143484,
        0.03185466055747538,
        0.030548353032290806,
        0.03268359224484462,
        0.029012609057923668,
        0.033630942744695184,
        0.03315726749476991,
        0.026877369845369845,
        0.02983784015740288,
        0.03043363480769952,
        0.02936416490747759,
        0.02924574609499627,
        0.028065258558073097,
        0.030788891245143484,
        0.028538933807998382,
        0.02830209618303574,
        0.030666771844772126,
        0.029131027870404988,
        0.030548353032290806,
        0.033390404531842506,
        0.03315726749476991,
        0.03398619918213915,
        0.029719421344921552,
        0.017640702471826804,
        0.02983784015740288,
        0.02830209618303574,
        0.02462741240822475,
        0.01634179612242231,
        0.017052308997310237,
        0.025101087658150032,
        0.025693181720556634
    ],
    "squeeze": [],
    "reshape": [],
    "transpose": [],
    "latency": 18.619637489318848,
    "batch_size": 1,
    "model_name": "mobilenet_v3_small",
    "sm_partition": 100
}