{
    "nn.conv2d": [
        0.13140563732276997,
        0.11501622295158771,
        0.13518645123947362,
        0.39079375752869,
        1.3292215766109623,
        0.13765915873536158,
        0.1913522357889283,
        0.15641641131131154,
        0.13719994162898239,
        0.19121093821773474,
        0.1883496624010644,
        0.017838818363191584,
        0.026350893140330837,
        0.13179530953082733,
        0.1417567882999759,
        0.11240221788450616,
        0.010667966625116551,
        0.011233156909890936,
        0.1532018915666572,
        0.13797597438327222,
        0.11081151632130325,
        0.008371881093220604,
        0.010809264196310148,
        0.15507298049769744,
        0.3123371772361705,
        0.11105878707089205,
        0.19958281931095534,
        0.1640453762684908,
        0.040093185826183056,
        0.16097325798230505,
        0.22999601762310207,
        0.035959127981495406,
        0.15500233171210062,
        0.23003244590317543,
        0.035289068405600775,
        0.14938575325715517,
        0.3577290219821134,
        0.08707352436077902,
        0.09223198959662024,
        0.0643257192858849,
        0.32385292928844867,
        0.6434338148228409,
        0.11558141323636206,
        0.17881097245822167,
        0.15270735006747962,
        0.43561930810258365,
        0.6405007863332989,
        0.43890447663283483,
        0.1778572138526649,
        0.15242475492509247,
        0.2659926777719458,
        0.22819447359038372,
        0.11346194966845817,
        0.2955591945442059,
        0.2979601493672221,
        0.2966895751137546,
        0.21685534350209756,
        0.11360324723965175,
        0.29404024565387477,
        0.29884436307445705,
        0.29485160280096295,
        0.21618528392620293
    ],
    "nn.conv2d_transpose": [],
    "nn.dense": [
        0.13048720311001158,
        0.13486742781701308
    ],
    "nn.layer_norm": [],
    "nn.relu": [
        0.05860206376526928,
        0.2096149468657007,
        0.05930855162123727,
        0.07167319298795191,
        0.0725209784151135,
        0.07206065742145937,
        0.023383644145265302,
        0.005016063777372682,
        0.03235603991605869,
        0.03186149841688111,
        0.004979635497299333,
        0.03161533155456726,
        0.031438709590575264,
        0.00469704035491214,
        0.004979635497299333,
        0.004945414991775885,
        0.004979635497299333,
        0.005016063777372682,
        0.004804117420582288
    ],
    "nn.bias_add": [
        0.005333983312558276,
        0.005298658919759876,
        0.005404632098155074,
        0.0052622306396865265,
        0.004733468634985489,
        0.004804117420582288,
        0.0052622306396865265,
        0.005438852603678523,
        0.0052622306396865265,
        0.005545929669348671,
        0.0052622306396865265,
        0.005016063777372682,
        0.005298658919759876,
        0.00550950138927532,
        0.004979635497299333,
        0.005228010134163077,
        0.005862745317259313,
        0.00550950138927532
    ],
    "nn.max_pool2d": [],
    "nn.adaptive_avg_pool2d": [
        0.01586065236648123,
        0.01829693158229582,
        0.017909467148788383,
        0.019921853651022184,
        0.025043890606790065,
        0.01826160718949742,
        0.023171697788474905,
        0.022323912361313328,
        0.022041317218926132
    ],
    "nn.batch_matmul": [],
    "nn.softmax": [],
    "nn.batch_norm": [
        0.21479880150886574,
        0.21338472190965488,
        0.23058880508975024,
        0.6750800552211068,
        0.21592918207841455,
        0.28725244280020734,
        0.2435550650213126,
        0.24871463414442882,
        0.12772748492263666,
        0.2438729845564982,
        0.10628337071945847,
        0.20625250622620306,
        0.13281198971105623,
        0.13019798464397472,
        0.07858794287823857,
        0.1307300583105006,
        0.1300964270146793,
        0.07767061255275513,
        0.19639589674817476,
        0.09780662033511761,
        0.21688735623307112,
        0.09123628327461537,
        0.08798312747533779,
        0.06089373374806543,
        0.08756033864903194,
        0.08395614669632026,
        0.06053828204553153,
        0.08353666953183929,
        0.08484036040355522,
        0.06032412791419123,
        0.13348204928695087,
        0.13168050525423253,
        0.7016064664381547,
        0.1604025482611559,
        0.1565477738970306,
        0.070391579861735,
        0.15556089867322534,
        0.08205304503430653,
        0.27548831611106545,
        0.10073964882465969,
        0.09769623160762261,
        0.05305061465954585,
        0.09798213841183465,
        0.09812122820847836,
        0.05184958530440028,
        0.0984446671800387
    ],
    "multiply": [
        0.07555777230850089,
        0.025468887207645802,
        0.0340527146576568,
        0.03348752437288242,
        0.07902066669001895,
        0.02211196600452293,
        0.018897446259868608,
        0.01882679747427181,
        0.017802390083118232,
        0.017767065690319835,
        0.017626872006401187,
        0.01744914615513424,
        0.035605884053511415,
        0.03489939619754343,
        0.034934720590341826,
        0.04931285234656525,
        0.04931285234656525,
        0.04108226882453824,
        0.0495590192088791,
        0.01674376218644121,
        0.017344276864013995,
        0.02158210011254694,
        0.021264180577361354,
        0.022889102646087713,
        0.02182937086213574,
        0.021546775719748543,
        0.02267715628929732,
        0.022076641611724533,
        0.005228010134163077
    ],
    "add": [
        0.05980309312041485,
        0.07863099448196162,
        0.037584050050221765,
        0.005157361348566279,
        0.004979635497299333,
        0.016318765585585468,
        0.00469704035491214,
        0.01586065236648123,
        0.0576836295525109,
        0.021546775719748543,
        0.018862121867070206,
        0.018579526724683017,
        0.010703291017914947,
        0.017731741297521433,
        0.017237199798343844,
        0.010420695875527755,
        0.017308952471215593,
        0.01744914615513424,
        0.010242970024260811,
        0.0320734447736715,
        0.03186149841688111,
        0.005228010134163077,
        0.03949267114861028,
        0.03903345404223109,
        0.0052622306396865265,
        0.01455254594566551,
        0.03871443061977054,
        0.016496491436852414,
        0.004979635497299333,
        0.021546775719748543,
        0.021299504970159755,
        0.005298658919759876,
        0.008371881093220604,
        0.02101690982777256,
        0.021264180577361354,
        0.005333983312558276,
        0.007417018600388875,
        0.021299504970159755,
        0.00550950138927532
    ],
    "squeeze": [],
    "reshape": [],
    "transpose": [],
    "latency": 22.08834171295166,
    "batch_size": 4,
    "model_name": "mobilenet_v3_large",
    "sm_partition": 5
}