{
    "nn.conv2d": [
        0.025707658275419043,
        0.018547877373732993,
        0.018813363328348025,
        0.04456689090482621,
        0.14918225681134897,
        0.02432879928600484,
        0.030555904399488343,
        0.02562008960976068,
        0.02343921284122148,
        0.029755276599183315,
        0.025175296387369,
        0.022462057730779764,
        0.03220163932233755,
        0.021748998596133103,
        0.02357404078675896,
        0.025219775709608164,
        0.017790338916847163,
        0.01627804196071546,
        0.038830448314793535,
        0.028509855576486613,
        0.022994419618829802,
        0.012408340925907856,
        0.014678176338925392,
        0.034827309313268426,
        0.04714808157351792,
        0.023618520108998127,
        0.05831100147672907,
        0.02988871456590082,
        0.019658470450892217,
        0.03656061290177599,
        0.03393633288966509,
        0.019793298396429692,
        0.034827309313268426,
        0.03122309423307586,
        0.018058604829102147,
        0.03322466373383841,
        0.055821549410155644,
        0.030957608278460818,
        0.07895079697452294,
        0.03487039865668762,
        0.1281004480488034,
        0.07810429987315877,
        0.02726582453260989,
        0.1608817085390701,
        0.08522238141024559,
        0.16915486247555533,
        0.07868253106226795,
        0.0662741901363601,
        0.15959180819413427,
        0.0834418185418589,
        0.07686026882928203,
        0.05346275535265978,
        0.025040468441831523,
        0.235827976533248,
        0.07539106121656952,
        0.2696767407572547,
        0.060625316211985775,
        0.03642856491387846,
        0.2325378966663695,
        0.05937989518928907,
        0.2655860330900712,
        0.0600470850228766
    ],
    "nn.conv2d_transpose": [],
    "nn.dense": [
        0.03896249630269106,
        0.03758363731327685
    ],
    "nn.layer_norm": [],
    "nn.relu": [
        0.011652192447842002,
        0.05043955141921633,
        0.010941913270835293,
        0.012897613470538702,
        0.012276292938010327,
        0.011742541071140311,
        0.007382177512881888,
        0.006270194456902692,
        0.014054075848757069,
        0.011964937682336151,
        0.010319202759486942,
        0.012541778892625357,
        0.012632127515923668,
        0.010362292102906134,
        0.006316063757961834,
        0.006316063757961834,
        0.006537070390337699,
        0.00640502240244017,
        0.00640502240244017
    ],
    "nn.bias_add": [
        0.006626029034816036,
        0.0066718983358751765,
        0.011609103104422808,
        0.011340837192167828,
        0.010052326826051934,
        0.01054159937068278,
        0.00675946700153354,
        0.006983253591549353,
        0.0066718983358751765,
        0.0066718983358751765,
        0.006493981046918506,
        0.00640502240244017,
        0.006626029034816036,
        0.006894294947071016,
        0.006316063757961834,
        0.0066718983358751765,
        0.021704519273893934,
        0.02046048823001721
    ],
    "nn.max_pool2d": [],
    "nn.adaptive_avg_pool2d": [
        0.013520323981887053,
        0.021305595352561397,
        0.019702949773131383,
        0.018414439407015485,
        0.01743450433893382,
        0.015922207382802117,
        0.038430134414641014,
        0.03091173897740168,
        0.030155590499335826
    ],
    "nn.batch_matmul": [],
    "nn.softmax": [],
    "nn.batch_norm": [
        0.07449730483532627,
        0.07222607944348874,
        0.07783325400326384,
        0.19183514688107098,
        0.0731629251681512,
        0.08628154527106578,
        0.07973891496544819,
        0.0759164732105197,
        0.06208479397295847,
        0.07636265641173134,
        0.05977186921652174,
        0.0755634185902463,
        0.08107607459026317,
        0.09589046885354602,
        0.0929576135434009,
        0.09624630343145936,
        0.09748755451769614,
        0.09299931290800009,
        0.12226670694137255,
        0.09615595480816104,
        0.11078687186720731,
        0.09909298005476608,
        0.0907795167325016,
        0.09170941256306422,
        0.09993808717731029,
        0.09353167479605012,
        0.0917538918853034,
        0.09224316442993426,
        0.09340101678697259,
        0.09219868510769508,
        0.10309750903511117,
        0.095622202941291,
        0.1494880521517433,
        0.09045982160390761,
        0.0927741363391643,
        0.0648466818882468,
        0.08721561103808831,
        0.0836614351954148,
        0.11648161509264077,
        0.08734904900480582,
        0.08499164492612993,
        0.13507814172507288,
        0.19000454477516526,
        0.1726186896949305,
        0.1297364531199128,
        0.17866787751945734
    ],
    "multiply": [
        0.018813363328348025,
        0.0077394020696152045,
        0.013742720593082892,
        0.012675216859342864,
        0.0225510163752581,
        0.013432755316228688,
        0.012897613470538702,
        0.012008027025755343,
        0.013876158559800395,
        0.012008027025755343,
        0.011920458360096985,
        0.012098375649053654,
        0.014633697016686223,
        0.014989531594599566,
        0.01454334839338791,
        0.01587911803938292,
        0.015077100260257924,
        0.013121400060554515,
        0.013833069216381201,
        0.011874589059037842,
        0.007026342934968546,
        0.012853134148299533,
        0.0369609268019285,
        0.021037329440306417,
        0.021748998596133103,
        0.021127678063604726,
        0.02210622315286642,
        0.02108319874136556,
        0.021661429930474742
    ],
    "add": [
        0.011874589059037842,
        0.019215067207320507,
        0.009739581591557784,
        0.006270194456902692,
        0.011874589059037842,
        0.011964937682336151,
        0.010630558015161117,
        0.012052506347994511,
        0.01739141499551463,
        0.01356480330412622,
        0.01183010973679867,
        0.009963368181573598,
        0.011431185815466136,
        0.012320772260249494,
        0.009874409537095261,
        0.010762606003058645,
        0.010941913270835293,
        0.009874409537095261,
        0.01045125074738447,
        0.013075530759495373,
        0.011297747848748632,
        0.011652192447842002,
        0.013386886015169549,
        0.01178702039337948,
        0.01832409078371718,
        0.011297747848748632,
        0.01294348277159784,
        0.010897433948596122,
        0.006270194456902692,
        0.011029481936493652,
        0.010673647358580307,
        0.02357404078675896,
        0.021127678063604726,
        0.02072597418463224,
        0.018813363328348025,
        0.02121524672926309,
        0.02237170910748145,
        0.024106402674809,
        0.021127678063604726
    ],
    "squeeze": [],
    "reshape": [],
    "transpose": [],
    "latency": 21.969995498657227,
    "batch_size": 4,
    "model_name": "mobilenet_v3_large",
    "sm_partition": 80
}