{
    "nn.conv2d": [
        0.19756789316122766,
        0.2569958259024384,
        0.018014398063233576,
        0.016350024329130478,
        0.08752341803582252,
        0.24152694060900962,
        0.2732510054048094,
        0.06285152503617653,
        0.13833882860515787,
        0.07577795707034125,
        0.11816747561077964,
        0.09144265103837046,
        0.2077530037509872,
        0.041315630340677006,
        0.037396397338129085,
        0.07959622622504836,
        0.22890034060782669,
        0.16369605196590511,
        0.12697886596779606,
        0.04366227492534076,
        0.240355148071948,
        0.22439368158147763,
        0.16300766209426323,
        0.1242406040339316,
        0.04278419540017974,
        0.24025724373464785,
        0.11445017030391334,
        0.0989812850104845,
        0.029466146016814302,
        0.027119501432150556,
        0.1230657519863294,
        0.07891089586394709,
        0.06882368961148767,
        0.10505135392309581,
        0.03495184841616515,
        0.1551753151102486,
        0.10984866645080478,
        0.16536042570000822,
        0.0905615120026688,
        0.05071138721095391,
        0.17456037389568477,
        0.5458136209379768,
        0.20716557772718616,
        0.2356526803709986,
        0.1251186835590926,
        0.3161300456317486,
        0.5388654725002043,
        0.21303983796519713,
        0.2363380107320999,
        0.12541239657099315,
        0.3099620723818372,
        0.55257207972223
    ],
    "nn.conv2d_transpose": [],
    "nn.dense": [
        0.10671572765719893,
        0.16536042570000822
    ],
    "nn.layer_norm": [],
    "nn.relu": [
        0.034752980231024154,
        0.013997260723385469,
        0.1088665635672623,
        0.038081727699230364,
        0.04503599515808395,
        0.044837126972942946,
        0.01487839975908711,
        0.013997260723385469,
        0.013214026024984005,
        0.013997260723385469,
        0.01497936360692792,
        0.014098224571226278,
        0.013997260723385469,
        0.012822408675783277
    ],
    "nn.bias_add": [
        0.014685650595027371,
        0.013997260723385469,
        0.013997260723385469,
        0.014489841920427009,
        0.013902415896625914,
        0.015465825782888205,
        0.01331498987282482,
        0.013902415896625914,
        0.014783554932327555,
        0.014783554932327555,
        0.013997260723385469,
        0.014685650595027371,
        0.013997260723385469,
        0.014783554932327555,
        0.014193069397985833,
        0.014685650595027371,
        0.013510798547425183,
        0.013997260723385469,
        0.014783554932327555,
        0.015566789630729015
    ],
    "nn.max_pool2d": [],
    "nn.adaptive_avg_pool2d": [
        0.05179139443179654,
        0.026137398548608092,
        0.030640998064416492,
        0.029371301190054742,
        0.025647876862107184,
        0.028979683840854017,
        0.027706927455951644,
        0.03396974553262269,
        0.04239257805097902,
        0.03191681395985949
    ],
    "nn.batch_matmul": [],
    "nn.softmax": [],
    "nn.batch_norm": [
        0.36585321093807877,
        0.19471031031627858,
        0.39933037527366,
        0.40951854537396015,
        0.20450992257791872,
        0.2691145471538766,
        0.2284811876637603,
        0.22114142187678723,
        0.148395439752211,
        0.23367623656175118,
        0.14957641082089443,
        0.3486189880627061,
        0.20030003607401087,
        0.19069929199751173,
        0.1306900522535811,
        0.1932386857462352,
        0.19167833537051354,
        0.12999860287139858,
        0.1612300864701568,
        0.1534007989966828,
        0.1993179331904684,
        0.17140907803883512,
        0.16112606311177535,
        0.13547818624966812,
        0.2140923095911741,
        0.14330747372314212,
        0.6626961021216915,
        0.1712163288747754,
        0.16563578164866502,
        0.12726034093753408,
        0.23270943123091192,
        0.20930111608454643,
        0.12784776696133518,
        0.16465061925458188
    ],
    "multiply": [
        0.11415645729201279,
        0.038280595884371355,
        0.05022492503499362,
        0.022909614928242707,
        0.022909614928242707,
        0.03798382336193017,
        0.03602879612646715,
        0.03710574383676917,
        0.03602879612646715,
        0.0363225091383677,
        0.03563717877726642,
        0.025553032035347627,
        0.023986562638544713,
        0.024867701674246356,
        0.027899676620011377,
        0.02643111156050864,
        0.027119501432150556,
        0.04101885781823584,
        0.02094846867169842,
        0.021046373008998604,
        0.027119501432150556,
        0.026336266733749093,
        0.027997580957311564,
        0.027021597094850365,
        0.03387184119532251,
        0.027312250596210282,
        0.026822728909709374,
        0.014783554932327555
    ],
    "add": [
        0.09192911321433073,
        0.013997260723385469,
        0.023004459755002257,
        0.04718989057868796,
        0.02261284240580153,
        0.01487839975908711,
        0.03681203082486862,
        0.03495184841616515,
        0.013997260723385469,
        0.018210206737833943,
        0.035046693242924705,
        0.03563717877726642,
        0.013997260723385469,
        0.016350024329130478,
        0.024769797336946172,
        0.023986562638544713,
        0.01487839975908711,
        0.027214346258910102,
        0.02643111156050864,
        0.013997260723385469,
        0.018696668913794224,
        0.04189999685393747,
        0.020266197821137776,
        0.013997260723385469,
        0.027214346258910102,
        0.026336266733749093,
        0.013997260723385469,
        0.016350024329130478,
        0.03456023106696442,
        0.035930891789166974,
        0.013214026024984005,
        0.016350024329130478,
        0.02603949421130791,
        0.014685650595027371
    ],
    "squeeze": [],
    "reshape": [],
    "transpose": [],
    "latency": 18.98802916208903,
    "batch_size": 4,
    "model_name": "mobilenet_v3_small",
    "sm_partition": 10
}