{
    "nn.conv2d": [
        0.06976957401175657,
        0.041737262071468446,
        0.046557979271212524,
        0.11429777761991892,
        0.07256051554845051,
        0.07015412135417037,
        0.08372824610081817,
        0.06317676751243552,
        0.06380710800154679,
        0.07776578009060837,
        0.0676129373697658,
        0.06533340415442629,
        0.07472111659603317,
        0.06076640891256348,
        0.06469513485413123,
        0.050110086681550266,
        0.03653596193490247,
        0.03234558522426967,
        0.08842210232162159,
        0.061523610380615386,
        0.043128768434223516,
        0.025114509424653556,
        0.029178025156345724,
        0.08207508896899803,
        0.11201427999898753,
        0.049095198850025196,
        0.15273665423893093,
        0.06609457002807011,
        0.03716630242401374,
        0.09006733064225796,
        0.07763891911166775,
        0.035390248718844865,
        0.0887987208528516,
        0.07472111659603317,
        0.03133069739274459,
        0.08258649729035246,
        0.1348492562083016,
        0.054930803881294336,
        0.21350702755708634,
        0.08766093644797779,
        0.3429052260765325,
        0.21312248021467253,
        0.05860580786498081,
        0.44363284335539555,
        0.2448416893554228,
        0.470146787953988,
        0.21147725189403616,
        0.17100859961197404,
        0.44617006293420824,
        0.2414164429240257,
        0.22340218391445568,
        0.1518525917919384,
        0.054930803881294336,
        0.629737899461305,
        0.17126232156985535,
        0.7125781187095387,
        0.14271463690262087,
        0.055438247797056875,
        0.6282116033084255,
        0.1693594068857458,
        0.7090220468936091,
        0.1417037134766877
    ],
    "nn.conv2d_transpose": [],
    "nn.dense": [
        0.0517553150021866,
        0.05784860639692892
    ],
    "nn.layer_norm": [],
    "nn.relu": [
        0.03057349592469269,
        0.06964271303281593,
        0.03082721788257396,
        0.03260327158774283,
        0.03133069739274459,
        0.03222268865092093,
        0.02105495809855328,
        0.018390877540799974,
        0.023596142082957846,
        0.022957872782662783,
        0.017760537051688705,
        0.022957872782662783,
        0.023088698167195307,
        0.017760537051688705,
        0.017629711667156173,
        0.01813715558291871,
        0.016614823835631103,
        0.017760537051688705,
        0.01674564922016363
    ],
    "nn.bias_add": [
        0.01991717369367947,
        0.01813715558291871,
        0.018898321456562506,
        0.018644599498681243,
        0.017760537051688705,
        0.0173759897092749,
        0.01788343362503744,
        0.019663451735798202,
        0.018267980967451233,
        0.018898321456562506,
        0.0173759897092749,
        0.017506815093807436,
        0.019029146841095034,
        0.01915600782003567,
        0.018014259009569968,
        0.0185217029253325,
        0.019409729777916936,
        0.01877542488321377
    ],
    "nn.max_pool2d": [],
    "nn.adaptive_avg_pool2d": [
        0.03755084976642754,
        0.0374239887874869,
        0.0351404911665555,
        0.03145755837168523,
        0.034248499908379165,
        0.0301889485822789,
        0.029808365645457,
        0.02803231194028812,
        0.028416859282701924
    ],
    "nn.batch_matmul": [],
    "nn.softmax": [],
    "nn.batch_norm": [
        0.2119529805650636,
        0.20142748371858285,
        0.20231551057116728,
        0.3223299610545985,
        0.20042448910383348,
        0.24215778676971,
        0.21488267629747382,
        0.2057447214081563,
        0.171500185905369,
        0.2061213399393863,
        0.17085002338829824,
        0.2141175460182381,
        0.1854548935888387,
        0.17225342296782903,
        0.16273488514168957,
        0.17770051625109248,
        0.17632486751070497,
        0.16020955877965262,
        0.21273000406107492,
        0.16806701066278812,
        0.2151363982553551,
        0.17365682254735976,
        0.16286174612063023,
        0.15677638353707177,
        0.17314144982041346,
        0.1637458085676228,
        0.1590559167524112,
        0.16465365744816668,
        0.1627467783584653,
        0.15727589864165045,
        0.18709615750388317,
        0.17643587086727802,
        0.36241010158865494,
        0.19558394987612993,
        0.18532803260989808,
        0.15817185430541872,
        0.188495592677822,
        0.16426514570016099,
        0.29886860876176513,
        0.17809695681028195,
        0.16742874136249306,
        0.15601521766342794,
        0.16996992534689762,
        0.16794807849503127,
        0.15792209675312935,
        0.16742874136249306
    ],
    "multiply": [
        0.034375360887319795,
        0.02194298495113771,
        0.024607065508891017,
        0.023596142082957846,
        0.03260327158774283,
        0.02219670690901898,
        0.021693227398848346,
        0.02004007026702821,
        0.02207381033567024,
        0.019663451735798202,
        0.019663451735798202,
        0.019663451735798202,
        0.024737890893423545,
        0.023596142082957846,
        0.024607065508891017,
        0.02777858998240686,
        0.02714428508770369,
        0.027524868024525584,
        0.026383119214059888,
        0.02080123614067201,
        0.020678339567323272,
        0.022450428866900247,
        0.02093206152520454,
        0.02207381033567024,
        0.021185783483085807,
        0.020678339567323272,
        0.02093206152520454,
        0.020678339567323272,
        0.01788343362503744
    ],
    "add": [
        0.03209582767198029,
        0.03450618627185233,
        0.024737890893423545,
        0.0185217029253325,
        0.018644599498681243,
        0.019663451735798202,
        0.017253093135926163,
        0.01877542488321377,
        0.03285302914003221,
        0.021439505440967076,
        0.021439505440967076,
        0.01991717369367947,
        0.018390877540799974,
        0.021185783483085807,
        0.019663451735798202,
        0.017760537051688705,
        0.020170895651560737,
        0.01991717369367947,
        0.018267980967451233,
        0.024607065508891017,
        0.023596142082957846,
        0.01788343362503744,
        0.028793477813931923,
        0.02714428508770369,
        0.0185217029253325,
        0.018898321456562506,
        0.026383119214059888,
        0.020547514182790744,
        0.0173759897092749,
        0.021693227398848346,
        0.01991717369367947,
        0.019029146841095034,
        0.018898321456562506,
        0.020678339567323272,
        0.020678339567323272,
        0.017253093135926163,
        0.01788343362503744,
        0.020678339567323272,
        0.0185217029253325
    ],
    "squeeze": [],
    "reshape": [],
    "transpose": [],
    "latency": 21.716807683308918,
    "batch_size": 1,
    "model_name": "mobilenet_v3_large",
    "sm_partition": 20
}