{
    "nn.conv2d": [
        0.055666969656515894,
        0.054278098475429415,
        0.04374582535219023,
        0.03981430719114593,
        0.05682797915945539,
        0.0655084240412459,
        0.04791605574748376,
        0.06330576115249156,
        0.05590206503873106,
        0.04976426713689834,
        0.08402308960369834,
        0.056477144512149684,
        0.16561927149252936,
        0.06134181049798646,
        0.05937424299144728,
        0.0928192737505794,
        0.06700941763538887,
        0.042244831758047274,
        0.1663137070830726,
        0.04479109559003917,
        0.16423040031144287,
        0.06226772461871078,
        0.04120317837223241,
        0.162960885247481,
        0.04432813852967701,
        0.16180349259657562,
        0.06353723968267265,
        0.06087523658559022,
        0.045366175063457796,
        0.04096808299001726,
        0.11307364514142398,
        0.07465182598339862,
        0.06203624608852971,
        0.14536851695371886,
        0.04814391742563077,
        0.14293437553478341,
        0.0754620008390324,
        0.10023020356840807,
        0.12337443973448207,
        0.058448328870722946,
        0.19652527212373777,
        0.06909634125905266,
        0.04930492692857025,
        0.24015535821083747,
        0.09687376488078238,
        0.36341767553226306,
        0.06573990257142699,
        0.04374582535219023,
        0.23807566829124177,
        0.09605997317311453,
        0.3539306726468728,
        0.06457889306848752
    ],
    "nn.conv2d_transpose": [],
    "nn.dense": [
        0.043517963674043224,
        0.05300496655943347
    ],
    "nn.layer_norm": [],
    "nn.relu": [
        0.03726804335915404,
        0.0359949114431581,
        0.03726804335915404,
        0.03703294797693888,
        0.0325191166384078,
        0.026269196323518616,
        0.026157073910462156,
        0.016434975642856748,
        0.014811009079555102,
        0.029744991128268908,
        0.016203497112675668,
        0.016434975642856748,
        0.016434975642856748,
        0.014926748344645644
    ],
    "nn.bias_add": [
        0.0391198716006027,
        0.04120317837223241,
        0.032406994225351336,
        0.029282034067906745,
        0.017588751441728077,
        0.026963631914061852,
        0.01562118393518889,
        0.021296024776659452,
        0.025462638319918907,
        0.03170894178277402,
        0.016434975642856748,
        0.02893481627263513,
        0.01631561952573213,
        0.02395802787374188,
        0.016203497112675668,
        0.017708107558852694,
        0.015509061522132427,
        0.01562118393518889,
        0.029744991128268908,
        0.029744991128268908
    ],
    "nn.max_pool2d": [],
    "nn.adaptive_avg_pool2d": [
        0.11168839081237157,
        0.05092527663983781,
        0.0502272241972605,
        0.04479109559003917,
        0.046990141626759435,
        0.04548191432854833,
        0.04398092073440539,
        0.042244831758047274,
        0.04479109559003917,
        0.040277264251508085
    ],
    "nn.batch_matmul": [],
    "nn.softmax": [],
    "nn.batch_norm": [
        0.2985856028213901,
        0.30669096822976194,
        0.33446839185149163,
        0.31561012534580174,
        0.30391322586758895,
        0.32729617426791224,
        0.2956957380461605,
        0.2845847685974687,
        0.23215126465941974,
        0.26433039720662405,
        0.34383965547179135,
        0.2848198639796839,
        0.2525213753153548,
        0.2322778544806125,
        0.21109033526497548,
        0.23169554130312575,
        0.22659939678710786,
        0.20843194901992712,
        0.2404953423020409,
        0.22497543022380623,
        0.27857717736886284,
        0.251707583607687,
        0.2388641420346711,
        0.21779959578819275,
        0.25147972192954,
        0.23308079563217815,
        0.25240563605026434,
        0.2528722099626606,
        0.22751807720376407,
        0.15449021778366706,
        0.22335869736457278,
        0.24777968229867675,
        0.15402726072330494,
        0.23366672566169902
    ],
    "multiply": [
        0.041781874697685115,
        0.035644076795852395,
        0.032406994225351336,
        0.031018123044264854,
        0.02800528529987672,
        0.03032007060168753,
        0.02557476073297537,
        0.02800528529987672,
        0.025231159789737827,
        0.038656914540240526,
        0.025694116850099993,
        0.029282034067906745,
        0.026963631914061852,
        0.02812464141700134,
        0.02800528529987672,
        0.02858398162532942,
        0.030555165983902694,
        0.029744991128268908,
        0.029046938685691585,
        0.02950989574605375,
        0.03182468104786455,
        0.029046938685691585,
        0.02754232823951456,
        0.026500674853699693,
        0.027314466561367556,
        0.02893481627263513,
        0.027082988031186476,
        0.03472177952716215
    ],
    "add": [
        0.03738016577221051,
        0.036222773121305105,
        0.03124598472241185,
        0.029046938685691585,
        0.029046938685691585,
        0.034143083201709445,
        0.03194403716498918,
        0.027430205826458096,
        0.02812464141700134,
        0.026620030970824316,
        0.025231159789737827,
        0.025462638319918907,
        0.028236763830057802,
        0.02719511044424294,
        0.027082988031186476,
        0.02580623926315645,
        0.02985711354132537,
        0.029046938685691585,
        0.028236763830057802,
        0.02997285280641591,
        0.02997285280641591,
        0.02985711354132537,
        0.02985711354132537,
        0.03228763810822672,
        0.028819077007544578,
        0.02395802787374188,
        0.016434975642856748,
        0.030092208923540528,
        0.024999681259556747,
        0.02580623926315645,
        0.01574054005231351,
        0.02766168435663918,
        0.029282034067906745,
        0.02800528529987672
    ],
    "squeeze": [],
    "reshape": [],
    "transpose": [],
    "latency": 18.2737398147583,
    "batch_size": 1,
    "model_name": "mobilenet_v3_small",
    "sm_partition": 80
}