{
    "nn.conv2d": [
        0.0737300818436734,
        0.07295740416844716,
        0.03680786970371457,
        0.034926416889150234,
        0.05732020978146947,
        0.09402066689356067,
        0.08825850109131297,
        0.06120438769146326,
        0.06485988072896857,
        0.05089277889561891,
        0.08803328114113493,
        0.06630475333241853,
        0.1636517456439935,
        0.06297842791440422,
        0.05720933226753566,
        0.09158482650932726,
        0.08814415865506872,
        0.0650816357568362,
        0.16032542022597923,
        0.05787806227344896,
        0.15844396741141487,
        0.07927395754036393,
        0.06674479846584336,
        0.15555768712682538,
        0.058428984920807565,
        0.15822221238354725,
        0.06829708366091668,
        0.05987039260194712,
        0.046565090929889884,
        0.04501627065712697,
        0.11519827205491844,
        0.07650548461432909,
        0.060428245093926594,
        0.13693026478594525,
        0.05255594160462605,
        0.1744068644955731,
        0.08115887527723868,
        0.10710767846006071,
        0.1156452470329641,
        0.060646535199483785,
        0.1895970839045051,
        0.13992395766215812,
        0.07395530179385144,
        0.2230820931125158,
        0.09468593197716353,
        0.3271960786963637,
        0.12440457063373513,
        0.0694058588002548,
        0.21920138012483248,
        0.09202487164275207,
        0.3208760604021365,
        0.12385018306406606
    ],
    "nn.conv2d_transpose": [],
    "nn.dense": [
        0.05665494469786662,
        0.07051809886190333
    ],
    "nn.layer_norm": [],
    "nn.relu": [
        0.033814176827501694,
        0.029933463839818333,
        0.052666819118559874,
        0.034701196938972174,
        0.03636435964797933,
        0.033152376666209266,
        0.030269561303930204,
        0.015966362006468678,
        0.014635831839262956,
        0.029933463839818333,
        0.015408509514489195,
        0.023280813003789723,
        0.016188117034336296,
        0.014299734375151089
    ],
    "nn.bias_add": [
        0.03359588672194451,
        0.03326325418014308,
        0.029271663678525912,
        0.03060219384573163,
        0.016295529625959676,
        0.03126399400702406,
        0.014743244430886333,
        0.029271663678525912,
        0.02893903113672448,
        0.033814176827501694,
        0.016295529625959676,
        0.030044341353752148,
        0.015966362006468678,
        0.029157321242281663,
        0.015522851950733439,
        0.016742504604005348,
        0.015079341894998197,
        0.015630264542356814,
        0.016295529625959676,
        0.01663162709007154
    ],
    "nn.max_pool2d": [],
    "nn.adaptive_avg_pool2d": [
        0.07439534692727626,
        0.052885109224117065,
        0.05044926883988367,
        0.049004396236433705,
        0.04679031088006793,
        0.05311032917429511,
        0.046010703360220825,
        0.0392471750102584,
        0.037920109765363114,
        0.037140502245516
    ],
    "nn.batch_matmul": [],
    "nn.softmax": [],
    "nn.batch_norm": [
        0.1945692474199744,
        0.2609848782663267,
        0.3171997778307686,
        0.32141658828256375,
        0.2741896971913815,
        0.29524603007187417,
        0.28060326838799027,
        0.2646507660707633,
        0.24712518902460048,
        0.29160093180130015,
        0.2319418994602893,
        0.3187589928704628,
        0.2773982152508412,
        0.2585559677267143,
        0.23348725481074178,
        0.2595504004298081,
        0.2567784625814628,
        0.22793991419174087,
        0.2636528684453591,
        0.2404621434216406,
        0.29258843465977313,
        0.2638746234732267,
        0.25887474057927395,
        0.2372605552068018,
        0.28272033591966406,
        0.2477973839528242,
        0.3144278399824233,
        0.20731323167774174,
        0.20854674402025536,
        0.1382434703415988,
        0.18592426625544764,
        0.21796440286000834,
        0.13380490486193597,
        0.18081697076987152
    ],
    "multiply": [
        0.04679031088006793,
        0.031932724012937355,
        0.03847103241272173,
        0.032265356554738785,
        0.03048785140948739,
        0.035809972078310284,
        0.030269561303930204,
        0.03647870208422358,
        0.03182184649900354,
        0.04645421341595607,
        0.03237623406867259,
        0.03082048395128882,
        0.03148921395720211,
        0.03082048395128882,
        0.03437202931948118,
        0.03093136146522263,
        0.03182184649900354,
        0.037694889815185054,
        0.03182184649900354,
        0.029157321242281663,
        0.028381178644744997,
        0.027937668589009756,
        0.01917834498823874,
        0.025165730740664496,
        0.025945338260511604,
        0.017293427251363968,
        0.025165730740664496,
        0.025501828204776356
    ],
    "add": [
        0.03292715671603122,
        0.0317075040627593,
        0.029046443728347852,
        0.036922212139958825,
        0.03115311649309025,
        0.031045703901466878,
        0.03303803422996503,
        0.032151014118494546,
        0.0313783364432683,
        0.03037697389555358,
        0.0313783364432683,
        0.03060219384573163,
        0.029382541192459716,
        0.028602933672612615,
        0.03326325418014308,
        0.027494158533274513,
        0.03115311649309025,
        0.02893903113672448,
        0.029933463839818333,
        0.03392851926374593,
        0.031932724012937355,
        0.03503382948077361,
        0.03148921395720211,
        0.033370666771766457,
        0.027494158533274513,
        0.023173400412166343,
        0.016295529625959676,
        0.016295529625959676,
        0.023949543009703016,
        0.026828893449671657,
        0.014964999458753953,
        0.014635831839262956,
        0.02960083129801691,
        0.02605275085213498
    ],
    "squeeze": [],
    "reshape": [],
    "transpose": [],
    "latency": 18.489996592203777,
    "batch_size": 4,
    "model_name": "mobilenet_v3_small",
    "sm_partition": 60
}