{
    "nn.conv2d": [
        0.05207788779773244,
        0.036386639184879555,
        0.03908162346318245,
        0.09672933883286487,
        0.23578936721254973,
        0.071569383347697,
        0.0760281463571174,
        0.06266056018443741,
        0.06405301707742492,
        0.07166221380722952,
        0.0696228446493749,
        0.0662809481062049,
        0.08336175266018489,
        0.06247489926537242,
        0.062010746967709925,
        0.05829752858640992,
        0.041216724032429944,
        0.03908162346318245,
        0.08234061760532739,
        0.06331037340116491,
        0.04920014355222494,
        0.032951912182177065,
        0.03564689646047996,
        0.07927431148889451,
        0.12921999966923983,
        0.049107313092692444,
        0.12662074680232982,
        0.05875877993221202,
        0.04400163781840493,
        0.0789987210621574,
        0.07101530154236241,
        0.03945294530131244,
        0.07101530154236241,
        0.05764771536968242,
        0.03481142232468745,
        0.06888020097311491,
        0.09904719936931697,
        0.05866594947267953,
        0.1619891518842123,
        0.062010746967709925,
        0.2627072995251143,
        0.14564809005463192,
        0.062010746967709925,
        0.33678600623204913,
        0.17683912445755187,
        0.35098906654052164,
        0.1432344981067869,
        0.1450940082492973,
        0.3308448568219692,
        0.1752639075973598,
        0.1589228457677794,
        0.11223202557479237,
        0.05161083454820955,
        0.47111458212743695,
        0.12365017209728985,
        0.5269985187660018,
        0.09431574688501988,
        0.05114958320240743,
        0.46712287236753935,
        0.12281179700963694,
        0.521332959782659,
        0.09524405148034487
    ],
    "nn.conv2d_transpose": [],
    "nn.dense": [
        0.06525691209948702,
        0.06405301707742492
    ],
    "nn.layer_norm": [],
    "nn.relu": [
        0.022926222552667075,
        0.10564106294798485,
        0.02441150990518708,
        0.038338979786922446,
        0.04112099262103705,
        0.03935721388991956,
        0.028960202422279573,
        0.027849137859749958,
        0.03314047405310245,
        0.02905303288181207,
        0.028406120616944964,
        0.02979567655807207,
        0.03276915221497246,
        0.025714037290502464,
        0.013271854761287094,
        0.013271854761287094,
        0.01355324709174498,
        0.013828837518482094,
        0.012624942496419985
    ],
    "nn.bias_add": [
        0.03054122118619246,
        0.031933678079179954,
        0.02914876429320496,
        0.027289254150694574,
        0.026735172345359964,
        0.029331524260409574,
        0.013924568929874979,
        0.014849972573339587,
        0.013924568929874979,
        0.013924568929874979,
        0.013643176599417092,
        0.012900532923157092,
        0.013643176599417092,
        0.013924568929874979,
        0.013271854761287094,
        0.013271854761287094,
        0.02487856315470997,
        0.013828837518482094
    ],
    "nn.max_pool2d": [],
    "nn.adaptive_avg_pool2d": [
        0.05049976998567994,
        0.048364669416432436,
        0.04613673838765244,
        0.03917445392271495,
        0.03768916657019496,
        0.04084540219429995,
        0.03815041791599706,
        0.03379028726982996,
        0.03054122118619246
    ],
    "nn.batch_matmul": [],
    "nn.softmax": [],
    "nn.batch_norm": [
        0.15288016304258573,
        0.14722040596296362,
        0.16225313850350784,
        0.40082451855017215,
        0.15195185844726075,
        0.30956927587786437,
        0.28609477342358347,
        0.28460368416734266,
        0.2519244614600423,
        0.2793094470221298,
        0.26121040836515275,
        0.28803551021818474,
        0.26352826890160475,
        0.24338405918305234,
        0.2459920149055435,
        0.24560618830811157,
        0.2468187861857548,
        0.23949678369012892,
        0.2980611998476948,
        0.24951667141591816,
        0.27132312655047436,
        0.25377236779511114,
        0.2345680664793252,
        0.24013499309941486,
        0.26065342560795773,
        0.19233020739203785,
        0.18676618172380854,
        0.18620919896661356,
        0.19437827940547353,
        0.18602353804754856,
        0.21284283799685988,
        0.20430823762359068,
        0.2668730663966352,
        0.20040355641950489,
        0.21071934123505398,
        0.11936256524763249,
        0.1887098194702703,
        0.18026224765281285,
        0.2300193739622327,
        0.19697173036866275,
        0.19798126161607874,
        0.1156493468663325,
        0.12456107098145251,
        0.19307575202015814,
        0.11453538135194252,
        0.12400989012797826
    ],
    "multiply": [
        0.039635705268517056,
        0.03072398115339707,
        0.030445489774799567,
        0.02979567655807207,
        0.05235347822446955,
        0.03063405164572496,
        0.03091254302432246,
        0.030169899348062457,
        0.030816811612929568,
        0.025621206830969967,
        0.02357893672125497,
        0.024782831743317073,
        0.02877744245507496,
        0.029981337477137073,
        0.025525475419577073,
        0.03564689646047996,
        0.031005373483854962,
        0.02905303288181207,
        0.03360172539890457,
        0.025803966798174573,
        0.01466431165427459,
        0.028681711043682067,
        0.024690001283784575,
        0.015502686741927481,
        0.01540695533053459,
        0.025061323121914576,
        0.01466431165427459,
        0.024507241316579966,
        0.028034798778814964
    ],
    "add": [
        0.02348610626172247,
        0.03898589205178955,
        0.034904252784219957,
        0.027849137859749958,
        0.03054122118619246,
        0.029520086131334958,
        0.028681711043682067,
        0.029331524260409574,
        0.03815041791599706,
        0.03230499991730996,
        0.028681711043682067,
        0.028034798778814964,
        0.02747781602161996,
        0.02394735760752458,
        0.023019053012199576,
        0.021165344773409974,
        0.02283629304499497,
        0.020794022935279974,
        0.021351005692474976,
        0.02793906736742207,
        0.02348610626172247,
        0.014017399389407482,
        0.028310389205552074,
        0.026453780014902072,
        0.038338979786922446,
        0.01531702582286248,
        0.02608245817677208,
        0.024228749937982467,
        0.012624942496419985,
        0.02413591947844997,
        0.024690001283784575,
        0.01373890801080998,
        0.013828837518482094,
        0.01540695533053459,
        0.021165344773409974,
        0.013271854761287094,
        0.013086193842222094,
        0.01466431165427459,
        0.02274346258546247
    ],
    "squeeze": [],
    "reshape": [],
    "transpose": [],
    "latency": 21.944209734598797,
    "batch_size": 4,
    "model_name": "mobilenet_v3_large",
    "sm_partition": 100
}