{
    "nn.conv2d": [
        0.24254846035215125,
        0.30485305558311393,
        0.01277253319683876,
        0.010760616086359557,
        0.09524289982820375,
        0.2972025027037892,
        0.31270014014392555,
        0.06898262020189866,
        0.16552425000776322,
        0.0857121263259941,
        0.1333011586431497,
        0.09776944629020531,
        0.2374244539348281,
        0.0271011110470995,
        0.02638792391428109,
        0.06716723477290637,
        0.28760689400768696,
        0.20273965130210558,
        0.09083208054369898,
        0.03890111633554952,
        0.30991222680654457,
        0.2784023225747494,
        0.20027591393418745,
        0.08927806199008614,
        0.0369540344189629,
        0.3129594809194959,
        0.1318099491836203,
        0.11469143189616936,
        0.01945055816777476,
        0.020358250882270917,
        0.13984748712649137,
        0.07190020392706489,
        0.07501229323390886,
        0.07293756702934621,
        0.025218864324405465,
        0.14348028408428515,
        0.13116159724469448,
        0.1790099703374204,
        0.07689251385679374,
        0.0543947015760676,
        0.12603961692718044,
        0.6850466325692178,
        0.2584958919499174,
        0.24630890159792102,
        0.1507418258002544,
        0.2282847176957831,
        0.6746730015464046,
        0.2540242896711384,
        0.2477332497637487,
        0.14704621974837717,
        0.2301001031247754,
        0.6783057985041985
    ],
    "nn.conv2d_transpose": [],
    "nn.dense": [
        0.12902203584623925,
        0.20060008990365036
    ],
    "nn.layer_norm": [],
    "nn.relu": [
        0.0369540344189629,
        0.00901006585125983,
        0.12863099858307459,
        0.04272639277521189,
        0.051801293820364296,
        0.05063628643010695,
        0.008750725075689499,
        0.009139736239044995,
        0.008621054687904334,
        0.009139736239044995,
        0.00972527908388738,
        0.009595608696102214,
        0.00894725675717639,
        0.008621054687904334
    ],
    "nn.bias_add": [
        0.009528747402400489,
        0.009658417790185655,
        0.009399077014615327,
        0.009269406626830162,
        0.009076927144961555,
        0.009528747402400489,
        0.008687915981606061,
        0.009139736239044995,
        0.009139736239044995,
        0.009528747402400489,
        0.009139736239044995,
        0.009528747402400489,
        0.009076927144961555,
        0.01043846621670579,
        0.009076927144961555,
        0.009982593759648566,
        0.009139736239044995,
        0.009139736239044995,
        0.009790114277779961,
        0.009982593759648566
    ],
    "nn.max_pool2d": [],
    "nn.adaptive_avg_pool2d": [
        0.033193593173193106,
        0.01919121739220443,
        0.025737545875546122,
        0.02450567719158706,
        0.02003204881299886,
        0.021263917496957926,
        0.021849460341800315,
        0.029886998284671406,
        0.02813644804957168,
        0.029433151927423327
    ],
    "nn.batch_matmul": [],
    "nn.softmax": [],
    "nn.batch_norm": [
        0.3945099982375099,
        0.17854194128150833,
        0.43879040956633464,
        0.44437028844071497,
        0.19391193443366864,
        0.2672364865265612,
        0.2209441580872573,
        0.2143998557037247,
        0.11636701643833078,
        0.22438042336356412,
        0.11766574641599156,
        0.3735054215161222,
        0.18171886578224486,
        0.1771196192154898,
        0.09393606545130638,
        0.17705883622121546,
        0.17724928960327493,
        0.09295948534329936,
        0.13185857557903974,
        0.1262199398101942,
        0.15876720714427064,
        0.14210051011425864,
        0.13692179900208862,
        0.09963548421442621,
        0.20311245366698796,
        0.10969506976682222,
        0.7657542923666283,
        0.14443862929400988,
        0.13815366768604767,
        0.08855474435822203,
        0.13867032313737918,
        0.13860751404329574,
        0.08660968854144456,
        0.13938756246981587
    ],
    "multiply": [
        0.1382266072791768,
        0.04117034812178991,
        0.05802749853386136,
        0.021914295535692897,
        0.021590119566229988,
        0.039225292305012434,
        0.039225292305012434,
        0.041103486828088176,
        0.039808809050045676,
        0.03961227736855878,
        0.04058480527694752,
        0.02437803290361103,
        0.023922160446553813,
        0.024831879260859113,
        0.02794194246789393,
        0.026645238590042277,
        0.02846062401903459,
        0.045966126370031876,
        0.018086992996221383,
        0.018476004159576877,
        0.027554957404347574,
        0.026776935077636583,
        0.02846062401903459,
        0.026582429495958834,
        0.026582429495958834,
        0.02794194246789393,
        0.027747436886216184,
        0.009528747402400489
    ],
    "add": [
        0.11002329793590342,
        0.009336267920531884,
        0.021199082303065338,
        0.05400569041271211,
        0.020939741527495018,
        0.00972527908388738,
        0.039225292305012434,
        0.03877144594776435,
        0.009595608696102214,
        0.014067210974881266,
        0.039225292305012434,
        0.03877144594776435,
        0.008621054687904334,
        0.013613364617633187,
        0.023922160446553813,
        0.023468314089305733,
        0.009269406626830162,
        0.02748809611064585,
        0.026582429495958834,
        0.009658417790185655,
        0.015754952115897555,
        0.045966126370031876,
        0.01854083935346946,
        0.009528747402400489,
        0.027554957404347574,
        0.026645238590042277,
        0.009528747402400489,
        0.012189016451805515,
        0.026645238590042277,
        0.027163920141182938,
        0.009076927144961555,
        0.01180000528845002,
        0.026582429495958834,
        0.009528747402400489
    ],
    "squeeze": [],
    "reshape": [],
    "transpose": [],
    "latency": 18.642239570617676,
    "batch_size": 4,
    "model_name": "mobilenet_v3_small",
    "sm_partition": 5
}