{
    "nn.conv2d": [
        0.04543675405430945,
        0.0264441908596081,
        0.027077465619240047,
        0.059428434505908366,
        0.20473517397158997,
        0.06551979934631424,
        0.0643356039437738,
        0.04807208578945941,
        0.05897406696536527,
        0.05824707890049633,
        0.06815513108146419,
        0.06561067285442286,
        0.08105632943575967,
        0.0614304914814264,
        0.05679310277075843,
        0.0514344055894783,
        0.0437073176031173,
        0.040254124294989785,
        0.08214965133019149,
        0.05897406696536527,
        0.04352841038402845,
        0.032984243646300274,
        0.036710057478753645,
        0.07614915999789426,
        0.07360470177085292,
        0.04352841038402845,
        0.12585696893330883,
        0.054793885592368814,
        0.04380103090835432,
        0.0787873315301726,
        0.055160219421931674,
        0.036622023767773425,
        0.0692427733816392,
        0.04779662546800516,
        0.03307795695153728,
        0.06733442971135821,
        0.09286988548988014,
        0.05270379490587057,
        0.16120960338468995,
        0.06160939870051523,
        0.26116762250704234,
        0.11622437707379517,
        0.054251484340845486,
        0.33159743108835044,
        0.17183896403627,
        0.348136409564119,
        0.11495214796027453,
        0.1345808257117362,
        0.32859860532076596,
        0.17065760843085792,
        0.15984650076306064,
        0.1057767634384324,
        0.04697876389502759,
        0.46108934034600396,
        0.12386059155204758,
        0.5230679126732105,
        0.08960127899509825,
        0.033620358203060606,
        0.4567302517539186,
        0.12067717897111752,
        0.518067029930108,
        0.08941953197888101
    ],
    "nn.conv2d_transpose": [],
    "nn.dense": [
        0.049435188411088696,
        0.052522047889653346
    ],
    "nn.layer_norm": [],
    "nn.relu": [
        0.017902081097397927,
        0.05697768958410406,
        0.03453193308127519,
        0.03262074961386579,
        0.03325686417062613,
        0.03262074961386579,
        0.02907668279762966,
        0.031260486789364904,
        0.03352948469495199,
        0.028713188765195182,
        0.029897384167735627,
        0.029803670862498608,
        0.03244184239477695,
        0.02635047755437109,
        0.012904038151423885,
        0.012810324846186872,
        0.012083336781317918,
        0.012904038151423885,
        0.012810324846186872
    ],
    "nn.bias_add": [
        0.03280533642721143,
        0.014173427467816153,
        0.027807293481237387,
        0.029440176830064134,
        0.02907668279762966,
        0.03252987610575717,
        0.01408539375683593,
        0.013355565894838588,
        0.013721899724401456,
        0.0134492792000756,
        0.012810324846186872,
        0.01299207186240411,
        0.013631026216292835,
        0.014173427467816153,
        0.013085785167641122,
        0.012810324846186872,
        0.05134069228424129,
        0.01817186182459539
    ],
    "nn.max_pool2d": [],
    "nn.adaptive_avg_pool2d": [
        0.13376580393588705,
        0.049435188411088696,
        0.04807208578945941,
        0.040254124294989785,
        0.03789425288129408,
        0.037985126389402706,
        0.03571044888955884,
        0.03325686417062613,
        0.01908059690568158
    ],
    "nn.batch_matmul": [],
    "nn.softmax": [],
    "nn.batch_norm": [
        0.13474837374231147,
        0.12593364345577546,
        0.12684805813111844,
        0.2719730505805828,
        0.23371246386972588,
        0.30077427305675825,
        0.27142212993767434,
        0.2614288838428547,
        0.2527930607754075,
        0.26206783819674334,
        0.2682500765452579,
        0.2925019440217455,
        0.266781901429878,
        0.2519695196081731,
        0.25715782896174955,
        0.2517054184752324,
        0.25833918456716165,
        0.25524948529146857,
        0.29695474591906784,
        0.25488599125903405,
        0.3473100285997563,
        0.26797461622380364,
        0.24762463000172977,
        0.24053081677500068,
        0.20472381478307647,
        0.18655479275560943,
        0.18600671190982934,
        0.18827570981541636,
        0.18918444489650263,
        0.1909990752615466,
        0.20289782522951885,
        0.19580969159704661,
        0.326488636054369,
        0.20254853018272637,
        0.24997030242978352,
        0.11412860679304015,
        0.18746068803956725,
        0.17255175311549695,
        0.21080666023209713,
        0.20035336700247755,
        0.18890898457504834,
        0.11366288006398349,
        0.11612498417430135,
        0.17318786767225725,
        0.11239633054471963,
        0.11684629264491354
    ],
    "multiply": [
        0.018810816178484114,
        0.03062437223260458,
        0.03053065892736756,
        0.028440568240869327,
        0.034077565540732095,
        0.03389297872738647,
        0.03262074961386579,
        0.029988257675844242,
        0.02807707420843485,
        0.024081479648784015,
        0.025081088237978826,
        0.023081871059589202,
        0.02608069682717362,
        0.027443799448802913,
        0.026535064367716722,
        0.03189376154899684,
        0.02580807630284777,
        0.027077465619240047,
        0.02580807630284777,
        0.023717985616349538,
        0.01380993343538168,
        0.023081871059589202,
        0.024533007392198707,
        0.013537312911055826,
        0.01380993343538168,
        0.02362711210824092,
        0.012810324846186872,
        0.01380993343538168,
        0.024808467713652964
    ],
    "add": [
        0.018898849889464338,
        0.019356057227135827,
        0.031714854329908,
        0.03289337013819165,
        0.03198747485423386,
        0.029803670862498608,
        0.028804062273303805,
        0.032078348362342475,
        0.034895427113709666,
        0.031166773484127892,
        0.02889777557854081,
        0.02916755630573828,
        0.02262750351904611,
        0.022990997551480583,
        0.02262750351904611,
        0.022442916705700474,
        0.02162505513272291,
        0.02080719355974534,
        0.02180680214894014,
        0.02535086896517628,
        0.02326077827867805,
        0.013537312911055826,
        0.025444582270413296,
        0.023806019327329758,
        0.040711331632661274,
        0.014267140773053171,
        0.024354100173109867,
        0.022533790213809097,
        0.012265083797535159,
        0.023533398803003907,
        0.024169513359764232,
        0.013721899724401456,
        0.015445656581336821,
        0.013631026216292835,
        0.02026195251109362,
        0.013173818878621348,
        0.012177050086554933,
        0.014173427467816153,
        0.02326077827867805
    ],
    "squeeze": [],
    "reshape": [],
    "transpose": [],
    "latency": 21.378353436787922,
    "batch_size": 2,
    "model_name": "mobilenet_v3_large",
    "sm_partition": 80
}