{
    "nn.conv2d": [
        0.010905750188242323,
        0.02361866210586855,
        0.014579266041123947,
        3.5975773923603374,
        0.0111927436142487,
        0.005711169177526901,
        0.012167624408214112,
        0.033692131358692375,
        0.02186800220722965,
        2.026258788778367,
        0.013058200883290152,
        0.013632187735302902,
        0.018080585838401747,
        0.017075211992923157,
        2.02700586854044,
        0.015641141717347543,
        0.007806221187373453,
        0.01739180161598644,
        0.01727610739112762,
        2.0267475744570342,
        0.014722762754127136,
        0.005653770492325626,
        0.017247408048526983,
        0.12914614484841333,
        0.03707865378556763,
        1.1282563588044134,
        0.02427874698568322,
        0.005308481526661703,
        0.0679887426209107,
        0.0653197037590514,
        1.1258169146833592,
        0.03110919052463499,
        0.03633247087795105,
        0.06569189835840342,
        0.06577799638620532,
        1.1261039081093656,
        0.03070739972822606,
        0.034869701259774795,
        0.0658649912684635,
        0.06549100296019894,
        1.1251290273154,
        0.031051791839433712,
        0.03509839914612363,
        0.06569189835840342,
        0.06574929704360469,
        1.1254734194266076,
        0.03062130170042415,
        0.03489750374791917,
        0.06566319901580277,
        0.06557710098800086,
        1.1245254442663306,
        0.03088049263828616,
        0.035127995343180535,
        0.06529100441645075,
        0.06529100441645075,
        1.1259604113963622,
        0.031253584092094444,
        0.03478360323197288,
        0.06566319901580277,
        0.06540490493239705,
        1.1257317135100133,
        0.030823093953084885,
        0.034726204546771604,
        0.06503271033304502,
        0.07464699010425864,
        0.06460132333957919,
        0.6923133447007267,
        0.031712773573704646,
        0.008667201465392581,
        0.07016899580410288,
        0.06945240909354321,
        0.6881815362206912,
        0.06500401099044438,
        0.021035721271811154,
        0.06873492552852727
    ],
    "nn.conv2d_transpose": [],
    "nn.dense": [
        0.008667201465392581
    ],
    "nn.layer_norm": [],
    "nn.relu": [
        0.005423278897064254,
        0.006859142881552409,
        0.004964089415454051,
        0.004190104019693102,
        0.004448398103098842,
        0.005452875094121162,
        0.004247502704894378,
        0.004190104019693102,
        0.004190104019693102,
        0.0039883117670323695,
        0.004247502704894378,
        0.004132705334491828,
        0.004132705334491828,
        0.003960509278888002,
        0.004045710452233645,
        0.0037309145380829,
        0.004075306649290552,
        0.004936286927309682,
        0.004190104019693102,
        0.0039031105936867265,
        0.0039031105936867265,
        0.004045710452233645,
        0.004045710452233645,
        0.00410310913743492,
        0.0040179079640892765,
        0.003930913081831094,
        0.0039883117670323695,
        0.0037587170262272677,
        0.004045710452233645,
        0.003960509278888002,
        0.0039883117670323695,
        0.0037309145380829,
        0.0039883117670323695,
        0.0039883117670323695,
        0.0039883117670323695,
        0.0037587170262272677,
        0.0039883117670323695,
        0.0039883117670323695,
        0.003960509278888002,
        0.0039883117670323695,
        0.0040179079640892765,
        0.0040179079640892765,
        0.0039883117670323695,
        0.0037309145380829,
        0.0039883117670323695,
        0.0039883117670323695,
        0.0039883117670323695,
        0.0037309145380829,
        0.003960509278888002,
        0.004590997961645762,
        0.004390999417897567,
        0.004190104019693102,
        0.003845711908485451,
        0.0037587170262272677,
        0.003960509278888002,
        0.004190104019693102,
        0.00410310913743492
    ],
    "nn.bias_add": [
        0.004160507822636195,
        0.004160507822636195,
        0.004418801906041935,
        0.004190104019693102,
        0.004390999417897567,
        0.00410310913743492,
        0.0039883117670323695,
        0.003960509278888002,
        0.003960509278888002,
        0.004217906507837471,
        0.004190104019693102,
        0.003960509278888002,
        0.0040179079640892765,
        0.003960509278888002,
        0.003960509278888002,
        0.0039883117670323695,
        0.003960509278888002,
        0.0039883117670323695,
        0.00410310913743492,
        0.003960509278888002,
        0.004160507822636195,
        0.003960509278888002,
        0.0039883117670323695,
        0.003960509278888002,
        0.004075306649290552,
        0.004418801906041935,
        0.004132705334491828,
        0.004217906507837471,
        0.004476200591243209
    ],
    "nn.max_pool2d": [],
    "nn.adaptive_avg_pool2d": [
        0.014579266041123947,
        0.008495005409788757,
        0.00832191249972866,
        0.007891422360719096,
        0.006886945369696776,
        0.006743448656693589,
        0.0065434501129453945,
        0.006513853915888486,
        0.006571252601089763,
        0.006456455230687211,
        0.006513853915888486,
        0.006571252601089763,
        0.006773044853750495,
        0.006083363776878921,
        0.006112959973935828
    ],
    "nn.batch_matmul": [],
    "nn.softmax": [],
    "nn.batch_norm": [
        0.042181755641743514,
        0.04932878880375858,
        0.045483973749729394,
        0.03810913955582177,
        0.03839433927291561,
        0.05601663248416342,
        0.04074678851171164,
        0.03681856599324935,
        0.036820359702161895,
        0.03670287176839053,
        0.036213189235267146,
        0.03586790026960322,
        0.03607238308563277,
        0.03649928580681726,
        0.03638807585423978,
        0.07128468274770267,
        0.03870913518706636,
        0.03607238308563277,
        0.036757579890223,
        0.035321715905734845,
        0.03578180224180132,
        0.03661498003167608,
        0.03541050449690557,
        0.03560870933174122,
        0.03618448989266651,
        0.03555310435545249,
        0.035840994635915134,
        0.03566700487139876,
        0.03563830552879813,
        0.03546790318210684,
        0.0360714862311765,
        0.03549570567025121,
        0.03543830698504993,
        0.035753102899200674,
        0.035468800036563115,
        0.03535041524833548,
        0.03575579346256949,
        0.03540871078799302,
        0.03537911459093612,
        0.03598628505783085,
        0.09892125281766052,
        0.03744726096709457,
        0.03647327702758544,
        0.03647238017312916,
        0.03638717899978351,
        0.035783595950713856,
        0.03555489806436503
    ],
    "multiply": [
        0.004936286927309682,
        0.004390999417897567,
        0.004190104019693102,
        0.004217906507837471,
        0.004390999417897567,
        0.003960509278888002,
        0.0040179079640892765,
        0.003960509278888002,
        0.00410310913743492,
        0.00410310913743492,
        0.004132705334491828,
        0.0040179079640892765,
        0.004190104019693102,
        0.0039883117670323695
    ],
    "add": [
        0.00559637180712435,
        0.004620594158702669,
        0.004217906507837471,
        0.004160507822636195,
        0.004390999417897567,
        0.004190104019693102,
        0.004217906507837471,
        0.004217906507837471,
        0.0042753051930387465,
        0.004190104019693102,
        0.004190104019693102,
        0.004190104019693102,
        0.004390999417897567,
        0.003960509278888002
    ],
    "squeeze": [],
    "reshape": [],
    "transpose": [],
    "latency": 24.84757423400879,
    "batch_size": 1,
    "model_name": "regnet_y_800mf",
    "sm_partition": 100
}