{
    "nn.conv2d": [
        0.00015183337382027905,
        0.0007599834184801958,
        0.0015864110531804809,
        4.229450550278146,
        0.0016748373761530388,
        0.001624171482990384,
        4.230724770604804,
        0.0016160458208793924,
        0.0013445531103474307,
        0.0031806340940154637,
        2.1132553493358417,
        0.001678028889273839,
        0.001671650841991866,
        2.1119337243345764,
        0.0016753153562772151,
        0.0016722881488241003,
        2.1121209232586255,
        0.0016788255228141326,
        0.0016730897613240205,
        2.1121806359214306,
        0.001878621214719696,
        0.001678666196106074,
        2.1123540082745964,
        0.0016737270681562554,
        0.0016797765041028576,
        2.112277123180039,
        0.0016891817588379457,
        0.0021993408990821574,
        0.002945472851880503,
        0.9232568781296148,
        0.0017573686109274265,
        0.0017586432245918957,
        0.9225627912417959,
        0.0017870033786263376,
        0.0017855744172134368,
        0.9226272140004074,
        0.0017535497488936453,
        0.00179115085199549,
        0.9225029242312428,
        0.0017970409612340335,
        0.0017729826283171754,
        0.9226193870758739,
        0.0017850914581296338,
        0.0018080345040900813,
        0.9226661892963663,
        0.0017866897041698474,
        0.0018030953761402628,
        0.9227012859827757,
        0.00179354075261637,
        0.001753390422185587,
        0.922670824707779,
        0.0017836624967167332,
        0.0017772844494347592,
        0.9226022943074751,
        0.0017870033786263376,
        0.0017753725289380554,
        0.9226446901486977,
        0.0017470123749036138,
        0.0017924254656599592,
        0.9227473264224453,
        0.0017661315798706526,
        0.0017597585115483067,
        0.9226748477071574,
        0.0017807896370120502,
        0.0017530667898098427,
        0.9225524549216105,
        0.00180899544329806,
        0.0014777502382844728,
        0.00399622751256776,
        0.5267208727251711,
        0.002635423077998345
    ],
    "nn.conv2d_transpose": [],
    "nn.dense": [
        0.0001486518186187326
    ],
    "nn.layer_norm": [],
    "nn.relu": [
        6.547829805248367e-05,
        0.0003826977737972818,
        0.00011805611171184248,
        0.00011981368446011462,
        0.0001242748322857572,
        0.0001226765862455437,
        0.000117264457131176,
        0.00020903166201333904,
        6.436301109607304e-05,
        7.02630782538704e-05,
        6.197311047519308e-05,
        6.420866334764121e-05,
        6.850550550559826e-05,
        6.484597017987586e-05,
        6.34120298073479e-05,
        6.914281233783293e-05,
        6.532395030405185e-05,
        6.388503097189705e-05,
        6.850550550559826e-05,
        6.420866334764121e-05,
        6.516462359599319e-05,
        7.07410583780464e-05,
        6.532395030405185e-05,
        6.45223378041317e-05,
        6.930213904589159e-05,
        0.00010801852910414671,
        4.2535252092036196e-05,
        3.887073780668695e-05,
        3.934871793086293e-05,
        4.142494409525239e-05,
        3.919437018243111e-05,
        3.8552084390569625e-05,
        3.9508044638921596e-05,
        3.8552084390569625e-05,
        3.96723503066071e-05,
        3.8552084390569625e-05,
        3.9831677014665756e-05,
        3.96723503066071e-05,
        3.934871793086293e-05,
        3.9508044638921596e-05,
        3.96723503066071e-05,
        4.09469639710764e-05,
        4.1101311719508236e-05,
        3.934871793086293e-05,
        3.9508044638921596e-05,
        3.8552084390569625e-05,
        3.998602476309759e-05,
        4.1101311719508236e-05,
        3.96723503066071e-05,
        3.8716390058255125e-05,
        3.96723503066071e-05,
        3.83977366421378e-05,
        3.9508044638921596e-05,
        3.96723503066071e-05,
        3.919437018243111e-05,
        3.96723503066071e-05,
        3.9831677014665756e-05,
        4.237592538397753e-05,
        3.998602476309759e-05,
        3.8552084390569625e-05,
        3.96723503066071e-05,
        3.96723503066071e-05,
        4.014535147115625e-05,
        3.96723503066071e-05,
        6.835115775716644e-05,
        3.409093656492706e-05,
        3.3299281984260575e-05
    ],
    "nn.bias_add": [
        2.48499874975246e-05
    ],
    "nn.max_pool2d": [],
    "nn.adaptive_avg_pool2d": [
        4.763868570954024e-05
    ],
    "nn.batch_matmul": [],
    "nn.softmax": [],
    "nn.batch_norm": [
        0.0003431548764409724,
        0.0019772145732502473,
        0.0014401341983037478,
        0.00048717626260675007,
        0.0005275058355840993,
        0.0004970744343448946,
        0.0004986477855869738,
        0.0005259125685035125,
        0.003464843067434358,
        0.0007787740121118646,
        0.0003315190477930631,
        0.00035128053855196424,
        0.00033264927162835427,
        0.0003326492716283543,
        0.00035607029771297775,
        0.0003345661710846851,
        0.0003337546006655112,
        0.00034969225043100446,
        0.0003343968864573727,
        0.0003348748665815487,
        0.0003590825682872118,
        0.0003328085983364129,
        0.00033535782566535146,
        0.0003543077460050788,
        0.000338867992202269,
        0.0003361494802460181,
        0.0003512805385519642,
        0.0031794939122609185,
        0.00047795025041822824,
        0.0002639794604550705,
        0.0002729117140256093,
        0.00026333717466320896,
        0.0002658913809517745,
        0.00027258808164986513,
        0.00026047925183740676,
        0.00026317286899552354,
        0.0002698546328147337,
        0.0002662100343678918,
        0.00026382013374701184,
        0.0002738577163547076,
        0.0002598369660455453,
        0.000262052603079486,
        0.000271786469149945,
        0.0002638051968681313,
        0.000265249095159913,
        0.00027097987769039803,
        0.0002588660689183127,
        0.0002646018304084247,
        0.00027434067543851044,
        0.0002635014803308945,
        0.000264771115035737,
        0.000272264449274121,
        0.0002582436989649586,
        0.0002633321957035822,
        0.0002722594703144942,
        0.0002607829683746436,
        0.0002614152962472515,
        0.0002713134679853958,
        0.0002601556194616626,
        0.0002673203423646756,
        0.0002714628367742008,
        0.0002620625609987398,
        0.0002631678900358967,
        0.0002687493037775767,
        0.00026047427287777996,
        0.0002623762354552302,
        0.0002725880816498651,
        0.0042128769828101535,
        0.0003407749337393461,
        0.00024199237474297502,
        0.0002448602554880309
    ],
    "multiply": [],
    "add": [
        0.00015310798748474836,
        0.00015326731419280703,
        8.348221606311259e-05,
        8.66737291839127e-05,
        8.428382856303275e-05,
        8.762471047263783e-05,
        8.332786831468076e-05,
        8.141096885834999e-05,
        5.194050682712416e-05,
        5.0665893162654856e-05,
        4.970495395467604e-05,
        5.0187913038478853e-05,
        5.050158749496935e-05,
        4.970495395467604e-05,
        5.1303199994889505e-05,
        5.082521987071351e-05,
        5.0665893162654856e-05,
        4.970495395467604e-05,
        4.970495395467604e-05,
        4.9226973830500044e-05,
        5.034226078691069e-05,
        3.919437018243111e-05
    ],
    "squeeze": [],
    "reshape": [],
    "transpose": [],
    "latency": 33.7706724802653,
    "batch_size": 2,
    "model_name": "regnet_x_16gf",
    "sm_partition": 30
}