{
    "nn.conv2d": [
        0.0009790002163476423,
        0.005757762159666991,
        0.013751901114996294,
        37.9456408054141,
        0.013748205424944327,
        0.013636380996920206,
        37.96657851759939,
        0.013628751185200008,
        0.010595062790271219,
        0.027291832797646895,
        18.956506812797212,
        0.012510030041726279,
        0.0124935745347106,
        18.95778563332001,
        0.012505857488441796,
        0.012526720254864206,
        18.957560065834556,
        0.01249679336153006,
        0.0124935745347106,
        18.955602724814295,
        0.012508003372988099,
        0.012497270224762571,
        18.955435368172655,
        0.012515633184708297,
        0.012525408880974798,
        18.95538443321863,
        0.012509195531069384,
        0.016075774862836602,
        0.021898867285357768,
        8.280123253915743,
        0.013644483946378908,
        0.01366010494273769,
        8.269680776183394,
        0.013646395124802964,
        0.013642580218942865,
        8.270172839431442,
        0.013650444736785314,
        0.01365021003066306,
        8.270313819575541,
        0.013564851512043369,
        0.013649017872581777,
        8.271583542441986,
        0.013563297981043698,
        0.013680133198503204,
        8.27168177254239,
        0.013568424260793206,
        0.013629701186171028,
        8.271156056907003,
        0.013668330833498525,
        0.01361456450403277,
        8.271024174419262,
        0.013628274321967497,
        0.013662008670173736,
        8.270922304511215,
        0.013652951994250005,
        0.013643533945407888,
        8.271501682162237,
        0.013663677691487524,
        0.013566282101740905,
        8.271472578603076,
        0.01367476848713744,
        0.013672622602591136,
        8.271051459937345,
        0.013570927792763894,
        0.013651759836168726,
        8.271816385817237,
        0.013570812302449772,
        0.00864481138510426,
        0.03266286632673446,
        4.725649072952882,
        0.015737913537107674
    ],
    "nn.conv2d_transpose": [],
    "nn.dense": [
        0.000717440733314675
    ],
    "nn.layer_norm": [],
    "nn.relu": [
        0.00037278783201644876,
        0.0027630610594900815,
        0.0007104032751411156,
        0.0006990777733689496,
        0.0007025350318046634,
        0.000711476217414268,
        0.0007042077786124603,
        0.0013778925848501329,
        0.0003612238986280268,
        0.0003640813525290963,
        0.0003619391934767952,
        0.0003669425319241698,
        0.0003590742885877177,
        0.00036443899995348045,
        0.00036944978938886313,
        0.0003651580202962529,
        0.00036849606292383856,
        0.0003656348835287651,
        0.0003675386109648101,
        0.0003622968409011794,
        0.0003663501783775335,
        0.0003587203666573375,
        0.00036098546701177065,
        0.0003636044892965841,
        0.0003662309625694054,
        0.0006101427805054157,
        0.00016630605233864602,
        0.00018681117133667263,
        0.00016404095198421282,
        0.00016451781521672508,
        0.0001862150922960323,
        0.00016558703199587367,
        0.00016689840588528232,
        0.00018323097159882678,
        0.00016463703102485315,
        0.00016546781618774557,
        0.00018549607195325995,
        0.00016522938457148943,
        0.00016546781618774557,
        0.00018728430907518086,
        0.00016451781521672508,
        0.00016534860037961753,
        0.0001807311651221415,
        0.0001641601677923409,
        0.00016618683653051795,
        0.00018776489780169707,
        0.00016522938457148943,
        0.00016344114744956854,
        0.0001806119493140134,
        0.00016427938360046897,
        0.00016534860037961753,
        0.00018240018643593436,
        0.00016463703102485315,
        0.00016439859940859704,
        0.0001859766606797762,
        0.00016463703102485315,
        0.00016522938457148943,
        0.00018430763936598337,
        0.00016522938457148943,
        0.00016439859940859704,
        0.00018776489780169707,
        0.00016582546361212978,
        0.00016439859940859704,
        0.00018525764033700383,
        0.0003667041003079136,
        0.00010598285342584683,
        0.00010610206923397488
    ],
    "nn.bias_add": [
        1.907080380648586e-05
    ],
    "nn.max_pool2d": [],
    "nn.adaptive_avg_pool2d": [
        0.00014043622197485662
    ],
    "nn.batch_matmul": [],
    "nn.softmax": [],
    "nn.batch_norm": [
        0.0012701028668323448,
        0.015325639194142803,
        0.008435926661793875,
        0.002267950357346233,
        0.0024654723239444115,
        0.0022690158486313775,
        0.0022724656560790834,
        0.002463095458769858,
        0.028187001947916485,
        0.00442371863924396,
        0.0012541391250251966,
        0.0013140897745375956,
        0.0012485359820431777,
        0.001253408928200412,
        0.0013371021510003157,
        0.0012488861784795539,
        0.0012680836490821755,
        0.0013421092149416942,
        0.0012656956074256105,
        0.0012540087327350567,
        0.0013357907771109068,
        0.0012611616812227403,
        0.001262357564798025,
        0.001328399397006967,
        0.0012451867629335801,
        0.0012525893195195318,
        0.0013315027335123006,
        0.022387041117666165,
        0.00201066774142986,
        0.0006480459565021313,
        0.0007181336751994193,
        0.0006417200676833359,
        0.0006402969289738072,
        0.0007175375961587791,
        0.0006462502683922024,
        0.0006474349754854747,
        0.0007219448555655135,
        0.0006473194851713507,
        0.0006432661476949966,
        0.0007162262222693703,
        0.000642066538625708,
        0.0006407588902303033,
        0.0007184913226238036,
        0.000647919289705995,
        0.0006474424264734829,
        0.0007181374006934234,
        0.0006449314435147855,
        0.0006448271296826735,
        0.000719564264896956,
        0.0006477963484038631,
        0.000639808889259283,
        0.0007145497499675696,
        0.0006488730161710196,
        0.0006404012428059192,
        0.0007134879841764289,
        0.0006484036039265152,
        0.0006506575277989365,
        0.0007269556450008961,
        0.0006436237951193809,
        0.0006417163421893318,
        0.0007208905407623809,
        0.0006429159512586206,
        0.0006406508509041873,
        0.0007219597575415295,
        0.0006482769371303792,
        0.0006417200676833359,
        0.0007157493590368582,
        0.03303408572577522,
        0.001260681092496224,
        0.0004730334246761326,
        0.0005220311218167659
    ],
    "multiply": [],
    "add": [
        0.0008978105255184284,
        0.0009024599420354226,
        0.00043596848483031756,
        0.0004421714323469807,
        0.0004420522165388527,
        0.00044359829655051344,
        0.0004393065274579032,
        0.000439071821335651,
        0.00023378219973912894,
        0.00023867004787237944,
        0.00024295809147098564,
        0.00023997769626778415,
        0.00024260044404660145,
        0.00023616279040768615,
        0.0002384316162561233,
        0.00023425906297164117,
        0.0002372394581748427,
        0.0002434349547034979,
        0.00024165044307558102,
        0.00023747788979109884,
        0.00023675886944832643,
        0.00015688800349652912
    ],
    "squeeze": [],
    "reshape": [],
    "transpose": [],
    "latency": 302.67038027445477,
    "batch_size": 4,
    "model_name": "regnet_x_16gf",
    "sm_partition": 5
}