{
    "nn.conv2d": [
        0.004682046406668105,
        0.006147518449987093,
        0.008712465611900925,
        4.239796588473042,
        0.0025647351127106306,
        0.001391042772995596,
        0.004994182833779312,
        0.010280145371162577,
        0.012335962396191894,
        2.3843694532554953,
        0.0031688632926289927,
        0.0032365069884499674,
        0.006507365947818424,
        0.006405582330282159,
        2.3869070460701964,
        0.003691352529315144,
        0.0017710349451309786,
        0.0064596548770983,
        0.006527510622122477,
        2.387110825354472,
        0.0035488554647643755,
        0.001336758176976256,
        0.0064596548770983,
        0.030820079389980475,
        0.014921266281612975,
        1.3260708971349486,
        0.005577530191784019,
        0.0012349745594399928,
        0.016929796334328565,
        0.016631443105425397,
        1.322148835072551,
        0.007382705058630288,
        0.008583539696354992,
        0.01673301467375846,
        0.016882509362014846,
        1.321952053411981,
        0.007334993987910164,
        0.008291759992751035,
        0.016923010759826152,
        0.016760156971768133,
        1.3217552717514105,
        0.0073894906331327045,
        0.008291759992751035,
        0.017459283194720336,
        0.016502305140676264,
        1.3219925548097924,
        0.007274135866591607,
        0.008237687445934897,
        0.016515876289681097,
        0.016828224765995506,
        1.3219179134902657,
        0.007226424795871483,
        0.008284974418248619,
        0.016448232593860124,
        0.016441447019357708,
        1.3222031196685702,
        0.007287707015596443,
        0.008224116296930062,
        0.01682143919149309,
        0.016923010759826152,
        1.3216534881338746,
        0.007267350292089187,
        0.008278188843746202,
        0.016712657950251206,
        0.02151005912346041,
        0.03202091402770518,
        0.8097088221752774,
        0.007762485181562469,
        0.0022392395857977893,
        0.054576163673741095,
        0.05426402724662988,
        0.8045927110496577,
        0.015389682971482986,
        0.005591101340788856,
        0.05439973873667824
    ],
    "nn.conv2d_transpose": [],
    "nn.dense": [
        0.00229352418181713
    ],
    "nn.layer_norm": [],
    "nn.relu": [
        0.002232454011295372,
        0.0036506390823006388,
        0.0016554681293866798,
        0.000990693877352961,
        0.0015672556608552519,
        0.002354382303135687,
        0.0013297605532706378,
        0.0009565539556376731,
        0.0012892591554593332,
        0.00126869038274888,
        0.0013028303044641681,
        0.0010042650263577964,
        0.0012822615317537149,
        0.0012822615317537149,
        0.0013028303044641681,
        0.0009158405086231678,
        0.0012958326807585502,
        0.0018386786409519535,
        0.0011806899634206527,
        0.0009092669833239508,
        0.001146762090908565,
        0.0010719087221787713,
        0.0011060486438940595,
        0.0009294116576280027,
        0.0011196197928988946,
        0.001085479871183606,
        0.0010719087221787713,
        0.0008821246853142806,
        0.0010719087221787713,
        0.0010719087221787713,
        0.0011261933181981115,
        0.0008956958343191158,
        0.0010719087221787713,
        0.0010719087221787713,
        0.0010789063458843892,
        0.0009158405086231678,
        0.001085479871183606,
        0.001146762090908565,
        0.0010719087221787713,
        0.0009092669833239508,
        0.0010719087221787713,
        0.0010719087221787713,
        0.0010789063458843892,
        0.0009499804303384561,
        0.0010719087221787713,
        0.0010719087221787713,
        0.0010719087221787713,
        0.001031195275164266,
        0.0011126221691932768,
        0.001533539837546365,
        0.0011261933181981115,
        0.0009771227283481261,
        0.001058337573173936,
        0.0010178361753626314,
        0.0010108385516570133,
        0.000970125104642508,
        0.001058337573173936
    ],
    "nn.bias_add": [
        0.0009972674026521783,
        0.001085479871183606,
        0.000970125104642508,
        0.0010042650263577964,
        0.000970125104642508,
        0.0009565539556376731,
        0.0009092669833239508,
        0.000970125104642508,
        0.0009092669833239508,
        0.0010178361753626314,
        0.000970125104642508,
        0.000922838132328786,
        0.0009092669833239508,
        0.000970125104642508,
        0.0009092669833239508,
        0.0009635515793432909,
        0.0009158405086231678,
        0.0009565539556376731,
        0.0009158405086231678,
        0.0009635515793432909,
        0.0009429828066328381,
        0.0009635515793432909,
        0.0009565539556376731,
        0.0009635515793432909,
        0.0009499804303384561,
        0.001031195275164266,
        0.0010108385516570133,
        0.0009635515793432909,
        0.0010042650263577964
    ],
    "nn.max_pool2d": [],
    "nn.adaptive_avg_pool2d": [
        0.003487785294242617,
        0.001987961280005139,
        0.001859035364459206,
        0.0018861776624688761,
        0.001641896980381845,
        0.0015471109865511997,
        0.0015401133628455818,
        0.0015742532845608697,
        0.0015401133628455818,
        0.001533539837546365,
        0.001533539837546365,
        0.001580826809860087,
        0.0016081811570729577,
        0.0014858287668262412,
        0.0014858287668262412
    ],
    "nn.batch_matmul": [],
    "nn.softmax": [],
    "nn.batch_norm": [
        0.012979319678702356,
        0.018150139498747723,
        0.016684667455428733,
        0.01061772770265785,
        0.011052004470812574,
        0.021108649981801772,
        0.012999888451412811,
        0.00951910078087581,
        0.009729877688857155,
        0.009444035362942818,
        0.009552816604184697,
        0.009708884817740298,
        0.009417317163339546,
        0.00968195456893383,
        0.009695313668735467,
        0.02332074726958989,
        0.011269779002499536,
        0.0090511081894122,
        0.009064255240010633,
        0.008908611124861432,
        0.008915184650160649,
        0.009003185069488877,
        0.008894615877450194,
        0.008819762508720403,
        0.008928543749962284,
        0.00896247162247437,
        0.008908187026455032,
        0.009009546545584893,
        0.008989189822077638,
        0.008955686047971954,
        0.009206752304561402,
        0.009261248949783944,
        0.008833121608522038,
        0.009281817722494397,
        0.008813401032624384,
        0.00901696826769691,
        0.008955898097175154,
        0.00882676013242602,
        0.008901825550359014,
        0.009037749089610568,
        0.040359748943566746,
        0.01051679228193439,
        0.008969469246179989,
        0.009084824012721086,
        0.00882654808322282,
        0.008888254401354179,
        0.008975830722276007
    ],
    "multiply": [
        0.0017167503491116382,
        0.0013976162982948135,
        0.001343331702275473,
        0.001343331702275473,
        0.0012078322614303227,
        0.0011603332399133998,
        0.0011261933181981115,
        0.0011397644672029468,
        0.0011533356162077818,
        0.0011331909419037296,
        0.0011261933181981115,
        0.0011603332399133998,
        0.0012144057867295398,
        0.0010719087221787713
    ],
    "add": [
        0.00206938817403415,
        0.0014453273690149366,
        0.0013976162982948135,
        0.0013976162982948135,
        0.0012078322614303227,
        0.0011261933181981115,
        0.0011261933181981115,
        0.0011806899634206527,
        0.0011736923397150346,
        0.0011806899634206527,
        0.0011261933181981115,
        0.0011603332399133998,
        0.0012349745594399928,
        0.0010719087221787713
    ],
    "squeeze": [],
    "reshape": [],