{
    "nn.conv2d": [
        0.0002940575791435264,
        0.0016553205087980706,
        0.0037842858494904633,
        10.338578400018035,
        0.0038275563637877657,
        0.003812093327146988,
        10.345064965219303,
        0.003831840372100796,
        0.003150821113156088,
        0.007506715491746429,
        5.166278888277522,
        0.003459951904487263,
        0.003451501647331418,
        5.165851608191522,
        0.003446697873080882,
        0.003455793776987223,
        5.166097965063885,
        0.0034528051228465678,
        0.0034634562638940366,
        5.16649451398883,
        0.0034520254739403102,
        0.003449036819799655,
        5.165660768818357,
        0.00344994641019029,
        0.003459821963002887,
        5.166089039708177,
        0.00345526995037833,
        0.004694396006061943,
        0.006026681984700578,
        2.2568132931465033,
        0.003965164395742248,
        0.003814818037647503,
        2.255202059346951,
        0.003943849931633151,
        0.003817676750303781,
        2.255159182717778,
        0.003807415433709441,
        0.0038207953459288117,
        2.2549797457098686,
        0.0038075413145224313,
        0.003813522683475127,
        2.2549641324283867,
        0.0039480121198045785,
        0.003942420575305012,
        2.254972062919605,
        0.003813648564288116,
        0.003808454965584452,
        2.2549200132337694,
        0.003816511337615781,
        0.0038115695005380952,
        2.254716041649341,
        0.003817936633272534,
        0.0038088407293661933,
        2.2547182709579325,
        0.003954894957805135,
        0.003817676750303781,
        2.2548065012258243,
        0.003823398236287724,
        0.0038245677096471115,
        2.254818646693942,
        0.0038206654044444354,
        0.003944243816757667,
        2.2547358658470515,
        0.0038191101673033068,
        0.003808454965584452,
        2.2547061254898146,
        0.003811183736756354,
        0.002856499590372423,
        0.009402951573249514,
        1.2879681806446441,
        0.004265069341682707
    ],
    "nn.conv2d_transpose": [],
    "nn.dense": [
        0.00022129034789280846
    ],
    "nn.layer_norm": [],
    "nn.relu": [
        0.00011590374339225687,
        0.0007719782980081052,
        0.00021621856933074662,
        0.0002141395055807261,
        0.00022232581909643187,
        0.00021544298109587567,
        0.00021674239593963852,
        0.0004129499766764377,
        0.00011694327526726715,
        0.00012850806737675622,
        0.0001170732167516434,
        0.00011889239753291135,
        0.00012643306429812248,
        0.00011668745296990131,
        0.00011499415300162289,
        0.00012435400054810198,
        0.00011525809664176222,
        0.00011590374339225687,
        0.00012448394203247825,
        0.00011512409448599917,
        0.00011551797961051479,
        0.0001212354049230712,
        0.00011564792109489107,
        0.00011642757000114875,
        0.0001237002324548338,
        0.00020166512308060304,
        6.34073837042389e-05,
        6.1722205078734e-05,
        6.224197101623912e-05,
        6.145826143859467e-05,
        6.249779331360492e-05,
        6.224197101623912e-05,
        6.120243914122886e-05,
        6.224197101623912e-05,
        6.184808589172352e-05,
        6.0812614688100014e-05,
        6.15922635943577e-05,
        6.184808589172352e-05,
        6.19780273760998e-05,
        6.145826143859467e-05,
        6.184808589172352e-05,
        6.301755925111006e-05,
        6.120243914122886e-05,
        6.120243914122886e-05,
        6.120243914122886e-05,
        6.120243914122886e-05,
        6.133238062560515e-05,
        6.276173695374426e-05,
        6.120243914122886e-05,
        6.211202953186284e-05,
        6.120243914122886e-05,
        6.145826143859467e-05,
        6.211202953186284e-05,
        6.120243914122886e-05,
        6.120243914122886e-05,
        6.224197101623912e-05,
        6.133238062560515e-05,
        6.145826143859467e-05,
        6.120243914122886e-05,
        6.120243914122886e-05,
        6.1722205078734e-05,
        6.120243914122886e-05,
        6.211202953186284e-05,
        6.145826143859467e-05,
        0.00011746710187615902,
        4.560540034468826e-05,
        4.3790280234807066e-05
    ],
    "nn.bias_add": [
        2.1306342766323506e-05
    ],
    "nn.max_pool2d": [],
    "nn.adaptive_avg_pool2d": [
        5.626466273493015e-05
    ],
    "nn.batch_matmul": [],
    "nn.softmax": [],
    "nn.batch_norm": [
        0.00047647105917950587,
        0.004363540622811609,
        0.0025958126086852804,
        0.000785601850510681,
        0.0008321249625887768,
        0.0007958631671050204,
        0.0007823614347440474,
        0.0008305616041048746,
        0.007878319712362889,
        0.001371369940736187,
        0.0004784242421165369,
        0.0005164889756960141,
        0.0004766050613352689,
        0.00047958965480453665,
        0.0005129967983034014,
        0.0004786800644139027,
        0.0004720530487107123,
        0.0005145439141017565,
        0.00047089169669409925,
        0.000477108584587227,
        0.0005120831472413807,
        0.00047438793475809867,
        0.0004768649443040215,
        0.000507514891931277,
        0.00047502952083720656,
        0.0004740062316477434,
        0.0005072671909766848,
        0.006290954539222228,
        0.0007383072108691009,
        0.0003247034660993951,
        0.00034419062808445074,
        0.00031611920678778705,
        0.00032664040635087906,
        0.0003384732027718942,
        0.00032040321510081756,
        0.0003227665258479112,
        0.00033652408050625004,
        0.00031611920678778705,
        0.00032223457789624574,
        0.0003374377315682708,
        0.0003175485631159261,
        0.00032365581288161136,
        0.0003373037294125077,
        0.00031482385261541094,
        0.00032221833521069875,
        0.0003380793176473787,
        0.000313004671834143,
        0.00032027733428782805,
        0.00033821738047452843,
        0.0003193677438971941,
        0.00032443140111648234,
        0.00033768949319424983,
        0.0003192459237555913,
        0.00032392381719313743,
        0.00033899296870939946,
        0.0003174186216315498,
        0.00032326598842848255,
        0.0003396345547885073,
        0.00031612326745917375,
        0.00032235639803784855,
        0.00034107203245941996,
        0.00031702473650703424,
        0.00032236451938062207,
        0.0003391229101937757,
        0.00031651309191230257,
        0.0003253531735212765,
        0.00034158773772553834,
        0.009625123086833248,
        0.00048635067266349015,
        0.0002641507343800477,
        0.0002733806404421505
    ],
    "multiply": [],
    "add": [
        0.0002581896687842858,
        0.0002575399613624044,
        0.00015215741753323955,
        0.00014982253148585327,
        0.00015515013234528082,
        0.00015151177078274493,
        0.00015228735901761588,
        0.00015033823675197165,
        8.536749456383057e-05,
        8.419802120444404e-05,
        8.446196484458337e-05,
        8.368231593832567e-05,
        8.302854784505749e-05,
        8.393813823569147e-05,
        8.485178929771222e-05,
        8.497767011070172e-05,
        8.497767011070172e-05,
        8.459190632895965e-05,
        8.614714347008827e-05,
        8.52375530794543e-05,
        8.497767011070172e-05,
        5.782396054744554e-05
    ],
    "squeeze": [],
    "reshape": [],
    "transpose": [],
    "latency": 82.50896612803142,
    "batch_size": 2,
    "model_name": "regnet_x_16gf",
    "sm_partition": 10
}