{
    "nn.conv2d": [
        0.0014750405563956407,
        0.0014565304938361737,
        0.0035200833302071145,
        2.690291407405943,
        0.002007364424485144,
        0.001990130917964261,
        2.68399339851246,
        0.001970982577385502,
        0.001875899098699101,
        0.0043530361453831354,
        1.5680696774383862,
        0.003975833782169683,
        0.003987302840328836,
        1.5654572453978,
        0.0039879610645362305,
        0.004051768920277325,
        1.5655273961413578,
        0.004101574551970202,
        0.004020493297332018,
        1.5654150991023388,
        0.003996238732598923,
        0.007096375018488127,
        0.009645019149520965,
        0.9530378034475931,
        0.012877897317234793,
        0.012746392099072542,
        0.9473373225111086,
        0.01273107342660954,
        0.012768113497916579,
        0.9473354276232389,
        0.012803837120808823,
        0.012655756620333084,
        0.9474037433174914,
        0.012608543993093585,
        0.01276426388361272,
        0.9474305310481134,
        0.012674286629080656,
        0.012749583489169006,
        0.9473501080176828,
        0.012810858179021034,
        0.012704923974006672,
        0.9473431069056586,
        0.012635970001735036,
        0.01268832874550508,
        0.9472971508882695,
        0.012697244691587064,
        0.012708753642122423,
        0.9472498983686538,
        0.012704923974006672,
        0.012009819264809611,
        0.9472243273555058,
        0.012694711525698,
        0.015014832179636211,
        0.022871416265289168,
        0.530534774801428,
        0.03303725033236428,
        0.03298874120289809,
        0.5257381154864487,
        0.03305320728284659
    ],
    "nn.conv2d_transpose": [],
    "nn.dense": [
        0.000541239814171488
    ],
    "nn.layer_norm": [],
    "nn.relu": [
        0.0006070023963466638,
        0.001229303518968232,
        0.0003963706499803136,
        0.00040273348398513046,
        0.00040530654225040124,
        0.00040975454219734217,
        0.0004091162641780501,
        0.0007480418924220864,
        0.0002380577550078021,
        0.00023680114515732103,
        0.00023869603302709407,
        0.0002335898088727583,
        0.0002323331990222772,
        0.0002323331990222772,
        0.0002355046429306342,
        0.00022978008694510935,
        0.0002355046429306342,
        0.00024190736931165675,
        0.0002310366967955904,
        0.0005488991504029915,
        0.00020231418592745175,
        0.00020105757607697067,
        0.00019465484969594812,
        0.00019720796177311595,
        0.00019912279583099194,
        0.00019720796177311595,
        0.00019656968375382405,
        0.00019401657167665613,
        0.00019465484969594812,
        0.00019465484969594812,
        0.00019401657167665613,
        0.00019465484969594812,
        0.00019595135192263492,
        0.00019531307390334294,
        0.00019720796177311595,
        0.00019401657167665613,
        0.00019595135192263492,
        0.00019401657167665613,
        0.00019401657167665613,
        0.00019465484969594812,
        0.00019976107385028387,
        0.00019401657167665613,
        0.00019720796177311595,
        0.00019720796177311595,
        0.00019401657167665613,
        0.00019401657167665613,
        0.00019401657167665613,
        0.00019465484969594812,
        0.00019850446399980278,
        0.0003025437811443939,
        0.0001551015586879488,
        0.00014042116424423348,
        0.00014042116424423348,
        0.00014042116424423348,
        0.00014042116424423348
    ],
    "nn.bias_add": [
        0.00010020964902883936
    ],
    "nn.max_pool2d": [],
    "nn.adaptive_avg_pool2d": [
        0.00020422901998532763
    ],
    "nn.batch_matmul": [],
    "nn.softmax": [],
    "nn.batch_norm": [
        0.0024553757554637984,
        0.004921602237255561,
        0.004394424485696599,
        0.0017768662747683311,
        0.0018834387578019875,
        0.0017647589385898865,
        0.0017660354946284708,
        0.0018579475294065145,
        0.00545264954930648,
        0.0029410654357687823,
        0.001295544809657877,
        0.0013862600731497482,
        0.001281562531797762,
        0.0012783511955131997,
        0.001355602782035631,
        0.0012669020835421498,
        0.0012821808636289515,
        0.001375389400633682,
        0.0012815425856096594,
        0.0012764563076434264,
        0.001354944557828236,
        0.010646397577037656,
        0.0022459607265717233,
        0.0011730153761419216,
        0.0011908472683058913,
        0.0011493990894281185,
        0.0011481225333895345,
        0.0011538470893750594,
        0.0011532088113557675,
        0.0011558417081853469,
        0.0011532885961081792,
        0.0011385483631001553,
        0.001132863699490836,
        0.0011494589279924272,
        0.0011461678069554532,
        0.0011481424795776376,
        0.0011468659235390538,
        0.0011481225333895345,
        0.0011353769191917982,
        0.0011500373674474106,
        0.0011468858697271564,
        0.001137930031268966,
        0.001160289708132288,
        0.0011519522015052863,
        0.0011321855290953385,
        0.001153288596108179,
        0.0011449710356692805,
        0.0011385483631001553,
        0.00117120027302456,
        0.0011347186949844032,
        0.0011385882554763608,
        0.0011494589279924274,
        0.02378020448763232,
        0.0014864098836142791,
        0.0010102943735986747,
        0.0010345888307079754,
        0.0010090377637481938,
        0.0009911061406437098,
        0.0010217434855697245
    ],
    "multiply": [],
    "add": [
        0.0005125372494914522,
        0.0004946654649512771,
        0.0003325428480511166,
        0.0003082882833180217,
        0.00032486356563151005,
        0.0003050968932215618,
        0.00024635536925859773,
        0.00020678213206249554,
        0.00020807863428918234,
        0.00020807863428918234,
        0.00020807863428918234,
        0.00020933524413966337,
        0.00020807863428918234,
        0.00020486729800461964,
        0.00021063174636635028,
        0.00020807863428918234,
        0.00018318579153679551,
        0.00017040028496285322
    ],
    "squeeze": [],
    "reshape": [],
    "transpose": [],
    "latency": 22.705500920613606,
    "batch_size": 4,
    "model_name": "regnet_x_1_6gf",
    "sm_partition": 20
}