{
    "nn.conv2d": [
        0.007306731723173348,
        0.008405010652991948,
        0.016900504513270093,
        4.53887820963769,
        0.003521470277298024,
        0.0018062603887099335,
        0.008041659591758057,
        0.014186859233937817,
        0.016120193217833374,
        2.553416821659917,
        0.004166198585014368,
        0.004138968528903162,
        0.007760282345275605,
        0.007696745547682794,
        2.554651250870292,
        0.0049286401561281085,
        0.00252303488655384,
        0.007624132064719581,
        0.007842256160027044,
        2.572523244364613,
        0.004610956168164051,
        0.0018062603887099335,
        0.007624132064719581,
        0.04172523900131867,
        0.016909581198640493,
        1.4310665222390095,
        0.007751205659905204,
        0.0017515166300696979,
        0.022745889891808767,
        0.02161130422050856,
        1.4280621393814064,
        0.00972113003170019,
        0.011963071318189406,
        0.021810991298657392,
        0.02162038090587896,
        1.427889682359369,
        0.009575903065773763,
        0.01155462047652133,
        0.021865451410879807,
        0.021792837927916593,
        1.4279892422520255,
        0.009711769699911964,
        0.011563697161891732,
        0.0218382213547686,
        0.02161130422050856,
        1.427962295842332,
        0.009675462958430357,
        0.011490800032510694,
        0.0217114314060008,
        0.021475437586370355,
        1.4275989447810982,
        0.009630363177996175,
        0.011372803122695471,
        0.02166604797914879,
        0.021656971293778395,
        1.427653404893321,
        0.009702693014541564,
        0.011572773847262133,
        0.021784044888964012,
        0.021856374725509404,
        1.428270619498508,
        0.009648232902319153,
        0.011436623566706109,
        0.02187452809625021,
        0.02543258876144766,
        0.03481816508086081,
        0.8743934084722748,
        0.010011583963553046,
        0.0030404059526667354,
        0.06260189899966036,
        0.06221160152873306,
        0.8694100245575066,
        0.020368081971181357,
        0.006662287061874827,
        0.06267451248262355
    ],
    "nn.conv2d_transpose": [],
    "nn.dense": [
        0.004193144994707748
    ],
    "nn.layer_norm": [],
    "nn.relu": [
        0.005472957631934385,
        0.010483287956396107,
        0.0022144275839601833,
        0.0013158357322904175,
        0.0020782773034041585,
        0.0064986230787897736,
        0.0017605933154400996,
        0.0012613756200680075,
        0.0016789031471064846,
        0.0015974966251906943,
        0.0016156499959314977,
        0.0013070426933378407,
        0.0016244430348840743,
        0.001579343254449891,
        0.0016789031471064846,
        0.0011887621371047942,
        0.0017152098885880914,
        0.0031402494917411538,
        0.0015521131983386861,
        0.0012976823615496143,
        0.001479499715375473,
        0.001479499715375473,
        0.001470139383587246,
        0.0012613756200680075,
        0.0015881362934024679,
        0.001470139383587246,
        0.001443192973893866,
        0.0011887621371047942,
        0.001470139383587246,
        0.0014976530861162763,
        0.0014976530861162763,
        0.0011887621371047942,
        0.0014882927543280495,
        0.0015699829226616645,
        0.001533959827597883,
        0.0012250688785864008,
        0.001470139383587246,
        0.001470139383587246,
        0.001470139383587246,
        0.0012613756200680075,
        0.001479499715375473,
        0.001479499715375473,
        0.001479499715375473,
        0.0012162758396338242,
        0.001470139383587246,
        0.001470139383587246,
        0.001470139383587246,
        0.0012888893225970373,
        0.001479499715375473,
        0.001960564040006761,
        0.0014882927543280495,
        0.001198122468893021,
        0.0013251960640786444,
        0.001333989103031221,
        0.001333989103031221,
        0.0013251960640786444,
        0.0013251960640786444
    ],
    "nn.bias_add": [
        0.0013158357322904175,
        0.0013887328616714561,
        0.0013887328616714561,
        0.0013521424737720244,
        0.0013705794909306525,
        0.0012795289908088107,
        0.001252582581115431,
        0.001252582581115431,
        0.0012613756200680075,
        0.001479499715375473,
        0.0013251960640786444,
        0.0013158357322904175,
        0.0012795289908088107,
        0.0012976823615496143,
        0.0012613756200680075,
        0.0015064461250688527,
        0.0012613756200680075,
        0.0013070426933378407,
        0.001333989103031221,
        0.0014976530861162763,
        0.0013158357322904175,
        0.001270735951856234,
        0.001252582581115431,
        0.0013251960640786444,
        0.0013070426933378407,
        0.0013521424737720244,
        0.001443192973893866,
        0.0013158357322904175,
        0.0013887328616714561
    ],
    "nn.max_pool2d": [],
    "nn.adaptive_avg_pool2d": [
        0.004728953077979272,
        0.002813772464824519,
        0.0027139289257501,
        0.002695491908591472,
        0.002287041066923397,
        0.002151174432785196,
        0.00222378791574841,
        0.002142097747414795,
        0.002151174432785196,
        0.002151174432785196,
        0.002142097747414795,
        0.002151174432785196,
        0.0022144275839601833,
        0.002015024152229172,
        0.002015024152229172
    ],
    "nn.batch_matmul": [],
    "nn.softmax": [],
    "nn.batch_norm": [
        0.02422368772867729,
        0.02968841961449475,
        0.03861023404076394,
        0.01475698853376617,
        0.016145437749019803,
        0.027673962755101228,
        0.0264293222736849,
        0.01271445067900797,
        0.013377332357465119,
        0.012515898186530434,
        0.012460587135054548,
        0.01285088460598182,
        0.012533484264435586,
        0.012686936976478939,
        0.01296831422296139,
        0.02823614995523048,
        0.01734384386433065,
        0.012242746686164907,
        0.012441866471478092,
        0.012052136293386473,
        0.012143186793508313,
        0.01204305960801607,
        0.012024338944439618,
        0.012025189883693091,
        0.01209751972023848,
        0.012097803366656303,
        0.012089293974121555,
        0.012188286573942496,
        0.012188286573942499,
        0.012251823371535308,
        0.012342022932403676,
        0.012115673090979282,
        0.011970446125052854,
        0.012142619500672662,
        0.011979806456841087,
        0.012206723591101126,
        0.012243313979000556,
        0.012079082703079851,
        0.012097803366656305,
        0.012342022932403676,
        0.04589058664707956,
        0.013750043750487235,
        0.012070006017709451,
        0.011988315849375836,
        0.011725659266469837,
        0.011715731641845962,
        0.011943499715359478
    ],
    "multiply": [
        0.002386884605997814,
        0.0017787466861809028,
        0.0016789031471064846,
        0.0018062603887099335,
        0.0016425964056248777,
        0.001479499715375473,
        0.001533959827597883,
        0.001533959827597883,
        0.0015427528665504595,
        0.0016062896641432713,
        0.0015427528665504595,
        0.0015427528665504595,
        0.001479499715375473,
        0.0014068862324122596
    ],
    "add": [
        0.003921128080013522,
        0.0024594980889610283,
        0.0018970272424139495,
        0.0018425671301915399,
        0.0017787466861809028,
        0.0015521131983386861,
        0.0015521131983386861,
        0.0015521131983386861,
        0.0015521131983386861,
        0.0015521131983386861,
        0.0015521131983386861,
        0.0015521131983386861,
        0.0016244430348840743,
        0.001479499715375473
    ],
    "squeeze": [],
    "reshape": [],
    "transpose": [],