{
    "nn.conv2d": [
        0.00018064776513614144,
        0.0008723531684188086,
        0.0016847056703807675,
        4.421636994324443,
        0.0018342525229998127,
        0.0018044709168855398,
        4.421640806425574,
        0.0018031446667648068,
        0.0015787167602086402,
        0.003412969283208453,
        2.2088943929294715,
        0.0015385056897941494,
        0.0015338395113588985,
        2.207317391267586,
        0.0015316175216278265,
        0.0015316175216278265,
        2.2076507244458363,
        0.001528055394340202,
        0.001537172495955506,
        2.207444961253021,
        0.0015353879604527389,
        0.0015353879604527389,
        2.2075216685047687,
        0.0015342839093051128,
        0.0015202784302814506,
        2.2074049098881185,
        0.0015313883789368097,
        0.0027232706144016605,
        0.00299479081582073,
        0.9651794349908586,
        0.0018709084098445887,
        0.0018602498028533533,
        0.9642135707733513,
        0.001862693991557532,
        0.0018669157720465686,
        0.9641218164848937,
        0.0018633605884768535,
        0.0018686933638314262,
        0.9641360094443008,
        0.0018646868385975874,
        0.0018669157720465686,
        0.9640335548865446,
        0.0018664644303824447,
        0.0018575834151760668,
        0.964117573873251,
        0.0018620204509203011,
        0.0018697974149790525,
        0.9641068736039523,
        0.001862693991557532,
        0.0018609163997726748,
        0.9641244620414173,
        0.001862693991557532,
        0.0018644715833423897,
        0.9641955587690936,
        0.0018633605884768535,
        0.0018704709556162837,
        0.964191323101169,
        0.0018609163997726748,
        0.0018682420221673025,
        0.9642540457050462,
        0.0018600276038802461,
        0.0018595762622161222,
        0.9642204589415176,
        0.0018622426498934078,
        0.0018604650581085511,
        0.9641495774690964,
        0.0018573612162029597,
        0.0018255867630486322,
        0.004116235976810603,
        0.5504770691695788,
        0.0031403311432059364
    ],
    "nn.conv2d_transpose": [],
    "nn.dense": [
        0.0002919625069449315
    ],
    "nn.layer_norm": [],
    "nn.relu": [
        0.0001353122309043661,
        0.0009787795328192405,
        0.00025374428357049573,
        0.0002526402324228694,
        0.0002513000948663167,
        0.0002499669010276736,
        0.00025486222215394125,
        0.0004783943890997694,
        0.0001368676237161164,
        0.0001324236442539727,
        0.00012997945554979367,
        0.0001368676237161164,
        0.00013420817975673977,
        0.00013443037872984693,
        0.00012997945554979367,
        0.00013598577154159725,
        0.0001337568380926158,
        0.00013465257770295416,
        0.00013443037872984693,
        0.00013465257770295416,
        0.000133319383864311,
        0.000133319383864311,
        0.00013443037872984693,
        0.00013197924630775832,
        0.00013820776127266912,
        0.00022819834538107903,
        5.0661365868438195e-05,
        5.1994559707081305e-05,
        4.776583550013518e-05,
        5.0661365868438195e-05,
        5.332080982781482e-05,
        4.776583550013518e-05,
        4.7543636527028e-05,
        5.176541701606451e-05,
        4.776583550013518e-05,
        4.732838127183042e-05,
        5.3549952518831596e-05,
        4.776583550013518e-05,
        4.8883774083580715e-05,
        5.1994559707081305e-05,
        4.7543636527028e-05,
        4.732838127183042e-05,
        5.087662112363577e-05,
        4.932817202979508e-05,
        4.7543636527028e-05,
        5.1994559707081305e-05,
        4.7543636527028e-05,
        4.732838127183042e-05,
        5.087662112363577e-05,
        4.732838127183042e-05,
        4.732838127183042e-05,
        5.1321019069850156e-05,
        4.732838127183042e-05,
        4.732838127183042e-05,
        5.598719750510103e-05,
        4.732838127183042e-05,
        4.776583550013518e-05,
        5.2438957653295675e-05,
        4.732838127183042e-05,
        4.732838127183042e-05,
        5.155016176086693e-05,
        4.709923858081363e-05,
        4.732838127183042e-05,
        5.376520777402919e-05,
        0.0001353122309043661,
        4.377319770211545e-05,
        4.02110704144909e-05
    ],
    "nn.bias_add": [
        3.465609608681126e-05
    ],
    "nn.max_pool2d": [],
    "nn.adaptive_avg_pool2d": [
        6.176437080588784e-05
    ],
    "nn.batch_matmul": [],
    "nn.softmax": [],
    "nn.batch_norm": [
        0.0006023328100682115,
        0.002391277573707887,
        0.0030254403866737034,
        0.000919403800974255,
        0.0010629790561910444,
        0.0009491784633706178,
        0.0009307428923206309,
        0.001049848485623992,
        0.0038877668264310494,
        0.0016435641417663902,
        0.0005854456881120654,
        0.0006583338950091317,
        0.0005914589478217786,
        0.0005867788819507086,
        0.0006481057985282915,
        0.0005932365396066361,
        0.0005829945556899769,
        0.0006545634561842191,
        0.0005834458973541008,
        0.0005790088616098666,
        0.0006443284159854694,
        0.0005867927693865277,
        0.0005847929786285631,
        0.0006536746602917905,
        0.0005921186010231906,
        0.0005863414277224038,
        0.0006463420941792533,
        0.003302501674984634,
        0.0008716587966278485,
        0.0003494842661080541,
        0.00038036297965204327,
        0.000341908669868681,
        0.00034792887329630377,
        0.0003785923315850953,
        0.0003461304503577175,
        0.00034303355217003606,
        0.0003790228420954905,
        0.0003477066743231966,
        0.0003412559603851787,
        0.0003770230513375258,
        0.00034657484830393187,
        0.0003476927868873775,
        0.00038102957657136483,
        0.00034325575114314334,
        0.0003425960979417314,
        0.000381043464007184,
        0.000342603041659641,
        0.0003425960979417314,
        0.0003801477243968457,
        0.0003421586437134266,
        0.0003483732712425182,
        0.0003761411991630068,
        0.0003439223480624649,
        0.00034880378175291334,
        0.0003759120564719899,
        0.00034613739407562716,
        0.00034550551574585365,
        0.00037412752096922287,
        0.0003485815827798061,
        0.00034681787843076793,
        0.0003781548773567906,
        0.00034415843447139127,
        0.0003443667460086793,
        0.00037948112747752407,
        0.0003416864708955738,
        0.000346158225229356,
        0.0003790228420954906,
        0.004410621841305984,
        0.0005998886213640324,
        0.0003194804610206745,
        0.00033238188889671044
    ],
    "multiply": [],
    "add": [
        0.00036418411692267633,
        0.00035328942352251465,
        0.00019886808093093063,
        0.00019886808093093063,
        0.00019863893823991383,
        0.00019352836185844858,
        0.00019597949428053722,
        0.00019463935672398453,
        8.665759951180216e-05,
        8.198447735864169e-05,
        8.443560978073032e-05,
        8.731725271321412e-05,
        8.220667633174887e-05,
        8.465086503592791e-05,
        8.421341080762314e-05,
        8.398426811660635e-05,
        8.309547222417761e-05,
        8.287327325107043e-05,
        8.354681388830159e-05,
        8.487306400903509e-05,
        8.798384963253567e-05,
        5.376520777402919e-05
    ],
    "squeeze": [],
    "reshape": [],
    "transpose": [],
    "latency": 35.30921936035156,
    "batch_size": 4,
    "model_name": "regnet_x_16gf",
    "sm_partition": 80
}