{
    "nn.conv2d": [
        0.0024930637076737926,
        0.002307225648934942,
        0.006149247631294282,
        4.986857449835722,
        0.0034034241871154216,
        0.0033951190922240364,
        4.975801555841971,
        0.0034128945848534826,
        0.0032418355257097676,
        0.0077396640545591994,
        2.906781676744462,
        0.00674588268879208,
        0.007003932530283642,
        2.899279457017566,
        0.006917533647794424,
        0.006683733203636058,
        2.8992105931683883,
        0.006766007283985458,
        0.0067452907889334526,
        2.899234861062592,
        0.006953029142441567,
        0.012225691579977225,
        0.017027183233173794,
        1.76549278073663,
        0.022206880399163575,
        0.02248152193356732,
        1.7546101839233639,
        0.02239749065051262,
        0.022498687029467557,
        1.754305928899158,
        0.02177895529824556,
        0.021744606609574505,
        1.754577592437398,
        0.0225472413147457,
        0.021734562808848397,
        1.7543585709928349,
        0.02221102369817397,
        0.022196818101566883,
        1.7545231191535335,
        0.02227555927963509,
        0.022588082404991085,
        1.7545699717267182,
        0.022421148147987194,
        0.02174697420900902,
        1.7545758907253046,
        0.022293297778523374,
        0.022148282313159323,
        1.7546516724040797,
        0.022125198218672804,
        0.022483889533001837,
        1.7545634793251441,
        0.02185055668426905,
        0.02543985592386449,
        0.03742876906351963,
        0.9831817895706323,
        0.0570668410699755,
        0.057521993564390445,
        0.9740221207614815,
        0.05636127794161943
    ],
    "nn.conv2d_transpose": [],
    "nn.dense": [
        0.0008872578880845248
    ],
    "nn.layer_norm": [],
    "nn.relu": [
        0.0009825352684531745,
        0.0020331760143898216,
        0.0005717752634353909,
        0.0005652458681198923,
        0.0005652458681198923,
        0.0005646539682612635,
        0.0005646539682612635,
        0.0013045472884178069,
        0.00045813049057866716,
        0.0004528033918510083,
        0.0004557443942735699,
        0.0004462739965355096,
        0.0004569281939908275,
        0.00044568209667688084,
        0.0004510091954045398,
        0.00045633629413219874,
        0.0004468658963941385,
        0.0004427225973837371,
        0.00044510869368883423,
        0.0007534885200344228,
        0.0002929719331506585,
        0.0002888286341402571,
        0.00029476612959712694,
        0.0002912147304453543,
        0.00030009322832478586,
        0.0002888286341402571,
        0.00029356383300928725,
        0.0002929719331506585,
        0.0002982990318783174,
        0.00030125853117146125,
        0.0002888286341402571,
        0.00029356383300928725,
        0.0002965233323024311,
        0.00028825523115221045,
        0.0002929719331506585,
        0.0002965233323024311,
        0.0002888286341402571,
        0.0002929719331506585,
        0.00029950132846615714,
        0.00029476612959712694,
        0.0002929719331506585,
        0.0002929719331506585,
        0.00029950132846615714,
        0.0002923800332920297,
        0.0002906228305867255,
        0.0002941742297384982,
        0.00029356383300928725,
        0.0002965233323024311,
        0.00028825523115221045,
        0.0005320994760366811,
        0.00019947025235789515,
        0.00019175705732513902,
        0.00019532695334749378,
        0.00019532695334749378,
        0.00019175705732513902
    ],
    "nn.bias_add": [
        9.056067837020166e-05
    ],
    "nn.max_pool2d": [],
    "nn.adaptive_avg_pool2d": [
        0.00024031134260328022
    ],
    "nn.batch_matmul": [],
    "nn.softmax": [],
    "nn.batch_norm": [
        0.0035814195727274416,
        0.007924836225957096,
        0.007118113712387247,
        0.0023277941690222916,
        0.0025723043012477196,
        0.002292909071104358,
        0.0022916882776459367,
        0.002407108750078547,
        0.009263769196787116,
        0.004475854246597841,
        0.0019413020582082874,
        0.002034822235871633,
        0.0019277068583304078,
        0.0019372142498096324,
        0.001942522851666709,
        0.0019371402623273035,
        0.0019335888631755312,
        0.0019495701593585078,
        0.001924728862166682,
        0.0019306293638823874,
        0.0019590960477083147,
        0.018255264458604998,
        0.002906709224502392,
        0.0014796571622190118,
        0.0015494643517960421,
        0.0014624735694481951,
        0.0014831900645002026,
        0.0015104544517382898,
        0.0014737196667621419,
        0.0014807484775833588,
        0.001493215368355727,
        0.0014838004612294131,
        0.00148910906308649,
        0.0014956014646608242,
        0.0014843553673468777,
        0.0014820062647829446,
        0.0015110833453380829,
        0.0014749034664793997,
        0.0014796571622190113,
        0.0014956384584019885,
        0.0014802305652070586,
        0.0014749589570911459,
        0.0014973956611072927,
        0.0014807854713245227,
        0.0014725543639154666,
        0.0015086417584212395,
        0.001467190271446643,
        0.0014796386653484295,
        0.0015115827608438012,
        0.00147843636876059,
        0.001486131066922764,
        0.0015092151614092858,
        0.03843377802973011,
        0.00220177498974611,
        0.001141626852330238,
        0.0011972839359119245,
        0.0011393147435074696,
        0.0011481747445163189,
        0.0011724056449789345
    ],
    "multiply": [],
    "add": [
        0.0008416815989701093,
        0.0006694202432385557,
        0.0005593268695336046,
        0.0004800307853479316,
        0.00047529558647890156,
        0.00047647938619615907,
        0.0003693270149137697,
        0.0003172583242250202,
        0.00031487222791992296,
        0.0003184421239422777,
        0.0003172583242250202,
        0.0003172583242250202,
        0.0003172583242250202,
        0.0003172583242250202,
        0.00031429882493187635,
        0.0003249345255166121,
        0.0002521493397758556,
        0.00022786294870149392
    ],
    "squeeze": [],
    "reshape": [],
    "transpose": [],
    "latency": 41.96587880452474,
    "batch_size": 2,
    "model_name": "regnet_x_1_6gf",
    "sm_partition": 5
}