{
    "nn.conv2d": [
        0.005928118363359725,
        0.008475659424738168,
        0.014451907425545517,
        4.032185695853029,
        0.0037386739126764696,
        0.0020050988581952014,
        0.008349432639734032,
        0.01267928379728599,
        0.013279844807953151,
        2.2690744817871606,
        0.004572012855401618,
        0.004513591345795387,
        0.007487639697511549,
        0.0076229475461850466,
        2.271718584825557,
        0.005211319737724727,
        0.002585984230912078,
        0.007410147954199657,
        0.007603574610357075,
        2.2716992118897283,
        0.005056336251100942,
        0.00197573675233093,
        0.0073904723162493725,
        0.04348225176376299,
        0.017696874176730985,
        1.260877841895706,
        0.008407551447217953,
        0.0018210559678294577,
        0.023683111347574632,
        0.02253072436793255,
        1.258039706796908,
        0.01037420713587952,
        0.012960191366791596,
        0.02294724248823397,
        0.02266603221660605,
        1.2581653281776675,
        0.010209234479219436,
        0.012388689759866393,
        0.02297599918985362,
        0.022937556020319983,
        1.258107512072306,
        0.01028702892465364,
        0.012311500718676814,
        0.022908496616578025,
        0.02260821611124444,
        1.2582621928568074,
        0.01017048860756349,
        0.012204949571622962,
        0.022733837492003955,
        0.022831004873266135,
        1.2584077925776394,
        0.010248283052997697,
        0.012495543609042559,
        0.022511351432104577,
        0.023170031250255657,
        1.2585724625321775,
        0.01036421796584322,
        0.0123211871865908,
        0.022937556020319983,
        0.022685405152434023,
        1.2580684634985275,
        0.010238596585083708,
        0.012456797737386616,
        0.023092236804821455,
        0.026783083782172618,
        0.03687608064642421,
        0.7703838634330504,
        0.01086821699949283,
        0.003196534411615538,
        0.05504819715518516,
        0.0545929331632278,
        0.7660930608492766,
        0.021910487719315103,
        0.007167683554227682,
        0.05460231692901947
    ],
    "nn.conv2d_transpose": [],
    "nn.dense": [
        0.0033221557923750504
    ],
    "nn.layer_norm": [],
    "nn.relu": [
        0.002789702759228106,
        0.006751468136048575,
        0.00206321766567912,
        0.0014914133566316056,
        0.0018888612432273635,
        0.0030802967966477,
        0.001772320926137214,
        0.00137547844378608,
        0.0016660724812056745,
        0.0016754562469973489,
        0.0016948291828253218,
        0.0014429810170616736,
        0.0016948291828253218,
        0.001617640141635742,
        0.0017048183528616204,
        0.0013073704662658625,
        0.0017629371603455392,
        0.0021404067068686995,
        0.001617640141635742,
        0.0013073704662658625,
        0.001472040420803633,
        0.0015107862924595785,
        0.001520775462495877,
        0.0014429810170616736,
        0.001578894269979796,
        0.0015301592282875517,
        0.001520775462495877,
        0.0013073704662658625,
        0.00154014839832385,
        0.001472040420803633,
        0.001472040420803633,
        0.0013073704662658625,
        0.00154014839832385,
        0.001472040420803633,
        0.0015495321641155247,
        0.0013073704662658625,
        0.0014626566550119582,
        0.001472040420803633,
        0.00154014839832385,
        0.0013073704662658625,
        0.0015495321641155247,
        0.0014820295908399312,
        0.0015301592282875517,
        0.0013073704662658625,
        0.0014820295908399312,
        0.0014626566550119582,
        0.0014626566550119582,
        0.0013073704662658625,
        0.0014914133566316056,
        0.0020338555598148488,
        0.0014626566550119582,
        0.0012979867004741885,
        0.0013848622095777544,
        0.0013848622095777544,
        0.001394851379614053,
        0.0014236080812337004,
        0.0013848622095777544
    ],
    "nn.bias_add": [
        0.001394851379614053,
        0.001394851379614053,
        0.0014429810170616736,
        0.0014142243154420262,
        0.0013848622095777544,
        0.0013073704662658625,
        0.0013073704662658625,
        0.0013073704662658625,
        0.0014236080812337004,
        0.0015107862924595785,
        0.0013848622095777544,
        0.00137547844378608,
        0.00137547844378608,
        0.0013848622095777544,
        0.0013073704662658625,
        0.001452970187097972,
        0.0013367325721301345,
        0.00137547844378608,
        0.0014042351454057274,
        0.00137547844378608,
        0.0013073704662658625,
        0.0013848622095777544,
        0.0013073704662658625,
        0.0013848622095777544,
        0.0013561055079581072,
        0.001472040420803633,
        0.0014626566550119582,
        0.0013848622095777544,
        0.00154014839832385
    ],
    "nn.max_pool2d": [],
    "nn.adaptive_avg_pool2d": [
        0.005007601209408697,
        0.0029253133100239164,
        0.002770027121277821,
        0.002789702759228106,
        0.002315065831442768,
        0.002256644321836538,
        0.00230507666140647,
        0.0022085146843889175,
        0.002198525514352619,
        0.002237271386008565,
        0.0022085146843889175,
        0.002198525514352619,
        0.002286006427700809,
        0.0021791525785246455,
        0.0022085146843889175
    ],
    "nn.batch_matmul": [],
    "nn.softmax": [],
    "nn.batch_norm": [
        0.017269458780026333,
        0.027090931840564,
        0.02743964468546751,
        0.014111972942189051,
        0.014556945061987805,
        0.025551086144362457,
        0.01781129557896495,
        0.013190850383993398,
        0.013414244550259713,
        0.01314241804442347,
        0.01329740153104725,
        0.013171477448165428,
        0.012881186112868145,
        0.01335582304065348,
        0.013093985704853536,
        0.02941568413992075,
        0.014924728140596978,
        0.012533078672209257,
        0.012638419010773859,
        0.012502505757855735,
        0.012464365290444413,
        0.012697143222502403,
        0.01245528422677505,
        0.012531867863720007,
        0.012570916437498265,
        0.012551846203792605,
        0.012464365290444413,
        0.012629943351349123,
        0.012444992354616442,
        0.012697143222502403,
        0.01268806215883304,
        0.012454073418285805,
        0.012591500181815488,
        0.012523089502172955,
        0.012532473267964634,
        0.01263872171289617,
        0.012522484097928333,
        0.012464970694689038,
        0.012416841057241416,
        0.012589986671203925,
        0.04859458790749167,
        0.014188253877011696,
        0.012522786800050643,
        0.012609662309154212,
        0.0122509602942144,
        0.012542159735878616,
        0.012464365290444415
    ],
    "multiply": [
        0.0021503958769049985,
        0.0018788720731910647,
        0.0017241912886895934,
        0.0017629371603455392,
        0.0016754562469973489,
        0.00154014839832385,
        0.00154014839832385,
        0.0015301592282875517,
        0.0015495321641155247,
        0.0015495321641155247,
        0.00154014839832385,
        0.0015495321641155247,
        0.00154014839832385,
        0.001394851379614053
    ],
    "add": [
        0.002585984230912078,
        0.0019857259223672284,
        0.001772320926137214,
        0.0017916938619651863,
        0.0016463968432553894,
        0.00154014839832385,
        0.00154014839832385,
        0.00154014839832385,
        0.00154014839832385,
        0.00154014839832385,
        0.00154014839832385,
        0.0015689050999434977,
        0.0016854454170336475,
        0.001472040420803633
    ],
    "squeeze": [],
    "reshape": [],
    "transpose": [],
    "latency": 24.27920659383138,