{
    "nn.conv2d": [
        0.002613631659381483,
        0.002718406896001737,
        0.005325694548624756,
        2.6789884100080217,
        0.0028896950784802595,
        0.0028610479229615707,
        2.666953829187216,
        0.002857875919582339,
        0.0026232467946247797,
        0.00514816148449337,
        1.562382952454188,
        0.004967357291877153,
        0.004881614075532291,
        1.556771678476327,
        0.004811929126294789,
        0.004872197190500195,
        1.5567526464560517,
        0.004827690018085348,
        0.004957841281739457,
        1.5567367864391557,
        0.004846722038360739,
        0.00743507679581397,
        0.01044530800270504,
        0.9480198219544167,
        0.012446941260105968,
        0.012291413969418005,
        0.9421389276893206,
        0.012345437151970546,
        0.012421565233072111,
        0.942056356476355,
        0.01236446917224594,
        0.01233274913845362,
        0.9420659716115984,
        0.012408778094449586,
        0.012310445989693396,
        0.9421325836825623,
        0.012450014138379598,
        0.012456358145138062,
        0.9419199603310481,
        0.012570649391896014,
        0.012342265148591313,
        0.9421230676724244,
        0.01232006112493669,
        0.012545273364862159,
        0.9420436684628382,
        0.012383402067415731,
        0.012494422185688844,
        0.942233988665592,
        0.01233592114183285,
        0.012599098297203497,
        0.9421738197264922,
        0.012373886057278034,
        0.015016263997283804,
        0.023079397462185687,
        0.5287570041759556,
        0.031488378420529456,
        0.03157085050838948,
        0.5233012574887823,
        0.03140273432929019
    ],
    "nn.conv2d_transpose": [],
    "nn.dense": [
        0.0015320776321690066
    ],
    "nn.layer_norm": [],
    "nn.relu": [
        0.0018586948551242914,
        0.004025272288245278,
        0.0008563417872870113,
        0.0008214497501154607,
        0.0007960737230816056,
        0.0008944058278377941,
        0.0009292978650093451,
        0.002512127551246062,
        0.0006120975270861554,
        0.0005867215000523001,
        0.0006120975270861554,
        0.0006057535203276916,
        0.0006406455574992423,
        0.0006090246488125243,
        0.0006090246488125243,
        0.0005773046150202054,
        0.0005994095135692277,
        0.0006185406589502201,
        0.0005963366352955969,
        0.0015828296862367168,
        0.0005676894797769089,
        0.0005201094290884303,
        0.0005201094290884303,
        0.0005201094290884303,
        0.0005424125778486546,
        0.0005455845812278865,
        0.0005201094290884303,
        0.0005233805575732632,
        0.0005201094290884303,
        0.0005455845812278865,
        0.0005327974426053579,
        0.0005455845812278865,
        0.0005455845812278865,
        0.0005233805575732632,
        0.0005327974426053579,
        0.0005201094290884303,
        0.0005233805575732632,
        0.0005455845812278865,
        0.0005486574595015174,
        0.0005170365508147994,
        0.0005201094290884303,
        0.0005519285879863502,
        0.0005773046150202054,
        0.0005424125778486546,
        0.0005646166015032778,
        0.0005327974426053579,
        0.0005201094290884303,
        0.0005201094290884303,
        0.0005550014662599812,
        0.0007644528143948875,
        0.0005170365508147994,
        0.000494733402054575,
        0.000494733402054575,
        0.000494733402054575,
        0.0004916605237809442
    ],
    "nn.bias_add": [
        0.0004916605237809442
    ],
    "nn.max_pool2d": [],
    "nn.adaptive_avg_pool2d": [
        0.0007738696994269823
    ],
    "nn.batch_matmul": [],
    "nn.softmax": [],
    "nn.batch_norm": [
        0.00839579731929883,
        0.009937390961605532,
        0.014740002327973827,
        0.005385466987302157,
        0.00604514456507679,
        0.005360190085373903,
        0.005420458149579309,
        0.006045243690182392,
        0.009306360539349585,
        0.00998804389056764,
        0.004497206916011625,
        0.004805089494008321,
        0.004490962034358762,
        0.004491061159464364,
        0.004703387135661699,
        0.004532396328499979,
        0.004516338061392617,
        0.0046783084839446465,
        0.004538244709730437,
        0.004484320652283495,
        0.004706658264146532,
        0.014425676618113066,
        0.007409502518568911,
        0.004386087672632907,
        0.004449725990428747,
        0.004306985838363313,
        0.00430688671325771,
        0.004319574726774638,
        0.004291224946572754,
        0.00426902092291813,
        0.0043580352677478245,
        0.004253160906021971,
        0.00426902092291813,
        0.0043196738518802395,
        0.004329487237334739,
        0.004297668078436819,
        0.00435159213588376,
        0.0042910266963615525,
        0.004259405787674833,
        0.004341778750429262,
        0.004322845855259471,
        0.004345149004019696,
        0.004363982774083885,
        0.004268723547601327,
        0.004291026696361552,
        0.004380140166296847,
        0.004304012085195282,
        0.004326017858638703,
        0.004354665014157391,
        0.004310157841742543,
        0.004281510686223856,
        0.004322845855259471,
        0.027056594074214485,
        0.005074808906348633,
        0.004208752858712724,
        0.004341977000640465,
        0.0041738608215411725,
        0.0041896217133317315,
        0.004246717774157906
    ],
    "multiply": [],
    "add": [
        0.001528905628789775,
        0.00152246249692571,
        0.0008944058278377941,
        0.0007675256926685184,
        0.0007898288414287425,
        0.0007675256926685184,
        0.0006818816014292572,
        0.0005709606082617416,
        0.0005709606082617416,
        0.0005519285879863502,
        0.0005709606082617416,
        0.0005676894797769089,
        0.0005709606082617416,
        0.000558272594744814,
        0.0005740334865353726,
        0.0005676894797769089,
        0.000621613537223851,
        0.0005486574595015174
    ],
    "squeeze": [],
    "reshape": [],
    "transpose": [],
    "latency": 22.832900683085125,
    "batch_size": 4,
    "model_name": "regnet_x_1_6gf",
    "sm_partition": 100
}