{
    "nn.conv2d": [
        0.0016789211624019553,
        0.0017310097253420125,
        0.0036198570108104014,
        2.437806319587924,
        0.002058771993914882,
        0.002187177618894066,
        2.4312239729870493,
        0.0019946504851135415,
        0.00215769148128804,
        0.00430150713311442,
        1.4211190372936313,
        0.004110660275557768,
        0.004018732905374274,
        1.4187341833073677,
        0.004053476681487258,
        0.004100307605920359,
        1.418465284909089,
        0.004044804288073721,
        0.004067298308490083,
        1.41851731926957,
        0.004043069809391014,
        0.006369005722901675,
        0.009676602368365903,
        0.8636211646191273,
        0.011048629208846313,
        0.011029549943336532,
        0.8585773006098141,
        0.010989602731175427,
        0.010989602731175427,
        0.8586154591408337,
        0.01131400444730055,
        0.011008736199144043,
        0.8586154591408337,
        0.011034753379384653,
        0.011020823347464159,
        0.8586119901834681,
        0.011071123229262675,
        0.01103296469824311,
        0.8585998488326891,
        0.011064185314531847,
        0.011039902612973943,
        0.8585513376320322,
        0.010993071688540839,
        0.011005267241778628,
        0.858530469685381,
        0.011046840527704771,
        0.011005267241778628,
        0.8585842385245449,
        0.011057247399801016,
        0.011048629208846313,
        0.858469817133945,
        0.011095460133279413,
        0.013827264058543615,
        0.019877071501368287,
        0.4809500707681183,
        0.029756662078069793,
        0.029780998982086533,
        0.476695394559437,
        0.029720238025732936
    ],
    "nn.conv2d_transpose": [],
    "nn.dense": [
        0.000728426844278285
    ],
    "nn.layer_norm": [],
    "nn.relu": [
        0.0006972604304483859,
        0.001495066422034968,
        0.0004977953819370317,
        0.0004804505951099575,
        0.0004665747656482981,
        0.00046998952055487826,
        0.0004821308713338303,
        0.0009834494130951112,
        0.0004249472772633198,
        0.0004006103732465812,
        0.0004006103732465812,
        0.000404079330611996,
        0.00040586801175353807,
        0.0004249472772633198,
        0.00041275172402553315,
        0.00040586801175353807,
        0.00039893009702270837,
        0.00040754828797741083,
        0.00040586801175353807,
        0.0005827306349308611,
        0.0003451612578587781,
        0.0003242933112074543,
        0.000343372576717236,
        0.00032608199234899636,
        0.00032608199234899636,
        0.0003347001833036989,
        0.00032776226857286913,
        0.00032776226857286913,
        0.00032608199234899636,
        0.0003295509497144112,
        0.00032608199234899636,
        0.00032776226857286913,
        0.00032776226857286913,
        0.00033123122593828395,
        0.00032608199234899636,
        0.0003416923004933632,
        0.0003295509497144112,
        0.00032608199234899636,
        0.00032608199234899636,
        0.00032608199234899636,
        0.0003347001833036989,
        0.000333019907079826,
        0.00032608199234899636,
        0.00032608199234899636,
        0.00032608199234899636,
        0.00032608199234899636,
        0.00032776226857286913,
        0.00032608199234899636,
        0.00032608199234899636,
        0.0004665747656482981,
        0.0002878692588705984,
        0.00027578211055048096,
        0.00027578211055048096,
        0.00027578211055048096,
        0.00027578211055048096
    ],
    "nn.bias_add": [
        0.0002619062810888215
    ],
    "nn.max_pool2d": [],
    "nn.adaptive_avg_pool2d": [
        0.0004388231067249792
    ],
    "nn.batch_matmul": [],
    "nn.softmax": [],
    "nn.batch_norm": [
        0.0037064183375692694,
        0.0061989184070786775,
        0.0059871494004118675,
        0.00296747621627707,
        0.0030835778831007983,
        0.00289099654686144,
        0.002911864493512763,
        0.0029448195884842045,
        0.006724248638103688,
        0.004308119833092242,
        0.0027176028810495315,
        0.002778363837403126,
        0.002686328062301963,
        0.0026742409139818455,
        0.0027245949982391956,
        0.00268123303117151,
        0.0026656227230271432,
        0.0026847019885369253,
        0.002658739010755148,
        0.0027002580942224567,
        0.0027002580942224567,
        0.011913754654305478,
        0.003269221304609328,
        0.002519926513679719,
        0.0025372713005067937,
        0.0024886516949321506,
        0.0024626345146915394,
        0.002502419119476141,
        0.002487079823625947,
        0.0024349370582270554,
        0.002485291142484405,
        0.002472987184328949,
        0.002429679419720099,
        0.0024956980145806502,
        0.0024643147909154126,
        0.0024713069081050767,
        0.0024730955892466188,
        0.00248534534494324,
        0.0024920664498387307,
        0.0024818763875778253,
        0.0024626345146915394,
        0.002481767982660156,
        0.0024661034720569546,
        0.0024643689933742468,
        0.0024747758654704915,
        0.00247146951548158,
        0.0024524444524306336,
        0.002485182737566736,
        0.0024800877064362833,
        0.0024573226737257484,
        0.0024470242065471725,
        0.0024712527056462417,
        0.022072758906299388,
        0.002986392874410349,
        0.0023047427521063284,
        0.0023550426339048443,
        0.0023602460699529665,
        0.0023274535823580296,
        0.002327236772522691
    ],
    "multiply": [],
    "add": [
        0.000666039814159652,
        0.0005203436048122282,
        0.0004804505951099575,
        0.00042836203216989994,
        0.00042315859612177773,
        0.00041800936253249003,
        0.00039546113965729354,
        0.0003468415340826509,
        0.0003537794488134806,
        0.0003520991725896078,
        0.00034863021522419296,
        0.0003537794488134806,
        0.0003520991725896078,
        0.00035556812995502255,
        0.0003520991725896078,
        0.0003537794488134806,
        0.0003364346619864063,
        0.0003122061628873369
    ],
    "squeeze": [],
    "reshape": [],
    "transpose": [],
    "latency": 20.67129611968994,
    "batch_size": 2,
    "model_name": "regnet_x_1_6gf",
    "sm_partition": 30
}