{
    "nn.conv2d": [
        0.004446743760889768,
        0.00488981924506443,
        0.01374918276491431,
        4.288192809798194,
        0.001342639975295079,
        0.0006935327813564653,
        0.004384934247960582,
        0.007709019807001157,
        0.01108096481528898,
        2.4102652832272247,
        0.0016070473361588155,
        0.0015588659623650583,
        0.005521649821673879,
        0.005466708032403492,
        2.41469153112532,
        0.0018507442178639884,
        0.0009167338002674119,
        0.005514782098015081,
        0.005487203895197718,
        2.414358553836051,
        0.0017684388421405769,
        0.0006729296103800703,
        0.005445997553244928,
        0.01725858955456027,
        0.013261574385139628,
        1.3401777890552173,
        0.003059463581812499,
        0.0006420248539154777,
        0.012537029539136399,
        0.012214246527172878,
        1.3370462143749875,
        0.0036810998811159196,
        0.004656209332483118,
        0.012375530724972472,
        0.012265647146431698,
        1.3366822250210713,
        0.003694835328433516,
        0.00442968175992494,
        0.012420278236936831,
        0.012100929086802704,
        1.3368779551453471,
        0.003694835328433516,
        0.004412512450777944,
        0.012403108927789834,
        0.012440881407913225,
        1.3368779551453471,
        0.00363645967733373,
        0.004446743760889768,
        0.01213172653508513,
        0.0122484778372847,
        1.3366684895737535,
        0.0036638232637867547,
        0.004446743760889768,
        0.012375530724972472,
        0.012221114250831677,
        1.3369190541791176,
        0.0036638232637867547,
        0.004443309899060368,
        0.012310394658396053,
        0.012275948731919895,
        1.336922595349129,
        0.0036123153363457673,
        0.004412512450777944,
        0.012255345560943499,
        0.015678905804854478,
        0.02954494718015053,
        0.8181484856108189,
        0.003907734761856265,
        0.0014661516929712804,
        0.05634967262044052,
        0.05356481067679778,
        0.8131865552673371,
        0.007712453668830555,
        0.0028947455221835076,
        0.05619847539176479
    ],
    "nn.conv2d_transpose": [],
    "nn.dense": [
        0.0019195287626341407
    ],
    "nn.layer_norm": [],
    "nn.relu": [
        0.0018576119415227867,
        0.0034028497647524167,
        0.0011469098510193257,
        0.00050134382709228,
        0.0010987284772255685,
        0.0023074478411740794,
        0.0008962379374731856,
        0.00047033176244551866,
        0.0008447300100321979,
        0.0008514904255088275,
        0.0008550315955203954,
        0.00047033176244551866,
        0.0008412961482027988,
        0.0008447300100321979,
        0.0008722009046673914,
        0.00044286086781032533,
        0.0008825024901555889,
        0.0012533595677307,
        0.0006902062277092349,
        0.00044286086781032533,
        0.0006696030567328398,
        0.0006696030567328398,
        0.0006764707803916382,
        0.0004670052087982882,
        0.0006764707803916382,
        0.0006626280248918727,
        0.0006593014712446423,
        0.00044286086781032533,
        0.0006902062277092349,
        0.0006696030567328398,
        0.0006660618867212718,
        0.00044286086781032533,
        0.0006696030567328398,
        0.0006660618867212718,
        0.0006729296103800703,
        0.0004670052087982882,
        0.0006696030567328398,
        0.0006660618867212718,
        0.0006696030567328398,
        0.0004738729324570867,
        0.0006696030567328398,
        0.0006696030567328398,
        0.0006696030567328398,
        0.00044640203782189317,
        0.0006696030567328398,
        0.0006696030567328398,
        0.0006696030567328398,
        0.00045326976148069156,
        0.0006696030567328398,
        0.001071257582590375,
        0.0005939507883038892,
        0.00044640203782189317,
        0.000628289406597881,
        0.0005939507883038892,
        0.0006008185119626876,
        0.0004944761034334816,
        0.0005939507883038892
    ],
    "nn.bias_add": [
        0.0004944761034334816,
        0.0004944761034334816,
        0.0004944761034334816,
        0.0004909349334219137,
        0.0005218396898865064,
        0.00047033176244551866,
        0.0004670052087982882,
        0.0004670052087982882,
        0.0004978026570807121,
        0.0005185131362392759,
        0.0004944761034334816,
        0.00047033176244551866,
        0.00047033176244551866,
        0.00047033176244551866,
        0.0004944761034334816,
        0.00047033176244551866,
        0.0004944761034334816,
        0.00047033176244551866,
        0.0004670052087982882,
        0.00047033176244551866,
        0.0004670052087982882,
        0.00047033176244551866,
        0.00047033176244551866,
        0.0004738729324570867,
        0.00047033176244551866,
        0.0005185131362392759,
        0.0004944761034334816,
        0.0004944761034334816,
        0.0005391163072156711
    ],
    "nn.max_pool2d": [],
    "nn.adaptive_avg_pool2d": [
        0.0017375340856759845,
        0.0010231835169787864,
        0.0009717828977199673,
        0.0009752167595493665,
        0.0008825024901555889,
        0.0008206929772264037,
        0.0008480565636794282,
        0.0008171518072148358,
        0.0008206929772264037,
        0.0008206929772264037,
        0.0008240195308736342,
        0.0008206929772264037,
        0.0008962379374731856,
        0.0008755274583146219,
        0.0008377549781912308
    ],
    "nn.batch_matmul": [],
    "nn.softmax": [],
    "nn.batch_norm": [
        0.008693894302945707,
        0.019270403353859517,
        0.013243653918717452,
        0.006362624045330173,
        0.006753547752970834,
        0.016066288342483574,
        0.009487116385536919,
        0.005706327203186254,
        0.005895511528349714,
        0.005569080038192456,
        0.005610286380145246,
        0.005744314299673982,
        0.005613720241974644,
        0.005624129135645011,
        0.00567885630855106,
        0.017855759588329224,
        0.006781555188516872,
        0.004974914633524229,
        0.00501934022094208,
        0.004944117185241805,
        0.004954311462547834,
        0.005026422560965217,
        0.004944224493423974,
        0.0049477656634355415,
        0.004988542772659656,
        0.004947658355253373,
        0.005026529869147384,
        0.005012579805465451,
        0.004950877600718434,
        0.0049542041543656655,
        0.005033397592806184,
        0.005012794421829789,
        0.004940790631594574,
        0.0050058193899888215,
        0.0049372494615830065,
        0.005006355930899665,
        0.005012794421829788,
        0.004906237396936245,
        0.004985538143558932,
        0.005009360560000389,
        0.033970658537335226,
        0.0062728070968549494,
        0.004655887407936612,
        0.004824039329395002,
        0.004727569273625319,
        0.004693337963513495,
        0.004748279752783882
    ],
    "multiply": [
        0.0011949839166309141,
        0.0009477458649141734,
        0.0009270353857556093,
        0.0009065395229613831,
        0.0007210036759916588,
        0.0006970739513680332,
        0.0007141359523328604,
        0.0007141359523328604,
        0.0007381729851386545,
        0.0007450407087974529,
        0.0007039416750268314,
        0.0006970739513680332,
        0.0006557603012330743,
        0.0005939507883038892
    ],