{
    "nn.conv2d": [
        0.00019345502790530538,
        0.0008188205463459706,
        0.0013779653814916103,
        3.4689307118904984,
        0.001615342402330876,
        0.0015588821619100638,
        3.46908629073551,
        0.0014236194173016866,
        0.0011269716713747041,
        0.0028395917019050495,
        1.7331545426285992,
        0.0014023664886771436,
        0.0013939895014335388,
        1.7319138879417837,
        0.0013887715861023468,
        0.0014044580121501894,
        1.7317817406956817,
        0.0013863205820323712,
        0.0013845776458048331,
        1.7321194999498761,
        0.001392257458557423,
        0.0013776059008946807,
        1.732120665538478,
        0.0013863205820323712,
        0.0013835427774197323,
        1.7323018437593303,
        0.0013810917733497572,
        0.0032882234868733527,
        0.0024003608792140295,
        0.7573792992006947,
        0.001764537743408136,
        0.0017558230622704452,
        0.7566860027427857,
        0.0017617490454440749,
        0.0017568797173583906,
        0.7569185431155935,
        0.0017547881938853448,
        0.0017453763382566387,
        0.7567926268665055,
        0.0017642000495140505,
        0.0017589603474800143,
        0.7568739130548172,
        0.0017467706872386695,
        0.00176280570053202,
        0.7567783347894397,
        0.00175548536837636,
        0.0017471083811327547,
        0.7566609044611092,
        0.0017457140321507248,
        0.0017561825428673754,
        0.7567606330933787,
        0.0017635028750230353,
        0.0017718580755637957,
        0.7567986182097873,
        0.0017474678617296847,
        0.0017680236158632123,
        0.7568240432920068,
        0.001751640015324354,
        0.0017540910193943296,
        0.7567779970955455,
        0.0017485136234662078,
        0.001748851317360293,
        0.756525260449201,
        0.0017523371898153692,
        0.0017537315387973996,
        0.7566723751601566,
        0.0017624462199350896,
        0.0027050261317876872,
        0.005455738979439716,
        0.4322467682937604,
        0.004699642350582272
    ],
    "nn.conv2d_transpose": [],
    "nn.dense": [
        0.00028584154131624606
    ],
    "nn.layer_norm": [],
    "nn.relu": [
        8.887885425302028e-05,
        0.000760965956943128,
        0.0002136839814961693,
        0.00021820472233634623,
        0.00021159245802312358,
        0.00021159245802312358,
        0.0002192613774242912,
        0.0003924983450901547,
        9.481573077807186e-05,
        9.027320323505074e-05,
        8.226658993979764e-05,
        8.609015628895932e-05,
        8.714681137690429e-05,
        9.271331395360405e-05,
        8.331235167632047e-05,
        9.063268383198046e-05,
        8.051276036083743e-05,
        8.540387514936619e-05,
        9.166755221708119e-05,
        8.887885425302028e-05,
        8.887885425302028e-05,
        8.854116035893475e-05,
        8.783309251649742e-05,
        8.74845052709898e-05,
        8.887885425302028e-05,
        0.0001829974105400769,
        6.447774706748705e-05,
        6.135135520934061e-05,
        6.204852970035584e-05,
        6.274570419137108e-05,
        6.378057257647183e-05,
        6.378057257647183e-05,
        6.168904910342613e-05,
        6.168904910342613e-05,
        6.378057257647183e-05,
        6.204852970035584e-05,
        6.0991874612410896e-05,
        6.238622359444135e-05,
        6.30833980854566e-05,
        6.168904910342613e-05,
        6.274570419137108e-05,
        6.204852970035584e-05,
        6.168904910342613e-05,
        6.168904910342613e-05,
        6.204852970035584e-05,
        6.204852970035584e-05,
        6.204852970035584e-05,
        6.204852970035584e-05,
        6.168904910342613e-05,
        6.553440215543203e-05,
        6.204852970035584e-05,
        6.168904910342613e-05,
        6.238622359444135e-05,
        6.656927054053276e-05,
        5.9608418981802536e-05,
        6.204852970035584e-05,
        6.204852970035584e-05,
        6.168904910342613e-05,
        6.204852970035584e-05,
        6.204852970035584e-05,
        6.168904910342613e-05,
        6.204852970035584e-05,
        6.168904910342613e-05,
        6.30833980854566e-05,
        8.783309251649742e-05,
        6.135135520934061e-05,
        5.403102305368065e-05
    ],
    "nn.bias_add": [
        5.576306592979663e-05
    ],
    "nn.max_pool2d": [],
    "nn.adaptive_avg_pool2d": [
        8.19071093428679e-05
    ],
    "nn.batch_matmul": [],
    "nn.softmax": [],
    "nn.batch_norm": [
        0.0005803324036616499,
        0.0021047262149693035,
        0.0025860925209610563,
        0.0009003572817404865,
        0.0010104672779152053,
        0.0009156624404885555,
        0.0009066318521596237,
        0.0010021229707258667,
        0.0033380169962238322,
        0.0014838814373688155,
        0.000566759287789697,
        0.0006315965154541139,
        0.0005597766495281226,
        0.0005722931103121304,
        0.0006200713496495182,
        0.0005709096546815222,
        0.0005580010332463182,
        0.0006200713496495182,
        0.0005538179863002267,
        0.0005548746413881718,
        0.0006162368899489345,
        0.0005642864970168773,
        0.0005531425985120557,
        0.0006186661073160657,
        0.0005580119265977403,
        0.0005656917393503299,
        0.0006238949159986798,
        0.002848916410722378,
        0.0008613046168922113,
        0.0004903751076178403,
        0.0004994601627038827,
        0.0004876081963566236,
        0.0004890025453386542,
        0.0005032837290530443,
        0.0004942422473726906,
        0.0004820416937799239,
        0.0004921507238996449,
        0.0004886430647417245,
        0.00048623563407743754,
        0.0004973577458794148,
        0.0004893511325841618,
        0.0004882944774962168,
        0.000501224885634265,
        0.00048794589025070924,
        0.0004858652601290856,
        0.0004921289371968006,
        0.0004935341795302532,
        0.0004886430647417245,
        0.0004970200519853294,
        0.0004813445192889087,
        0.0004921398305482228,
        0.0004917803499512929,
        0.0004879676769535535,
        0.000481366305991753,
        0.000500157337194898,
        0.0004851789789894925,
        0.0004876081963566237,
        0.0004928478983906601,
        0.0004858652601290856,
        0.0004837737366560399,
        0.000504013583598326,
        0.0004865624346201009,
        0.0004841114305501254,
        0.0004921180438453785,
        0.00048446001779563306,
        0.00048411143055012546,
        0.0004932182723390119,
        0.005886908722078372,
        0.0005778922929430965,
        0.00047297842539672586,
        0.0004771614723428173
    ],
    "multiply": [],
    "add": [
        0.00030604870820426575,
        0.00030639729544977334,
        0.000154772737005382,
        0.0001484981665862449,
        0.00014465281353423902,
        0.00014604716251626946,
        0.0001443151196401535,
        0.00014779009874380753,
        7.878071748472147e-05,
        7.424908329312245e-05,
        7.215755982007675e-05,
        7.355190880210722e-05,
        7.458677718720795e-05,
        7.355190880210722e-05,
        7.563253892373081e-05,
        7.388960269619271e-05,
        7.563253892373081e-05,
        7.319242820517748e-05,
        7.249525371416224e-05,
        7.319242820517748e-05,
        7.355190880210722e-05,
        6.587209604951752e-05
    ],
    "squeeze": [],
    "reshape": [],
    "transpose": [],
    "latency": 27.73908297220866,
    "batch_size": 2,
    "model_name": "regnet_x_16gf",
    "sm_partition": 80
}