{
    "nn.conv2d": [
        0.006252552687414199,
        0.007107539083433977,
        0.015969658944786802,
        4.6436764607057475,
        0.002862113427328163,
        0.001494367526956307,
        0.006743008198826633,
        0.011478889366344875,
        0.014460422089204065,
        2.612340071394195,
        0.0034643212366986154,
        0.003367670600626814,
        0.00727086936506493,
        0.0070034537830489605,
        2.614206404470072,
        0.004007051731563344,
        0.0019701860430020963,
        0.007189320390879346,
        0.007196522721932775,
        2.614228476129752,
        0.003739403816287587,
        0.0014497595410770143,
        0.007256000036438499,
        0.0338128532965039,
        0.01685438399805944,
        1.4507109457758458,
        0.006341536325912997,
        0.001434657879190795,
        0.019151695270843018,
        0.018891482019880473,
        1.4478042243626386,
        0.0078881788363216,
        0.009806322229131187,
        0.018683311419110445,
        0.018683311419110445,
        1.4476999067289935,
        0.007880744172008385,
        0.009300532722572748,
        0.01877229505760924,
        0.018549255128212778,
        1.4475365764473627,
        0.007902815831688243,
        0.009367677034651476,
        0.01865357276185758,
        0.01840799650626168,
        1.4477593840434992,
        0.007828469188556089,
        0.009315402051199179,
        0.0189509593343862,
        0.018816903043488535,
        1.4476778350693138,
        0.007858440179068739,
        0.009419487351584195,
        0.018668442090484013,
        0.018906351348506906,
        1.44813134959242,
        0.007813599859929658,
        0.009337938377398613,
        0.018764860393296025,
        0.018646138097544368,
        1.4479601199799563,
        0.007843570850442308,
        0.009300532722572748,
        0.018906351348506906,
        0.021620003822830546,
        0.035909196299570866,
        0.886055858184705,
        0.008237608059042726,
        0.0025426551951196865,
        0.05984161305707121,
        0.05945477817952422,
        0.8809851847898321,
        0.016586503749523897,
        0.0055834328992248085,
        0.05971499143048678
    ],
    "nn.conv2d_transpose": [],
    "nn.dense": [
        0.00329332395749466
    ],
    "nn.layer_norm": [],
    "nn.relu": [
        0.0044159582687901934,
        0.008534994631571344,
        0.0018658684093572917,
        0.0010183166776507296,
        0.0018884047355567262,
        0.0053898992938214195,
        0.001427455548137368,
        0.0010705916611030257,
        0.0014125862195109367,
        0.0013900498933115022,
        0.0014049192219379332,
        0.0012118502830541196,
        0.0013977168908845057,
        0.0014049192219379332,
        0.0014125862195109367,
        0.0010777939921564534,
        0.0014125862195109367,
        0.0025275535332334675,
        0.0012936315904994897,
        0.0010183166776507296,
        0.0011821116258012578,
        0.0012636605999868397,
        0.0011893139568546851,
        0.0011003303183558877,
        0.0012415889403069812,
        0.0011893139568546851,
        0.0011893139568546851,
        0.000958839363145006,
        0.0012415889403069812,
        0.0012267196116805504,
        0.0011893139568546851,
        0.0009665063607180094,
        0.0012118502830541196,
        0.0011893139568546851,
        0.0012415889403069812,
        0.000958839363145006,
        0.0011893139568546851,
        0.0011969809544276886,
        0.0012415889403069812,
        0.0009737086917714369,
        0.0012190526141075471,
        0.0011893139568546851,
        0.001233921942733978,
        0.000958839363145006,
        0.0012415889403069812,
        0.0011969809544276886,
        0.0012487912713604087,
        0.0009962450179708713,
        0.0012487912713604087,
        0.0016356261489074008,
        0.0012564582689334122,
        0.0010183166776507296,
        0.0011298366423489615,
        0.0011298366423489615,
        0.0011298366423489615,
        0.0010629246635300224,
        0.0011821116258012578
    ],
    "nn.bias_add": [
        0.0011151996469823185,
        0.0010629246635300224,
        0.0010705916611030257,
        0.0010705916611030257,
        0.0010777939921564534,
        0.0010408530038501643,
        0.0010183166776507296,
        0.0010183166776507296,
        0.0010183166776507296,
        0.0011003303183558877,
        0.0010854609897294565,
        0.0010183166776507296,
        0.0010183166776507296,
        0.0010183166776507296,
        0.0010183166776507296,
        0.0010183166776507296,
        0.0010183166776507296,
        0.0010183166776507296,
        0.0010259836752237333,
        0.0010408530038501643,
        0.0010331860062771606,
        0.0010480553349035916,
        0.0010183166776507296,
        0.0010183166776507296,
        0.0010408530038501643,
        0.0011298366423489615,
        0.0011298366423489615,
        0.0010183166776507296,
        0.001122634311295534
    ],
    "nn.max_pool2d": [],
    "nn.adaptive_avg_pool2d": [
        0.0038808947714984686,
        0.0022824419441571453,
        0.002148385653259479,
        0.002163487315145698,
        0.0018658684093572917,
        0.0017320444517194133,
        0.0016802341347866934,
        0.0016802341347866934,
        0.0016802341347866934,
        0.0016725671372136896,
        0.0016504954775338314,
        0.0016802341347866934,
        0.0017917540994849253,
        0.0016207568202809698,
        0.0015835834987148925
    ],
    "nn.batch_matmul": [],
    "nn.softmax": [],
    "nn.batch_norm": [
        0.019915374695766118,
        0.02657776325344632,
        0.03157362533866732,
        0.011976082542291162,
        0.013522492719439977,
        0.02389408176963533,
        0.021611639825478184,
        0.010451976358081991,
        0.011114126148477746,
        0.010258442752678601,
        0.010392266710316482,
        0.010399933707889483,
        0.010266109750251606,
        0.010444077027249204,
        0.010422005367569343,
        0.026050366753727596,
        0.014213451834049439,
        0.009961056180149983,
        0.010057474482961997,
        0.00993154985615691,
        0.009849768548711545,
        0.009893911868071257,
        0.009857203213024756,
        0.00979005890094603,
        0.009924115191843694,
        0.009782624236632814,
        0.009789594234426454,
        0.009976390175295991,
        0.00970130759570702,
        0.009842101551138535,
        0.00987973953922419,
        0.00973824858401331,
        0.009827464555771891,
        0.009856273879985606,
        0.009715247591294296,
        0.010124851128300512,
        0.009990562504143059,
        0.009938752187210338,
        0.009901346532384473,
        0.009923882858583907,
        0.04500759908612807,
        0.011329731413560994,
        0.00980492822957246,
        0.00996175317992935,
        0.009707348260461508,
        0.009685973600561013,
        0.009723379255386879
    ],
    "multiply": [
        0.0018586660783038644,
        0.0015907858297683198,
        0.0014420925435040105,
        0.001434657879190795,
        0.0013531089050052131,
        0.0012936315904994897,
        0.0012636605999868397,
        0.0012415889403069812,
        0.0013233702477523513,
        0.0012415889403069812,
        0.0012859645929264862,
        0.0012636605999868397,
        0.0012713275975598432,
        0.0011821116258012578
    ],
    "add": [
        0.0033307296123205247,
        0.0020666043458141088,
        0.0015092368555827379,
        0.0015313085152625964,
        0.0014794981983298758,
        0.0012487912713604087,
        0.0013085009191259203,
        0.0013603112360586408,
        0.0012936315904994897,
        0.001300833921552917,
        0.0012713275975598432,
        0.0012415889403069812,
        0.0014049192219379332,
        0.0013454419074322098
    ],
    "squeeze": [],