{
    "nn.conv2d": [
        0.007590798941103253,
        0.005895942401562524,
        0.009540530473752728,
        3.3150916489039277,
        0.003978536477795133,
        0.006230388124227177,
        0.005951641912251655,
        1.6579513865141693,
        0.0062144739783159975,
        0.005410560951271519,
        1.659948611826022,
        0.005697015577672769,
        0.006691898355651414,
        0.006166731540582457,
        1.0369575418410382,
        0.007678575402144606,
        0.007574884795192071,
        1.034276008255004,
        0.00786929649454891,
        0.0077342749128337385,
        1.0346181623920945,
        0.0077342749128337385,
        0.007654455524747975,
        1.0349125740914513,
        0.007789974423522869,
        0.0076308329644110655,
        1.0343001281324007,
        0.007909330517856725,
        0.007670618329189015,
        1.0341489437462443,
        0.00783771686125641,
        0.00785338234863773,
        1.034316042278312,
        0.007885210640460091,
        0.056319913721138044,
        0.011227429940337865,
        0.6464323582536233,
        0.012954114771700952,
        0.012556261123921442,
        0.642533641163914,
        0.012190235767964287,
        0.012603754903125115,
        0.642748233475185,
        0.012452819175498765,
        0.012532389905054668,
        0.6426529972582478,
        0.012524184173569215,
        0.012508270027658034,
        0.6425572637242508,
        0.012404828079235361,
        0.012349128568546228,
        0.6426050061619843,
        0.012460776248454354,
        0.012372999787413002,
        0.643058807978983,
        0.012532389905054668,
        0.012762896362236925,
        0.6427643962796261,
        0.012516227100613623,
        0.012460776248454354,
        0.6426927826230258,
        0.012524184173569215,
        0.012524184173569215,
        0.6428198471317853,
        0.012532389905054668,
        0.012699488437122066,
        0.6426050061619843,
        0.012516227100613623,
        0.012524184173569215,
        0.6423742510462723,
        0.012524184173569215
    ],
    "nn.conv2d_transpose": [],
    "nn.dense": [
        0.0025064779810109335
    ],
    "nn.layer_norm": [],
    "nn.relu": [
        0.0033260564954367307,
        0.0033735502746404106,
        0.0016789423936295457,
        0.0016389083703217326,
        0.0021481610394795095,
        0.0014240674005207951,
        0.001384530694272706,
        0.001320625452098122,
        0.001352453743920483,
        0.0013047113061869415,
        0.0018142126338745808,
        0.0013047113061869415,
        0.0012092264307198583,
        0.0012092264307198583,
        0.001241054722542219,
        0.001241054722542219,
        0.001265174599938852,
        0.0012174321622053107,
        0.001233346308116491,
        0.0012092264307198583,
        0.0012492604540276717,
        0.00120151801629413,
        0.0012251405766310385,
        0.0011935609433385399,
        0.001241054722542219,
        0.0011853552118530875,
        0.001233346308116491,
        0.001233346308116491,
        0.00120151801629413,
        0.001320625452098122,
        0.001241054722542219,
        0.0015834575181624632,
        0.0011853552118530875,
        0.0011299043596938174,
        0.0011139902137826375,
        0.0011935609433385399,
        0.0011535269200307265,
        0.0011139902137826375,
        0.0011299043596938174,
        0.0011139902137826375,
        0.0011216986282083653,
        0.0011139902137826375,
        0.0011216986282083653,
        0.0011617326515161786,
        0.0011216986282083653,
        0.0011139902137826375,
        0.0011139902137826375,
        0.001137612774119546,
        0.0011139902137826375,
        0.0011535269200307265,
        0.0011216986282083653,
        0.0011216986282083653,
        0.0011299043596938174,
        0.0011139902137826375,
        0.0011216986282083653,
        0.0011216986282083653,
        0.0011139902137826375,
        0.0011139902137826375,
        0.0011139902137826375,
        0.0011139902137826375,
        0.0011535269200307265,
        0.0011139902137826375,
        0.0011216986282083653,
        0.0011853552118530875,
        0.0011139902137826375,
        0.0011139902137826375,
        0.0011139902137826375
    ],
    "nn.bias_add": [
        0.0012887971602757607
    ],
    "nn.max_pool2d": [],
    "nn.adaptive_avg_pool2d": [
        0.0019017404363860734
    ],
    "nn.batch_matmul": [],
    "nn.softmax": [],
    "nn.batch_norm": [
        0.01702689283231386,
        0.01956519910514715,
        0.016596713575652258,
        0.011679491147627338,
        0.012292931740797373,
        0.015729641282022783,
        0.013318399517949069,
        0.010550084104993243,
        0.010939980679817166,
        0.010558289836478697,
        0.010580917762696157,
        0.010605286298622651,
        0.015960893714794627,
        0.012387919299204733,
        0.010461810326892163,
        0.010286008746279591,
        0.010207183992313277,
        0.01027904630744345,
        0.010246969357091228,
        0.010207929967902861,
        0.010303166184840081,
        0.010159690213109595,
        0.010214892406739003,
        0.010382985572925848,
        0.010334745818132582,
        0.010239012284135637,
        0.010279294965973311,
        0.01023155252823977,
        0.010333999842542995,
        0.010112196433905915,
        0.010294214477765042,
        0.010151733140154004,
        0.010462058985422027,
        0.010214892406739003,
        0.020663275173018608,
        0.011552675297397617,
        0.010240255576784948,
        0.010096779605054462,
        0.010136564969832411,
        0.010168144603124912,
        0.010151981798683866,
        0.009976428876601157,
        0.010184058749036091,
        0.010080368142083554,
        0.009985380583676196,
        0.009977423510720609,
        0.010040334118775744,
        0.010112196433905915,
        0.009969217779235155,
        0.010167895944595048,
        0.00996896912070529,
        0.010048539850261195,
        0.010120402165391368,
        0.010192015821991682,
        0.009992840339572063,
        0.010255423747106543,
        0.010032625704350012,
        0.010041080094365327,
        0.010135570335712963,
        0.010040582777305605,
        0.010104239360950328,
        0.010072908386187688,
        0.010017208875498555,
        0.010016960216968697,
        0.010192513139051404,
        0.010191767163461818,
        0.0100557509476272,
        0.010135570335712963,
        0.010064205337642513,
        0.009961509364809428,
        0.010048788508791057
    ],
    "multiply": [],
    "add": [
        0.00210066726027583,
        0.0016152858099848242,
        0.0014240674005207951,
        0.001320625452098122,
        0.0012492604540276717,
        0.001241054722542219,
        0.0012970028917612133,
        0.0012887971602757607,
        0.0012569688684533995,
        0.001241054722542219,
        0.0012492604540276717,
        0.0011776467974273592,
        0.0011776467974273592,
        0.001169441065941907,
        0.001241054722542219,
        0.0011853552118530875,
        0.0011776467974273592,
        0.001233346308116491,
        0.0011776467974273592,
        0.0011776467974273592,
        0.0011853552118530875,
        0.0012492604540276717
    ],
    "squeeze": [],
    "reshape": [],
    "transpose": [],
    "latency": 22.97587235768636,
    "batch_size": 2,
    "model_name": "regnet_x_400mf",
    "sm_partition": 30
}