{
    "nn.conv2d": [
        0.0006724234182713796,
        0.0007410223705501656,
        0.0017810872212181419,
        3.3991962148777857,
        0.001724014714385176,
        0.0017148979126786466,
        3.403037186998216,
        0.0017146038223010169,
        0.0016220033004930748,
        0.003335098723760441,
        1.6986383672084633,
        0.001874588987731724,
        0.0018414990768551639,
        1.6991292325090868,
        0.0018090068335202395,
        0.0018973572750321096,
        1.699027904143814,
        0.0018985715836881299,
        0.001836338265067077,
        1.6990885626558967,
        0.0018123461823242957,
        0.001814774799636337,
        1.6990959433756967,
        0.0017892838046462804,
        0.0018663829175172108,
        1.6989775293081617,
        0.0018153819539643472,
        0.0018597137066954726,
        0.00373035619129513,
        0.9543151736937109,
        0.0019055538584602484,
        0.0019082765661499195,
        0.9532383285722664,
        0.0019067681671162686,
        0.0018730616151253234,
        0.9532098112924228,
        0.00188824047332558,
        0.0018912762449656317,
        0.953252302608597,
        0.0018982585197377501,
        0.0018909821545880017,
        0.9532960177202139,
        0.0018885535372759603,
        0.00187640096392938,
        0.9532398464580866,
        0.0019049467041322382,
        0.0018994728283937704,
        0.953200694490716,
        0.001878829581241421,
        0.0019034193315258371,
        0.9531424266488,
        0.00188763331899757,
        0.0019107051834619604,
        0.9531703652346748,
        0.001896437056753719,
        0.0018870261646695599,
        0.953244409602333,
        0.0019149647505444076,
        0.001911625401740351,
        0.9532835615697032,
        0.0019031252411482072,
        0.0018861249199639194,
        0.9532796530137166,
        0.00190949087480594,
        0.0018839998798158837,
        0.953158857762802,
        0.001879436735569431,
        0.0019104110930843307,
        0.9531800607303502,
        0.0018955358120480788,
        0.0019158659952500476,
        0.9532769113324542,
        0.0019098039387563204,
        0.0031829970778074917,
        0.004574300707229412,
        0.5561591229367417,
        0.002788052674223183,
        0.002792909908847265,
        0.55237473949704,
        0.0028135436692132395
    ],
    "nn.conv2d_transpose": [],
    "nn.dense": [
        0.00027625521924467514
    ],
    "nn.layer_norm": [],
    "nn.relu": [
        0.0002817196081967677,
        0.0007015573392294977,
        0.0002043074313754576,
        0.00020946824316354486,
        0.0002021823912274216,
        0.0002006645054073959,
        0.00020946824316354486,
        0.00041924006349109495,
        0.00013630614663830674,
        0.00013204657955585969,
        0.0001326632206702451,
        0.00013235964350624,
        0.00013478826081828106,
        0.0001350918379822862,
        0.0001341716197038956,
        0.00013204657955585969,
        0.00013812760962233757,
        0.0001360025694743016,
        0.00013326088821188022,
        0.0001341716197038956,
        0.0001360025694743016,
        0.00013387752932626565,
        0.00013478826081828106,
        0.00013357395216226053,
        0.00013538592835991617,
        0.00022616498718382747,
        9.83495143512894e-05,
        9.532322949761318e-05,
        9.319818934957723e-05,
        9.501016554723288e-05,
        9.562680666161832e-05,
        9.441249800559778e-05,
        9.622447420325344e-05,
        9.441249800559778e-05,
        9.59208970392483e-05,
        9.987688695769024e-05,
        9.501016554723288e-05,
        9.501016554723288e-05,
        9.59208970392483e-05,
        9.622447420325344e-05,
        9.684111531763888e-05,
        9.470658838322777e-05,
        9.349227972720721e-05,
        9.501016554723288e-05,
        9.501016554723288e-05,
        9.532322949761318e-05,
        9.501016554723288e-05,
        9.532322949761318e-05,
        9.532322949761318e-05,
        9.501016554723288e-05,
        9.501016554723288e-05,
        9.501016554723288e-05,
        9.501016554723288e-05,
        9.501016554723288e-05,
        9.562680666161832e-05,
        9.532322949761318e-05,
        9.501016554723288e-05,
        9.501016554723288e-05,
        9.532322949761318e-05,
        9.532322949761318e-05,
        9.532322949761318e-05,
        9.532322949761318e-05,
        9.532322949761318e-05,
        9.532322949761318e-05,
        9.987688695769024e-05,
        9.501016554723288e-05,
        9.501016554723288e-05,
        9.501016554723288e-05,
        9.532322949761318e-05,
        9.532322949761318e-05,
        0.000161493564464358,
        7.40633412308784e-05,
        7.255494219722785e-05,
        7.224187824684758e-05,
        6.982274772118164e-05,
        7.224187824684758e-05
    ],
    "nn.bias_add": [
        4.705446042079631e-05
    ],
    "nn.max_pool2d": [],
    "nn.adaptive_avg_pool2d": [
        9.7438782859274e-05
    ],
    "nn.batch_matmul": [],
    "nn.softmax": [],
    "nn.batch_norm": [
        0.0011335096964633076,
        0.0024965616760599997,
        0.002507177390013805,
        0.0009176568460692797,
        0.0009826128723800039,
        0.0008991386390649664,
        0.000884576421979095,
        0.0009799091382630834,
        0.003913963454799988,
        0.0015560891087584594,
        0.0007060730495440741,
        0.0007522357520456052,
        0.0007036254586592827,
        0.0006936074122471131,
        0.0007185102264819095,
        0.0007054658952160638,
        0.0006917859492630823,
        0.0007179125589402744,
        0.000699982532691221,
        0.0006902775502294318,
        0.0007203411762523155,
        0.000699982532691221,
        0.0007006086605919815,
        0.0007175805214171438,
        0.0007027242139536424,
        0.0006893763055237915,
        0.0007264032327460432,
        0.004224522893577242,
        0.0009738281081966054,
        0.0005685241338906212,
        0.0006043652128159778,
        0.000566740618052091,
        0.0005667121576929656,
        0.0005825076570076079,
        0.000573115738496199,
        0.0005691502617913818,
        0.0005776599091699009,
        0.0005676134023986059,
        0.000573115738496199,
        0.000584348093564389,
        0.000567622889184981,
        0.0005679264663489861,
        0.0005791683082035515,
        0.0005667311312657159,
        0.0005703550836610273,
        0.0005816158990883428,
        0.0005770622416282658,
        0.0005676039156122307,
        0.0005764550873002555,
        0.0005646155779040552,
        0.0005743110735794692,
        0.0005782670634979113,
        0.0005825076570076079,
        0.0005703645704474024,
        0.000575828959399495,
        0.0005682300435129914,
        0.0005636763860529143,
        0.0005795003457266819,
        0.0005813123219243377,
        0.0005642835403809244,
        0.000583750426022754,
        0.0005718919430538034,
        0.0005655168226096954,
        0.0005815969255155925,
        0.000568856171413752,
        0.0005755633293809903,
        0.0005806956808099524,
        0.0005706681476114076,
        0.0005649001814953099,
        0.0005791777949899266,
        0.0005682015831538659,
        0.0005652132454456902,
        0.0005812933483515874,
        0.00501110081230093,
        0.0007874222427110757,
        0.0004950964073468788,
        0.0005108824198751459,
        0.0004932749443628479,
        0.00048537245131233904,
        0.0005099811751695056
    ],
    "multiply": [],