{
    "nn.conv2d": [
        0.00019053707436547418,
        0.0010328955778747906,
        0.0022246981677303186,
        6.026076896458276,
        0.002284321402850591,
        0.0022396760994845746,
        6.028640184795909,
        0.002287504272465562,
        0.0018586019507536259,
        0.004444856135118329,
        3.010134836405534,
        0.0020612509554072747,
        0.002050955105256023,
        3.008985399560122,
        0.0020420260445828194,
        0.0020397559444116664,
        3.0095251915458197,
        0.002050051794562918,
        0.0020521658253473043,
        3.0096562425369506,
        0.0020544359255184577,
        0.0020468689249479467,
        3.00944263084022,
        0.0020402146938212533,
        0.0020365825335474075,
        3.009571662388074,
        0.0020548899455526885,
        0.002675989352380255,
        0.0037919753258946164,
        1.3151525735648304,
        0.0024825768177979867,
        0.0023316908264219916,
        1.3142124115789475,
        0.0023357770067300677,
        0.002347581527620065,
        1.3140745786635553,
        0.0023436514166987566,
        0.0023210970256232755,
        1.3142893395984974,
        0.002343197396664526,
        0.0023221611350785036,
        1.314155257077763,
        0.0023321495758315785,
        0.002328664026193787,
        1.3142173206705674,
        0.0023359283467414777,
        0.0023306314463421196,
        1.3143164720249179,
        0.002498472248371417,
        0.0023372951362195266,
        1.31420389397393,
        0.0023406198870951946,
        0.0023292693862394277,
        1.3143903685148641,
        0.0023359283467414777,
        0.0023271506260796847,
        1.3143208041327445,
        0.002329728135649015,
        0.00232624731538658,
        1.3142637915128212,
        0.0023413813165276028,
        0.0023220097950670936,
        1.3141161451435643,
        0.0023254906153295286,
        0.00233971657640209,
        1.3142092381680828,
        0.002328210006159556,
        0.0014076134461265097,
        0.006550596324504855,
        0.7504552952428071,
        0.002663579471444616
    ],
    "nn.conv2d_transpose": [],
    "nn.dense": [
        0.0001614750627993543
    ],
    "nn.layer_norm": [],
    "nn.relu": [
        8.217762619575258e-05,
        0.0005015407978134881,
        0.00014891857122766215,
        0.00014135157065715086,
        0.00014967054190935668,
        0.00015178930206909984,
        0.000144524981521409,
        0.0002637856398880235,
        7.929743660360173e-05,
        8.746979721975392e-05,
        7.884814594472763e-05,
        8.021020604741965e-05,
        8.686916654946957e-05,
        8.09621767291142e-05,
        7.99075260245992e-05,
        8.671309716270279e-05,
        8.142092613870146e-05,
        8.171887678616532e-05,
        8.883185732244596e-05,
        8.292959687744713e-05,
        8.171887678616532e-05,
        8.746979721975392e-05,
        8.1118246115881e-05,
        8.021020604741965e-05,
        8.717184657229002e-05,
        0.00013483922079115455,
        4.9029434321556565e-05,
        4.721335418463387e-05,
        4.631004349152908e-05,
        4.540200342306772e-05,
        4.4943254013480476e-05,
        4.554861405912138e-05,
        4.50945940248907e-05,
        4.615397410476229e-05,
        4.631004349152908e-05,
        4.706674354858021e-05,
        4.479664337742682e-05,
        4.5704683445888176e-05,
        4.631004349152908e-05,
        4.479664337742682e-05,
        4.64613835029393e-05,
        4.5704683445888176e-05,
        4.464530336601659e-05,
        4.6002634093352055e-05,
        4.58560234572984e-05,
        4.58560234572984e-05,
        4.58560234572984e-05,
        4.479664337742682e-05,
        4.58560234572984e-05,
        4.479664337742682e-05,
        4.4943254013480476e-05,
        4.479664337742682e-05,
        4.58560234572984e-05,
        4.58560234572984e-05,
        4.554861405912138e-05,
        4.85754142873259e-05,
        4.691540353716999e-05,
        4.50945940248907e-05,
        4.615397410476229e-05,
        4.58560234572984e-05,
        4.554861405912138e-05,
        4.58560234572984e-05,
        4.631004349152908e-05,
        4.58560234572984e-05,
        8.050815669488352e-05,
        3.6775622772684855e-05,
        3.661955338591807e-05
    ],
    "nn.bias_add": [
        2.3457701768584994e-05
    ],
    "nn.max_pool2d": [],
    "nn.adaptive_avg_pool2d": [
        4.812612362845179e-05
    ],
    "nn.batch_matmul": [],
    "nn.softmax": [],
    "nn.batch_norm": [
        0.0003871088316859313,
        0.0026632626032957263,
        0.0017809456073987538,
        0.0005765817965961773,
        0.0006130452805953284,
        0.0005786863686298506,
        0.0005856621972807908,
        0.0006088172190265554,
        0.004755538261042097,
        0.0009502497435187378,
        0.00038013300303499104,
        0.0004043426754852706,
        0.0003730200224987105,
        0.0003819538125472704,
        0.0003967851336654725,
        0.0003802843430464013,
        0.0003795465604907765,
        0.0004028481928725946,
        0.00038346721266137264,
        0.0003793810323532965,
        0.00040315560227077165,
        0.0003787709429322991,
        0.0003810552312295222,
        0.0003986154019284649,
        0.0003768129815346793,
        0.0003807525512067017,
        0.0004004078351886048,
        0.00403366059474139,
        0.0005499459545879776,
        0.00028343619449457,
        0.00029265374706452404,
        0.0002782953634819788,
        0.0002820694050165214,
        0.0002890405042921049,
        0.00027707991401534047,
        0.00028283083444892904,
        0.0002917598951221324,
        0.00027799268345915837,
        0.00028282610507357253,
        0.00028917765617744544,
        0.0002787493835162095,
        0.0002814640449708804,
        0.00029206257514495276,
        0.00027813456471985544,
        0.00028403209578949773,
        0.00028918238555280195,
        0.0002766164352303966,
        0.0002820646756411648,
        0.0002902512243833867,
        0.00028010198486818846,
        0.00028040939426636545,
        0.00028857229613180453,
        0.00027509830574093787,
        0.0002811519061973468,
        0.00029191123513354263,
        0.00027601580456011233,
        0.0002822349331540013,
        0.0002897830162230863,
        0.0002794966248225475,
        0.00028404628391556747,
        0.0002946448140896398,
        0.00028161538498229065,
        0.0002826842238128754,
        0.000290544445655494,
        0.00027677723399252004,
        0.00028130797558411367,
        0.00029129641633718854,
        0.00676957113288938,
        0.00038134372312627286,
        0.00025029746137108713,
        0.00025421338416632667
    ],
    "multiply": [],
    "add": [
        0.00018190596433973478,
        0.00018008988420281207,
        0.00010396585846346854,
        9.821493802987993e-05,
        0.00010124173825808444,
        0.00010321388778177396,
        0.00010048503820103333,
        0.00010245245834936625,
        6.144404463255166e-05,
        6.083868458691075e-05,
        5.947189510886214e-05,
        6.007725515450304e-05,
        5.977930450703917e-05,
        5.886653506322123e-05,
        5.7807154983349665e-05,
        5.9925915143092816e-05,
        5.902260444998804e-05,
        6.007725515450304e-05,
        6.0233324541269846e-05,
        6.007725515450304e-05,
        5.9925915143092816e-05,
        4.540200342306772e-05
    ],
    "squeeze": [],
    "reshape": [],
    "transpose": [],
    "latency": 48.092567125956215,
    "batch_size": 2,
    "model_name": "regnet_x_16gf",
    "sm_partition": 20
}