{
    "nn.conv2d": [
        0.0004725472056489202,
        0.0018253126615774547,
        0.005088508021262028,
        30.82787316887376,
        0.010270678035506664,
        0.010244256766573165,
        30.83271104726762,
        0.010227163751498502,
        0.00740638762125211,
        0.019611548752950816,
        15.402771720364573,
        0.017180570662672257,
        0.017147175162510964,
        15.397371139211769,
        0.017165951128093493,
        0.017200358506639472,
        15.396969697543444,
        0.017251177287737094,
        0.017172475635594757,
        15.396976559343738,
        0.017153924531875496,
        0.017198893391061645,
        15.395624696848731,
        0.017169998641632243,
        0.01714493005734494,
        15.395636705877612,
        0.017165504917833578,
        0.01724127985228687,
        15.396031285745641,
        0.017264556568601295,
        0.01221843149509788,
        0.030305978969778147,
        7.687983906918032,
        0.027326450364067497,
        0.026257453552644677,
        7.67783722614625,
        0.02635291092706678,
        0.025937362690288634,
        7.677910994891266,
        0.02728316445538921,
        0.026523243788489127,
        7.677607340025728,
        0.02628421211437307,
        0.026321426752743238,
        7.676776152202039,
        0.025359917425427134,
        0.026259140016619158,
        7.677415199077036,
        0.026346502363963763,
        0.026991627536201053,
        7.677200754642281,
        0.02596681959437619,
        0.0269205747008763,
        7.676373853247862,
        0.025990767382813786,
        0.02762495448755022,
        7.676668070942076,
        0.0260714927917255,
        0.02599919970268618,
        7.676107943554153,
        0.025627053318984554,
        0.027596284599984082,
        7.676282928245373,
        0.025359133922372327,
        0.02731070652017242,
        7.67674184320056,
        0.027315207270904304,
        0.026018091612666955,
        7.67674441505812,
        0.02641125906711713,
        0.009846022893266323,
        0.020857845630090542,
        3.595568159444759,
        0.013571987481014453
    ],
    "nn.conv2d_transpose": [],
    "nn.dense": [
        0.0005141466503527271
    ],
    "nn.layer_norm": [],
    "nn.relu": [
        0.0001858483299875482,
        0.001781355680775991,
        0.0004525344998184401,
        0.0004478088872232863,
        0.00044567269952228,
        0.0004509604667755934,
        0.00044915805840286925,
        0.0009046192759103524,
        0.00023183258102499958,
        0.00023127042636684008,
        0.0002295804489257479,
        0.0002330658078063371,
        0.0002316077191617358,
        0.0002316077191617358,
        0.00022991774172064362,
        0.00023093313357194428,
        0.0002295804489257479,
        0.0002293555870624841,
        0.0002305958407770486,
        0.00022969287985737983,
        0.00022879343240432453,
        0.0002295804489257479,
        0.0002305958407770486,
        0.00022924315613085216,
        0.00023227879128491377,
        0.00022924315613085216,
        0.00023104556450357624,
        0.00022913072519922025,
        0.00046186626714388857,
        0.00013986407895009677,
        0.0001359289963429799,
        0.0001370497921926855,
        0.00013401415703862392,
        0.0001360414272746118,
        0.0001380651840439862,
        0.00013738708498758123,
        0.00013649115100113944,
        0.00013963921708683293,
        0.00014031028921001094,
        0.00013547575914983872,
        0.00013165310747435377,
        0.00013716222312431742,
        0.0001381776149756181,
        0.0001328933611889183,
        0.00013536332821820682,
        0.0001370497921926855,
        0.00013716222312431742,
        0.00013682493032942164,
        0.00013581656541134795,
        0.00013851139430390034,
        0.00013784032218072236,
        0.00013525089728657494,
        0.00013727465405594932,
        0.00013952678615520106,
        0.0001359289963429799,
        0.00013738708498758123,
        0.00013997650988172865,
        0.00013390172610699196,
        0.00013727465405594932,
        0.00013986407895009677,
        0.00013390172610699196,
        0.00013829004590725,
        0.00013367686424372818,
        0.0001361538582062437,
        0.00013120689721443963,
        0.00013784032218072236,
        0.00013716222312431742,
        0.0002262075209767906,
        6.655911152609107e-05,
        6.576858153805419e-05
    ],
    "nn.bias_add": [
        1.7760573731228375e-05
    ],
    "nn.max_pool2d": [],
    "nn.adaptive_avg_pool2d": [
        9.016609370217878e-05
    ],
    "nn.batch_matmul": [],
    "nn.softmax": [],
    "nn.batch_norm": [
        0.000686594618676397,
        0.006185816346656407,
        0.00554496354982113,
        0.001531291721493555,
        0.0016441688633853794,
        0.001520277003660241,
        0.001538940538311138,
        0.0016504685090233799,
        0.020216529055662284,
        0.0028929427344876234,
        0.0008242171059270825,
        0.0009041519848507572,
        0.000835902895883574,
        0.0008321961886063344,
        0.0008938013122073944,
        0.0008247757471186285,
        0.0008206228295814749,
        0.0008954948031151004,
        0.0008258860025684937,
        0.0008288162337241503,
        0.000897068836157947,
        0.0008275830069428128,
        0.0008209460685099166,
        0.0008872838316393573,
        0.0008220703778262357,
        0.0008218560563628122,
        0.0008859416873930014,
        0.000815331548861548,
        0.0008193755489336832,
        0.000886384384186302,
        0.03068754847093717,
        0.001557027864437421,
        0.0005144628623479418,
        0.0005270586401573293,
        0.0005090591506963832,
        0.000509178608561242,
        0.000523120044083599,
        0.0005077170064500271,
        0.0005099726520158925,
        0.0005316647948876242,
        0.0005100745425476839,
        0.0005142344870180646,
        0.0005258289268426053,
        0.0005055737918157939,
        0.0005108650725357207,
        0.0005232219346153904,
        0.0005063678352704443,
        0.0005052470394207387,
        0.0005222170831639301,
        0.0005087183444348739,
        0.0005114237137272668,
        0.0005295215802533908,
        0.000511198851864003,
        0.0005140271924878682,
        0.0005322339764790107,
        0.0005092875260262605,
        0.0005085040229714506,
        0.0005251508277862003,
        0.0005137882767581503,
        0.0005112023653306164,
        0.0005267248608290472,
        0.0005070318804603953,
        0.0005131242315681994,
        0.0005252632587178322,
        0.0005143539448829234,
        0.0005083915920398187,
        0.0005312220980943235,
        0.0005046743443627387,
        0.0005099656250826655,
        0.0005289594255952312,
        0.021123843160465186,
        0.0007965485563457919,
        0.00033052937166474963,
        0.00036111058506862933
    ],
    "multiply": [],
    "add": [
        0.0005605771116500927,
        0.0005618173653646571,
        0.00030198596889669834,
        0.00029962843279904164,
        0.00030221083075996215,
        0.0003036759463377905,
        0.0002911925994600349,
        0.00029254528410623134,
        0.0002946779583406241,
        0.0001517817577030793,
        0.00015200661956634313,
        0.00015515468565203657,
        0.00015133203397655164,
        0.00014952962560382756,
        0.0001509912277150424,
        0.00015290255355278492,
        0.00015549197844693234,
        0.00015211905049797504,
        0.00015267769168952105,
        0.00015358065260918986,
        0.00015470496192550895,
        0.00015189418863471117,
        9.859841357457208e-05
    ],
    "squeeze": [],
    "reshape": [],
    "transpose": [],
    "latency": 273.95121415456134,
    "batch_size": 4,
    "model_name": "regnet_x_32gf",
    "sm_partition": 10
}