{
    "nn.conv2d": [
        0.0019947572724852793,
        0.0019986082714125836,
        0.004226411150857999,
        2.7052033941217326,
        0.002503149302747658,
        0.0024222783252742723,
        2.6968179643012444,
        0.002501163631425767,
        0.0024203528258106197,
        0.004823315984590133,
        1.5768993387546242,
        0.0045787775527063234,
        0.0045403277352915215,
        1.574269046315417,
        0.0045672245559244115,
        0.004588405050024584,
        1.574088109537692,
        0.00454802973314613,
        0.00461542221437395,
        1.5740187915570005,
        0.00454802973314613,
        0.007158946834000062,
        0.01096951027256746,
        0.9577934962065819,
        0.012371273882106149,
        0.012161454612426317,
        0.9524212925311345,
        0.012253878586681612,
        0.01230773239980563,
        0.9525445846686665,
        0.012201890101163007,
        0.012232698092581437,
        0.9524136507051381,
        0.012303941572736565,
        0.012248041916432417,
        0.9525619141638393,
        0.012265431583463524,
        0.012267296911068938,
        0.9525156420048536,
        0.012454070359043185,
        0.012196053430913813,
        0.9525117910059263,
        0.012209592099017615,
        0.012560033001402286,
        0.9524501750230892,
        0.01246760902714699,
        0.012263445912141633,
        0.9524675045182622,
        0.012199904429841117,
        0.012207606427695722,
        0.9524656391906567,
        0.01241363487030649,
        0.015344305225843144,
        0.02207777685023434,
        0.5335539758785178,
        0.03288554516785504,
        0.032858588175363905,
        0.5287286140507478,
        0.03282206385741275
    ],
    "nn.conv2d_transpose": [],
    "nn.dense": [
        0.0009261050701583944
    ],
    "nn.layer_norm": [],
    "nn.relu": [
        0.0012246176588827005,
        0.002533957294166091,
        0.0006449821484651959,
        0.0007200766275476256,
        0.0006277128251505666,
        0.0006218761549013714,
        0.0006488933192507391,
        0.0015789095601946765,
        0.00042746088093075386,
        0.00042360988200344985,
        0.0004177732117542545,
        0.00040628038683058137,
        0.0004139222128269504,
        0.0004139222128269504,
        0.0004004437165813862,
        0.00042746088093075386,
        0.00042746088093075386,
        0.00040628038683058137,
        0.0004331772074634709,
        0.001039709538513865,
        0.00038702539219406096,
        0.0003600082278446932,
        0.00038118872194486573,
        0.00036199389916658436,
        0.00036199389916658436,
        0.0003581429002392804,
        0.0003581429002392804,
        0.00036199389916658436,
        0.00037156122462660547,
        0.00036199389916658436,
        0.00037156122462660547,
        0.0003561572289173892,
        0.0003561572289173892,
        0.0003581429002392804,
        0.0003581429002392804,
        0.0003581429002392804,
        0.00038702539219406096,
        0.00036584489809388847,
        0.0003581429002392804,
        0.00038118872194486573,
        0.0003754723954121487,
        0.0003754723954121487,
        0.00037156122462660547,
        0.0003754723954121487,
        0.00038702539219406096,
        0.0003581429002392804,
        0.0003581429002392804,
        0.0003581429002392804,
        0.0003754723954121487,
        0.0005352286790370293,
        0.00033118590774815167,
        0.0003041687433987839,
        0.00031572174018069623,
        0.00030230341579337106,
        0.00031572174018069623
    ],
    "nn.bias_add": [
        0.00030031774447147983
    ],
    "nn.max_pool2d": [],
    "nn.adaptive_avg_pool2d": [
        0.0004928676908366843
    ],
    "nn.batch_matmul": [],
    "nn.softmax": [],
    "nn.batch_norm": [
        0.005373707971903422,
        0.007181691796414452,
        0.009182285739148926,
        0.0035154806457627207,
        0.003891073384891347,
        0.0035079591634828294,
        0.0035233029873338075,
        0.0038467868972273498,
        0.0074243047288346095,
        0.006282603890605426,
        0.0029072635026816313,
        0.0030592576165936643,
        0.002876214823830241,
        0.0028513036745192433,
        0.002974535640192974,
        0.002858945500515612,
        0.0028858423211485023,
        0.00295142964662915,
        0.002874469839941307,
        0.0028686933415503512,
        0.002974475468334736,
        0.013480000542020292,
        0.004726679980258096,
        0.002749252202945685,
        0.002793478518751443,
        0.0027126677131362967,
        0.0026952780461051884,
        0.002695338217963428,
        0.00270689121474534,
        0.0026742178957214944,
        0.0027144728688834703,
        0.0027608051997275976,
        0.0027089370579254706,
        0.0027068310428871012,
        0.0026895015477142324,
        0.002691427047177885,
        0.0027241003662017305,
        0.002704905543423449,
        0.002766702041835032,
        0.002729937036450926,
        0.0027106820418144055,
        0.002729876864592687,
        0.0027202493672744267,
        0.0027029800439597965,
        0.002708816714208992,
        0.0027801203662223568,
        0.0027241003662017305,
        0.002720429882849144,
        0.002691366875319646,
        0.0026799943941124504,
        0.002683725049323277,
        0.0027629112147659666,
        0.02445342198537329,
        0.003251687219242391,
        0.0027031605595345142,
        0.002591301075067978,
        0.002585524576677022,
        0.002539372761407612,
        0.0025855245766770226
    ],
    "multiply": [],
    "add": [
        0.0009665405588950872,
        0.0009665405588950872,
        0.0005680223417773532,
        0.0005256613535770082,
        0.0005102573578677919,
        0.0005275266811824211,
        0.00045243220209999137,
        0.0003754723954121487,
        0.00037348672409025756,
        0.000396592717654082,
        0.00038503972087216973,
        0.00038503972087216973,
        0.00037156122462660547,
        0.00037156122462660547,
        0.00037733772301756167,
        0.0003754723954121487,
        0.00037348672409025756,
        0.00035230622999008507
    ],
    "squeeze": [],
    "reshape": [],
    "transpose": [],
    "latency": 22.943040529886883,
    "batch_size": 4,
    "model_name": "regnet_x_1_6gf",
    "sm_partition": 60
}