{
    "nn.conv2d": [
        0.0005262942918069614,
        0.0020412465976794693,
        0.005684549525444447,
        34.50202877968517,
        0.011397795427018319,
        0.011297851790511083,
        34.51100254363928,
        0.011351098417966585,
        0.008138929530473696,
        0.02192439326371675,
        17.235805855312094,
        0.019223291296955155,
        0.019148389624867368,
        17.234027238578143,
        0.019178226775373428,
        0.019193580025001,
        17.23599793024748,
        0.019156445852189247,
        0.019145997932381194,
        17.236700926556527,
        0.019168785883980615,
        0.01912787142090698,
        17.234530477426432,
        0.019141973752425004,
        0.01917142539986585,
        17.234626514894124,
        0.019169537221587287,
        0.019185024217176258,
        17.23455928788,
        0.019221273306419942,
        0.013373333420603763,
        0.033877187226080956,
        8.60538056864966,
        0.029043828468613104,
        0.027946045551160804,
        8.59433527250502,
        0.02795951062250981,
        0.02795309475006744,
        8.59375712411724,
        0.029121877104498494,
        0.02906976338401013,
        8.594761678232187,
        0.029006820174353253,
        0.028995239347578063,
        8.59470597697297,
        0.02899095947681331,
        0.029373004815547492,
        8.593799379973634,
        0.028967671944711025,
        0.0282443777191739,
        8.594161446025955,
        0.02908461311943008,
        0.029040181924312625,
        8.593111752649035,
        0.02798317972397256,
        0.028497393608501464,
        8.593358569019681,
        0.029073791497671062,
        0.029067241879267302,
        8.594206581354221,
        0.027918100512638058,
        0.029033884063012664,
        8.593340320563362,
        0.02906497606533302,
        0.029047353068066422,
        8.594668524170073,
        0.028088162436260715,
        0.029056294378956373,
        8.59480297426462,
        0.02793420903357706,
        0.011030989260474057,
        0.023273178013666143,
        4.0246121247939115,
        0.015229160911328258
    ],
    "nn.conv2d_transpose": [],
    "nn.dense": [
        0.0005697263259186777
    ],
    "nn.layer_norm": [],
    "nn.relu": [
        0.00021235711706248548,
        0.0019397884848446362,
        0.0004911741758256729,
        0.0004896675669075688,
        0.000488278969131875,
        0.000486394724558058,
        0.0004895416883556646,
        0.0009618380151004455,
        0.00027617360917319794,
        0.00027554421641367666,
        0.00028247147047315795,
        0.00027882099246793443,
        0.00028347456518364503,
        0.00027806572115650883,
        0.0002784433568122217,
        0.00027932057297080443,
        0.0002809569941455598,
        0.00028020172283413423,
        0.00026761386764370833,
        0.0002842298364950705,
        0.000280579358489847,
        0.0002833486866317408,
        0.0002791946944189002,
        0.0002833486866317408,
        0.0002770547590365278,
        0.0002785692353641259,
        0.00027629948772510225,
        0.00028171619916173235,
        0.0004858912103504409,
        0.0001358190237999488,
        0.00013544532184898305,
        0.00013380496696948065,
        0.00013380496696948065,
        0.0001351935647451745,
        0.00013531944329707877,
        0.00013456023828090622,
        0.0001355712004008873,
        0.0001340567240732892,
        0.00013619665945566157,
        0.00013456023828090622,
        0.00013456023828090622,
        0.00013531944329707877,
        0.00013468611683281048,
        0.00013569314524804454,
        0.00013468611683281048,
        0.00013531944329707877,
        0.00013468611683281048,
        0.0001339308455213849,
        0.00013494180764136602,
        0.00013380496696948065,
        0.00013468611683281048,
        0.00013531944329707877,
        0.00013531944329707877,
        0.00013481592908946174,
        0.0001351935647451745,
        0.00013468611683281048,
        0.00013456023828090622,
        0.00013644841655947008,
        0.00013544532184898305,
        0.00013456023828090622,
        0.00013443435972900194,
        0.0001340567240732892,
        0.0001339308455213849,
        0.00013468611683281048,
        0.00013380496696948065,
        0.00013380496696948065,
        0.00013468611683281048,
        0.0002661072587256042,
        8.975140750773691e-05,
        8.874437909250282e-05
    ],
    "nn.bias_add": [
        1.9129606184700417e-05
    ],
    "nn.max_pool2d": [],
    "nn.adaptive_avg_pool2d": [
        9.994363650723489e-05
    ],
    "nn.batch_matmul": [],
    "nn.softmax": [],
    "nn.batch_norm": [
        0.0007568959314860703,
        0.006828636081473778,
        0.006060647102601144,
        0.0016268386699916594,
        0.0017431386508369542,
        0.0016207925657955081,
        0.0016190302660688484,
        0.00174942864472742,
        0.02260928272980884,
        0.0031620495553112598,
        0.0009535024947415355,
        0.0009963090697984777,
        0.0009667394112152178,
        0.0009604415499152577,
        0.0009966827717494435,
        0.0009561616791505128,
        0.0009578020340300154,
        0.0009920331327384797,
        0.0009598082234509893,
        0.000961067008970032,
        0.0009960533789899221,
        0.0009593007755386252,
        0.0009558941872277163,
        0.0009908923583618473,
        0.0009572867187081572,
        0.0009619402914238679,
        0.0009914037399789584,
        0.0009611889538171892,
        0.0009590568858443108,
        0.000990648468667533,
        0.03431446571316787,
        0.0016293562410297445,
        0.0005693250880344829,
        0.0006272292219104422,
        0.0005608872913521505,
        0.0005663079364935277,
        0.0006268594536642234,
        0.0005699623482034982,
        0.0005625119114126649,
        0.0006226975940418889,
        0.0005616543637778171,
        0.0005685658830183102,
        0.0006229414837362034,
        0.0005641640674064083,
        0.0005666816384444935,
        0.0006243379489213913,
        0.0005685698167230573,
        0.0005642742111393245,
        0.0006191769282933166,
        0.0005659303008378149,
        0.0005696987899854487,
        0.000620813349468072,
        0.0005658083559906576,
        0.0005697105910996898,
        0.0006230752296976017,
        0.0005660522456849722,
        0.0005617763086249743,
        0.0006268555199594765,
        0.0005656746100292594,
        0.0005658004885811637,
        0.0006264778843037635,
        0.0005651750295263894,
        0.0005686917615702145,
        0.0006266076965604149,
        0.0005707097521054298,
        0.0005577403275545441,
        0.0006215686207794975,
        0.0005654228529254509,
        0.0005686956952749615,
        0.0006238226335995332,
        0.0236115316937753,
        0.0009693710596909658,
        0.0004253278920655043,
        0.00044230969545833816
    ],
    "multiply": [],
    "add": [
        0.0006020731800533254,
        0.0006084969199051895,
        0.0003119270516187547,
        0.0003148183246078056,
        0.0003092836020287651,
        0.000310664332394965,
        0.0003112937251544863,
        0.0003105384538430607,
        0.000309661237684478,
        0.00019573721450637623,
        0.0001929718200692295,
        0.00019548545740256774,
        0.00019246830586161251,
        0.00019485999834779343,
        0.0001909577632387614,
        0.00019284594151732529,
        0.00019133539889447417,
        0.00019322357717303803,
        0.00019246830586161251,
        0.00019473411979588915,
        0.00019133539889447417,
        0.0001915832222935357,
        0.00011328676300908639
    ],
    "squeeze": [],
    "reshape": [],
    "transpose": [],
    "latency": 306.62714799245197,
    "batch_size": 2,
    "model_name": "regnet_x_32gf",
    "sm_partition": 5
}