{
    "nn.conv2d": [
        0.0013632442368284867,
        0.001449940289946773,
        0.0037484096667126784,
        2.878119934558927,
        0.002024024316882355,
        0.002015832563831808,
        2.8804170599762076,
        0.002011075373909225,
        0.0019332323872387953,
        0.004495224486487523,
        1.6775057390680252,
        0.004149784233499233,
        0.004249471894971121,
        1.6788710952411874,
        0.00421124371406857,
        0.0039893624029260265,
        1.6785556700833606,
        0.004073349204384366,
        0.004094511233098279,
        1.6785338680739397,
        0.00423033647182961,
        0.007634713843109561,
        0.010187810210529964,
        1.0188895191155354,
        0.012638488332128293,
        0.012594798982525376,
        1.015791713835634,
        0.012971619622850527,
        0.012679447097381027,
        1.0159111769009546,
        0.012602329422178612,
        0.012631661871252836,
        1.0157105002839066,
        0.012688342829209356,
        0.013009186490355767,
        1.0157125268894789,
        0.012579780768599376,
        0.013022156766019135,
        1.01572620114392,
        0.012589337813825013,
        0.012650114648306805,
        1.0156080393727038,
        0.013024866017679082,
        0.013409878411054779,
        1.0158271900994962,
        0.013094517251298963,
        0.013437888233334382,
        1.0159494264145472,
        0.012964110515887525,
        0.013123849700373188,
        1.015849077439678,
        0.013120457802625695,
        0.015651688162554404,
        0.022365533766255236,
        0.567607230185781,
        0.03463744114937156,
        0.0347159454494393,
        0.5638144485233778,
        0.03469068754420011
    ],
    "nn.conv2d_transpose": [],
    "nn.dense": [
        0.0005679402121476716
    ],
    "nn.layer_norm": [],
    "nn.relu": [
        0.0006225732318415523,
        0.0013775584719767076,
        0.00045189037726492604,
        0.0004471118546521071,
        0.00045325566944001716,
        0.0004505464177800707,
        0.0004348455577665228,
        0.0007392843801216075,
        0.00029692971539208355,
        0.00029419913104190127,
        0.0002935164849543557,
        0.0002873940028566814,
        0.0002866900240789001,
        0.0002935164849543557,
        0.0002935164849543557,
        0.0002894206084290824,
        0.0002887379623415368,
        0.0002955857559072282,
        0.00028534606459404476,
        0.0005672575660601259,
        0.0002204733535869806,
        0.00021503351757685193,
        0.0002081857240111605,
        0.00020615911843875962,
        0.0002068417645263052,
        0.00021023366227379724,
        0.00021503351757685193,
        0.00020615911843875962,
        0.00021435087148930634,
        0.00021091630836134274,
        0.00021091630836134274,
        0.00021162028713912412,
        0.00021091630836134274,
        0.00021091630836134274,
        0.0002204733535869806,
        0.00020750307792361493,
        0.00021364689271152496,
        0.00021091630836134274,
        0.00021162028713912412,
        0.00021162028713912412,
        0.00021162028713912412,
        0.00021091630836134274,
        0.00021162028713912412,
        0.00021091630836134274,
        0.00021091630836134274,
        0.00021091630836134274,
        0.00021230293322666965,
        0.00021637747706170724,
        0.00020888970278894184,
        0.0003686075545843675,
        0.0001604004978829712,
        0.00015493932918260667,
        0.00015493932918260667,
        0.00015564330796038808,
        0.00015564330796038808
    ],
    "nn.bias_add": [
        0.00010444485139447092
    ],
    "nn.max_pool2d": [],
    "nn.adaptive_avg_pool2d": [
        0.00021637747706170724
    ],
    "nn.batch_matmul": [],
    "nn.softmax": [],
    "nn.batch_norm": [
        0.0025850527373936275,
        0.005340916325505296,
        0.004663752739350334,
        0.002010926045077574,
        0.002159102911455433,
        0.002034797325451433,
        0.0020137419601886993,
        0.0020396611788251954,
        0.005766204838046179,
        0.0028628470296441994,
        0.0015304071975162062,
        0.001526929969007771,
        0.001512594401169314,
        0.0015146636721221865,
        0.0015446787672839554,
        0.0015023547098561307,
        0.0015071332324689496,
        0.001544742765354663,
        0.0015023547098561307,
        0.0015194208620447698,
        0.0015385349524960452,
        0.011273089493585992,
        0.00235704894415341,
        0.0012634072465249485,
        0.0012695937266933297,
        0.0012484530306696533,
        0.001240943923706652,
        0.0012614446390232547,
        0.0012553221569255803,
        0.001260761992935709,
        0.0012688684152253127,
        0.0012648365367707469,
        0.0012449758021612183,
        0.0012484316979794175,
        0.0012586287239121294,
        0.001255236826164637,
        0.0012764201875687855,
        0.0012689110806057844,
        0.0012450611329221613,
        0.001274350916615913,
        0.001246383759716781,
        0.0012511622823295995,
        0.0012566021183397283,
        0.001246447757787488,
        0.0012470450731140905,
        0.0012648365367707469,
        0.0012504583035518185,
        0.0012470450731140905,
        0.0012661378308751305,
        0.0012450184675416897,
        0.0012525275745046908,
        0.0012661591635653665,
        0.0233334405876339,
        0.0017959138601909576,
        0.0010696210884229519,
        0.0011112411670729954,
        0.0010654185484464994,
        0.0010594027298000044,
        0.001079882112426371
    ],
    "multiply": [],
    "add": [
        0.0005836410721612195,
        0.0004908225369452588,
        0.0003194783689713229,
        0.0003187957228837773,
        0.0003187957228837773,
        0.0003146785136682681,
        0.00023958744403825631,
        0.00022732114715267205,
        0.00022866510663752736,
        0.00022593452228734508,
        0.0002280037932402176,
        0.00022593452228734508,
        0.00023139569098770959,
        0.00022732114715267205,
        0.00022866510663752736,
        0.00022593452228734508,
        0.00020340720139834157,
        0.0001706615218863904
    ],
    "squeeze": [],
    "reshape": [],
    "transpose": [],
    "latency": 24.316317240397137,
    "batch_size": 1,
    "model_name": "regnet_x_1_6gf",
    "sm_partition": 5
}