{
    "nn.conv2d": [
        0.007152909197664216,
        0.004314959154003726,
        0.009599923629067026,
        3.9089524752012608,
        0.0027566925414628583,
        0.002903757864333182,
        0.00459657360205328,
        1.9534904892496623,
        0.002953822655097546,
        0.0025813679909931194,
        1.956738540333295,
        0.0024938523899499417,
        0.0035857928557031953,
        0.005059575133829197,
        1.221874927513457,
        0.005169189646420706,
        0.00512851200392466,
        1.2188772981664406,
        0.005072189114314749,
        0.005087834361428613,
        1.2185205865322448,
        0.00509712372690247,
        0.005040898620087021,
        1.2186771367861777,
        0.0050909634108513855,
        0.00509712372690247,
        1.2189368478882676,
        0.005044027669509794,
        0.005044027669509794,
        1.2187364909424159,
        0.005119124855656341,
        0.005040898620087021,
        1.2189775255307636,
        0.005034640521241475,
        0.06457409515496833,
        0.011633707971074901,
        0.7609941089838248,
        0.011881000658268416,
        0.011733837552603632,
        0.7564508270047531,
        0.012453616702635843,
        0.01176512804683136,
        0.7562787292865006,
        0.011686999594056502,
        0.011799645373276322,
        0.7564288258759994,
        0.011715161038861456,
        0.011777742027316912,
        0.7564164074611027,
        0.01162128955617827,
        0.01170890294001591,
        0.7563474705910072,
        0.01178400012616246,
        0.011758869947985813,
        0.7564664722518671,
        0.011761998997408585,
        0.01182145093644127,
        0.7564350839748449,
        0.011761998997408585,
        0.01176825709625413,
        0.7563944063323489,
        0.011802774422699093,
        0.01182145093644127,
        0.7564727303507126,
        0.011705773890593138,
        0.011740095651449178,
        0.756431954925422,
        0.011749482799717497,
        0.011727579453758087,
        0.7564288258759994,
        0.01178712917558523
    ],
    "nn.conv2d_transpose": [],
    "nn.dense": [
        0.0019774614523979635
    ],
    "nn.layer_norm": [],
    "nn.relu": [
        0.0029568539217258577,
        0.0030383069895124127,
        0.0010356175761433433,
        0.0010075539141328497,
        0.0016802995400290067,
        0.0007697461580021149,
        0.0007508740786710164,
        0.0007352288315571522,
        0.0007196813672377498,
        0.0007289707327116065,
        0.0011483611381576267,
        0.0006570025959878316,
        0.0006069378052234662,
        0.000613195904069012,
        0.000613195904069012,
        0.000631970200605649,
        0.000613195904069012,
        0.0006164227362862466,
        0.0005945193903268367,
        0.0006038087558006936,
        0.0006414551316684291,
        0.0006382282994511947,
        0.0006038087558006936,
        0.0006351970328228834,
        0.0005975506569551479,
        0.0006069378052234662,
        0.000613195904069012,
        0.000613195904069012,
        0.0006038087558006936,
        0.0006101646374407008,
        0.0005882612914812911,
        0.0009667784888423412,
        0.000569486994944654,
        0.0005507126984080172,
        0.0005444545995624715,
        0.0005474858661907827,
        0.0005444545995624715,
        0.0005474858661907827,
        0.0005444545995624715,
        0.0005444545995624715,
        0.0005444545995624715,
        0.0005444545995624715,
        0.0005569707972535628,
        0.0005444545995624715,
        0.0005725182615729654,
        0.0005444545995624715,
        0.000569486994944654,
        0.0005632288960991085,
        0.0005444545995624715,
        0.0005444545995624715,
        0.0005444545995624715,
        0.000569486994944654,
        0.0005444545995624715,
        0.0005444545995624715,
        0.0005474858661907827,
        0.0005412277673452371,
        0.000569486994944654,
        0.0005444545995624715,
        0.0005444545995624715,
        0.0005444545995624715,
        0.0005412277673452371,
        0.0005444545995624715,
        0.0005412277673452371,
        0.0005444545995624715,
        0.0005444545995624715,
        0.0005757450937901998,
        0.0005444545995624715
    ],
    "nn.bias_add": [
        0.00047874456168424216
    ],
    "nn.max_pool2d": [],
    "nn.adaptive_avg_pool2d": [
        0.0008197131659720184
    ],
    "nn.batch_matmul": [],
    "nn.softmax": [],
    "nn.batch_norm": [
        0.012140222846386252,
        0.014487009913465873,
        0.011849025684479455,
        0.005825605545641768,
        0.006123158589188571,
        0.009032978986778377,
        0.007624906746530603,
        0.0050216354095780754,
        0.005130956573786201,
        0.004955925371699845,
        0.004924439311883195,
        0.004983891250915878,
        0.00920507670503088,
        0.0061385104879190504,
        0.004564696411058781,
        0.004536437183459365,
        0.0045147294030888786,
        0.004511404788077183,
        0.004558633877802159,
        0.004448628234032802,
        0.004508569087037793,
        0.004533210351242131,
        0.0044676958789528235,
        0.0044866657410783835,
        0.004514631620294416,
        0.004458406513478967,
        0.004621214866257615,
        0.004517858452511651,
        0.004498693024797167,
        0.004533503699625515,
        0.004480114293849454,
        0.004492630491540545,
        0.004511404788077183,
        0.004527050035191047,
        0.015569563230950807,
        0.005578508424037176,
        0.00427379259753537,
        0.004317305941070805,
        0.004226661290604855,
        0.004254627169820887,
        0.0043237596055052735,
        0.0042455333699359535,
        0.0042611786170498175,
        0.004233114955039324,
        0.004236146221667634,
        0.004257854002038121,
        0.004329822138761897,
        0.0042171763595420745,
        0.00426430766647259,
        0.004245435587141492,
        0.004348889783681919,
        0.004304985308968637,
        0.004282984180214766,
        0.0042611786170498175,
        0.004236341787256558,
        0.0042988249929175526,
        0.004273792597535371,
        0.004226563507810394,
        0.00425482273540981,
        0.004267632281484287,
        0.00426430766647259,
        0.004270565765318136,
        0.004245337804347031,
        0.004220696540142695,
        0.004255018300998732,
        0.004217274142336536,
        0.004211016043490991,
        0.0042798551307919935,
        0.004214340658502686,
        0.004254920518204272,
        0.004220305408964848
    ],
    "multiply": [],
    "add": [
        0.0013704258643800356,
        0.0009355857774090745,
        0.0008228422153947911,
        0.0006821327741644757,
        0.000660229428205066,
        0.0006632606948333772,
        0.000650744497142286,
        0.0006477132305139747,
        0.0006444863982967403,
        0.0006632606948333772,
        0.0006351970328228834,
        0.0005632288960991085,
        0.000569486994944654,
        0.0005662601627274197,
        0.0005725182615729654,
        0.0005945193903268367,
        0.0005725182615729654,
        0.000569486994944654,
        0.0005662601627274197,
        0.000569486994944654,
        0.0005662601627274197,
        0.0005662601627274197
    ],
    "squeeze": [],
    "reshape": [],
    "transpose": [],
    "latency": 26.28165086110433,
    "batch_size": 4,
    "model_name": "regnet_x_400mf",
    "sm_partition": 20
}