{
    "nn.conv2d": [
        0.005357360726087427,
        0.0031630227529356285,
        0.005346444046054646,
        3.4103761300077724,
        0.0025025636109523588,
        0.0026035429012555857,
        0.0036734628310309105,
        1.7037880860762444,
        0.003233981173148706,
        0.0030157328590558366,
        1.7044893974817876,
        0.003023920369080423,
        0.0030075453490312504,
        0.004137421732424117,
        1.06529048986236,
        0.004524963873587852,
        0.0044020659366563065,
        1.061879027352116,
        0.004339295026467815,
        0.004353026163071547,
        1.0618873001487035,
        0.004456649336820214,
        0.004432172093309212,
        1.0617452980217148,
        0.004484026323464923,
        0.004410253446680893,
        1.0618218000685067,
        0.004426713753292821,
        0.004453920166812017,
        1.0617945083684248,
        0.004473109643432141,
        0.004456649336820214,
        1.0617099040981708,
        0.004426713753292821,
        0.054435939696901234,
        0.009942366339855575,
        0.663712312633038,
        0.01025886477424348,
        0.010125220730404665,
        0.6593183489198435,
        0.010136137410437444,
        0.010073281213686197,
        0.6592391177030431,
        0.010048803970175196,
        0.010065093703661612,
        0.6591845343028792,
        0.010046074800166999,
        0.010086927063727174,
        0.6591273070192699,
        0.010067822873669805,
        0.01009792903032271,
        0.6592774113697206,
        0.010122491560396468,
        0.010144239633899274,
        0.6592501196696386,
        0.010780136245808786,
        0.010048803970175196,
        0.6592609510631087,
        0.010070552043677999,
        0.010076010383694394,
        0.6593538281299501,
        0.01009792903032271,
        0.010141510463891081,
        0.6594002240200894,
        0.010046074800166999,
        0.0100132394735059,
        0.6593155344632726,
        0.010081468723710784,
        0.0100132394735059,
        0.6593974948500811,
        0.010065093703661612
    ],
    "nn.conv2d_transpose": [],
    "nn.dense": [
        0.0016129394748434383
    ],
    "nn.layer_norm": [],
    "nn.relu": [
        0.0024397927007638663,
        0.0024316051907392806,
        0.0009633970128929505,
        0.0009415636528273877,
        0.0015146040679856504,
        0.0006440841219340971,
        0.0006468132919422925,
        0.0006303529853303644,
        0.0006277091018849253,
        0.0006549155154041224,
        0.0011543536269038675,
        0.000575854871729214,
        0.0005185423015571122,
        0.0005321881515980889,
        0.0005457487150763093,
        0.0005240006415735027,
        0.0005211861850025513,
        0.0005321881515980889,
        0.0005321881515980889,
        0.0005485631716472608,
        0.0005293736950271373,
        0.0005348320350435279,
        0.0005348320350435279,
        0.0005293736950271373,
        0.0005293736950271373,
        0.0005185423015571122,
        0.0005321881515980889,
        0.0005321881515980889,
        0.0005293736950271373,
        0.0005431048316308702,
        0.0005293736950271373,
        0.0008404990759614047,
        0.0005211861850025513,
        0.0004694172414095962,
        0.0004748755814259868,
        0.0005076256215243309,
        0.0004748755814259868,
        0.0004748755814259868,
        0.00048033392144237764,
        0.0004748755814259868,
        0.0004829778048878168,
        0.0004748755814259868,
        0.00047751946487142606,
        0.0004829778048878168,
        0.0004829778048878168,
        0.0004748755814259868,
        0.00047751946487142606,
        0.00047751946487142606,
        0.00047751946487142606,
        0.0004748755814259868,
        0.0004993528249369888,
        0.0004748755814259868,
        0.0004748755814259868,
        0.0004748755814259868,
        0.0004829778048878168,
        0.0004584152748140589,
        0.0004748755814259868,
        0.0004748755814259868,
        0.0004748755814259868,
        0.0005048111649533794,
        0.00047751946487142606,
        0.00045577139136861964,
        0.0004720611248550355,
        0.0004748755814259868,
        0.0004748755814259868,
        0.0004748755814259868,
        0.0004748755814259868
    ],
    "nn.bias_add": [
        0.000417563011253885
    ],
    "nn.max_pool2d": [],
    "nn.adaptive_avg_pool2d": [
        0.0007040405755516383
    ],
    "nn.batch_matmul": [],
    "nn.softmax": [],
    "nn.batch_norm": [
        0.010252980001413309,
        0.009696399892866974,
        0.00999353827750924,
        0.005277703076473226,
        0.005356678433585378,
        0.007436647126081242,
        0.0073436847726770895,
        0.004229787079888977,
        0.004289487673818249,
        0.0042542643233999785,
        0.004210682889831609,
        0.004300745500102055,
        0.007668456003652332,
        0.005954366665380155,
        0.003943224229028468,
        0.003962243132523077,
        0.0038611785556570944,
        0.00392676392241654,
        0.003904674702662708,
        0.0038967430523263904,
        0.003913203358938319,
        0.003934951432441125,
        0.003932307548995686,
        0.003874824405698072,
        0.0039459533990366625,
        0.003953970335935735,
        0.00391601781550927,
        0.003924205325533856,
        0.003845059395296192,
        0.003877553575706267,
        0.00393768060244932,
        0.003863651865977021,
        0.003921220295837393,
        0.003921220295837393,
        0.01332065237718761,
        0.004944914908598909,
        0.003713718088651791,
        0.003694699185157181,
        0.003714059234902816,
        0.003757470095345672,
        0.003702886695181766,
        0.003705786438315473,
        0.003689411418266302,
        0.003713547515526279,
        0.0037000722386108147,
        0.0037029719817445223,
        0.003692225874837253,
        0.0036619491450588363,
        0.003702971981744523,
        0.0037465534153128914,
        0.0036701366550834225,
        0.003713888661777304,
        0.003697598928290887,
        0.003681053335116203,
        0.0037437389587419395,
        0.003683867791687155,
        0.0036591346884878844,
        0.0037192617152309376,
        0.003705615865189962,
        0.003648388581580616,
        0.003719347001793694,
        0.003667322198512471,
        0.0036783241651080077,
        0.0037682162022529414,
        0.00371397394834006,
        0.0036566613781679573,
        0.0036511177515888104,
        0.003691884728586228,
        0.003686852821383619,
        0.0037138033752145473,
        0.003714059234902816
    ],
    "multiply": [],
    "add": [
        0.0010724785266580073,
        0.0007367906156499822,
        0.0007013966921061991,
        0.0005839570951910439,
        0.0005703965317128233,
        0.0005730404151582626,
        0.0005866862651992392,
        0.0005649381916964328,
        0.0005730404151582626,
        0.0005566653951090907,
        0.0005130839615407216,
        0.0004967089414915495,
        0.0004938944849205982,
        0.0004912506014751588,
        0.0004967089414915495,
        0.0005130839615407216,
        0.0004967089414915495,
        0.0005102695049697701,
        0.0004967089414915495,
        0.0004938944849205982,
        0.0004938944849205982,
        0.0005130839615407216
    ],
    "squeeze": [],
    "reshape": [],
    "transpose": [],
    "latency": 22.899028460184734,
    "batch_size": 1,
    "model_name": "regnet_x_400mf",
    "sm_partition": 5
}