{
    "nn.conv2d": [
        0.00486901848934975,
        0.006446503613923953,
        0.013911481398142142,
        4.196549575503904,
        0.0018750257536626366,
        0.0011339306452131488,
        0.005448506035361582,
        0.008694518361594749,
        0.011739072527635166,
        2.3600273748848943,
        0.002379064934754743,
        0.002379064934754743,
        0.0054789058984711985,
        0.0054738655066602785,
        2.3637975879594637,
        0.002747013536951981,
        0.0013809098439482809,
        0.005458586818983424,
        0.005559552167445936,
        2.3641000114681185,
        0.0025754827031365733,
        0.0010835267271039378,
        0.005564592559256858,
        0.022878180917526632,
        0.01280259519973951,
        1.3120087904786986,
        0.004359938916446723,
        0.0009475936604531605,
        0.013251032558667393,
        0.012600822015058575,
        1.3091308842669067,
        0.005403300021307384,
        0.006713801892146861,
        0.012666504620844638,
        0.012651383445411876,
        1.3089494301617135,
        0.00530233467284487,
        0.0065120287074659266,
        0.012918366699146602,
        0.012731872202142523,
        1.3092064901440703,
        0.0053779405500086865,
        0.006502105436088177,
        0.013009251263987272,
        0.01258066044781489,
        1.3090804803487974,
        0.005337774927765409,
        0.006461624789356716,
        0.012620983582302257,
        0.012560656392815298,
        1.3090652016611208,
        0.005337774927765409,
        0.006507145827899096,
        0.012812675983361351,
        0.012817716375172273,
        1.309120645971041,
        0.005337774927765409,
        0.0063860189121929,
        0.012797554807928588,
        0.012631064365924103,
        1.3093373828189105,
        0.005393061725441449,
        0.006507145827899096,
        0.01267154501265556,
        0.01721278052205135,
        0.03159317587085324,
        0.8012255651435796,
        0.005660360003664358,
        0.0018145410519315838,
        0.052173095634843965,
        0.05214269577173434,
        0.7963567041664739,
        0.011370966413193835,
        0.004057515407791459,
        0.05195635878697435
    ],
    "nn.conv2d_transpose": [],
    "nn.dense": [
        0.002167210966451967
    ],
    "nn.layer_norm": [],
    "nn.relu": [
        0.0020615202506667164,
        0.003699647589216062,
        0.0013760269643814512,
        0.0007105377330957791,
        0.0013002635749735439,
        0.002494836434161837,
        0.0011036882943476223,
        0.0006903761658520948,
        0.0010231995376169766,
        0.001063522672104345,
        0.0010433611048606608,
        0.0007105377330957791,
        0.0010482439844274906,
        0.0010583247680493327,
        0.001063522672104345,
        0.0006702145986084106,
        0.001063522672104345,
        0.001456515721112097,
        0.0009475936604531605,
        0.0006702145986084106,
        0.0008718302710452533,
        0.0008718302710452533,
        0.0008819110546670955,
        0.0007306993003394634,
        0.0008971897423439497,
        0.0008669473914784232,
        0.0009121534055326218,
        0.0006500530313647262,
        0.0008669473914784232,
        0.0008669473914784232,
        0.0008669473914784232,
        0.000675412502663423,
        0.0008669473914784232,
        0.0008669473914784232,
        0.0008669473914784232,
        0.0006702145986084106,
        0.0008718302710452533,
        0.0008669473914784232,
        0.0008669473914784232,
        0.0006702145986084106,
        0.0008669473914784232,
        0.0008718302710452533,
        0.0008669473914784232,
        0.000675412502663423,
        0.0008669473914784232,
        0.0008669473914784232,
        0.0008669473914784232,
        0.0006702145986084106,
        0.0008669473914784232,
        0.0013002635749735439,
        0.0008669473914784232,
        0.0006702145986084106,
        0.0007913415143146074,
        0.0008264667447469636,
        0.0007913415143146074,
        0.0007105377330957791,
        0.0007913415143146074
    ],
    "nn.bias_add": [
        0.0007812607306927652,
        0.0007105377330957791,
        0.0007508608675831476,
        0.0007508608675831476,
        0.0007508608675831476,
        0.0007459779880163178,
        0.0007105377330957791,
        0.0007056548535289493,
        0.0007105377330957791,
        0.0007508608675831476,
        0.0007760628266377529,
        0.0007105377330957791,
        0.0007105377330957791,
        0.0007358972043944756,
        0.0007056548535289493,
        0.0007105377330957791,
        0.0007105377330957791,
        0.0007105377330957791,
        0.000675412502663423,
        0.0007105377330957791,
        0.0007105377330957791,
        0.0007157356371507914,
        0.0007105377330957791,
        0.0007105377330957791,
        0.000675412502663423,
        0.0007760628266377529,
        0.0007508608675831476,
        0.0007306993003394634,
        0.0007861436102595949
    ],
    "nn.max_pool2d": [],
    "nn.adaptive_avg_pool2d": [
        0.0025754827031365733,
        0.0015070771514653985,
        0.001451632841545267,
        0.001451632841545267,
        0.001249859656864333,
        0.001154092212456833,
        0.001129047765646319,
        0.001129047765646319,
        0.0011339306452131488,
        0.001129047765646319,
        0.001129047765646319,
        0.0011339306452131488,
        0.0013105018708394773,
        0.0012095365223769646,
        0.0012095365223769646
    ],
    "nn.batch_matmul": [],
    "nn.softmax": [],
    "nn.batch_norm": [
        0.01076044895509602,
        0.02119894288326946,
        0.015422653867953913,
        0.008461872777071923,
        0.008774849606081301,
        0.018628185547455624,
        0.01161700053846442,
        0.007640131399647697,
        0.0077965410580303415,
        0.007675571654568237,
        0.007468443053588199,
        0.007691007854489183,
        0.007589569969294396,
        0.007549404347051117,
        0.00755444473886204,
        0.01926358994011986,
        0.008764138773483095,
        0.007086003324934563,
        0.007045837702691285,
        0.006934476546118749,
        0.006984565439739776,
        0.007055288437336762,
        0.00693967445017376,
        0.0070250460864712365,
        0.006954638113362432,
        0.006924395762496905,
        0.00697023182552747,
        0.006964718896984275,
        0.006959678505173354,
        0.006884072628009537,
        0.007105692355445973,
        0.007035599406825352,
        0.0070200056946603155,
        0.006990393392771154,
        0.006954638113362432,
        0.006934634058362839,
        0.007075765029068629,
        0.006919355370685986,
        0.007040324774148092,
        0.0070708821495017995,
        0.03777143613308973,
        0.008290184431012423,
        0.006758535369468784,
        0.006844064518010352,
        0.006677416563761774,
        0.006728135506359167,
        0.006747982049114668
    ],
    "multiply": [
        0.0014264308824906615,
        0.0011693709001336873,
        0.0011440114288349909,
        0.0011137690779694643,
        0.0009475936604531605,
        0.0009072705259657919,
        0.0009020726219107796,
        0.0009072705259657919,
        0.0009072705259657919,
        0.000942395756398148,
        0.0009072705259657919,
        0.0009121534055326218,
        0.0008669473914784232,
        0.0008316646488019761
    ],
    "add": [
        0.001759096742011452,
        0.0013155422626503984,
        0.001149209332890003,
        0.0011440114288349909,
        0.000982876403129608,
        0.0009475936604531605,
        0.0009121534055326218,
        0.0009072705259657919,
        0.0009121534055326218,
        0.0009072705259657919,
        0.0009524765400199902,
        0.0009475936604531605,
        0.000982876403129608,
        0.0008718302710452533
    ],
    "squeeze": [],