{
    "nn.conv2d": [
        0.0006837938660588798,
        0.00074694667786332,
        0.001660793481294252,
        3.123496222654029,
        0.0017465307423532603,
        0.001730219751224961,
        3.1248220134713804,
        0.0017272790677282726,
        0.0015825713002823368,
        0.003244619473201843,
        1.5607690205590703,
        0.0016227214322904577,
        0.0016022412054490758,
        1.5604340701739452,
        0.0016005682832820707,
        0.0016085015938709147,
        1.5602488071136538,
        0.0016118605079093549,
        0.0016189573574146964,
        1.5603495222559893,
        0.0016214667406652039,
        0.0016005682832820707,
        1.5602909830498486,
        0.0016034958970743295,
        0.0016051557495369048,
        1.5601516861400366,
        0.0016331771958342392,
        0.0018820243681762386,
        0.0036954850669141306,
        0.8773552607141202,
        0.0018523299997118994,
        0.001830595081245263,
        0.8760934722393611,
        0.001834346086416595,
        0.0018326731642495904,
        0.876180424982932,
        0.001843965388876874,
        0.0018247267839563164,
        0.8760662480450339,
        0.0018234851620354924,
        0.0018331044644957707,
        0.8760984648664532,
        0.0018272361672068238,
        0.0018322680034122685,
        0.8761958864432723,
        0.0018360190085836003,
        0.0018360190085836003,
        0.8762025650622359,
        0.0018285039285365074,
        0.001840201314001113,
        0.8760959685529072,
        0.0018385283918341076,
        0.0018406326142472935,
        0.8762000687486899,
        0.0018397961531637914,
        0.0018263997061233213,
        0.8761833133876109,
        0.0018255632450398188,
        0.0018335096253330925,
        0.8761603891260412,
        0.001830163780999083,
        0.00184941545562407,
        0.8760892899339435,
        0.0018176299344509744,
        0.00182932731991558,
        0.8761461300785084,
        0.001841469075330796,
        0.0018410377750846154,
        0.8760862969716291,
        0.0018234851620354924,
        0.0018138658595752129,
        0.8760277708351928,
        0.001831836703166087,
        0.00347297334899803,
        0.004327013184958533,
        0.510850217675031,
        0.002913380884134845,
        0.002883268285128754,
        0.5076323518867969,
        0.002881595362961749
    ],
    "nn.conv2d_transpose": [],
    "nn.dense": [
        0.0002969306149389646
    ],
    "nn.layer_norm": [],
    "nn.relu": [
        0.00031701875064745475,
        0.0007703806579058204,
        0.0002655763940120499,
        0.00025010186396725323,
        0.00025721178317702467,
        0.000259302935885781,
        0.00025637532209352214,
        0.00040944770037448314,
        0.0001380160787779157,
        0.00013634315661091063,
        0.00013341554281865183,
        0.00013256601203071958,
        0.00013423893419772464,
        0.0001321477814889683,
        0.00013299731227690056,
        0.00013467023444390562,
        0.00013341554281865183,
        0.00013382070365597335,
        0.0001354936258229784,
        0.00013006969848464175,
        0.00013423893419772464,
        0.00013382070365597335,
        0.00013299731227690056,
        0.00013256601203071958,
        0.0001321477814889683,
        0.0002735097046008941,
        0.00011123625440140533,
        0.00010496279627513645,
        0.00010538102681688771,
        0.00010370810464988266,
        0.00010873994085532753,
        0.00010496279627513645,
        0.00010748524923007372,
        0.00010538102681688771,
        0.00010705394898389276,
        0.0001045576354378149,
        0.0001058123270630687,
        0.00010915817139707877,
        0.00010496279627513645,
        0.00010538102681688771,
        0.00010370810464988266,
        0.00010748524923007372,
        0.00011500032927716667,
        0.0001045576354378149,
        0.00010830864060914653,
        0.00011250401573108887,
        0.00010623055760481995,
        0.00010538102681688771,
        0.00010830864060914653,
        0.00010538102681688771,
        0.00010830864060914653,
        0.0001066357184421415,
        0.00010496279627513645,
        0.0001058123270630687,
        0.00010873994085532753,
        0.00010538102681688771,
        0.00010496279627513645,
        0.00010789041006739527,
        0.00010789041006739527,
        0.00010873994085532753,
        0.00010496279627513645,
        0.00010496279627513645,
        0.00010915817139707877,
        0.0001066357184421415,
        0.00011250401573108887,
        0.00010789041006739527,
        0.0001066357184421415,
        0.00010789041006739527,
        0.00010789041006739527,
        0.00010496279627513645,
        0.00017898960216510945,
        8.69788829798323e-05,
        8.36330386458222e-05,
        8.070542485356338e-05,
        8.112365539531464e-05,
        8.070542485356338e-05
    ],
    "nn.bias_add": [
        6.566219505494776e-05
    ],
    "nn.max_pool2d": [],
    "nn.adaptive_avg_pool2d": [
        0.00012045039602436277
    ],
    "nn.batch_matmul": [],
    "nn.softmax": [],
    "nn.batch_norm": [
        0.001321124932870081,
        0.002541913744833148,
        0.0029275353740322394,
        0.0011299805055853254,
        0.0012090260779763133,
        0.0011346071809534486,
        0.0011157737368702122,
        0.0012115485309312506,
        0.003914977683106963,
        0.001638980144601038,
        0.0007866263005119709,
        0.0008134191945929107,
        0.0007594543850025686,
        0.0007636105510112219,
        0.0008071065273533526,
        0.0007652573337693673,
        0.0007631923204694703,
        0.0008234305881860816,
        0.0007665512345079102,
        0.0007640157118485434,
        0.0008113019024752951,
        0.0007582258327861743,
        0.0007631923204694703,
        0.000807524757895104,
        0.0007744845450967545,
        0.000763597481306792,
        0.0008192613524729988,
        0.004311499445800447,
        0.0011881145508887503,
        0.0006895837451212487,
        0.0007050713448704751,
        0.0006812060645817939,
        0.0006745274456182035,
        0.0006954520424101963,
        0.0006891785842839273,
        0.0006770629682775705,
        0.000699189977877098,
        0.0006841336783740526,
        0.0006795331424147888,
        0.0006815981557146857,
        0.0006866953404422793,
        0.0006770629682775705,
        0.0006958702729519474,
        0.0006816112254191154,
        0.0006816635042368342,
        0.0006895968148256787,
        0.0006816635042368344,
        0.0006875187318213519,
        0.0006996343478277088,
        0.0006799644426609698,
        0.0006749456761599549,
        0.0006958310638386583,
        0.0006808270431533318,
        0.0006879238926586735,
        0.0006816635042368344,
        0.0006812060645817939,
        0.0006786966813312863,
        0.0006841336783740526,
        0.0006841467480784825,
        0.0006812191342862237,
        0.0006904332759091809,
        0.0006878977532498141,
        0.0006920931283717564,
        0.0006841467480784825,
        0.0006812191342862237,
        0.0006799775123653996,
        0.0006954259030013366,
        0.0006845388392113744,
        0.0006854275791125957,
        0.0006966936643310204,
        0.0006828789867487989,
        0.0006765924589181002,
        0.0006954389727057665,
        0.004888618384303895,
        0.0009066323265857228,
        0.0006226537887366174,
        0.0006385726887320249,
        0.0006243397806080523,
        0.0006067348887412102,
        0.000638951710160487
    ],
    "multiply": [],