{
    "nn.conv2d": [
        0.007425479384005895,
        0.01506772390551745,
        0.012677081762374092,
        3.774371170890197,
        0.007008928101488492,
        0.0036402959906955737,
        0.009073007622332204,
        0.021099228005772852,
        0.01593761428762241,
        2.1255519631679345,
        0.008366681534585302,
        0.008820020634172856,
        0.011971321641043656,
        0.011246884627969907,
        2.12678350609016,
        0.009834232452476104,
        0.004926171688901473,
        0.011717202720051377,
        0.011391772030584656,
        2.12604095815176,
        0.009525780755503295,
        0.003621619098952266,
        0.011409882955911499,
        0.08062927358869147,
        0.02394264328208731,
        1.1824985364402756,
        0.01490472557757586,
        0.00324128966708855,
        0.043157769087451954,
        0.04125668789454984,
        1.1800167737040814,
        0.019704686755605893,
        0.023199529377270246,
        0.04170946102772092,
        0.04170946102772092,
        1.1789663400351247,
        0.019433022875703237,
        0.022330204961581755,
        0.04145534210672865,
        0.041745682878374615,
        1.179093682478829,
        0.019686575830279048,
        0.02220399445071031,
        0.04189000431457289,
        0.041745682878374615,
        1.179329124508078,
        0.019414911950376392,
        0.022094762932332788,
        0.04163701732641355,
        0.04136478748009443,
        1.1788944623002335,
        0.019323791357325714,
        0.022004774272115037,
        0.041473453032055484,
        0.0413104547041139,
        1.1794196791347122,
        0.019722797680932734,
        0.022058541081679102,
        0.04132856562944075,
        0.04150967488270919,
        1.1786041215285878,
        0.019414911950376392,
        0.022094762932332788,
        0.0413104547041139,
        0.048283726921365164,
        0.04232523248883361,
        0.7233497915877188,
        0.02003068341148908,
        0.005469499448706782,
        0.05947627877335454,
        0.058117393407424806,
        0.7191118350612374,
        0.04087579249626965,
        0.013492639368498519,
        0.05828095770178287
    ],
    "nn.conv2d_transpose": [],
    "nn.dense": [
        0.005088604050426602
    ],
    "nn.layer_norm": [],
    "nn.relu": [
        0.0038389502028743903,
        0.0051978355688041275,
        0.003404853961446606,
        0.0025168526540148037,
        0.0031150791562171076,
        0.0038027283522207023,
        0.003005847637839582,
        0.002553074504668491,
        0.002843415276314453,
        0.002716638799026547,
        0.002770971575007078,
        0.002553074504668491,
        0.002824738384571145,
        0.002843415276314453,
        0.0027885165339174584,
        0.0024081871020537418,
        0.0027885165339174584,
        0.003349955219049611,
        0.0026804169483728604,
        0.002571751396411798,
        0.002553074504668491,
        0.0024993076951044238,
        0.0026079732470654857,
        0.0026079732470654857,
        0.0025168526540148037,
        0.002571751396411798,
        0.002571751396411798,
        0.0023357434007463666,
        0.002553074504668491,
        0.002553074504668491,
        0.002553074504668491,
        0.0025168526540148037,
        0.002571751396411798,
        0.002553074504668491,
        0.002571751396411798,
        0.0024081871020537418,
        0.002571751396411798,
        0.002553074504668491,
        0.002553074504668491,
        0.0024081871020537418,
        0.0026441950977191724,
        0.002571751396411798,
        0.002571751396411798,
        0.0024081871020537418,
        0.002553074504668491,
        0.002553074504668491,
        0.002553074504668491,
        0.002426863993797049,
        0.002571751396411798,
        0.0030782913391469565,
        0.0026979619072832403,
        0.002553074504668491,
        0.002426863993797049,
        0.0024081871020537418,
        0.0024081871020537418,
        0.002553074504668491,
        0.002426863993797049
    ],
    "nn.bias_add": [
        0.0027885165339174584,
        0.0028071934256607657,
        0.0026804169483728604,
        0.002716638799026547,
        0.0026979619072832403,
        0.0025355295457581114,
        0.002553074504668491,
        0.002571751396411798,
        0.002426863993797049,
        0.0026979619072832403,
        0.0026979619072832403,
        0.0026617400566295527,
        0.002426863993797049,
        0.002553074504668491,
        0.0026441950977191724,
        0.002553074504668491,
        0.002426863993797049,
        0.0026804169483728604,
        0.002553074504668491,
        0.0025892963553221784,
        0.002553074504668491,
        0.0024993076951044238,
        0.002426863993797049,
        0.0026079732470654857,
        0.002553074504668491,
        0.002843415276314453,
        0.0026979619072832403,
        0.002553074504668491,
        0.0026979619072832403
    ],
    "nn.max_pool2d": [],
    "nn.adaptive_avg_pool2d": [
        0.009217895024946954,
        0.005324046079675569,
        0.00503427127444607,
        0.005052382199772914,
        0.00449094351464076,
        0.004074392232123357,
        0.004074392232123357,
        0.004093069123866665,
        0.004074392232123357,
        0.004074392232123357,
        0.004201734675827727,
        0.004074392232123357,
        0.004183057784084419,
        0.0038027283522207023,
        0.0037489615426566348
    ],
    "nn.batch_matmul": [],
    "nn.softmax": [],
    "nn.batch_norm": [
        0.028086649383435712,
        0.03529423169710302,
        0.03132907098335719,
        0.024555584911117666,
        0.024843095850681313,
        0.03779467132504038,
        0.026945661087844564,
        0.023684562596179782,
        0.02355948401814127,
        0.02301672222475242,
        0.023287820138238616,
        0.023305931063565457,
        0.023052378108989642,
        0.02352269620107111,
        0.02359570586879495,
        0.04531127130209695,
        0.02518833536472427,
        0.022617715901145398,
        0.022961257515938964,
        0.022745624311266227,
        0.022944278523445043,
        0.022925601631701743,
        0.022507918416351406,
        0.02261714993472893,
        0.023085770127561016,
        0.022434908748627566,
        0.022870136922888282,
        0.023033135250829877,
        0.022761471370927218,
        0.022562251192331937,
        0.023123689877464094,
        0.022743360445600377,
        0.022707138594946687,
        0.022888247848215124,
        0.022598473042985623,
        0.02239868689797388,
        0.02334158694780268,
        0.022599039009402088,
        0.022780148262670524,
        0.023142366769207397,
        0.06361915294187004,
        0.024881581567000856,
        0.022888247848215124,
        0.022870136922888282,
        0.022398686897973884,
        0.022707138594946687,
        0.022942014657779192
    ],
    "multiply": [
        0.003441075812100293,
        0.002988302678929202,
        0.002988302678929202,
        0.0028796371269681404,
        0.00289718208587852,
        0.002553074504668491,
        0.002571751396411798,
        0.002571751396411798,
        0.002553074504668491,
        0.002734749724353391,
        0.0026255182059758656,
        0.002553074504668491,
        0.002716638799026547,
        0.0027522946832637713
    ],
    "add": [
        0.0038027283522207023,
        0.0031326241151274884,
        0.0028796371269681404,
        0.0029520808282755147,
        0.00302452452958289,
        0.002770971575007078,
        0.00289718208587852,
        0.0028609602352248327,
        0.0026979619072832403,
        0.0026979619072832403,
        0.002553074504668491,
        0.0026979619072832403,
        0.002734749724353391,
        0.0026255182059758656
    ],
    "squeeze": [],
    "reshape": [],
    "transpose": [],
    "latency": 24.129382769266766,
    "batch_size": 1,