{
    "nn.conv2d": [
        0.0005757476294778412,
        0.0007080659710776069,
        0.0015719668036845707,
        2.8620569203035897,
        0.0016061958727470584,
        0.0016169243869308234,
        2.8597426584597647,
        0.0015852656910581961,
        0.0013594560115713374,
        0.0029058946989168606,
        1.430165110113443,
        0.0016552405090156975,
        0.0016394031785539496,
        1.4279851941726784,
        0.0016634305801113394,
        0.0016470823680217932,
        1.4280837304666398,
        0.0016215223215810082,
        0.0016475932496495915,
        1.4280392677999707,
        0.001664436378316067,
        0.0016710778394774459,
        1.4282185712862767,
        0.0016210114399532096,
        0.0016429953149994065,
        1.4283162614325426,
        0.001635827007159361,
        0.0015867823708907223,
        0.0034096239839260067,
        0.8037296734364036,
        0.001787574815666332,
        0.0017901132587544546,
        0.801620770041903,
        0.0017931785485212446,
        0.0017977924482222983,
        0.8015563989568003,
        0.001771737485204584,
        0.0018248532094447406,
        0.8015737529670947,
        0.0017681613138099954,
        0.001782976881016147,
        0.8017500071286853,
        0.001782465999388349,
        0.0018013686196168865,
        0.8014960989596693,
        0.0018064614708440008,
        0.0017916459036378496,
        0.801551832952252,
        0.0017880856972941302,
        0.0017993250931056934,
        0.801377111435545,
        0.0017967706849667017,
        0.0017931785485212446,
        0.8014235697335729,
        0.0017936894301490431,
        0.0018069723524717994,
        0.8012999363796458,
        0.0018100376422385894,
        0.0017942003117768412,
        0.8013173063549908,
        0.001787574815666332,
        0.0017758085731761017,
        0.8014138949127465,
        0.0018064614708440008,
        0.0018023903828724831,
        0.8013469534544541,
        0.001771737485204584,
        0.0017681613138099954,
        0.8013990314503877,
        0.0017834877626439452,
        0.0017865530524107352,
        0.8012999363796458,
        0.001781444236132752,
        0.0038208677292527883,
        0.003922038256607725,
        0.468294008458376,
        0.0032006574331056243,
        0.0031562266965380393,
        0.46453391967778035,
        0.003167466092349602
    ],
    "nn.conv2d_transpose": [],
    "nn.dense": [
        0.0002825175401724726
    ],
    "nn.layer_norm": [],
    "nn.relu": [
        0.0002635989548930659,
        0.0007131907524064588,
        0.00022630459606378831,
        0.00022734232437025367,
        0.00022683144274245534,
        0.00022325527134786717,
        0.0002324511406482369,
        0.0003484212701584563,
        0.00015479713322289184,
        0.00014405265398825836,
        0.0001450903822947237,
        0.00014662302717811866,
        0.00014405265398825836,
        0.0001430468557835304,
        0.00014662302717811866,
        0.00014713390880591694,
        0.00014713390880591694,
        0.00015222676003303154,
        0.00014457950066692536,
        0.00014662302717811866,
        0.00015632977810628681,
        0.00014354177236046003,
        0.00014405265398825836,
        0.00014354177236046003,
        0.00014762882538284664,
        0.0002544190506435648,
        0.00011341572137122767,
        0.00011084534818136736,
        0.00011239395811563104,
        0.00011084534818136736,
        0.00011288887469256066,
        0.00011648101113801762,
        0.00011035043160443774,
        0.00011035043160443774,
        0.00011288887469256066,
        0.00011288887469256066,
        0.00011545924788242098,
        0.00011084534818136736,
        0.00011084534818136736,
        0.00011288887469256066,
        0.00011186711143696402,
        0.00011239395811563104,
        0.00011239395811563104,
        0.00011186711143696402,
        0.00011288887469256066,
        0.00010931270329797242,
        0.00010881778672104276,
        0.00010779602346544612,
        0.00010881778672104276,
        0.00010881778672104276,
        0.00010881778672104276,
        0.00010931270329797242,
        0.00010982358492577072,
        0.00011648101113801762,
        0.00010881778672104276,
        0.0001159541644593506,
        0.00011648101113801762,
        0.00011239395811563104,
        0.00011084534818136736,
        0.00010931270329797242,
        0.00010881778672104276,
        0.00010881778672104276,
        0.00010881778672104276,
        0.00010881778672104276,
        0.00010881778672104276,
        0.00011750277439361426,
        0.00011239395811563104,
        0.00011288887469256066,
        0.00011239395811563104,
        0.0001159541644593506,
        0.00018134701281753593,
        9.706750928168136e-05,
        9.143184632503112e-05,
        9.195869300369812e-05,
        8.991516649250482e-05,
        8.991516649250482e-05
    ],
    "nn.bias_add": [
        7.508363423548478e-05
    ],
    "nn.max_pool2d": [],
    "nn.adaptive_avg_pool2d": [
        0.00013947068438894216
    ],
    "nn.batch_matmul": [],
    "nn.softmax": [],
    "nn.batch_norm": [
        0.0012928977144997368,
        0.0025364474567643298,
        0.002553290585430806,
        0.0011713557822363421,
        0.001256625118926056,
        0.0011734152737984042,
        0.0011703659490824826,
        0.0012055209910953552,
        0.00368441443947803,
        0.0015131515562842892,
        0.0008995507911967656,
        0.0009261645309948847,
        0.0008898280752177288,
        0.0008970442782103804,
        0.0009138395117242502,
        0.0008929731902388625,
        0.000888295430334334,
        0.0009164737451175853,
        0.0008888382420638696,
        0.0009021530944883636,
        0.0009138395117242502,
        0.0008827236275811585,
        0.0008970283131595116,
        0.0009087945556497417,
        0.0008878324438591419,
        0.0008960065499039148,
        0.0009108221171100665,
        0.004108398295398032,
        0.001222954826643973,
        0.0007861510348764068,
        0.0007968316539075653,
        0.0007738898758092471,
        0.0007728521475027817,
        0.0007963367373306359,
        0.0007759653324221778,
        0.000774416722487914,
        0.0007918345929856631,
        0.0007759174372695716,
        0.0007917707327821884,
        0.0007820639818540202,
        0.0007784878104594318,
        0.0007912438861035211,
        0.0007800204553428269,
        0.0007707926559407197,
        0.000772357230925852,
        0.0007790465872398364,
        0.0007779609637807649,
        0.0007774979773055727,
        0.000790780899628329,
        0.0007779769288316336,
        0.0007682861429543342,
        0.0007871727981320034,
        0.0007856561182994772,
        0.0007723891610275894,
        0.000781553100226222,
        0.0007851452366716789,
        0.0007734268893340549,
        0.0007892322896940655,
        0.0007795255387658972,
        0.0007835806616865465,
        0.00080609138341141,
        0.0007774500821529665,
        0.0007861510348764067,
        0.0007896952761692576,
        0.0007729000426553878,
        0.0007774820122547041,
        0.0007820959119557576,
        0.000779541503816766,
        0.0007779928938825022,
        0.0007983962288926977,
        0.0007759174372695717,
        0.0007779769288316336,
        0.0007907330044757229,
        0.004562572062510741,
        0.0010237109918026267,
        0.0007151544536633087,
        0.0007376172802355662,
        0.0007079861458232634,
        0.0007059266542612014,
        0.0007289003624612573
    ],
    "multiply": [],