{
    "nn.conv2d": [
        0.002139416303468862,
        0.002559788651058275,
        0.004351879493053829,
        2.4400134656692045,
        0.0025875746879761388,
        0.0025563153964435416,
        2.4336017291112007,
        0.002584101433361406,
        0.0027681839279422586,
        0.004980538578320515,
        1.4230513524453836,
        0.004779198349872707,
        0.004758250282977598,
        1.4205611374258267,
        0.004563748024552547,
        0.004577749582218189,
        1.420675754828113,
        0.004598480570699877,
        0.004615846843773544,
        1.4202659107835747,
        0.004650579389920874,
        0.007113116911766622,
        0.009620806743603902,
        0.8645139131347503,
        0.01180211918086298,
        0.011753385077050009,
        0.8599153240248436,
        0.011704868051650455,
        0.011729180833953586,
        0.8597380795002854,
        0.011697921542420988,
        0.011628456450126327,
        0.8597868136040986,
        0.011666553711681682,
        0.011659607202452215,
        0.8599465833163762,
        0.011565829327854422,
        0.011923683092378639,
        0.8598250194048606,
        0.011763804840894208,
        0.011874948988565665,
        0.8597971248287359,
        0.011676973475525881,
        0.011631821165534352,
        0.859793760113328,
        0.011583304140134797,
        0.011642240929378548,
        0.8598075445925801,
        0.011666553711681682,
        0.01168750177857679,
        0.8598040713379654,
        0.01168750177857679,
        0.014216031138102466,
        0.0213500961167642,
        0.48209110524035864,
        0.03013384849821743,
        0.03004365241744108,
        0.47754472348887966,
        0.030053963642078567
    ],
    "nn.conv2d_transpose": [],
    "nn.dense": [
        0.0012225856243860416
    ],
    "nn.layer_norm": [],
    "nn.relu": [
        0.0010246101113462565,
        0.0025944126579988945,
        0.0007328567237086783,
        0.0007153819114283026,
        0.0007328567237086783,
        0.0007431679483461671,
        0.0007153819114283026,
        0.0013891933066865186,
        0.0006668648860287499,
        0.000642443564518908,
        0.0006321323398814192,
        0.0006321323398814192,
        0.0006285505460599757,
        0.0006321323398814192,
        0.0006354970552894419,
        0.000625185830651953,
        0.000642443564518908,
        0.000642443564518908,
        0.000642443564518908,
        0.0008751516237060239,
        0.0005800335206604232,
        0.000548665689921115,
        0.0005522474837425586,
        0.0005695052176095135,
        0.0005695052176095135,
        0.000573087011430957,
        0.0005556121991505813,
        0.0005453009745130924,
        0.000548665689921115,
        0.0005625587083800473,
        0.000548665689921115,
        0.000548665689921115,
        0.000548665689921115,
        0.000548665689921115,
        0.000548665689921115,
        0.000548665689921115,
        0.000548665689921115,
        0.0005625587083800473,
        0.000548665689921115,
        0.000548665689921115,
        0.0005453009745130924,
        0.000548665689921115,
        0.000548665689921115,
        0.000548665689921115,
        0.000548665689921115,
        0.000548665689921115,
        0.0005556121991505813,
        0.000548665689921115,
        0.000548665689921115,
        0.0007120171960202799,
        0.000520988192209961,
        0.0004932021552920963,
        0.0004896203614706529,
        0.0004932021552920963,
        0.0004932021552920963
    ],
    "nn.bias_add": [
        0.0005453009745130924
    ],
    "nn.max_pool2d": [],
    "nn.adaptive_avg_pool2d": [
        0.0008301078529212043
    ],
    "nn.batch_matmul": [],
    "nn.softmax": [],
    "nn.batch_norm": [
        0.006216691603545359,
        0.00894319647611082,
        0.01054773156891079,
        0.005164295455281237,
        0.0053793116237745575,
        0.005098195078394599,
        0.005080720266114223,
        0.0051431303099727065,
        0.009491536548411806,
        0.00708858705105007,
        0.004935060650708855,
        0.004927897063065968,
        0.0048620137645927495,
        0.004775399477637843,
        0.004830863012266863,
        0.004900002486941393,
        0.004816644376187798,
        0.00490705753537757,
        0.0047820203692471785,
        0.004813496739193197,
        0.004879380037666415,
        0.013979090049853643,
        0.005542663129873723,
        0.004674675093810585,
        0.004733394804640915,
        0.0046712018391958515,
        0.004570368916161882,
        0.004594681698465014,
        0.004664146790759676,
        0.00459109990464357,
        0.004643198723864567,
        0.004754451410742735,
        0.004563096789312285,
        0.004629414244612344,
        0.0047197188645954034,
        0.004573625092363194,
        0.004664255329966385,
        0.004587518110822126,
        0.004587518110822126,
        0.004636469293048521,
        0.0045597320739042616,
        0.004577098346977927,
        0.004688242494649386,
        0.004629414244612344,
        0.004598263492286456,
        0.004618994480768145,
        0.004681513063833341,
        0.004629197166198923,
        0.004709516179164625,
        0.004552894103881506,
        0.004667402966960988,
        0.004688242494649386,
        0.025517567497617046,
        0.005181553189148193,
        0.004493957314637754,
        0.004570260376955172,
        0.004438276701595315,
        0.00445564297466898,
        0.004487119344614998
    ],
    "multiply": [],
    "add": [
        0.00101755506291008,
        0.0007813737491082309,
        0.0007674807306492987,
        0.0006599183767992838,
        0.0006806493652809718,
        0.000642443564518908,
        0.0006354970552894419,
        0.0005661405022014908,
        0.0005800335206604232,
        0.000573087011430957,
        0.000573087011430957,
        0.0005800335206604232,
        0.000573087011430957,
        0.0005869800298898894,
        0.0005869800298898894,
        0.0005764517268389796,
        0.0005939265391193554,
        0.0005383544652836262
    ],
    "squeeze": [],
    "reshape": [],
    "transpose": [],
    "latency": 20.873506863911945,
    "batch_size": 2,
    "model_name": "regnet_x_1_6gf",
    "sm_partition": 60
}