{
    "nn.conv2d": [
        0.0038551786988210057,
        0.00490536431059695,
        0.008000648218989208,
        4.315533736765297,
        0.0013127320147199302,
        0.000690803631759279,
        0.0038966333940226873,
        0.00756882847730502,
        0.01092331218564321,
        2.4264537480533837,
        0.0015578976730611274,
        0.0016132785549321247,
        0.005406383165886028,
        0.0053648205157489255,
        2.428633682064341,
        0.0018722624450072164,
        0.000904986223634636,
        0.005402928607952555,
        0.0055340938544891265,
        2.4284782269573344,
        0.0017858984966703784,
        0.0006943661446281737,
        0.00537863874748282,
        0.017504245048910228,
        0.013559031933948069,
        1.3491050552014727,
        0.0028153567608454823,
        0.0006458943786241235,
        0.01283022816492058,
        0.012436300605569182,
        1.3445450387292877,
        0.003768922705419589,
        0.004449470618313869,
        0.0122671352217644,
        0.012291317127298716,
        1.3444137655278157,
        0.0037446328449498535,
        0.004276634766704773,
        0.012173862157560614,
        0.012329209309631502,
        1.3444343849204812,
        0.003699831546750119,
        0.004249106258172405,
        0.01203902644321973,
        0.01235684577309929,
        1.3444932203602855,
        0.0037239054973490122,
        0.0042731802087712985,
        0.012191134947227985,
        0.0122671352217644,
        1.3445207488688178,
        0.0036375415490121753,
        0.004297470069241035,
        0.012439755163502653,
        0.012280953453498295,
        1.3442755832104767,
        0.003730814613215959,
        0.004297470069241035,
        0.01235684577309929,
        0.01231884563583108,
        1.3445001294761525,
        0.0037032861046835926,
        0.004297470069241035,
        0.01220829978195993,
        0.01531740192208608,
        0.029242832906853186,
        0.82346977576301,
        0.003983105297294946,
        0.0015544431151276543,
        0.05420201397619922,
        0.05310681115635271,
        0.8179493921853193,
        0.007807192974714691,
        0.0030606303741221004,
        0.054343542896536215
    ],
    "nn.conv2d_transpose": [],
    "nn.dense": [
        0.001779097335738853
    ],
    "nn.layer_norm": [],
    "nn.relu": [
        0.0017998246833396939,
        0.0032402673866627225,
        0.0012609136457178277,
        0.0004869847136843425,
        0.0011676405815140433,
        0.001924080814009319,
        0.0009258215261708982,
        0.00046625736608350154,
        0.0008669860863664275,
        0.0008704406442999012,
        0.0008669860863664275,
        0.0004731664819504485,
        0.0008531678546325335,
        0.0008428041808321131,
        0.0008601849254349018,
        0.00043516634468224,
        0.0008669860863664275,
        0.0013713515446535586,
        0.0006943661446281737,
        0.0004800755978173956,
        0.0006632751232269121,
        0.000670076284158438,
        0.000683894515892332,
        0.0004698198789523961,
        0.000670076284158438,
        0.0006666217262249647,
        0.0006666217262249647,
        0.00044207546054918706,
        0.0006666217262249647,
        0.000670076284158438,
        0.000670076284158438,
        0.00045600164721850214,
        0.0006666217262249647,
        0.000670076284158438,
        0.0006666217262249647,
        0.00044553001848266047,
        0.000670076284158438,
        0.0006977127476262261,
        0.000670076284158438,
        0.00044207546054918706,
        0.000670076284158438,
        0.0006666217262249647,
        0.0006666217262249647,
        0.0004593482502165545,
        0.000670076284158438,
        0.0007046218634931731,
        0.000670076284158438,
        0.00044553001848266047,
        0.0006666217262249647,
        0.0010811686782417848,
        0.0006320761468902297,
        0.0004698198789523961,
        0.0005941839645574421,
        0.0005907294066239687,
        0.0006044396834224417,
        0.0004698198789523961,
        0.0005941839645574421
    ],
    "nn.bias_add": [
        0.0005285473638214455,
        0.0004938938295512896,
        0.0004938938295512896,
        0.0004938938295512896,
        0.000497456342420184,
        0.0004698198789523961,
        0.0004698198789523961,
        0.0004869847136843425,
        0.0004731664819504485,
        0.0004938938295512896,
        0.0005077120612851835,
        0.0004698198789523961,
        0.0004698198789523961,
        0.0004698198789523961,
        0.0004800755978173956,
        0.0004800755978173956,
        0.0004698198789523961,
        0.0004698198789523961,
        0.0004938938295512896,
        0.0005043654582871311,
        0.0005008029454182366,
        0.0004698198789523961,
        0.0004698198789523961,
        0.0004698198789523961,
        0.0004731664819504485,
        0.0005216382479544985,
        0.0004938938295512896,
        0.0004698198789523961,
        0.0005181836900210251
    ],
    "nn.max_pool2d": [],
    "nn.adaptive_avg_pool2d": [
        0.0017375346856017496,
        0.0010052763586407886,
        0.0009602591505702122,
        0.0009430943158382658,
        0.0008669860863664275,
        0.0008325484619671136,
        0.0008187302302332197,
        0.0008187302302332197,
        0.000822076833231272,
        0.0008394575778340607,
        0.000822076833231272,
        0.000822076833231272,
        0.0008946225498342157,
        0.0008808043181003218,
        0.0008498212516344812
    ],
    "nn.batch_matmul": [],
    "nn.softmax": [],
    "nn.batch_norm": [
        0.008739599751946272,
        0.013669145968077537,
        0.01248077803896265,
        0.006677012755791751,
        0.007008650317405207,
        0.015841739043426107,
        0.00890531057781758,
        0.0056200259830842805,
        0.005730571836955432,
        0.005557843940281758,
        0.005599298635483439,
        0.005654571562419016,
        0.005561298498215231,
        0.0055786792428180205,
        0.005613224822152755,
        0.018069928910516515,
        0.007326577602220189,
        0.004970677046526683,
        0.004987410061516945,
        0.004946387186056947,
        0.004942824673188052,
        0.004977262297587367,
        0.004994535087254735,
        0.004970353181720419,
        0.004997773735317367,
        0.004959773598049158,
        0.004939262160319159,
        0.004970461136655842,
        0.004963552020788894,
        0.004959989507919999,
        0.005008353318988629,
        0.0049494099242487375,
        0.004925228018714423,
        0.0050534784819946275,
        0.004904500671113581,
        0.004946063321250685,
        0.005008461273924049,
        0.004946171276186106,
        0.004935699647450264,
        0.00501882494772447,
        0.03358478040948769,
        0.0063178466856459265,
        0.004753147851653275,
        0.00475984105764938,
        0.004646056555715596,
        0.004745806916044642,
        0.004673477109312542
    ],
    "multiply": [
        0.0013472775940546653,
        0.0009396397579047922,
        0.0009430943158382658,
        0.0009430943158382658,
        0.0007495311166283285,
        0.0006943661446281737,
        0.0007115309793601201,
        0.0007150934922290146,
        0.0006943661446281737,
        0.0007322583269609611,
        0.0007184400952270671,
        0.0007150934922290146,
        0.0006528034944910706,
        0.0006182579151563356
    ],
    "add": [
        0.0015752784176639163,
        0.0009637137085036857,
        0.0009430943158382658,
        0.0009154578523704777,
        0.0007426220007613816,
        0.0007115309793601201,
        0.0007184400952270671,
        0.0007184400952270671,
        0.0007184400952270671,
        0.0007184400952270671,
        0.0007220026080959617,
        0.0007220026080959617,
        0.0006977127476262261,
        0.0006182579151563356
    ],