{
    "nn.conv2d": [
        0.009263578824091668,
        0.010122453681954472,
        0.011962899805946194,
        3.195535451701916,
        0.006978358220135279,
        0.012100933265245573,
        0.01042871541977497,
        1.6000833809155586,
        0.010658771185273936,
        0.008879673265415269,
        1.6011727908217652,
        0.009140403132980765,
        0.012330989030744541,
        0.009186893568925346,
        1.0000217385219357,
        0.013833540749159656,
        0.01450837099462329,
        0.998594913492997,
        0.013987390542337089,
        0.014800254247100098,
        0.9990401672558064,
        0.014293652280157585,
        0.013649975419605272,
        0.9988561226434073,
        0.01450837099462329,
        0.014217446307836053,
        0.9981506182958774,
        0.01450837099462329,
        0.013910226004325977,
        0.9984726963675759,
        0.013649975419605272,
        0.014892276553299685,
        0.9988561226434073,
        0.013757334776838121,
        0.05886312258282379,
        0.015521095645663525,
        0.6243560105131586,
        0.01694744139175711,
        0.015751151411162487,
        0.6215181767891599,
        0.015858031485550553,
        0.01634881711861501,
        0.6217333747864702,
        0.016011881278727984,
        0.016226599993193685,
        0.6213341321767607,
        0.015873368536583814,
        0.01618058884009389,
        0.6213034580746942,
        0.016134098404149304,
        0.015842694434517288,
        0.6210887393602285,
        0.015873368536583814,
        0.015827357383484023,
        0.6209813800029954,
        0.016088087251049515,
        0.015812499615295548,
        0.6209200317988625,
        0.015858031485550553,
        0.016027218329761245,
        0.6215033190209713,
        0.016164772506215837,
        0.015827357383484023,
        0.6212425891534058,
        0.016195925891127158,
        0.01596587012562819,
        0.6210887393602285,
        0.015842694434517288,
        0.01599654422769472,
        0.6211654246153947,
        0.015751151411162487
    ],
    "nn.conv2d_transpose": [],
    "nn.dense": [
        0.004309232057502493
    ],
    "nn.layer_norm": [],
    "nn.relu": [
        0.004401733646546869,
        0.004140524496136585,
        0.002729995083921055,
        0.0024999393184220895,
        0.003205443665952249,
        0.0024999393184220895,
        0.0023005576549896527,
        0.0023005576549896527,
        0.0023772429101559744,
        0.0022698835529231243,
        0.0030055827196750233,
        0.0023307524742113917,
        0.0021471871446570095,
        0.0022233931169785416,
        0.0021471871446570095,
        0.0021471871446570095,
        0.0020858389405239517,
        0.002116513042590481,
        0.002116513042590481,
        0.002177861246723538,
        0.002177861246723538,
        0.002162044912845484,
        0.0021471871446570095,
        0.0021471871446570095,
        0.0021471871446570095,
        0.002162044912845484,
        0.002131370810778955,
        0.002116513042590481,
        0.0021927190149120127,
        0.0021927190149120127,
        0.002208535348790067,
        0.0026068193928101505,
        0.00225406721904507,
        0.0020858389405239517,
        0.0021471871446570095,
        0.0021471871446570095,
        0.0020244907363908948,
        0.002039348504579369,
        0.002131370810778955,
        0.002039348504579369,
        0.0021471871446570095,
        0.0021471871446570095,
        0.002039348504579369,
        0.002070022606645898,
        0.0023005576549896527,
        0.0021471871446570095,
        0.0021471871446570095,
        0.0021471871446570095,
        0.0020244907363908948,
        0.0021471871446570095,
        0.002131370810778955,
        0.0020244907363908948,
        0.0021471871446570095,
        0.0021471871446570095,
        0.002039348504579369,
        0.0021471871446570095,
        0.0021471871446570095,
        0.0020244907363908948,
        0.0021471871446570095,
        0.0021471871446570095,
        0.002039348504579369,
        0.002131370810778955,
        0.0021927190149120127,
        0.002039348504579369,
        0.0021471871446570095,
        0.0021471871446570095,
        0.0020244907363908948
    ],
    "nn.bias_add": [
        0.00236142657627792
    ],
    "nn.max_pool2d": [],
    "nn.adaptive_avg_pool2d": [
        0.003527521737650801
    ],
    "nn.batch_matmul": [],
    "nn.softmax": [],
    "nn.batch_norm": [
        0.027266401040075283,
        0.0304732825545619,
        0.025702501117527102,
        0.020486465917682856,
        0.021193408113747383,
        0.02903064119174547,
        0.022420372196408533,
        0.019873942442041864,
        0.01990509582695318,
        0.019644365959387688,
        0.01985860539100859,
        0.019752204599465327,
        0.027296116576452232,
        0.02166837741293379,
        0.019169396660201284,
        0.019229786298644764,
        0.019122906224256702,
        0.019306950836655873,
        0.018922565995134685,
        0.018678611027136822,
        0.019338583504411977,
        0.019015546867023846,
        0.018953719380046,
        0.019261418966400868,
        0.019046220969090377,
        0.019107569173223437,
        0.01898487276495732,
        0.019261418966400864,
        0.01893886161185753,
        0.018846360022813154,
        0.01915405960916802,
        0.018939340894702318,
        0.0190773743540017,
        0.019031363200901902,
        0.03350906009345866,
        0.020763012119126404,
        0.019076415788312123,
        0.01929161378562261,
        0.01898487276495732,
        0.018983914199267742,
        0.01887751340772447,
        0.019398493860010666,
        0.018999730533145798,
        0.01918425442838976,
        0.018954198662890793,
        0.019246081915367603,
        0.019137284709600386,
        0.01890722894410142,
        0.019154059609168016,
        0.0192599811178665,
        0.01887703412487968,
        0.018954677945735583,
        0.01904478312055601,
        0.019153101043478435,
        0.019060120171589277,
        0.018924003843669053,
        0.01903088391805711,
        0.019245602632522812,
        0.019046700251935167,
        0.019047179534779957,
        0.018938861611857524,
        0.018893809024447313,
        0.019077374354001697,
        0.019354399838290032,
        0.019122426941411908,
        0.01915358032632323,
        0.019092711405034962,
        0.019092232122190172,
        0.019092232122190172,
        0.01887751340772447,
        0.018954198662890793
    ],
    "multiply": [],
    "add": [
        0.003128279127941138,
        0.002699320981854526,
        0.0026226357266882043,
        0.002453448882477507,
        0.0022233931169785416,
        0.0022698835529231243,
        0.0021471871446570095,
        0.002392100678344449,
        0.0023772429101559744,
        0.0022698835529231243,
        0.0022847413211115994,
        0.002208535348790067,
        0.002162044912845484,
        0.002131370810778955,
        0.0021471871446570095,
        0.002208535348790067,
        0.0021471871446570095,
        0.0021471871446570095,
        0.0021471871446570095,
        0.0022392094508565954,
        0.0021471871446570095,
        0.0021471871446570095
    ],
    "squeeze": [],
    "reshape": [],
    "transpose": [],
    "latency": 23.17703088124593,
    "batch_size": 2,
    "model_name": "regnet_x_400mf",
    "sm_partition": 60
}