{
    "nn.conv2d": [
        0.0012142257100739237,
        0.0013941084311058433,
        0.002242117062765767,
        3.1087108469499234,
        0.0027637977654884956,
        0.0026771515955814887,
        3.1092568080045018,
        0.002661681542827876,
        0.0022265082651444085,
        0.004524123275008339,
        1.5541445312759887,
        0.004524123275008339,
        0.004435395932085151,
        1.553929199241248,
        0.004424296342665519,
        0.004390928201972749,
        1.5542887565660104,
        0.004435395932085151,
        0.004424296342665519,
        1.5540423456808938,
        0.004433176014201225,
        0.0044086875450441605,
        1.554208839522189,
        0.004437615849969078,
        0.00444205568573693,
        1.5540201465020549,
        0.0044442756036208566,
        0.0031766331194649513,
        0.005152360036159538,
        0.8739638421863586,
        0.0049925259485168304,
        0.004906018523477569,
        0.8728294641476722,
        0.004890479098290083,
        0.004879310136436579,
        0.8733245752082216,
        0.004839420986959775,
        0.004846080740611553,
        0.8727340076786634,
        0.004834981151191922,
        0.004819441726004435,
        0.8725875624707581,
        0.004854891039713388,
        0.004828321397540141,
        0.8729182608630293,
        0.004839420986959775,
        0.004854891039713388,
        0.8728472928631774,
        0.004861550793365166,
        0.004834981151191922,
        0.8727739662005741,
        0.004848300658495481,
        0.004854891039713388,
        0.8728450035728597,
        0.004897138851941863,
        0.004821661643888362,
        0.8727895056257615,
        0.004870430464900872,
        0.0048505205763794065,
        0.873049236018181,
        0.004852740494263334,
        0.004834981151191922,
        0.8728050450509489,
        0.004826101479656215,
        0.004870430464900872,
        0.8726052524413955,
        0.004854891039713388,
        0.0048505205763794065,
        0.8727939454615293,
        0.004821661643888362,
        0.004834981151191922,
        0.8728117741770347,
        0.004868210547016946,
        0.01140364879729657,
        0.006308937253685245,
        0.509570981293475,
        0.010604478359083026,
        0.01022265248304767,
        0.5064387465316885,
        0.010218212647279816
    ],
    "nn.conv2d_transpose": [],
    "nn.dense": [
        0.0007902907666778347
    ],
    "nn.layer_norm": [],
    "nn.relu": [
        0.0005860583213565966,
        0.002015616066171391,
        0.0004816528083781782,
        0.0004728425092763449,
        0.00046611338319069276,
        0.0004417636589013739,
        0.00048394209869597745,
        0.0009345854291330575,
        0.00040846489064247637,
        0.0003818258760353583,
        0.0003662864508478728,
        0.0004061756003246772,
        0.0003728768320657796,
        0.00039514538333891737,
        0.0003751661223835789,
        0.0003818258760353583,
        0.0003907055475710643,
        0.0003884162572532651,
        0.00039514538333891737,
        0.0003884162572532651,
        0.0003907055475710643,
        0.0003928560930211182,
        0.0003751661223835789,
        0.0003907055475710643,
        0.0003928560930211182,
        0.0004928217702316835,
        0.0003728768320657796,
        0.00034852710777646083,
        0.00033735814592295564,
        0.00034408727200860783,
        0.00035067765322651463,
        0.00035067765322651463,
        0.00035296694354431383,
        0.0003462378174586615,
        0.0003417979816908086,
        0.0003417979816908086,
        0.00034852710777646083,
        0.00033964743624075483,
        0.0003417979816908086,
        0.0003417979816908086,
        0.0003329876825889753,
        0.00035067765322651463,
        0.00035067765322651463,
        0.0003639971605300737,
        0.00035067765322651463,
        0.00034408727200860783,
        0.00034408727200860783,
        0.00034408727200860783,
        0.00034852710777646083,
        0.0003618466150800198,
        0.00033964743624075483,
        0.00033964743624075483,
        0.0003662864508478728,
        0.0003417979816908086,
        0.0003417979816908086,
        0.00034408727200860783,
        0.0003417979816908086,
        0.0003684369962979267,
        0.0003417979816908086,
        0.0003417979816908086,
        0.00035067765322651463,
        0.0003417979816908086,
        0.00033964743624075483,
        0.00033964743624075483,
        0.00033964743624075483,
        0.00035067765322651463,
        0.0003417979816908086,
        0.00033964743624075483,
        0.00034852710777646083,
        0.0003684369962979267,
        0.0004305946970478687,
        0.0003241080110532693,
        0.00030849921343191114,
        0.00030849921343191114,
        0.00030849921343191114,
        0.00031522833951756323
    ],
    "nn.bias_add": [
        0.0003462378174586615
    ],
    "nn.max_pool2d": [],
    "nn.adaptive_avg_pool2d": [
        0.0005127316587531492
    ],
    "nn.batch_matmul": [],
    "nn.softmax": [],
    "nn.batch_norm": [
        0.0037024067957861693,
        0.005136404376368817,
        0.007715948957491414,
        0.003322592720333119,
        0.0034914452243792788,
        0.0031982773188332352,
        0.0031851659288312938,
        0.003449197412150803,
        0.007260727046418735,
        0.00464580252402106,
        0.0030432299291277432,
        0.003100809049242087,
        0.0029654634307564437,
        0.0030142322517689537,
        0.002983153401393982,
        0.002994183618379742,
        0.002960954222554717,
        0.003034280885158164,
        0.0029567225040884825,
        0.003011942961451154,
        0.0030142322517689533,
        0.003012151078752772,
        0.0030098617884349727,
        0.0030253318411885854,
        0.0029766323926099488,
        0.002989813155045762,
        0.003003202034783193,
        0.007844842939626895,
        0.00338266924806688,
        0.002869868216879858,
        0.0029320952900636723,
        0.0028989352666725214,
        0.0028521782462423194,
        0.0029077455657743547,
        0.0028431598298388674,
        0.002878747888415564,
        0.002885477014501217,
        0.002841009284388813,
        0.002845449120156666,
        0.0028966459763547217,
        0.002878817260849437,
        0.002865567125979751,
        0.0028810371787333635,
        0.0028544675365601187,
        0.002903444474874246,
        0.00289428731360305,
        0.002909826738790535,
        0.0028811065511672356,
        0.002894426058470795,
        0.0028766667153993833,
        0.002896715348788595,
        0.002887766304819016,
        0.0029012245569903206,
        0.002861196662645771,
        0.002856687454444045,
        0.0029431255070494337,
        0.002876458598097765,
        0.0029320259176298003,
        0.002899004639106394,
        0.0028498889559245197,
        0.0028790253781510555,
        0.002867717671429804,
        0.00285682619931179,
        0.002921342562813404,
        0.002870006961747604,
        0.0028612660350796435,
        0.00286785641629755,
        0.002863416580529697,
        0.0029055950203243004,
        0.002914682809161625,
        0.0028457959823260303,
        0.0028766667153993833,
        0.0029012245569903206,
        0.008952373846404599,
        0.003231714831959878,
        0.002854536908993991,
        0.00284551849259054,
        0.0028256779765029466,
        0.002781210246390544,
        0.0028188794779834218
    ],
    "multiply": [],