{
    "nn.conv2d": [
        0.0009062007953320972,
        0.0035675098795437507,
        0.010013615242957893,
        60.878321046096026,
        0.019947298124351295,
        0.01999015447169241,
        60.89663125395731,
        0.01996139852878736,
        0.014418159686920111,
        0.038688730632814715,
        30.409503002573256,
        0.03368941558598629,
        0.033643898064874875,
        30.406185885899248,
        0.03368997418960691,
        0.03388593303363856,
        30.407998610161574,
        0.03368064446826621,
        0.033760254158174074,
        30.408042656577503,
        0.03390991482386052,
        0.03392556960358876,
        30.407998610161574,
        0.03373493657668541,
        0.033637458510093046,
        30.405393029595096,
        0.03364655923864517,
        0.03365199955216775,
        30.40533881728719,
        0.03389747982152322,
        0.023029731885933033,
        0.059758287718109024,
        15.1799459788995,
        0.049830940303866283,
        0.049843819413429934,
        15.160380418692881,
        0.04982949348579299,
        0.04905508150987516,
        15.160492233095875,
        0.04923461532570789,
        0.04986835286809711,
        15.162589571107281,
        0.048830030172931,
        0.04993174917465612,
        15.160742966321015,
        0.0497071419449383,
        0.04953305191221584,
        15.159850154664639,
        0.04905308302735665,
        0.049416810315310936,
        15.159311421372811,
        0.05018988649996207,
        0.049201858948178155,
        15.158882805855583,
        0.04941536349723765,
        0.050113170446200776,
        15.159069160880845,
        0.05011350352662053,
        0.04919386501810416,
        15.16112245247633,
        0.04996372836453978,
        0.04958390218963095,
        15.161020803965313,
        0.048857231740543884,
        0.04951684199845469,
        15.16100386196855,
        0.04974733364892142,
        0.04949530626756526,
        15.160412609527619,
        0.049389494251303755,
        0.01706393195738553,
        0.040818006199055075,
        7.097781139166708,
        0.023757179522666177
    ],
    "nn.conv2d_transpose": [],
    "nn.dense": [
        0.0009755890798588931
    ],
    "nn.layer_norm": [],
    "nn.relu": [
        0.0003457340061123863,
        0.0033820985821375084,
        0.0008542367802634527,
        0.0008530189549787432,
        0.0008544588338766192,
        0.0008529044585844546,
        0.0008630078979835258,
        0.0017129215719656457,
        0.0004345589209666539,
        0.0004298923255024537,
        0.00043011437911561997,
        0.000431894277608657,
        0.000429118607444077,
        0.000430669513148536,
        0.0004300033523090368,
        0.00043011437911561997,
        0.0004307805399551192,
        0.0004330010760867833,
        0.00043011437911561997,
        0.00043200530441524015,
        0.00043133914357574096,
        0.00043100259356828566,
        0.00043089156676170243,
        0.000429118607444077,
        0.0004321163312218234,
        0.0004322273580284066,
        0.00043100259356828566,
        0.00043133914357574096,
        0.0008532410085919098,
        0.00025136469010437,
        0.00024203843835138107,
        0.00024903312716612275,
        0.0002492551807792892,
        0.00024292318321634095,
        0.0002463650142204202,
        0.0002484779931332068,
        0.00025358175664832837,
        0.0002448141085159611,
        0.0002424825455777139,
        0.0002499178720310827,
        0.00024936620758587237,
        0.00025191982413728606,
        0.00025258598497678524,
        0.00024692014825333623,
        0.0002475863090928354,
        0.00024503616212912747,
        0.00024092470069784325,
        0.0002413722775118818,
        0.0002478083627060018,
        0.00024914415397270603,
        0.00025147571691095326,
        0.00024903312716612275,
        0.00025069505967716506,
        0.0002475863090928354,
        0.0002520308509438692,
        0.0002495847916113331,
        0.0002455912961620435,
        0.00024203843835138107,
        0.00024603540338837633,
        0.0002459243765817931,
        0.00024903312716612275,
        0.00024803388590687394,
        0.00025358175664832837,
        0.00024870004674637324,
        0.00024070264708467688,
        0.00024270459919088026,
        0.00024059162027809366,
        0.00040935236628456115,
        0.00011524235564565829,
        0.00011446863758728157
    ],
    "nn.bias_add": [
        1.8541476699394786e-05
    ],
    "nn.max_pool2d": [],
    "nn.adaptive_avg_pool2d": [
        0.0001554340596287775
    ],
    "nn.batch_matmul": [],
    "nn.softmax": [],
    "nn.batch_norm": [
        0.0011879694825017361,
        0.011945016752753048,
        0.010426954165516334,
        0.0027891876782815623,
        0.0029562864917769874,
        0.002778754628050447,
        0.0027796532512662305,
        0.0030005896571913913,
        0.03969616358863676,
        0.005372677379841509,
        0.001445104096960727,
        0.001552800099346433,
        0.0014412146891426092,
        0.001436218482846365,
        0.001551464308079729,
        0.0014347855431239007,
        0.0014328911482365749,
        0.0015411492238306087,
        0.0014326656250357027,
        0.0014405485283031099,
        0.0015403755057722315,
        0.0014363329792406536,
        0.0014422278087526806,
        0.0015334744958255444,
        0.0014425504804093134,
        0.0014368915828612756,
        0.0015452606852618927,
        0.0014354517039633999,
        0.0014379949117516967,
        0.001536597124760697,
        0.06035893233296103,
        0.002783872269916392,
        0.0008532236606533811,
        0.0008708803924878161,
        0.0008454587233679684,
        0.000848668091995764,
        0.0008744332502984786,
        0.000837020686067645,
        0.0008452262609916849,
        0.0008712065337321542,
        0.0008398969742756911,
        0.0008350256731368532,
        0.0008717616677650702,
        0.0008432381872363044,
        0.0008462359110140509,
        0.0008683233063486967,
        0.0008444560125210139,
        0.000851003124521717,
        0.0008680977831478246,
        0.0008365661700781951,
        0.0008352442571623138,
        0.0008719906605536481,
        0.0008481129579628482,
        0.0008456738378057234,
        0.0008695411316334061,
        0.000847446797123349,
        0.000841891987206483,
        0.000872760909024319,
        0.0008446711269587689,
        0.0008443449857144308,
        0.0008679971651043583,
        0.0008441194625135584,
        0.0008410037727538174,
        0.0008747628611305224,
        0.0008460069182254729,
        0.0008521133925875491,
        0.0008673275346771534,
        0.0008402300546954406,
        0.0008426830532033883,
        0.0008673240650894478,
        0.04121235606810009,
        0.00138681155391684,
        0.000501709321423257,
        0.0005588881268136062
    ],
    "multiply": [],
    "add": [
        0.0010387668023924407,
        0.0010710721335204468,
        0.000537699354694743,
        0.0005412556820931111,
        0.0005357043417639511,
        0.0005384800119285312,
        0.0005344795773038302,
        0.000538924119154864,
        0.0005337058592454535,
        0.0002730149173880945,
        0.000274232742672804,
        0.00027523545351975856,
        0.0002727928637749281,
        0.0002745658230925536,
        0.00027101296528189115,
        0.00027312594419467767,
        0.0002721267029354289,
        0.0002753464803263417,
        0.00027501339990659217,
        0.00027678635922421765,
        0.0002719046493222624,
        0.0002704578312489751,
        0.00017020409449204914
    ],
    "squeeze": [],
    "reshape": [],
    "transpose": [],
    "latency": 540.9103981653849,
    "batch_size": 4,
    "model_name": "regnet_x_32gf",
    "sm_partition": 5
}