{
    "nn.conv2d": [
        0.006962628922191073,
        0.004144634390921779,
        0.00888154822105329,
        3.3014861977786585,
        0.002812377376197291,
        0.004229222137888413,
        0.004303401626927512,
        1.6502435025088071,
        0.0044091363106358045,
        0.0037218608665319022,
        1.6531246074294148,
        0.003795709934684414,
        0.004662899551535708,
        0.005022397476143903,
        1.0327527844419346,
        0.005730654646546168,
        0.005487464874017097,
        1.0300248296022605,
        0.005524637223758293,
        0.005651353633764951,
        1.0300724102099295,
        0.005508777021202049,
        0.005577504565612439,
        1.0302310122354918,
        0.005524637223758293,
        0.005609224970724927,
        1.0295860306648712,
        0.005603938236539511,
        0.005508777021202049,
        1.0298820877792545,
        0.005667379046764489,
        0.005693812717691561,
        1.0302151520329355,
        0.0055614791526129,
        0.05691681502973066,
        0.010869525485212488,
        0.6432420698631406,
        0.011361191764456048,
        0.011107263313112853,
        0.6395468078779791,
        0.012640581437326388,
        0.012476692677578538,
        0.6393774671736026,
        0.011213163207264438,
        0.011192016270522779,
        0.6396366823591311,
        0.011112550047298268,
        0.011149557186596168,
        0.639393492586602,
        0.01108082964218578,
        0.011155009131224879,
        0.6395468078779791,
        0.011128410249854509,
        0.011192016270522779,
        0.6396895497009853,
        0.012333950854572343,
        0.011107263313112853,
        0.6393774671736026,
        0.011170869333781122,
        0.011149557186596168,
        0.639583815017277,
        0.011244718401933635,
        0.011271152072860705,
        0.6399642946681835,
        0.012434233593651927,
        0.011170869333781122,
        0.6395783630726483,
        0.01108082964218578,
        0.011229023409820682,
        0.6394091875787151,
        0.01108082964218578
    ],
    "nn.conv2d_transpose": [],
    "nn.dense": [
        0.002067113066497122
    ],
    "nn.layer_norm": [],
    "nn.relu": [
        0.0028599579838660227,
        0.002733076363416071,
        0.0012792244624270472,
        0.0012635294703140976,
        0.0017446222811868292,
        0.0010201744873417303,
        0.000977880613858413,
        0.0009621856217454634,
        0.0009990275506000716,
        0.0010201744873417303,
        0.0014272530196186568,
        0.000882884608964244,
        0.0008457122592230473,
        0.0008562857275938766,
        0.0008511642038517561,
        0.0008300172671100974,
        0.0008562857275938766,
        0.0008617376722225853,
        0.0008668591959647058,
        0.0008351387908522179,
        0.0008617376722225853,
        0.0008511642038517561,
        0.0008617376722225853,
        0.0008405907354809268,
        0.0008511642038517561,
        0.0008562857275938766,
        0.0008617376722225853,
        0.000877432664335535,
        0.0008511642038517561,
        0.0008351387908522179,
        0.0008985796010771935,
        0.0011576295761625108,
        0.0008562857275938766,
        0.0007930101278121952,
        0.000808870330368439,
        0.0008034183857397302,
        0.0007982968619976098,
        0.0008034183857397302,
        0.0008034183857397302,
        0.0008300172671100974,
        0.0008245653224813887,
        0.0008457122592230473,
        0.000808870330368439,
        0.0008034183857397302,
        0.000808870330368439,
        0.0008034183857397302,
        0.0008034183857397302,
        0.0008034183857397302,
        0.0008034183857397302,
        0.0008139918541105593,
        0.0008034183857397302,
        0.0008034183857397302,
        0.000808870330368439,
        0.0008300172671100974,
        0.0008668591959647058,
        0.0008139918541105593,
        0.000808870330368439,
        0.000808870330368439,
        0.0008245653224813887,
        0.0008034183857397302,
        0.000808870330368439,
        0.000808870330368439,
        0.0008034183857397302,
        0.0008034183857397302,
        0.0008034183857397302,
        0.000808870330368439,
        0.0008034183857397302
    ],
    "nn.bias_add": [
        0.0007982968619976098
    ],
    "nn.max_pool2d": [],
    "nn.adaptive_avg_pool2d": [
        0.0012741029386849267
    ],
    "nn.batch_matmul": [],
    "nn.softmax": [],
    "nn.batch_norm": [
        0.013496041112703796,
        0.016080923708484966,
        0.012935482078606552,
        0.008420776294705746,
        0.008764579227200992,
        0.011048117974413525,
        0.009848690156097583,
        0.007484859133444062,
        0.0074110100652915525,
        0.0073900283389931876,
        0.007559038622483163,
        0.00741167090706473,
        0.011492203645988354,
        0.009028750726028429,
        0.007083562966682434,
        0.0071524557215361185,
        0.006813443891896404,
        0.006956350925345892,
        0.007009383477643334,
        0.006924630520233405,
        0.00706770276412619,
        0.006988071330458381,
        0.00686118971000843,
        0.007040938672312529,
        0.007035486727683819,
        0.006919343786047991,
        0.007014505001385453,
        0.0069297520439755254,
        0.007030199993498403,
        0.00707794581161043,
        0.00704655582738453,
        0.0069355344094908225,
        0.007173107026947894,
        0.006924630520233405,
        0.017313228405016458,
        0.008262174269143309,
        0.00686118971000843,
        0.006887788591378797,
        0.006729186565816359,
        0.006855902975823015,
        0.006993688485530384,
        0.0067762715421552065,
        0.006924630520233407,
        0.006871597967935964,
        0.006877215123007968,
        0.006802870423525574,
        0.006835086459967945,
        0.006802870423525576,
        0.0069512294016037725,
        0.006961802869974602,
        0.006723569410744355,
        0.006766028494670966,
        0.006845164297008892,
        0.006782053907670505,
        0.006861024499565136,
        0.006956846556675777,
        0.0067290213553730625,
        0.0068030356339688685,
        0.006808487578597579,
        0.006897866428419743,
        0.006760906970928846,
        0.006834921249524651,
        0.006803200844412163,
        0.006792131744711452,
        0.006824017360267233,
        0.006840207983710067,
        0.006802870423525574,
        0.006903979214821629,
        0.006723404200301059,
        0.00678701022096933,
        0.006771150018413086
    ],
    "multiply": [],
    "add": [
        0.0016545825895914867,
        0.001078328563381291,
        0.001041486634526683,
        0.0009093182798913172,
        0.0008985796010771935,
        0.000882884608964244,
        0.0009355867403750962,
        0.0008880061327063642,
        0.0008880061327063642,
        0.0008880061327063642,
        0.0008880061327063642,
        0.0008351387908522179,
        0.0008457122592230473,
        0.000882884608964244,
        0.0008562857275938766,
        0.0008457122592230473,
        0.0008934580773350732,
        0.0008405907354809268,
        0.0008511642038517561,
        0.0008405907354809268,
        0.0008457122592230473,
        0.0008457122592230473
    ],
    "squeeze": [],
    "reshape": [],
    "transpose": [],
    "latency": 22.541500727335613,
    "batch_size": 2,
    "model_name": "regnet_x_400mf",
    "sm_partition": 20
}