{
    "nn.conv2d": [
        0.00019367933055167705,
        0.000681487313297456,
        0.0018341684037076233,
        11.017714843076659,
        0.003996804244836008,
        0.003998490507664194,
        11.016954880554202,
        0.003994877087318081,
        0.0029072337991584265,
        0.007073149880172066,
        5.502912338204451,
        0.0065788339768237565,
        0.006570643557372566,
        5.499542582837011,
        0.006589674237862097,
        0.0065879879750339095,
        5.499173167066313,
        0.006575457687187858,
        0.006597623762623547,
        5.4994263360932925,
        0.006572687398255838,
        0.006589072001137743,
        5.499029352936538,
        0.0065960579471402315,
        0.006593046763518471,
        5.499217277142392,
        0.006589915132551838,
        0.006583290528583963,
        5.499592666348599,
        0.006589915132551838,
        0.0044846122275817865,
        0.01145694768009729,
        2.746906263121785,
        0.012180839986748196,
        0.012174576724814935,
        2.742363252751839,
        0.012194808114773643,
        0.012179270407285355,
        2.74238163226387,
        0.012123868392624476,
        0.012201797824755655,
        2.7424813363175664,
        0.012149038123722871,
        0.011777337617452675,
        2.742274573394178,
        0.012139285652767891,
        0.012176138776318722,
        2.7421532753899345,
        0.012185051879839136,
        0.01213808117931919,
        2.74206597741276,
        0.012131211916682046,
        0.012161447964224054,
        2.741954322724065,
        0.012180839986748196,
        0.012180358197368716,
        2.742206114134537,
        0.012110133631329718,
        0.012193005168580111,
        2.7425952870337724,
        0.012147231413549816,
        0.01174349191354408,
        2.74278780329465,
        0.012143377098513961,
        0.01213531089038717,
        2.7426947614847177,
        0.012182763380286597,
        0.012166868094743225,
        2.742539918894927,
        0.012195052773442912,
        0.004452576997825774,
        0.007650213109446372,
        1.2846575384482473,
        0.006608942049061842
    ],
    "nn.conv2d_transpose": [],
    "nn.dense": [
        0.000250165371316389
    ],
    "nn.layer_norm": [],
    "nn.relu": [
        8.720011370667566e-05,
        0.00083192981102017,
        0.0002013879606233856,
        0.00020078572389903336,
        0.00019656630284904054,
        0.00019825256567722682,
        0.0001931937771926681,
        0.0004240951012888401,
        0.00010611411083086286,
        0.00010406650596806527,
        0.00011057066259106937,
        0.00010659213623081742,
        0.00010574900481672431,
        0.00010743526764491056,
        0.00011309629285382152,
        0.00010707768958982644,
        0.00010418695331293573,
        0.00010900484710775357,
        0.00010780037365904911,
        0.00011044645126667173,
        0.00010816171569366043,
        0.00010719813693469687,
        0.00010743526764491056,
        0.00010767616233465146,
        0.00010623455817573332,
        0.00011261826745386695,
        0.0001073148203000401,
        0.00010503008472702886,
        0.00020608164309380577,
        6.660738171335661e-05,
        6.431511818129092e-05,
        6.443556552616137e-05,
        6.757096047232017e-05,
        6.383709278133634e-05,
        6.407422349155002e-05,
        6.588093366460673e-05,
        6.636648702361571e-05,
        6.480067154029992e-05,
        6.395754012620679e-05,
        6.359619809159546e-05,
        6.648693436848616e-05,
        6.383709278133634e-05,
        6.52786969402545e-05,
        6.576425029926348e-05,
        6.552335560952257e-05,
        6.480067154029992e-05,
        6.419467083642047e-05,
        6.515824959538405e-05,
        6.612182835434761e-05,
        6.660738171335661e-05,
        6.468022419542947e-05,
        6.52786969402545e-05,
        6.636648702361571e-05,
        6.576425029926348e-05,
        6.540290826465215e-05,
        6.540290826465215e-05,
        6.50378022505136e-05,
        6.359619809159546e-05,
        6.540290826465215e-05,
        6.552335560952257e-05,
        6.540290826465215e-05,
        6.564380295439303e-05,
        6.468022419542947e-05,
        6.491735490564315e-05,
        6.359619809159546e-05,
        6.383709278133634e-05,
        6.443556552616137e-05,
        0.00010623455817573332,
        3.5170624702170205e-05,
        3.432372930854989e-05
    ],
    "nn.bias_add": [
        1.8786021820262363e-05
    ],
    "nn.max_pool2d": [],
    "nn.adaptive_avg_pool2d": [
        4.721159520968761e-05
    ],
    "nn.batch_matmul": [],
    "nn.softmax": [],
    "nn.batch_norm": [
        0.00037313081849053273,
        0.0024019346035497424,
        0.002644884426112486,
        0.0007593941615514711,
        0.0008489053586878484,
        0.0007606023989797028,
        0.0007598834788900073,
        0.0008656249557476773,
        0.007407372442289918,
        0.001409098431721238,
        0.0004357634378231645,
        0.0004812850062251388,
        0.00044105935701793696,
        0.0004361172518987214,
        0.00048357350577767717,
        0.0004410555930384097,
        0.00043779975074738055,
        0.00048525224064680905,
        0.0004252807548399086,
        0.00043948601357556683,
        0.00048212060968017744,
        0.0004366028052577305,
        0.00044033290896918707,
        0.0004947826368096831,
        0.00043827777614733514,
        0.00043985488356923253,
        0.00048550066329560435,
        0.0004428510112728849,
        0.0004304486987307561,
        0.0004875520321379291,
        0.011700100757554502,
        0.0007832427358358193,
        0.0003021835683823128,
        0.00031230114535143034,
        0.00029940575149123815,
        0.0002997708575053767,
        0.0003179508786217596,
        0.000298935254050338,
        0.00030013596351951524,
        0.0003115784612822076,
        0.00029773078060163364,
        0.00030002680811322646,
        0.00031494345897952565,
        0.0003013404369682197,
        0.0003015775676784334,
        0.00031494722295905285,
        0.00029965041016050625,
        0.0002984384087527474,
        0.00031530856499366425,
        0.00029868683140154266,
        0.0002985739120157266,
        0.0003141078555244871,
        0.00030001551617464485,
        0.00029880727874641316,
        0.0003148305395937097,
        0.0003030304637759331,
        0.0002992890681258949,
        0.00031603501304241415,
        0.0002979716752913744,
        0.00029736567458749503,
        0.0003115822252617348,
        0.0003005010695336538,
        0.00029532183370422455,
        0.00031289585411672813,
        0.0002992853041463677,
        0.0003005010695336538,
        0.0003106186465027712,
        0.0002969968045938292,
        0.000297365674587495,
        0.00031278293473091203,
        0.007840011777105506,
        0.00042913883385529007,
        0.00021967337316653018,
        0.00023376571251637236
    ],
    "multiply": [],
    "add": [
        0.0002779924719609892,
        0.0002867813641570046,
        0.0001541688374546436,
        0.0001552566275380048,
        0.00014935470763935294,
        0.00015549752222774569,
        0.00015682244302132062,
        0.00015826404718023872,
        0.00015778225780075695,
        8.057550973880113e-05,
        8.10610630978101e-05,
        7.888924691061488e-05,
        8.0217931683717e-05,
        8.057550973880113e-05,
        7.985282566957845e-05,
        7.99732730144489e-05,
        8.153908849776469e-05,
        8.118151044268056e-05,
        8.142240513242146e-05,
        7.985282566957845e-05,
        7.937480026962387e-05,
        7.937480026962387e-05,
        4.8419832637919264e-05
    ],
    "squeeze": [],
    "reshape": [],
    "transpose": [],
    "latency": 97.95756498972575,
    "batch_size": 4,
    "model_name": "regnet_x_32gf",
    "sm_partition": 30
}