{
    "nn.conv2d": [
        0.0014061075750998466,
        0.0013057648899967333,
        0.003470074501608654,
        2.7809158963676532,
        0.0019378577912219374,
        0.0019507307014818766,
        2.7756243772680866,
        0.0019368675673557888,
        0.0018305835390557803,
        0.004325297847339465,
        1.6210399871621013,
        0.0038176430786270037,
        0.0038833279284148964,
        1.617497409706793,
        0.003885298061315256,
        0.0038057500774012747,
        1.617603023271017,
        0.0038338064202755,
        0.0038219340487136502,
        1.6174646704302185,
        0.003806740301267424,
        0.007103195551677927,
        0.00954113702496906,
        0.9848759971226954,
        0.01256626062122276,
        0.01249827556391246,
        0.978824047982918,
        0.012417407281510275,
        0.012408825341336987,
        0.9787362997076124,
        0.012480121459699725,
        0.012410475714447233,
        0.978771947766794,
        0.01259993854750377,
        0.01254151533940097,
        0.9787405494183713,
        0.012545476234865566,
        0.012525671757542585,
        0.9788065746576136,
        0.012409155415959034,
        0.012319034729307525,
        0.9786122019645537,
        0.01217050114938515,
        0.012561639576514065,
        0.9788537959582304,
        0.012545135845411575,
        0.013041568076974352,
        0.978732998961392,
        0.012467568309229893,
        0.012521370472624,
        0.9788874738845115,
        0.012430940341014315,
        0.014409407625580307,
        0.02128617198653213,
        0.5484434100576332,
        0.03254996846397865,
        0.03457134544941111,
        0.5433866462181676,
        0.03336031197594265
    ],
    "nn.conv2d_transpose": [],
    "nn.dense": [
        0.0005003931270273679
    ],
    "nn.layer_norm": [],
    "nn.relu": [
        0.0005706990215239571,
        0.0011509702070873562,
        0.00035779057546995194,
        0.0003676928141314434,
        0.00036011141265623897,
        0.00036142139631249883,
        0.00036077156190033845,
        0.0006726817649053801,
        0.00020067505537428766,
        0.00020233574331647526,
        0.00019936507171802785,
        0.0001963840852876414,
        0.000198044773229829,
        0.00020002522096212725,
        0.000198044773229829,
        0.00019705454936367985,
        0.0001983645330199397,
        0.00019738462398572956,
        0.00019969514634007754,
        0.0004753074557515896,
        0.00016106610072832186,
        0.00015777566933976376,
        0.00015909596782796262,
        0.00015710520526372528,
        0.00015810574396181348,
        0.0001567854454736146,
        0.000159745802240123,
        0.000157435279885775,
        0.000157435279885775,
        0.00016173656480436034,
        0.00015546514698541573,
        0.00015777566933976376,
        0.00015810574396181348,
        0.000157435279885775,
        0.00015777566933976376,
        0.00015777566933976376,
        0.00015777566933976376,
        0.000157435279885775,
        0.000157435279885775,
        0.00015810574396181348,
        0.00016041626631616146,
        0.00015777566933976376,
        0.00015810574396181348,
        0.00015546514698541573,
        0.000159745802240123,
        0.000159745802240123,
        0.000159745802240123,
        0.000159745802240123,
        0.000157435279885775,
        0.000270991264702816,
        0.00011123514763075395,
        0.00010660378809011889,
        0.00011188498204291433,
        0.00010660378809011889,
        0.00010792408657831775
    ],
    "nn.bias_add": [
        5.016102771961763e-05
    ],
    "nn.max_pool2d": [],
    "nn.adaptive_avg_pool2d": [
        0.0001356503548304938
    ],
    "nn.batch_matmul": [],
    "nn.softmax": [],
    "nn.batch_norm": [
        0.002037148363467268,
        0.0045176900926666924,
        0.0038495777983103135,
        0.0013740284477693904,
        0.0014341432883101942,
        0.0013760501548294446,
        0.0013726875196173134,
        0.0014209093589323887,
        0.005074845739854672,
        0.0024348985978691127,
        0.0009310683049786726,
        0.0009901722919894496,
        0.0009010624588679659,
        0.0009109543826975182,
        0.0009951234113201952,
        0.0009092936947553305,
        0.0009123056256815341,
        0.00100368472182961,
        0.0009142448140860761,
        0.0009099847884952471,
        0.0009789394400078202,
        0.010188691859270908,
        0.0017909333250820583,
        0.0007841954129984884,
        0.0008225046988201335,
        0.0007855157114866874,
        0.0007746026192951685,
        0.0007894766069512839,
        0.000771013057780378,
        0.0007716319476967211,
        0.000789486921783223,
        0.000782194335602312,
        0.0007720135964784662,
        0.0007898273112372118,
        0.0007805645921559417,
        0.000773323580134726,
        0.000783875653208378,
        0.0007851650072007594,
        0.0007677019967279418,
        0.0007917664996417539,
        0.000784876191906466,
        0.000771992966814588,
        0.0007917974441375709,
        0.0007842160426623665,
        0.0007729831906807372,
        0.0007944586707778468,
        0.0007732926356389088,
        0.0007825347250563007,
        0.0007885173275809519,
        0.0007812041117361628,
        0.0007782540698015936,
        0.0007914364250197042,
        0.02183767510581751,
        0.0011129187920641875,
        0.00064129373131484,
        0.0006687002397769055,
        0.0006419126212311833,
        0.0006296998602153438,
        0.0006614076535959946
    ],
    "multiply": [],
    "add": [
        0.0004162240984046905,
        0.0004162240984046905,
        0.00028451400937491527,
        0.0002736318616792137,
        0.0002884852196714509,
        0.0002666899797842306,
        0.00020331565235068535,
        0.000171298414011863,
        0.0001716388034658518,
        0.0001716388034658518,
        0.00016701775875715576,
        0.00017360893636621103,
        0.000171298414011863,
        0.0001716388034658518,
        0.0001693282811115038,
        0.00017624953334260875,
        0.0001363208189065323,
        0.00013401029655218428
    ],
    "squeeze": [],
    "reshape": [],
    "transpose": [],
    "latency": 23.4153954188029,
    "batch_size": 4,
    "model_name": "regnet_x_1_6gf",
    "sm_partition": 10
}