{
    "nn.conv2d": [
        0.004109302401341514,
        0.0041035214366502955,
        0.014195128690097186,
        4.810512040860701,
        0.0003545658343947661,
        0.00020230365500156533,
        0.00396188780171543,
        0.006856224123785749,
        0.010999248819159375,
        2.7042669346884565,
        0.0004499517517998798,
        0.00045570260729999864,
        0.0049880090344068045,
        0.004995716987328429,
        2.708328995768962,
        0.0005173963398641016,
        0.00026878474895058394,
        0.004901264454847419,
        0.00497449000760286,
        2.7078789837987802,
        0.0004894550105232097,
        0.00021967665826632248,
        0.004885878658195268,
        0.011083042697990951,
        0.011376908403127916,
        1.5030412148849823,
        0.0008150859122707807,
        0.00022834810530315098,
        0.012346213592213403,
        0.012298972271377346,
        1.4989800871894008,
        0.0011388500441701455,
        0.001455809498880888,
        0.012269103953806051,
        0.012294184909992432,
        1.499109195400838,
        0.0011031706527165283,
        0.0013979998519686977,
        0.012283586474725198,
        0.012313454792296495,
        1.4990590033792741,
        0.0011359595618245359,
        0.00142305069896398,
        0.0122537181571539,
        0.012233484780734633,
        1.4988856647661108,
        0.0010974197972164093,
        0.001421153819924674,
        0.012303789741953364,
        0.012288373836110115,
        1.4991612240830594,
        0.0011243976324420977,
        0.0013893585141229693,
        0.012280665883188487,
        0.012346213592213403,
        1.4992864180996532,
        0.001119580161866082,
        0.001410525275466339,
        0.012319235756987713,
        0.012371234330017586,
        1.4992874418121505,
        0.001118586558559779,
        0.0014172998434638612,
        0.012316345274642105,
        0.016573062275609705,
        0.0320814334447288,
        0.9174284980611899,
        0.0013392267109413043,
        0.001148454876131077,
        0.05741747469811134,
        0.057684392677213696,
        0.9119124942516519,
        0.0033096022857228846,
        0.0021071315207582303,
        0.05739727143088316
    ],
    "nn.conv2d_transpose": [],
    "nn.dense": [
        0.0016649178310710758
    ],
    "nn.layer_norm": [],
    "nn.relu": [
        0.0016234875841173394,
        0.002992582612629942,
        0.00089698291206305,
        0.00013004159636132768,
        0.0009230273623646357,
        0.001818113395388379,
        0.0005395567045137745,
        0.00014259712905006897,
        0.0005241407986705238,
        0.0005173963398641016,
        0.0005221837012490174,
        0.000137749549282953,
        0.0005183598339793048,
        0.0005231773045553207,
        0.000525104292785727,
        0.000126187619900515,
        0.0005212202071338142,
        0.001143637405555061,
        0.00038732463431167386,
        0.00013488917612844363,
        0.0003757627049292358,
        0.0003757627049292358,
        0.00037380560750772935,
        0.000137749549282953,
        0.0003757627049292358,
        0.00037380560750772935,
        0.00037961668139004854,
        0.0001232971375549055,
        0.00038732463431167386,
        0.00037862307808374517,
        0.00037287222258362634,
        0.0001232971375549055,
        0.00037961668139004854,
        0.00037961668139004854,
        0.00037961668139004854,
        0.0001232971375549055,
        0.00037961668139004854,
        0.00037961668139004854,
        0.0003718786192773231,
        0.00014353051397417204,
        0.0003718786192773231,
        0.00037765958396854206,
        0.00037287222258362634,
        0.0001232971375549055,
        0.00037287222258362634,
        0.0003824770545445578,
        0.00037287222258362634,
        0.000126187619900515,
        0.00038058017550525165,
        0.000656139492453358,
        0.0002899816194850537,
        0.0001232971375549055,
        0.0002832371606786315,
        0.0002832371606786315,
        0.0002832371606786315,
        0.00013389557282214037,
        0.0002832371606786315
    ],
    "nn.bias_add": [
        0.00014067014081966262,
        0.00013681616435884996,
        0.0001445241172804753,
        0.00014548761139567847,
        0.0001445241172804753,
        0.00012910821143722462,
        0.00013004159636132768,
        0.00013004159636132768,
        0.00012811460813092133,
        0.00014548761139567847,
        0.00014353051397417204,
        0.00013004159636132768,
        0.00013004159636132768,
        0.00014259712905006897,
        0.00013004159636132768,
        0.00013103519966763095,
        0.00013004159636132768,
        0.00013103519966763095,
        0.00013004159636132768,
        0.00013488917612844363,
        0.000137749549282953,
        0.00013004159636132768,
        0.00013004159636132768,
        0.000137749549282953,
        0.00013103519966763095,
        0.00014353051397417204,
        0.0001445241172804753,
        0.00013681616435884996,
        0.00015126857608689748
    ],
    "nn.max_pool2d": [],
    "nn.adaptive_avg_pool2d": [
        0.0007861810888146856,
        0.00043838982241744184,
        0.00041622945776776895,
        0.000411381878000653,
        0.000325661010938671,
        0.0003121419841347266,
        0.00031024510509542033,
        0.0003121419841347266,
        0.0003111784900195234,
        0.0003111784900195234,
        0.0003111784900195234,
        0.0003111784900195234,
        0.00037091512516211985,
        0.0003526087369732596,
        0.00035071185793395345
    ],
    "nn.batch_matmul": [],
    "nn.softmax": [],
    "nn.batch_norm": [
        0.005900257306357604,
        0.016934252132046492,
        0.010085735961182368,
        0.003564747571105124,
        0.003715082762267918,
        0.012988653402716219,
        0.006640250896024738,
        0.00251456909472477,
        0.0026783630943093086,
        0.0024259276361260785,
        0.002441253214396029,
        0.002547358003832778,
        0.002452845252969567,
        0.002450948373930261,
        0.002536639131801142,
        0.01315338078722486,
        0.00430567454569636,
        0.0020712714741580123,
        0.0022004097947863365,
        0.002080996742883344,
        0.0020886143682316686,
        0.002129141339452402,
        0.0020761491631162278,
        0.002083796897655653,
        0.002109931675530539,
        0.0020847302825797564,
        0.0020887046958049695,
        0.002120469892415574,
        0.002087711092498666,
        0.0020771427664225315,
        0.002141606544567843,
        0.002080033248768141,
        0.0020790396454618376,
        0.0021195365074914703,
        0.0020799128120037405,
        0.0020761491631162278,
        0.0021272143512219956,
        0.0020905714656531756,
        0.002072265077464315,
        0.002141726981332244,
        0.03362380686802247,
        0.002911528670188475,
        0.00177255818925393,
        0.0018449105754674677,
        0.0017495246580623539,
        0.001738926222795119,
        0.001834312140200233
    ],
    "multiply": [
        0.0008420938566875694,
        0.0005674980338546664,
        0.000559790080933041,
        0.000554009116241822,
        0.0004219803132678878,
        0.00040274054015492454,
        0.000417192951882972,
        0.00041427236034626247,
        0.0004152358544614657,
        0.00041622945776776895,
        0.0004152358544614657,
        0.00041427236034626247,
        0.00032755788997797724,
        0.0003246975168234679
    ],