{
    "nn.conv2d": [
        0.0001625561692589472,
        0.0007646839488821395,
        0.0013452252556621458,
        3.489935652202097,
        0.0014735932525849129,
        0.0014709709811313806,
        3.4902457214159743,
        0.0014612381616925642,
        0.0011632034475255657,
        0.0027783171557343492,
        1.7436154245351072,
        0.0014265156707216518,
        0.0014415012533542213,
        1.7425619208134355,
        0.0014417725228149316,
        0.0014328206306114932,
        1.7430788206606753,
        0.0014480774827047727,
        0.0014478226538174386,
        1.7453036083716875,
        0.0014291461624618721,
        0.0014257183029128973,
        1.7425355830148865,
        0.0014373006868565565,
        0.0014515053422537475,
        1.7426370542337655,
        0.0014441317450944418,
        0.002803051998379112,
        0.002781745015283324,
        0.7619138026913731,
        0.001618270298297048,
        0.0016190676661058025,
        0.7613297924236107,
        0.0016124914367552509,
        0.0016140697317993831,
        0.7612419339994874,
        0.001621172059497979,
        0.0016014351511596358,
        0.7613661096501991,
        0.001610641872250408,
        0.0016090635772062756,
        0.7613555712426648,
        0.001598541610245393,
        0.0016143245606867172,
        0.7613119215203505,
        0.001605389109056655,
        0.0016272221905004863,
        0.7612806268889286,
        0.0016069674041007875,
        0.0016045917412479008,
        0.7611775198329986,
        0.0016024873478557244,
        0.0016127462656425847,
        0.7612879593846543,
        0.0016230051834294453,
        0.0016069674041007875,
        0.7612516503783527,
        0.001613543633451339,
        0.0016203746916892245,
        0.7612090692933079,
        0.0016201198628018909,
        0.0016095896755543198,
        0.7612374786041024,
        0.0016074935024488312,
        0.001613543633451339,
        0.7611656661795942,
        0.001610641872250408,
        0.002073879687989951,
        0.004229304619926741,
        0.434819216021202,
        0.0035806253567883316
    ],
    "nn.conv2d_transpose": [],
    "nn.dense": [
        0.00022411789626679832
    ],
    "nn.layer_norm": [],
    "nn.relu": [
        7.365376872617785e-05,
        0.0005776477658657639,
        0.00016860630026145466,
        0.00016124914367552506,
        0.0001667649560433002,
        0.000169140618896187,
        0.00016703622550401048,
        0.00030828541166717056,
        7.549511294433231e-05,
        7.522384348362204e-05,
        7.181242450802342e-05,
        7.181242450802342e-05,
        7.601299100568824e-05,
        7.26015720300896e-05,
        7.26015720300896e-05,
        7.865170303259707e-05,
        7.706518770177648e-05,
        7.444291624824404e-05,
        7.575816211835435e-05,
        7.444291624824404e-05,
        7.575816211835435e-05,
        7.838043357188681e-05,
        7.154937533400135e-05,
        7.444291624824404e-05,
        7.549511294433231e-05,
        0.00015177937341073075,
        5.365381121381282e-05,
        4.918197525543773e-05,
        5.129458893430243e-05,
        5.1023319473592176e-05,
        5.2075516169680435e-05,
        4.945324471614798e-05,
        4.918197525543773e-05,
        5.050544141223624e-05,
        4.945324471614798e-05,
        5.129458893430243e-05,
        4.9708073603481856e-05,
        5.0234171951525976e-05,
        4.945324471614798e-05,
        5.129458893430243e-05,
        5.129458893430243e-05,
        4.945324471614798e-05,
        4.9708073603481856e-05,
        5.129458893430243e-05,
        4.918197525543773e-05,
        4.9979343064192116e-05,
        4.945324471614798e-05,
        4.945324471614798e-05,
        4.918197525543773e-05,
        4.945324471614798e-05,
        4.945324471614798e-05,
        4.945324471614798e-05,
        5.154941782163631e-05,
        4.9708073603481856e-05,
        5.1023319473592176e-05,
        5.154941782163631e-05,
        4.945324471614798e-05,
        5.154941782163631e-05,
        5.050544141223624e-05,
        5.129458893430243e-05,
        5.154941782163631e-05,
        4.9708073603481856e-05,
        5.339898232647895e-05,
        4.9708073603481856e-05,
        7.601299100568824e-05,
        4.734885132397147e-05,
        4.682275297592735e-05
    ],
    "nn.bias_add": [
        4.4184040949018525e-05
    ],
    "nn.max_pool2d": [],
    "nn.adaptive_avg_pool2d": [
        6.89106633070925e-05
    ],
    "nn.batch_matmul": [],
    "nn.softmax": [],
    "nn.batch_norm": [
        0.00046530110769827797,
        0.0019265392693908422,
        0.0020020179417617984,
        0.0007107177667741753,
        0.0007980500925495005,
        0.0007128139398796636,
        0.0007146388435244417,
        0.0007854319524831296,
        0.0031746993798388466,
        0.001152632158844554,
        0.00045897148694837216,
        0.0004889508725001992,
        0.00045188559982315286,
        0.00045294601680592907,
        0.0004905291675443316,
        0.0004542448221026632,
        0.00045237881702444416,
        0.0004873725774560668,
        0.0004550093087646648,
        0.0004566204849555498,
        0.00048816172497813295,
        0.00045870021748766187,
        0.0004531844051198867,
        0.0004881535046914448,
        0.00044739732329140134,
        0.000458963266661684,
        0.0004968587882942374,
        0.003137075127667003,
        0.0006838703104505483,
        0.00039029099166854893,
        0.0003929543645555222,
        0.00037768929217555443,
        0.00038556432682284,
        0.0003947874884869886,
        0.0003811089314378413,
        0.00038005673474175304,
        0.00038662474380561645,
        0.00037953063639370894,
        0.0003824241773079516,
        0.00039663705299183117,
        0.0003810924908644649,
        0.0003853177182221943,
        0.0003905787017026356,
        0.00037742624300153235,
        0.00038267078590859725,
        0.000389773113607193,
        0.0003781989499502222,
        0.0003813719806118633,
        0.00038953472529323544,
        0.00038165147035926173,
        0.00038609864545757235,
        0.00039558485629574296,
        0.0003813719806118634,
        0.00038533415879557064,
        0.0003918857272860577,
        0.0003834681537173516,
        0.0003832133248300178,
        0.00039822356832265176,
        0.0003797772449943545,
        0.00038583559628355016,
        0.00039401478153829874,
        0.0003810924908644649,
        0.0003863616946315943,
        0.00039845373634992114,
        0.000380319783915775,
        0.0003842737418127942,
        0.00039689188187916514,
        0.004564125117023386,
        0.00046738906051707813,
        0.0003658438590578734,
        0.0003690251100062028
    ],
    "multiply": [],
    "add": [
        0.0002417421909262766,
        0.00023621815827181322,
        0.00011205894813339916,
        0.00011257682619475511,
        0.0001117958989593771,
        0.00011231377702073303,
        0.00011257682619475511,
        0.00011520731793497573,
        6.417577817469536e-05,
        5.997521167703053e-05,
        6.0230040564364406e-05,
        6.102740837311879e-05,
        5.970394221632028e-05,
        5.970394221632028e-05,
        6.155350672116293e-05,
        6.128223726045267e-05,
        6.0230040564364406e-05,
        6.155350672116293e-05,
        6.444704763540563e-05,
        6.180833560849679e-05,
        6.155350672116293e-05,
        5.2601614517724555e-05
    ],
    "squeeze": [],
    "reshape": [],
    "transpose": [],
    "latency": 27.89217472076416,
    "batch_size": 2,
    "model_name": "regnet_x_16gf",
    "sm_partition": 60
}