{
    "nn.conv2d": [
        0.00011447659281316098,
        0.000313557890798752,
        0.0007444121396156897,
        4.29569768809957,
        0.0017057640901821276,
        0.001732463741967205,
        4.2955320327682855,
        0.0017187350101252412,
        0.0012822412308982538,
        0.003036511157117651,
        2.1462335679873847,
        0.0027285927967289486,
        0.0027178718144390103,
        2.14460735652305,
        0.002726149000217927,
        0.0027124261428868065,
        2.144542637037084,
        0.0027218253602368887,
        0.002723135376155056,
        2.144461245689343,
        0.0027253970628299197,
        0.002716555924009999,
        2.1444117646845053,
        0.0027212614071958838,
        0.0027244512665840683,
        2.1443257148496655,
        0.0027124261428868065,
        0.0027250152196250732,
        2.144378420960956,
        0.0027206915796440354,
        0.0019082232319029043,
        0.0048576976363587905,
        1.0714368765629894,
        0.0040769986432609385,
        0.004070237081279724,
        1.0696301355059132,
        0.004057266161336609,
        0.004075312658648768,
        1.0695324306415588,
        0.004074748705607763,
        0.004062153754358653,
        1.0696871476336522,
        0.004079636298629806,
        0.004087719625550877,
        1.0697238045813175,
        0.004065343613746836,
        0.0040764405647307775,
        1.0696192911588955,
        0.004064597550869674,
        0.004079260329935803,
        1.0695802080382517,
        0.004055192459008748,
        0.004070983144156886,
        1.0695835212623677,
        0.004079818408465964,
        0.004071547097197891,
        1.0696326439220434,
        0.00406064987958264,
        0.004058770036112623,
        1.0695463238597047,
        0.004058582051765622,
        0.004071171128503889,
        1.069639728582121,
        0.00406684748852285,
        0.0040773746119549415,
        1.0695720483426898,
        0.004072862987626903,
        0.004063657629134665,
        1.0696388297819621,
        0.004067223457216854,
        0.002869769041327187,
        0.0030487242651619146,
        0.5011987845239191,
        0.004735319826460717
    ],
    "nn.conv2d_transpose": [],
    "nn.dense": [
        0.00018628661336779123
    ],
    "nn.layer_norm": [],
    "nn.relu": [
        5.207166411945702e-05,
        0.0005600053697179151,
        0.00015226144656049263,
        0.00014906571266146457,
        0.00015338935264250252,
        0.00015207346221349097,
        0.00014793780657945465,
        0.0002757671625405766,
        7.462391124881118e-05,
        7.368398951380295e-05,
        7.462391124881118e-05,
        7.350187967764511e-05,
        7.481777010665667e-05,
        7.105220865577987e-05,
        6.993017708461375e-05,
        7.500575445365832e-05,
        6.993017708461375e-05,
        6.954833387976665e-05,
        7.293205212579635e-05,
        7.180414604378646e-05,
        7.42538170656517e-05,
        7.612778602482441e-05,
        7.143405186062697e-05,
        7.199800490163191e-05,
        7.669173906582937e-05,
        7.218598924863356e-05,
        7.218598924863356e-05,
        7.500575445365832e-05,
        0.00015056958743747773,
        4.3236399810379476e-05,
        4.004066591135143e-05,
        3.9664697217348124e-05,
        4.098058764635968e-05,
        3.9664697217348124e-05,
        3.9664697217348124e-05,
        4.3612368504382786e-05,
        4.078672878851422e-05,
        4.191463487052412e-05,
        4.1162697482517526e-05,
        3.9664697217348124e-05,
        3.9664697217348124e-05,
        4.2484462422372876e-05,
        4.1356556340362974e-05,
        4.0222775747509275e-05,
        4.1162697482517526e-05,
        3.947083835950267e-05,
        3.9846807053505986e-05,
        4.0222775747509275e-05,
        3.9664697217348124e-05,
        4.098058764635968e-05,
        4.1162697482517526e-05,
        4.1162697482517526e-05,
        4.1162697482517526e-05,
        4.098058764635968e-05,
        4.1356556340362974e-05,
        4.004066591135143e-05,
        4.153866617652082e-05,
        3.9664697217348124e-05,
        4.1162697482517526e-05,
        3.9664697217348124e-05,
        3.9846807053505986e-05,
        4.098058764635968e-05,
        4.153866617652082e-05,
        3.947083835950267e-05,
        4.3236399810379476e-05,
        3.9846807053505986e-05,
        3.9846807053505986e-05,
        7.030027126777326e-05,
        3.534105723631018e-05,
        3.251541752044163e-05
    ],
    "nn.bias_add": [
        2.9695652315416882e-05
    ],
    "nn.max_pool2d": [],
    "nn.adaptive_avg_pool2d": [
        4.999796179159507e-05
    ],
    "nn.batch_matmul": [],
    "nn.softmax": [],
    "nn.batch_norm": [
        0.0003295071877396733,
        0.0012119057125654176,
        0.0018416356514884132,
        0.0005987007726460359,
        0.0006751986528540199,
        0.0006043344285452416,
        0.0006124295044880001,
        0.0006693828871186565,
        0.003354733409526381,
        0.0010182877096645622,
        0.00038157297734828645,
        0.00042350523575134197,
        0.0003815788518591303,
        0.00037894707100110715,
        0.00041202056705171,
        0.00037707310204193443,
        0.0003774431962250939,
        0.0004218016276066396,
        0.00037743732171425024,
        0.00038083278898196743,
        0.0004174721131147578,
        0.0003783772434492585,
        0.000378183384591413,
        0.00041296048878671816,
        0.00037329579156937005,
        0.0003742474623260659,
        0.0004112862531962347,
        0.000379129180837265,
        0.00038288886777729806,
        0.0004163559560544355,
        0.005112199069644806,
        0.0006058383033212547,
        0.0002920983026863449,
        0.0002994296922194093,
        0.0002860710545606045,
        0.0002879743960739962,
        0.0003043290342631398,
        0.00029040644356333005,
        0.0002907824122573334,
        0.0003005575983014192,
        0.0002890846786234747,
        0.0002889084432981607,
        0.0003013095356894258,
        0.0002890905531343185,
        0.0002890846786234748,
        0.0003018676142195869,
        0.0002898366160114813,
        0.00028834449025715573,
        0.0003005752218339506,
        0.0002870168508064566,
        0.00028852072558246977,
        0.00030037548846526137,
        0.00028682299194861114,
        0.0002860710545606045,
        0.0003028075359545952,
        0.0002905768043778004,
        0.0002905944279103317,
        0.00030337736350644393,
        0.00028401497576527394,
        0.0002896486316644797,
        0.0003029955203015968,
        0.0002877805372161508,
        0.00028739869401130363,
        0.00030093944150626624,
        0.0002885324746041574,
        0.00028891431780900446,
        0.00030054584927973155,
        0.00028815650591015407,
        0.0002856950858666013,
        0.0003016796298725853,
        0.003289502841116809,
        0.00037894707100110715,
        0.0002659626039422718,
        0.00027029799294499735
    ],
    "multiply": [],
    "add": [
        0.00021486023411204208,
        0.00021185248456001565,
        0.00011466457716016262,
        0.00011052892152612635,
        0.00011015295283212304,
        0.00010940688995496022,
        0.00010940688995496022,
        0.00010677510909693713,
        0.00011015295283212304,
        5.375764873162807e-05,
        5.3951507589473524e-05,
        5.3951507589473524e-05,
        5.450958611963466e-05,
        5.657741393665282e-05,
        5.489142932448176e-05,
        5.564336671248837e-05,
        5.657741393665282e-05,
        5.5825476548646215e-05,
        5.3569664384626424e-05,
        5.714136697765777e-05,
        5.564336671248837e-05,
        5.601346089564787e-05,
        4.1356556340362974e-05
    ],
    "squeeze": [],
    "reshape": [],
    "transpose": [],
    "latency": 38.20923169453939,
    "batch_size": 2,