{
    "nn.conv2d": [
        0.0001733853316796622,
        0.0005778179371413627,
        0.0015262395300222678,
        9.131864004773348,
        0.003232531137628356,
        0.003236393022896183,
        9.133069990809114,
        0.0032370547036694422,
        0.0025331262372649144,
        0.006087925042070523,
        4.562038712251204,
        0.0051600072301320535,
        0.0051541519795158565,
        4.559914775230242,
        0.005162408423881554,
        0.005139898793047854,
        4.5593234656637485,
        0.005183848545540866,
        0.00515654901175106,
        4.558767208532181,
        0.005154547323374094,
        0.005153881481086536,
        4.559779646699497,
        0.0051632074346266215,
        0.0051620089185090215,
        4.559988434033302,
        0.005187573100836886,
        0.005154418316430879,
        4.559871595357895,
        0.005135637402407494,
        0.004019157216147376,
        0.00914121559740302,
        2.2772891307663534,
        0.008297193913696644,
        0.008321164236048671,
        2.273949552996458,
        0.008335409099488078,
        0.008301317974365197,
        2.273689458352881,
        0.008365372002428113,
        0.008357914568807481,
        2.274000098749112,
        0.008341272673132873,
        0.00835046129670115,
        2.27418323450879,
        0.008358047737264993,
        0.008356986551119201,
        2.274282295195121,
        0.008340473662387805,
        0.008321026906076863,
        2.273740004105535,
        0.008275886960494843,
        0.008281875379568551,
        2.2737946156576574,
        0.008298920942129993,
        0.008337011282492512,
        2.274213967291875,
        0.008295858067607235,
        0.008362309127905353,
        2.273964030904698,
        0.008274954781292263,
        0.008356587045746667,
        2.2737318766681125,
        0.00835592120345911,
        0.008356054371916622,
        2.2739780011081936,
        0.008293598365343841,
        0.008349662285956082,
        2.2736696495448263,
        0.00837043656532784,
        0.0029323652728836763,
        0.006316042609787313,
        1.0651203290485756,
        0.003943646539224194
    ],
    "nn.conv2d_transpose": [],
    "nn.dense": [
        0.0001949544602821893
    ],
    "nn.layer_norm": [],
    "nn.relu": [
        7.017561559413746e-05,
        0.000637739581507133,
        0.00015606927068890095,
        0.00015314372613795045,
        0.00015007669010089423,
        0.0001522073854210744,
        0.00015287738922292794,
        0.0002980310079102027,
        9.907733238837838e-05,
        9.681346861068693e-05,
        9.454544331869829e-05,
        9.721297398322073e-05,
        9.774564781326577e-05,
        9.787881627077705e-05,
        9.881099547335587e-05,
        9.614762632313065e-05,
        9.881099547335587e-05,
        9.814515318579954e-05,
        9.827416012901359e-05,
        9.760831784145729e-05,
        9.907733238837838e-05,
        9.694663706819819e-05,
        9.814515318579954e-05,
        9.681346861068693e-05,
        9.801198472828829e-05,
        9.534445406376585e-05,
        9.774564781326577e-05,
        9.947267624661492e-05,
        0.0001530105576804392,
        5.060401385427928e-05,
        5.139886308504963e-05,
        4.887282390663288e-05,
        4.8473318534099096e-05,
        5.073302079749332e-05,
        4.966767313740324e-05,
        4.900599236414414e-05,
        4.953866619418919e-05,
        4.953866619418919e-05,
        4.820282010477936e-05,
        4.993817156672298e-05,
        4.887282390663288e-05,
        4.87354939348244e-05,
        4.9405497736677936e-05,
        4.8473318534099096e-05,
        5.0200346967448276e-05,
        5.007134002423424e-05,
        4.953866619418919e-05,
        4.966767313740324e-05,
        5.139886308504963e-05,
        4.887282390663288e-05,
        4.993817156672298e-05,
        4.993817156672298e-05,
        4.9405497736677936e-05,
        4.993817156672298e-05,
        5.0333515424959536e-05,
        4.860648699161036e-05,
        4.953866619418919e-05,
        5.047084539676803e-05,
        5.0200346967448276e-05,
        5.113668768432433e-05,
        4.9405497736677936e-05,
        4.966767313740324e-05,
        4.993817156672298e-05,
        5.153619305685812e-05,
        5.060401385427928e-05,
        5.073302079749332e-05,
        4.887282390663288e-05,
        9.375059408792792e-05,
        3.635498890057433e-05,
        3.4756967410439195e-05
    ],
    "nn.bias_add": [
        2.0374773999222975e-05
    ],
    "nn.max_pool2d": [],
    "nn.adaptive_avg_pool2d": [
        4.620529324211043e-05
    ],
    "nn.batch_matmul": [],
    "nn.softmax": [],
    "nn.batch_norm": [
        0.0003335620169799262,
        0.0019884464384723696,
        0.002061418591674244,
        0.0005982967489980163,
        0.0006615600893444598,
        0.000599374581200998,
        0.0006086838886838946,
        0.0006521009673468631,
        0.006402585461112446,
        0.0010968794539201786,
        0.000400554074136685,
        0.00041253923531269854,
        0.00039747871507103433,
        0.00039881039964614694,
        0.00041307190914274355,
        0.0003993513965047864,
        0.0004036252716880384,
        0.000414528439146773,
        0.0003989435681036582,
        0.0003984108942736132,
        0.0004129429021995295,
        0.00039907673656116937,
        0.000403213281772613,
        0.00040960120621885633,
        0.0004054771455503044,
        0.0003968211958120725,
        0.0004141330952885364,
        0.00040054158959379336,
        0.0004033506117444214,
        0.0004097385361906647,
        0.009370365220665524,
        0.0006125540969803158,
        0.00027977444468826825,
        0.0002880100814824804,
        0.0002689877996298561,
        0.0002716345227228924,
        0.0002889547452279508,
        0.00026831363431370535,
        0.0002720340280954262,
        0.00028761889913854103,
        0.0002713681858078699,
        0.00027603324333506127,
        0.00028868424679863105,
        0.00027177185269470084,
        0.0002732283826987303,
        0.00028736088525211295,
        0.00026831363431370535,
        0.0002787007739995837,
        0.0002920176197507098,
        0.00027149719275108397,
        0.0002737568950144781,
        0.00028589187070519184,
        0.00026910432203017845,
        0.00027178017572329535,
        0.0002950763327591716,
        0.0002716470072657841,
        0.0002750969026181852,
        0.00028815157296858604,
        0.0002713765088364643,
        0.000276174734821167,
        0.0002858877091908946,
        0.00026936649743090375,
        0.00027350304264234725,
        0.0002918886128074958,
        0.00027496373416067396,
        0.00027402739344379787,
        0.00028816405751147766,
        0.0002709728419496333,
        0.00027657007867940356,
        0.0002866825584216649,
        0.006516178155369549,
        0.0004069419985829283,
        0.00023409350224760838,
        0.00023782638057222094
    ],
    "multiply": [],
    "add": [
        0.00020480892613802262,
        0.0001989495140075271,
        0.00011199467276697073,
        0.00010906496670172298,
        0.00011132883047941442,
        0.00010906496670172298,
        0.0001085281313573807,
        0.00011079199513507216,
        0.00010720060829656533,
        6.645106029811937e-05,
        6.711274107137845e-05,
        6.73832395006982e-05,
        6.831541870327703e-05,
        6.791175181644602e-05,
        6.938076636336712e-05,
        6.525254418051802e-05,
        6.897709947653611e-05,
        6.858175561829957e-05,
        6.725007104318694e-05,
        6.725007104318694e-05,
        6.725007104318694e-05,
        6.804492027395727e-05,
        4.394559097871622e-05
    ],
    "squeeze": [],
    "reshape": [],
    "transpose": [],
    "latency": 81.16787274678548,
    "batch_size": 2,
    "model_name": "regnet_x_32gf",
    "sm_partition": 20
}