{
    "nn.conv2d": [
        0.001806031737012275,
        0.0025117273418767756,
        0.00250201168997414,
        2.7694751049353887,
        0.004880495805757619,
        0.004697903236666803,
        2.764036961553759,
        0.004697903236666803,
        0.004204564023388495,
        0.0062326678038896,
        1.3858873150511881,
        0.00939117997242759,
        0.009119604369244378,
        1.382393535783661,
        0.00907534417724348,
        0.009025840617549094,
        1.3825267790097542,
        0.009045580354748102,
        0.009045580354748102,
        1.383740618630796,
        0.009065474308643974,
        0.009090148980142734,
        1.3830350772426285,
        0.009119604369244378,
        0.009080279111543231,
        1.382511819990158,
        0.009070409242943726,
        0.005847742928508962,
        0.009731690439110461,
        0.7802080236397559,
        0.010960334863051781,
        0.010644499067867668,
        0.7775926626775843,
        0.010698783345164938,
        0.01077296157635808,
        0.77827368361095,
        0.010723612233360564,
        0.010590369007267267,
        0.7785599098003356,
        0.01063956413356792,
        0.01057556420436801,
        0.7779330189275704,
        0.01067410867366618,
        0.010605173810166523,
        0.7774395254975952,
        0.010615043678766025,
        0.010649434002167422,
        0.777957847815766,
        0.010654368936467174,
        0.010600238875866771,
        0.7781600259053589,
        0.010560605184771888,
        0.010615043678766025,
        0.7779379538618701,
        0.010629848481665281,
        0.010610108744466273,
        0.7780860018908626,
        0.010595303941567017,
        0.01067410867366618,
        0.7774000460231972,
        0.010590369007267267,
        0.010555670250472137,
        0.7784118617713432,
        0.010560605184771888,
        0.010600238875866771,
        0.778653673552031,
        0.010634783415965032,
        0.010560605184771888,
        0.7776665324753838,
        0.010590369007267267,
        0.010654368936467174,
        0.7781897897278542,
        0.010753221839159072,
        0.025316058741029636,
        0.01111825276064384,
        0.4563529602185469,
        0.02512359630333932,
        0.02439816096127581,
        0.4520891769835614,
        0.024432859718070944
    ],
    "nn.conv2d_transpose": [],
    "nn.dense": [
        0.0015592850220246875
    ],
    "nn.layer_norm": [],
    "nn.relu": [
        0.0009178977797538266,
        0.001978754437503587,
        0.0008535894171601863,
        0.0008043942908595362,
        0.0008043942908595362,
        0.0008043942908595362,
        0.0008091750084624207,
        0.0010361819862510016,
        0.0007550449478620187,
        0.0007351509939661445,
        0.0007499557968653996,
        0.0007351509939661445,
        0.0007303702763632598,
        0.0007252811253666409,
        0.0007252811253666409,
        0.000745175079262515,
        0.0007499557968653996,
        0.0007696955340644066,
        0.0007252811253666409,
        0.0007303702763632598,
        0.0007351509939661445,
        0.0007351509939661445,
        0.0007303702763632598,
        0.0007303702763632598,
        0.0007303702763632598,
        0.0008091750084624207,
        0.0007402401449627633,
        0.0006908908019652459,
        0.0006908908019652459,
        0.0006956715195681303,
        0.0007154112567671374,
        0.0006858016509686268,
        0.0007106305391642527,
        0.0007007606705647492,
        0.0006908908019652459,
        0.0006908908019652459,
        0.0007205004077637564,
        0.0006956715195681303,
        0.0006908908019652459,
        0.0007205004077637564,
        0.0006956715195681303,
        0.0007007606705647492,
        0.0006956715195681303,
        0.0006908908019652459,
        0.0006956715195681303,
        0.0006908908019652459,
        0.0006908908019652459,
        0.0006908908019652459,
        0.0007007606705647492,
        0.0006858016509686268,
        0.0006908908019652459,
        0.0006908908019652459,
        0.0006908908019652459,
        0.0006908908019652459,
        0.0007007606705647492,
        0.0007303702763632598,
        0.0007106305391642527,
        0.0006908908019652459,
        0.0007154112567671374,
        0.0007252811253666409,
        0.0006908908019652459,
        0.0006908908019652459,
        0.0007402401449627633,
        0.0006908908019652459,
        0.000745175079262515,
        0.0006908908019652459,
        0.0006908908019652459,
        0.0006908908019652459,
        0.0006908908019652459,
        0.0007154112567671374,
        0.0008438737652575502,
        0.0007252811253666409,
        0.0006908908019652459,
        0.0006858016509686268,
        0.0006908908019652459,
        0.0006858016509686268
    ],
    "nn.bias_add": [
        0.0006908908019652459
    ],
    "nn.max_pool2d": [],
    "nn.adaptive_avg_pool2d": [
        0.00120905890343918
    ],
    "nn.batch_matmul": [],
    "nn.softmax": [],
    "nn.batch_norm": [
        0.0071402330649533215,
        0.008472819542583164,
        0.010179844160206668,
        0.006597236075283761,
        0.006725544367077306,
        0.00662699989777914,
        0.006557448167492012,
        0.0066416504839815265,
        0.012054502327324867,
        0.007258671488147362,
        0.006380098966094684,
        0.006300677367208054,
        0.006334913473912582,
        0.006370229097495179,
        0.006276311129103029,
        0.006286026781005666,
        0.006315944820197911,
        0.006232050937102131,
        0.0064393181776917045,
        0.006306074951598408,
        0.0063012942339955216,
        0.006311164102595026,
        0.006276773779193632,
        0.006350489360296173,
        0.006246701523304518,
        0.006202749764697355,
        0.006390277268087921,
        0.015470402162934282,
        0.006690999826979044,
        0.006251636457604271,
        0.00617792087650173,
        0.006252407541088608,
        0.006167896791205357,
        0.0062372943047956176,
        0.006157564272515254,
        0.006271376194803277,
        0.0062416123723079,
        0.006182855810801481,
        0.0060741330395100756,
        0.006271221978106411,
        0.006172523292111375,
        0.006158489572696457,
        0.00623714008809875,
        0.006217091917506009,
        0.00620244133130362,
        0.006192571462704117,
        0.006178229309895465,
        0.0061476944039157485,
        0.006167896791205358,
        0.006162961856905607,
        0.006118855881601576,
        0.006355270077899058,
        0.006167896791205359,
        0.006158026922605856,
        0.006217400350899744,
        0.006143530553100335,
        0.006192725679400985,
        0.006217554567596612,
        0.006182855810801482,
        0.006251482240907403,
        0.006251328024210537,
        0.006266132827109791,
        0.0061776124431079955,
        0.0062764653457998976,
        0.006217246134202875,
        0.006182547377407746,
        0.006207684698997107,
        0.006355270077899059,
        0.006182238944014012,
        0.006217091917506009,
        0.006187328095010632,
        0.006232050937102131,
        0.006183010027498348,
        0.01687161507067005,
        0.006616667379089033,
        0.006291115932002285,
        0.006226499136014909,
        0.006266287043806659,
        0.006178075093198597,
        0.006231896720405263
    ],
    "multiply": [],