{
    "nn.conv2d": [
        0.0015450001868639184,
        0.0014901363111137448,
        0.0037369824677149373,
        2.8898511234264497,
        0.0021048518427702434,
        0.0020533754200753756,
        2.8838768568531625,
        0.002120631370926604,
        0.001969675314202504,
        0.004574691032461532,
        1.6846910111776836,
        0.0042487880331343,
        0.004182947094318832,
        1.680892239851074,
        0.004261158668659055,
        0.004161679034629822,
        1.6809423012617328,
        0.004302987282019191,
        0.004162343661495104,
        1.6811151900050114,
        0.0040265239456383824,
        0.0075974997740670385,
        0.010118086440859016,
        1.0234402574156172,
        0.013617732798939556,
        0.01275395370941289,
        1.0171573252623478,
        0.01284041952062838,
        0.013415343198673187,
        1.0172616073614682,
        0.01330555112844394,
        0.013525778456191417,
        1.017275264371571,
        0.013542951556807235,
        0.01350794072871031,
        1.017247135647466,
        0.01287675960245587,
        0.012742976646347593,
        1.0171449760663995,
        0.013525092389749832,
        0.012759442240945535,
        1.0171593834616726,
        0.01350727610184503,
        0.01268946346390428,
        1.0171922503321396,
        0.013543637623248818,
        0.013527172028650876,
        1.0172025627683396,
        0.013543637623248818,
        0.013585487676185252,
        1.0172252244004882,
        0.01320197653534152,
        0.016034744872629115,
        0.023768085802129173,
        0.5700052462855358,
        0.0356473262381027,
        0.035518345747085484,
        0.564650519148573,
        0.03560616225160784
    ],
    "nn.conv2d_transpose": [],
    "nn.dense": [
        0.0005749022384685063
    ],
    "nn.layer_norm": [],
    "nn.relu": [
        0.0006393924839771123,
        0.0013220500329264207,
        0.00037870867575266434,
        0.00037390621066159794,
        0.000370454438877394,
        0.00037182657176055585,
        0.0003752569039684604,
        0.0008699108083482992,
        0.00031833482889354395,
        0.0003011617282777217,
        0.0003011617282777217,
        0.0003011617282777217,
        0.0002984174625113981,
        0.0003052995665035066,
        0.00030186923429560204,
        0.00030255530073718297,
        0.0002998110349708593,
        0.0002998110349708593,
        0.0003039059940440454,
        0.0004857136010629875,
        0.00021677555596326934,
        0.00020993633112375957,
        0.00020374029357323194,
        0.00021062239756534053,
        0.00020854275866429839,
        0.0002044263600148129,
        0.00020854275866429839,
        0.00020993633112375957,
        0.00020922882510587931,
        0.00021062239756534053,
        0.00020993633112375957,
        0.00020993633112375957,
        0.00020993633112375957,
        0.00020922882510587931,
        0.00020648455933955565,
        0.00020648455933955565,
        0.00020374029357323194,
        0.00020922882510587931,
        0.00020993633112375957,
        0.00020993633112375957,
        0.00020922882510587931,
        0.00020648455933955565,
        0.00021403129019694568,
        0.00021268059689008323,
        0.00020922882510587931,
        0.00021197309087220298,
        0.00020993633112375957,
        0.0002051338660326932,
        0.0002051338660326932,
        0.00034714961943994237,
        0.00016671414530416203,
        0.00015297137689624437,
        0.00015230675003096282,
        0.00015230675003096282,
        0.00015297137689624437
    ],
    "nn.bias_add": [
        0.00010700492531032312
    ],
    "nn.max_pool2d": [],
    "nn.adaptive_avg_pool2d": [
        0.00021951982172959298
    ],
    "nn.batch_matmul": [],
    "nn.softmax": [],
    "nn.batch_norm": [
        0.002543076782330052,
        0.005161813829420698,
        0.004776223049675925,
        0.0017678645824962182,
        0.0019092157090381862,
        0.0017486547221319529,
        0.0017445168839061679,
        0.001802167904575264,
        0.0058629951722926925,
        0.003138625332774884,
        0.001542213041944996,
        0.0016162438989068362,
        0.0015510247078040504,
        0.0015366816312597498,
        0.0015634596620577048,
        0.0015414197776219178,
        0.0015387398305844926,
        0.0015455576158477028,
        0.001533251299051845,
        0.0015332941782044435,
        0.00155031720178617,
        0.011239033248097031,
        0.0020977767825914395,
        0.0012855598740648358,
        0.0013336059645517992,
        0.001263627187510546,
        0.0012574311499600184,
        0.001275912064730104,
        0.0012643132539521269,
        0.0012643132539521269,
        0.001284830928470656,
        0.0012615261090332044,
        0.0012670360801421512,
        0.0012924419780569443,
        0.0012779702640548472,
        0.0012705092915026544,
        0.0012766624499005834,
        0.0012608186030153242,
        0.0012485551653720652,
        0.0012772627580369667,
        0.001273875304981661,
        0.0012594893492847614,
        0.0012883041398311596,
        0.0012732106781163791,
        0.0012580957768253,
        0.0012821295418569312,
        0.0012649778808174084,
        0.0012656853868352887,
        0.0013054558008706823,
        0.0012601968553026415,
        0.0012739181841342595,
        0.001289654833138022,
        0.024753212893510464,
        0.0016993222570670249,
        0.00110855473213696,
        0.001131173485132831,
        0.0010831488342221667,
        0.0010797185020142623,
        0.001102380134162732
    ],
    "multiply": [],
    "add": [
        0.0005467949539399883,
        0.00043702432328704204,
        0.00037594297041004126,
        0.0003176487624519631,
        0.00031833482889354395,
        0.0003196855222004064,
        0.00027031017798288,
        0.0002277526190285639,
        0.0002257158592801206,
        0.00022846012504644427,
        0.0002257158592801206,
        0.0002257158592801206,
        0.0002257158592801206,
        0.0002257158592801206,
        0.00023120439081276793,
        0.00023529934988595396,
        0.00020099602780690828,
        0.00017357480971997118
    ],
    "squeeze": [],
    "reshape": [],
    "transpose": [],
    "latency": 24.378169377644856,
    "batch_size": 2,
    "model_name": "regnet_x_1_6gf",
    "sm_partition": 10
}