{
    "nn.conv2d": [
        0.001976829227996326,
        0.002424346718113141,
        0.004450398465322611,
        2.4783235600713134,
        0.0025757582705025657,
        0.0025652971087011143,
        2.478545667053982,
        0.0025828057900319644,
        0.002688518582972944,
        0.004975548787755458,
        1.4450304518274317,
        0.00491564487175557,
        0.004816979598343988,
        1.4471024225690752,
        0.004697171766344211,
        0.004711266805403009,
        1.4471411839264867,
        0.0047570756823441,
        0.0047358230062632565,
        1.447215072764053,
        0.004742980643285303,
        0.007301120114964372,
        0.009641006716217376,
        0.8783921527474631,
        0.011941911725073393,
        0.01173753365872083,
        0.8761722942131951,
        0.011836198932132414,
        0.011716391100132636,
        0.8759714399066072,
        0.011808008854014819,
        0.011786976412919268,
        0.875802189320409,
        0.011705819820838539,
        0.011790500172683967,
        0.8758163944769605,
        0.011822103893073616,
        0.011868022887507355,
        0.8761793417327244,
        0.011815056373544217,
        0.011797547692213368,
        0.8757776331195489,
        0.011815056373544217,
        0.011797547692213368,
        0.8760066775042542,
        0.011931340445779296,
        0.01174105741848553,
        0.8758868696722544,
        0.011772881373860471,
        0.011734009898956132,
        0.8760241861855851,
        0.011875070407036753,
        0.014408653677855576,
        0.021674646312665604,
        0.48956651538897233,
        0.03092803945476604,
        0.03067774239397975,
        0.4865359718738384,
        0.030646138673590097
    ],
    "nn.conv2d_transpose": [],
    "nn.dense": [
        0.0010852078900347477
    ],
    "nn.layer_norm": [],
    "nn.relu": [
        0.0009654000580349703,
        0.0017406272062688239,
        0.0007681796287044546,
        0.0007435133103515592,
        0.0007435133103515592,
        0.0007398794330942132,
        0.0007328319135648144,
        0.0010852078900347477,
        0.0006624668357634746,
        0.0006306428803885338,
        0.0006306428803885338,
        0.0006165478413297365,
        0.0006060866795282852,
        0.0006201817185870827,
        0.0006413242771752786,
        0.0006165478413297365,
        0.0006165478413297365,
        0.0006095003218003378,
        0.0006060866795282852,
        0.0009302725778806241,
        0.0006060866795282852,
        0.0005636914448592465,
        0.0005566439253298478,
        0.0005743728416459914,
        0.0005495964058004491,
        0.0005495964058004491,
        0.0005673253221165927,
        0.0005532302830577953,
        0.0005495964058004491,
        0.0005461827635283966,
        0.0005777864839180438,
        0.0005461827635283966,
        0.0005673253221165927,
        0.0005495964058004491,
        0.0005495964058004491,
        0.0005495964058004491,
        0.0005532302830577953,
        0.0005532302830577953,
        0.0005495964058004491,
        0.0005532302830577953,
        0.0005495964058004491,
        0.0005532302830577953,
        0.0005532302830577953,
        0.0005495964058004491,
        0.0005566439253298478,
        0.0005743728416459914,
        0.0005495964058004491,
        0.0005532302830577953,
        0.0005532302830577953,
        0.0007116893549766186,
        0.0005495964058004491,
        0.0004967400093299591,
        0.0004933263670579066,
        0.0004933263670579066,
        0.0004967400093299591
    ],
    "nn.bias_add": [
        0.0005215164451755014
    ],
    "nn.max_pool2d": [],
    "nn.adaptive_avg_pool2d": [
        0.0008455922260351931
    ],
    "nn.batch_matmul": [],
    "nn.softmax": [],
    "nn.batch_norm": [
        0.006092140163194559,
        0.00919282852114468,
        0.008230621870396469,
        0.005175852506880086,
        0.005419102048136987,
        0.005137091149468393,
        0.005171998394637447,
        0.005232122545622629,
        0.009421983023342784,
        0.006239697603341345,
        0.004830303814954258,
        0.004911460407034989,
        0.004861907535343905,
        0.0047881288152705126,
        0.004861907535343904,
        0.004791542457542566,
        0.004872699049623297,
        0.004848252966255695,
        0.004798700094564611,
        0.004809381491351355,
        0.004766766021697023,
        0.01396774323729757,
        0.00577147802460692,
        0.0047492573403661725,
        0.004657749703976637,
        0.0046188782290722975,
        0.004591018503432643,
        0.00464013090515314,
        0.004615684821785539,
        0.004654336061704584,
        0.004604783190013501,
        0.004566131950094455,
        0.004650592066954591,
        0.004625925748601697,
        0.004608306949778199,
        0.004632973268131096,
        0.004629449508366396,
        0.004597515435498807,
        0.0045945422631973425,
        0.004597625552991455,
        0.004597955905469395,
        0.004604673072520853,
        0.0046433243124398985,
        0.004562608190329755,
        0.004622181753851704,
        0.004689243306873638,
        0.004590688150954703,
        0.004699924703660382,
        0.004657639586483991,
        0.004611720592050252,
        0.004615464586800245,
        0.004647068307189892,
        0.025986737207223762,
        0.0051718882771448,
        0.004527260475190115,
        0.004601479665234095,
        0.00446724644169758,
        0.004502484039344573,
        0.004516689195896016
    ],
    "multiply": [],
    "add": [
        0.0009548287787408724,
        0.0007963697068220494,
        0.0006941806736457686,
        0.0006517854389767297,
        0.0006695143552928732,
        0.0006624668357634746,
        0.0006060866795282852,
        0.0005955154002341873,
        0.0005777864839180438,
        0.00058142036117539,
        0.0005777864839180438,
        0.0005777864839180438,
        0.0005777864839180438,
        0.000613134199057684,
        0.00058142036117539,
        0.000602562919763586,
        0.0005955154002341873,
        0.0005532302830577953
    ],
    "squeeze": [],
    "reshape": [],
    "transpose": [],
    "latency": 21.23672644297282,
    "batch_size": 1,
    "model_name": "regnet_x_1_6gf",
    "sm_partition": 30
}