{
    "nn.conv2d": [
        0.0005380752920414691,
        0.0031593430250890717,
        0.007366846346999167,
        20.25593699376475,
        0.007409734562093296,
        0.007348392960682703,
        20.26857491867129,
        0.007378423460699001,
        0.005691278869464167,
        0.014628822576804616,
        10.120546532974823,
        0.006687888995286482,
        0.0066850851941327935,
        10.120275638059104,
        0.006670453726835752,
        0.0066820348175585,
        10.12020281479254,
        0.006673376838676831,
        0.0066919614667494244,
        10.120328067152165,
        0.0066967935495887585,
        0.006674649486009001,
        10.119866867713034,
        0.0066985752558537965,
        0.006671340602945358,
        10.119509556066435,
        0.006683939811533842,
        0.008905604236325896,
        0.011716114627667175,
        4.42081973109414,
        0.007308555122162869,
        0.007356028844675724,
        4.4156945575742075,
        0.007297232537929469,
        0.007294941772731565,
        4.415537262340974,
        0.007266430495468044,
        0.007380459696430473,
        4.415044505225027,
        0.007273811849994628,
        0.0073034685098571014,
        4.415544059073133,
        0.007282342564143081,
        0.007267957672266648,
        4.414764383616147,
        0.007292014683867573,
        0.007258285552542156,
        4.414745938183876,
        0.0073186130131099245,
        0.007252431374814174,
        4.41447115771677,
        0.007281065939787998,
        0.007394080999907606,
        4.415153252939561,
        0.007404262178564967,
        0.007262358024005098,
        4.415335305140429,
        0.007327903338634766,
        0.007273430055794978,
        4.414996928099918,
        0.007286538323316329,
        0.007311867982249425,
        4.414582816612076,
        0.007293665148376482,
        0.00725816226483185,
        4.415102275459862,
        0.007308173327963218,
        0.004540678416449285,
        0.017711432921809662,
        2.5230061950582376,
        0.008364597878397523
    ],
    "nn.conv2d_transpose": [],
    "nn.dense": [
        0.00039642566694803684
    ],
    "nn.layer_norm": [],
    "nn.relu": [
        0.00021049586874091527,
        0.0014725802280538883,
        0.00038509910569172406,
        0.000392734989684744,
        0.00039197140128544196,
        0.0003900664073101,
        0.00039642566694803684,
        0.0007559525153089704,
        0.00021049586874091527,
        0.00021851354693358624,
        0.0002152006868470312,
        0.00021380077478164422,
        0.0002265312251262571,
        0.0002107503982073493,
        0.00021532795158024824,
        0.00022767660772521006,
        0.00021341898058199323,
        0.00021583701051311618,
        0.0002182590174671522,
        0.0002148228696702932,
        0.00021469560493707625,
        0.0002262766956598231,
        0.00021201906851660624,
        0.00021380077478164422,
        0.00023098151376593897,
        0.0003604097474476264,
        0.00010562575154719562,
        0.00010257537497290071,
        0.00010460763368145964,
        0.00010397131001537464,
        0.00010321169863898569,
        0.00010397131001537464,
        0.00010422981650472167,
        0.00010308045688285567,
        0.00010346622810541969,
        0.00010435708123793865,
        0.00010321169863898569,
        0.00010588028101362963,
        0.00010498942788111064,
        0.00010422981650472167,
        0.00010321169863898569,
        0.00010422981650472167,
        0.00010550246383689167,
        0.00010257537497290071,
        0.00010422981650472167,
        0.00010512066963724066,
        0.0001021935807732497,
        0.00010664386941293161,
        0.00010460763368145964,
        0.00010473489841467666,
        0.00010410255177150465,
        0.00010550246383689167,
        0.00010333896337220267,
        0.00010422981650472167,
        0.00010410255177150465,
        0.00010422981650472167,
        0.00010626605223619362,
        0.00010422981650472167,
        0.00010435708123793865,
        0.00010422981650472167,
        0.00010422981650472167,
        0.00010473489841467666,
        0.00010422981650472167,
        0.00010524793437045764,
        0.00021800448800071823,
        7.317722159977405e-05,
        7.215910373403807e-05
    ],
    "nn.bias_add": [
        1.9726033648634745e-05
    ],
    "nn.max_pool2d": [],
    "nn.adaptive_avg_pool2d": [
        8.577643018825691e-05
    ],
    "nn.batch_matmul": [],
    "nn.softmax": [],
    "nn.batch_norm": [
        0.000765986544118548,
        0.008327293403473289,
        0.004734104902847471,
        0.001339059637794692,
        0.0014310839709793207,
        0.0013496226106517028,
        0.0013386778435950408,
        0.001405746358000399,
        0.015202889926209018,
        0.0024424448747860676,
        0.0007777028536203378,
        0.0008330471044780801,
        0.000780999805615241,
        0.0007803634819491558,
        0.0008310148457695211,
        0.0007708146499349679,
        0.0007798584000392009,
        0.0008329277937906893,
        0.0007710691794014018,
        0.000776812000487819,
        0.0008303944301950884,
        0.0007776948995745119,
        0.0007736144740657419,
        0.0008301319466828283,
        0.0007770466448396878,
        0.0007738729805550889,
        0.0008312693752359553,
        0.012086940198124028,
        0.001234833798312883,
        0.00047314641596332176,
        0.0005038211936915315,
        0.0004656338196806059,
        0.00047137266374410987,
        0.0005030615823151424,
        0.0004648781853271299,
        0.0004728958635198007,
        0.0005048273804885284,
        0.00046692237510442786,
        0.0004686961273236398,
        0.0005037018830041405,
        0.0004675427906788608,
        0.0004713647096982838,
        0.0005014150948291475,
        0.000461955073486052,
        0.0004764592760498768,
        0.0005012719220042784,
        0.0004648622772354778,
        0.0004727725758094968,
        0.0005031888470483594,
        0.00045990690668584093,
        0.0004747929034493167,
        0.0005010293236065835,
        0.00046323169784113496,
        0.0004735321871858857,
        0.0005027990988028823,
        0.00046219767188374685,
        0.0004728958635198007,
        0.0005035706412480104,
        0.0004609329785974029,
        0.00047925910018065067,
        0.0005010253465836704,
        0.00046322374379530895,
        0.00047035852290128687,
        0.0005031808930025333,
        0.0004671609964792099,
        0.00047200103336436877,
        0.0005030576052922293,
        0.018005136063937017,
        0.0007862216367000507,
        0.0003604017934018003,
        0.00038659844332993677
    ],
    "multiply": [],
    "add": [
        0.000468461482971771,
        0.0004617124750883571,
        0.0002699284991532535,
        0.00026725196273278356,
        0.0002711971694625105,
        0.0002650924392910076,
        0.0002687831165543006,
        0.00026967396968681956,
        0.0001482634141978031,
        0.0001478816199981521,
        0.00014775037824202208,
        0.0001487724731306711,
        0.0001468635021324161,
        0.00014724131930915412,
        0.00014800888473136912,
        0.00014622717846633112,
        0.0001471140545759371,
        0.0001486452083974541,
        0.0001471140545759371,
        0.00015080473183923002,
        0.0001481361494645861,
        9.697174968843972e-05
    ],
    "squeeze": [],
    "reshape": [],
    "transpose": [],
    "latency": 161.5878391265869,
    "batch_size": 2,
    "model_name": "regnet_x_16gf",
    "sm_partition": 5
}