{
    "nn.conv2d": [
        0.002805357066517224,
        0.004136500692737678,
        0.005624299397279084,
        2.3885337766935657,
        0.003443864486015091,
        0.003267043781081008,
        2.3889687174191474,
        0.003253670786590194,
        0.003980270153924371,
        0.006058815583353598,
        1.3938003508049894,
        0.007573572546630453,
        0.0075262363915280526,
        1.3953492831986314,
        0.007430927272061779,
        0.007492273230916462,
        1.395505301467691,
        0.0074445125363064146,
        0.007424346909693284,
        1.395206637924063,
        0.007478687966671826,
        0.008320974349839227,
        0.010229491706456687,
        0.8473197235700365,
        0.015541330026109157,
        0.015222288586114043,
        0.8456079802752127,
        0.015303587901828033,
        0.015188325425502455,
        0.8449352974253492,
        0.015385311757049672,
        0.015392104389171988,
        0.8448402005756367,
        0.015323965798194986,
        0.015195118057624774,
        0.8453634455188092,
        0.015392104389171988,
        0.015344343694561943,
        0.8452683486690966,
        0.015249459114603315,
        0.015276417373338763,
        0.8457370402855366,
        0.015398897021294303,
        0.015222288586114043,
        0.8448469932077591,
        0.015188325425502455,
        0.015215495953991727,
        0.8448198226792698,
        0.015147357363014724,
        0.015099808938158505,
        0.84490812689686,
        0.015201910689747092,
        0.017028916460896736,
        0.022748312707888275,
        0.47254303885327786,
        0.037244001926668144,
        0.037019845066631654,
        0.47011806918561044,
        0.036754720144107446
    ],
    "nn.conv2d_transpose": [],
    "nn.dense": [
        0.0020171994705745445
    ],
    "nn.layer_norm": [],
    "nn.relu": [
        0.001453411004422173,
        0.0023296605482011606,
        0.0012226737820171922,
        0.0011884983516517813,
        0.0011545351910401925,
        0.0012020836158964168,
        0.0011615400929163328,
        0.0016436047038470695,
        0.0012090885177725567,
        0.0010730236055723798,
        0.0010594383413277443,
        0.0010664432432038844,
        0.0010392727147146134,
        0.0010594383413277443,
        0.0010458530770831088,
        0.0010528579789592489,
        0.0010664432432038844,
        0.0011001941340616505,
        0.0010594383413277443,
        0.0013517337923412294,
        0.0011071990359377908,
        0.0009575488594929783,
        0.0010458530770831088,
        0.0009645537613691183,
        0.0009917242898583893,
        0.0009575488594929783,
        0.0009509684971244829,
        0.0010664432432038844,
        0.0009711341237376138,
        0.0009645537613691183,
        0.0009847193879822492,
        0.0009645537613691183,
        0.0009645537613691183,
        0.0009645537613691183,
        0.0009645537613691183,
        0.0009645537613691183,
        0.0009645537613691183,
        0.0009645537613691183,
        0.0010053095541030248,
        0.0009645537613691183,
        0.001025687450469978,
        0.0009645537613691183,
        0.0009645537613691183,
        0.001025687450469978,
        0.0009781390256137538,
        0.0009645537613691183,
        0.0009917242898583893,
        0.0009847193879822492,
        0.0009711341237376138,
        0.0011615400929163328,
        0.0009645537613691183,
        0.0009167930667590719,
        0.0009167930667590719,
        0.0009781390256137538,
        0.0009167930667590719
    ],
    "nn.bias_add": [
        0.0010322678128384733
    ],
    "nn.max_pool2d": [],
    "nn.adaptive_avg_pool2d": [
        0.0015758906523777145
    ],
    "nn.batch_matmul": [],
    "nn.softmax": [],
    "nn.batch_norm": [
        0.010255813155930667,
        0.014134193828020272,
        0.01238891191209226,
        0.009257933043211429,
        0.009379139072644033,
        0.009094060793260512,
        0.009026559011544982,
        0.00919595027509528,
        0.01420912505111959,
        0.01033031983952234,
        0.00888327692771484,
        0.008774382544003935,
        0.008761221819266944,
        0.008734051290777669,
        0.00868671513567527,
        0.008700088130166084,
        0.008849313767103252,
        0.008795821789139999,
        0.008665488160293026,
        0.008971156605797326,
        0.008754004647636981,
        0.01821677800328705,
        0.009949932440672547,
        0.00855744285559741,
        0.008652327435556037,
        0.00852411650424729,
        0.008415646660044029,
        0.008523479694985825,
        0.008577820751964366,
        0.008551287032736561,
        0.008448548471886506,
        0.008686290596167625,
        0.008455553373762645,
        0.008468714098499636,
        0.008543645321598953,
        0.008646171612695187,
        0.008475719000375775,
        0.0084220147526587,
        0.008496521436250374,
        0.008543645321598953,
        0.008646808421956656,
        0.008557867395105055,
        0.008544282130860422,
        0.008714522473426009,
        0.008489728804128056,
        0.008435175477395692,
        0.008517323872124973,
        0.008598623187838963,
        0.008645959342941366,
        0.008503314068372693,
        0.008408004948906422,
        0.008544282130860422,
        0.030803100786434175,
        0.009406946410394771,
        0.008741268462407636,
        0.008462346005884962,
        0.008414373041521097,
        0.008591406016209,
        0.008360456524050198
    ],
    "multiply": [],
    "add": [
        0.0014196601135644065,
        0.001344728890465089,
        0.0011683327250386504,
        0.001113779398306286,
        0.001113779398306286,
        0.001113779398306286,
        0.0010664432432038844,
        0.0010188948183476603,
        0.0010118899164715202,
        0.0010118899164715202,
        0.0010118899164715202,
        0.0010188948183476603,
        0.0010188948183476603,
        0.0010118899164715202,
        0.0010118899164715202,
        0.0010188948183476603,
        0.0010594383413277443,
        0.0009645537613691183
    ],
    "squeeze": [],
    "reshape": [],
    "transpose": [],
    "latency": 20.89559555053711,
    "batch_size": 1,
    "model_name": "regnet_x_1_6gf",
    "sm_partition": 60
}