{
    "nn.conv2d": [
        0.0015073073895716345,
        0.0018864180360396515,
        0.0038024540913346168,
        2.4079600242571675,
        0.002263173514711463,
        0.002233484126735052,
        2.4095747415719897,
        0.0022472582899068006,
        0.0022198527010054985,
        0.004425931238839248,
        1.4036845741367352,
        0.0039006574515642843,
        0.003905225049714502,
        1.4056577051689076,
        0.003884742226759622,
        0.0038664004654376566,
        1.4057010973513346,
        0.0039029412506393925,
        0.0038024540913346168,
        1.4060002750301739,
        0.003932630638615805,
        0.00658876033168813,
        0.009566762956908566,
        0.8533368854474338,
        0.011119817696703468,
        0.0110740703464802,
        0.8507722504548078,
        0.011119817696703468,
        0.011049019925375103,
        0.8507425610668313,
        0.011096908337231285,
        0.011067290317975974,
        0.8507539086934859,
        0.011099263505027494,
        0.011117462528907263,
        0.8508658862168873,
        0.011069502748329983,
        0.011064935150179764,
        0.8505552181739513,
        0.011042097159428681,
        0.01102611056590292,
        0.8505415867482217,
        0.011090128308727057,
        0.011042097159428681,
        0.8506808984918035,
        0.01108777314093085,
        0.011010195341098256,
        0.8507402058990353,
        0.011053587523525319,
        0.011071857916126188,
        0.8507471286649816,
        0.011060367552029549,
        0.013990553134114899,
        0.020065458673903608,
        0.47521747914673457,
        0.0295340182705825,
        0.02959118461618132,
        0.47223248238684673,
        0.02954086966780783
    ],
    "nn.conv2d_transpose": [],
    "nn.dense": [
        0.0008130324707386391
    ],
    "nn.layer_norm": [],
    "nn.relu": [
        0.0007536536947858173,
        0.0014844693988205493,
        0.0005891487926569056,
        0.0005686659697020258,
        0.0005754459982062543,
        0.0005663108019058201,
        0.0005891487926569056,
        0.0008540694853694957,
        0.0004909454324272383,
        0.0004521208481503932,
        0.0004475532500001762,
        0.000459043614096816,
        0.0004499084177963819,
        0.0004795264370516957,
        0.00045447601594659896,
        0.0004499084177963819,
        0.0004475532500001762,
        0.0004521208481503932,
        0.00045668844630061036,
        0.0007216091390132006,
        0.00043613425462463347,
        0.00038596204369334284,
        0.00039052964184355994,
        0.00039738103906888553,
        0.0004087286657233311,
        0.0003881744740473542,
        0.0003950258712726798,
        0.00039281344091866843,
        0.00039281344091866843,
        0.0003950258712726798,
        0.00040194863721910247,
        0.0003950258712726798,
        0.00039738103906888553,
        0.0003950258712726798,
        0.00040651623536931957,
        0.00041786386202376523,
        0.00041786386202376523,
        0.00039738103906888553,
        0.0003995934694228969,
        0.0003950258712726798,
        0.0003950258712726798,
        0.0003950258712726798,
        0.00039281344091866843,
        0.0003950258712726798,
        0.000404161067573114,
        0.0003950258712726798,
        0.0003950258712726798,
        0.0003950258712726798,
        0.0003950258712726798,
        0.0005389765817256148,
        0.00037682684739290864,
        0.00035855645479204035,
        0.0003607688851460517,
        0.00035855645479204035,
        0.00035855645479204035
    ],
    "nn.bias_add": [
        0.00035398885664182325
    ],
    "nn.max_pool2d": [],
    "nn.adaptive_avg_pool2d": [
        0.0005503955771011575
    ],
    "nn.batch_matmul": [],
    "nn.softmax": [],
    "nn.batch_norm": [
        0.004357060422980506,
        0.007156998089063574,
        0.006325695225724065,
        0.0037222356488214306,
        0.0038225087019629136,
        0.0037038225187783673,
        0.0037404346727012015,
        0.003729015677325658,
        0.0074584595669779,
        0.0045786603019871315,
        0.003334061174774076,
        0.003329208101739469,
        0.0033133642456559045,
        0.003365891624383401,
        0.003308653910063493,
        0.003295093853055036,
        0.003302016619001459,
        0.0033500477682998353,
        0.0032402826752524314,
        0.0033773819884800405,
        0.0033362736051280872,
        0.012455269205873185,
        0.004183491693272257,
        0.0031513572487653933,
        0.0031535696791194045,
        0.003128376520572113,
        0.0031056098985421244,
        0.003112389927046353,
        0.0030940481657243876,
        0.0030964033335205933,
        0.003098473026432411,
        0.003075920510565714,
        0.0031466469131729816,
        0.003096546070962788,
        0.0030919071040914734,
        0.00314893071224809,
        0.0031101061279712448,
        0.003096546070962788,
        0.003199245660621575,
        0.003089694673737462,
        0.0031285906267354054,
        0.0031351565490763417,
        0.0030689977446192915,
        0.003073422605327314,
        0.003087339505941257,
        0.0031582086459907184,
        0.003096474702241691,
        0.003164845937052753,
        0.003110248865413439,
        0.003110106127971245,
        0.003121525123346787,
        0.0030987585013167998,
        0.022883381257703155,
        0.003644800586431031,
        0.0030417348931601825,
        0.00303031589778464,
        0.0029706516469474305,
        0.003016470365891794,
        0.0030349548646559543
    ],
    "multiply": [],
    "add": [
        0.000701126316058321,
        0.000625689577858642,
        0.0005000806287276725,
        0.0004749588389014787,
        0.0004818816048479013,
        0.0005070033946740953,
        0.0004315666564744163,
        0.0004224314601739823,
        0.00041329626387354813,
        0.00041565143166975377,
        0.0004315666564744163,
        0.00041565143166975377,
        0.00041329626387354813,
        0.0004315666564744163,
        0.00042021902981997087,
        0.0004315666564744163,
        0.00042021902981997087,
        0.0003881744740473542
    ],
    "squeeze": [],
    "reshape": [],
    "transpose": [],
    "latency": 20.51737626393636,
    "batch_size": 1,
    "model_name": "regnet_x_1_6gf",
    "sm_partition": 20
}