{
    "nn.conv2d": [
        0.00012357987422245698,
        0.0003139306257794911,
        0.0006408730122703355,
        3.496578341821874,
        0.0013844385986738503,
        0.0014369236138810294,
        3.496282591030674,
        0.001404059760480934,
        0.001266966448114556,
        0.0027755025247111305,
        1.7469619394658429,
        0.002486783180701619,
        0.002461054295231372,
        1.745576991226603,
        0.002465123456628864,
        0.0024903586278003935,
        1.7455357979351953,
        0.0024587609126824916,
        0.002473022885408339,
        1.7455351927370226,
        0.0024630848943631932,
        0.002466397558044908,
        1.7454916901367987,
        0.0024587609126824916,
        0.0024554402858669266,
        1.7456684876345425,
        0.0024577416315496566,
        0.002479138572205352,
        1.7454889030399512,
        0.0024597801938153275,
        0.0020268325695095885,
        0.004153825436587968,
        0.8722189882065972,
        0.004134459095064093,
        0.004105656439927639,
        0.8706365303584686,
        0.004080946835590228,
        0.004106683684194325,
        0.8706370798147043,
        0.004075332826225782,
        0.004113301048423906,
        0.8706416347272666,
        0.004121200477203381,
        0.0040934250663336134,
        0.8708090755427365,
        0.0040954636285992834,
        0.0041046451219286535,
        0.8707412694580012,
        0.0041140734724073825,
        0.004115084790406369,
        0.8709012965958566,
        0.004118660237505142,
        0.004115857214389845,
        0.8709377518226231,
        0.004104899942211864,
        0.004122984219185844,
        0.8705797293247146,
        0.004125795205434991,
        0.004096490872865971,
        0.8708049984182051,
        0.0041171233526720395,
        0.004108722246459996,
        0.8707843420489976,
        0.00409878425541485,
        0.004100822817680521,
        0.8707155724250665,
        0.004100313177114103,
        0.004122482541753276,
        0.8708906021070955,
        0.0041013244951130885,
        0.003865615733144873,
        0.0029006113206328414,
        0.40828706490971167,
        0.006393687762860181
    ],
    "nn.conv2d_transpose": [],
    "nn.dense": [
        0.00019111521240666068
    ],
    "nn.layer_norm": [],
    "nn.relu": [
        5.834588172098346e-05,
        0.000729287687409967,
        0.00020538514826635805,
        0.0001974857194868827,
        0.00019493751665479393,
        0.00019824221720265907,
        0.0002046206874167314,
        0.00037509545688347277,
        8.663093315716924e-05,
        8.612925572460176e-05,
        8.943395627246693e-05,
        8.43375506082893e-05,
        8.969673968952609e-05,
        8.714853685743729e-05,
        8.510997459176623e-05,
        9.24917996709735e-05,
        8.357308975866265e-05,
        8.459237089149818e-05,
        9.351904393765931e-05,
        8.765817742385503e-05,
        8.153452749299162e-05,
        9.275458308803265e-05,
        8.612925572460176e-05,
        8.33182694754538e-05,
        9.173530195519714e-05,
        8.383587317572183e-05,
        8.33182694754538e-05,
        9.24917996709735e-05,
        0.00020002595918512125,
        5.274779862423836e-05,
        5.095609350792591e-05,
        4.8153070392628214e-05,
        4.917235152546375e-05,
        4.9936812375090386e-05,
        5.146573407434367e-05,
        4.866271095904598e-05,
        5.477839775605912e-05,
        4.866271095904598e-05,
        4.713378925979269e-05,
        5.121887692498508e-05,
        4.8415853809687376e-05,
        4.917235152546375e-05,
        5.095609350792591e-05,
        4.968995522573178e-05,
        4.917235152546375e-05,
        4.892549437610515e-05,
        4.968995522573178e-05,
        4.917235152546375e-05,
        5.3257439190656115e-05,
        4.739657267685185e-05,
        4.942717180867263e-05,
        4.739657267685185e-05,
        4.942717180867263e-05,
        4.739657267685185e-05,
        5.0446452941508144e-05,
        4.7643429826210456e-05,
        4.892549437610515e-05,
        5.0709236358567306e-05,
        4.942717180867263e-05,
        4.892549437610515e-05,
        4.892549437610515e-05,
        4.917235152546375e-05,
        4.917235152546375e-05,
        4.7643429826210456e-05,
        4.892549437610515e-05,
        4.942717180867263e-05,
        5.095609350792591e-05,
        8.409069345893072e-05,
        4.3574268428718645e-05,
        4.000678446379431e-05
    ],
    "nn.bias_add": [
        3.949714389737654e-05
    ],
    "nn.max_pool2d": [],
    "nn.adaptive_avg_pool2d": [
        6.165854540269891e-05
    ],
    "nn.batch_matmul": [],
    "nn.softmax": [],
    "nn.batch_norm": [
        0.0004183591630920306,
        0.0012636060056297389,
        0.0023950080630771703,
        0.0007988138090567401,
        0.0008946421618109799,
        0.0007965283896417105,
        0.00079192569827625,
        0.000885978272181878,
        0.0031890519549575935,
        0.0013566552246702319,
        0.00047900639049574433,
        0.0005386422999004725,
        0.0004866589621258609,
        0.00048029641817948915,
        0.0005384113690188146,
        0.0004843735427108312,
        0.0004797628882115206,
        0.0005366037376348016,
        0.00048386390214441355,
        0.00047520001251531165,
        0.000533314963354637,
        0.0004772385747809827,
        0.0004713538188656275,
        0.0005373761616182785,
        0.0004866589621258609,
        0.00047672893421456475,
        0.0005327893965205188,
        0.00047519204938146136,
        0.0004813077361784744,
        0.0005381485856017555,
        0.004481221721708278,
        0.0008191994317134506,
        0.0003786231251791457,
        0.00039060764162381333,
        0.0003605149588036146,
        0.0003628163044863448,
        0.0003880594387917245,
        0.0003707157332658201,
        0.00037120148443068706,
        0.0003936734481561702,
        0.0003628163044863448,
        0.00036563525386934303,
        0.0003928850979049928,
        0.0003712413000999384,
        0.00036664657186832823,
        0.00038829036967338263,
        0.0003679127101505225,
        0.0003745141481124025,
        0.0003923913836062755,
        0.00037274633239764096,
        0.0003714961203831473,
        0.00039798150356917035,
        0.0003643372630517477,
        0.0003666545350021786,
        0.000389851143908037,
        0.00037100240608443013,
        0.0003732718992317592,
        0.0003875179456899057,
        0.000365117650169075,
        0.0003686930972678496,
        0.0003934106647391111,
        0.0003676499267334632,
        0.00037122537383223794,
        0.00038933354020776893,
        0.00037860719891144514,
        0.0003661050787665094,
        0.00039619776158670824,
        0.0003676578898673136,
        0.0003717270512648054,
        0.00039262231448793355,
        0.003215027697577199,
        0.00047851267619702703,
        0.00034778190777702084,
        0.0003482676589418878
    ],
    "multiply": [],
    "add": [
        0.00028411665264405203,
        0.00028081195209618684,
        0.00013734016951573655,
        0.00013988837234782538,
        0.00013963355206461647,
        0.00014066079633130228,
        0.00013836741378242233,
        0.00013581124781648327,
        0.00013606606809969213,
        7.159653644784526e-05,
        6.956593731602451e-05,
        6.904833361575645e-05,
        7.287063786388966e-05,
        7.159653644784526e-05,
        7.236896043132218e-05,
        7.415270241378434e-05,
        7.058521844886002e-05,
        7.159653644784526e-05,
        7.058521844886002e-05,
        7.134967929848667e-05,
        6.98127944653831e-05,
        7.287063786388966e-05,
        5.0446452941508144e-05
    ],
    "squeeze": [],
    "reshape": [],
    "transpose": [],
    "latency": 31.14731788635254,
    "batch_size": 2,
    "model_name": "regnet_x_32gf",