{
    "nn.conv2d": [
        0.00020650730579679783,
        0.0008447871759789909,
        0.0013482259270800507,
        3.2807712696179965,
        0.0015147162669210098,
        0.0014850740699166847,
        3.274544308591467,
        0.001484580033299946,
        0.0018338639213342429,
        0.002752262553207307,
        1.6396679462719976,
        0.001966265734620228,
        0.0019277154398703326,
        1.6350403207216497,
        0.0019351259891214137,
        0.0019247666588141726,
        1.635411342220821,
        0.0019218024391137404,
        0.001946504269950678,
        1.6352260630508995,
        0.0019395877573163355,
        0.0019158585610686023,
        1.6348353572802805,
        0.001920320329263524,
        0.0019311891348317769,
        1.6352107479157807,
        0.0019400663552888013,
        0.004664678296603011,
        0.0026929781591986577,
        0.7165091789647895,
        0.001999350749297451,
        0.00198798790711246,
        0.7145567925713707,
        0.0019850236874120273,
        0.0019588551853691465,
        0.7146565570906634,
        0.001974170320488048,
        0.001993916346513325,
        0.7145528402784368,
        0.0019796047232721737,
        0.0019929282732798472,
        0.7145908347819929,
        0.0019736608452270367,
        0.0019889759803459373,
        0.7144747516157036,
        0.0019850236874120273,
        0.0019953984563635414,
        0.7144139696732004,
        0.001965756259359216,
        0.0019692299543206605,
        0.7144974927387179,
        0.001974170320488048,
        0.001965756259359216,
        0.714897137484371,
        0.001987509309139994,
        0.001968241881087183,
        0.7148023133312457,
        0.0019692299543206605,
        0.0019771345401884805,
        0.7145404739243739,
        0.0019850236874120273,
        0.0019588551853691465,
        0.7147158569233163,
        0.0019953984563635414,
        0.0019953984563635414,
        0.7144223991729736,
        0.002013199213210409,
        0.0037729576420338397,
        0.0075696136030268665,
        0.40931623804204503,
        0.006624521555205635
    ],
    "nn.conv2d_transpose": [],
    "nn.dense": [
        0.00025788711393762793
    ],
    "nn.layer_norm": [],
    "nn.relu": [
        0.00010274417763738708,
        0.0005785014395568041,
        0.00014425869208771524,
        0.00014623483855467022,
        0.00014178850900402145,
        0.00013487199636967899,
        0.0001486895829940909,
        0.00032308450870286993,
        9.879188470347706e-05,
        9.977995793695457e-05,
        9.780381146999957e-05,
        9.930135996448891e-05,
        9.681573823652206e-05,
        9.53336283863058e-05,
        0.00010076803117043207,
        9.879188470347706e-05,
        9.879188470347706e-05,
        9.485503041384015e-05,
        9.977995793695457e-05,
        9.63371402640564e-05,
        0.00010373225087086458,
        0.00010076803117043207,
        0.00010274417763738708,
        9.780381146999957e-05,
        9.73252134975339e-05,
        0.0001324018132859852,
        8.54528960515308e-05,
        8.052796852841637e-05,
        8.001849326740453e-05,
        8.052796852841637e-05,
        7.953989529493886e-05,
        8.250411499537139e-05,
        8.199463973435954e-05,
        7.804234680044952e-05,
        7.903042003392703e-05,
        7.903042003392703e-05,
        8.151604176189387e-05,
        7.953989529493886e-05,
        8.001849326740453e-05,
        7.903042003392703e-05,
        7.903042003392703e-05,
        8.793851777949763e-05,
        7.953989529493886e-05,
        7.903042003392703e-05,
        8.250411499537139e-05,
        7.903042003392703e-05,
        7.903042003392703e-05,
        7.903042003392703e-05,
        7.855182206146137e-05,
        7.903042003392703e-05,
        7.903042003392703e-05,
        7.903042003392703e-05,
        7.903042003392703e-05,
        7.903042003392703e-05,
        7.903042003392703e-05,
        8.151604176189387e-05,
        7.903042003392703e-05,
        7.903042003392703e-05,
        7.903042003392703e-05,
        7.903042003392703e-05,
        7.903042003392703e-05,
        7.903042003392703e-05,
        7.903042003392703e-05,
        7.953989529493886e-05,
        0.00011015472688846831,
        8.250411499537139e-05,
        7.507812710001704e-05
    ],
    "nn.bias_add": [
        7.855182206146137e-05
    ],
    "nn.max_pool2d": [],
    "nn.adaptive_avg_pool2d": [
        0.00012103897110099392
    ],
    "nn.batch_matmul": [],
    "nn.softmax": [],
    "nn.batch_norm": [
        0.0007562928670056621,
        0.0021035461594965084,
        0.002144041723424813,
        0.0008615381050152888,
        0.0009257474265470535,
        0.0008625261782487663,
        0.0008709248007333254,
        0.0009138905477453236,
        0.003419628829199994,
        0.0013738386379291007,
        0.000732594548046475,
        0.0007572655015948665,
        0.0007152569505277994,
        0.0007108106209771508,
        0.000762221306406527,
        0.000708865351798742,
        0.0007295994510574963,
        0.0007493454770827734,
        0.0007251531215068474,
        0.0007182674861610513,
        0.000748388281137842,
        0.0007325482321136557,
        0.0007241650482733699,
        0.0007587630500893557,
        0.0007261257560960521,
        0.0007315447202359052,
        0.0007518774147435595,
        0.0033252369581143466,
        0.0008195449925924954,
        0.0006663473254706632,
        0.0006742982272713024,
        0.0006584581782471163,
        0.0006608974840422638,
        0.0006737733133660175,
        0.000668848385842903,
        0.0006732483994607326,
        0.0006668568007316749,
        0.0006732792767492788,
        0.0006515416656127738,
        0.0006663782027592093,
        0.0006589676535081281,
        0.0006554939585466837,
        0.0006643866176479813,
        0.0006727698014882671,
        0.0006608974840422639,
        0.0006717817282547894,
        0.0006609283613308101,
        0.0006713185689265968,
        0.0006594616901248668,
        0.0006619009959200144,
        0.0006534869347911826,
        0.0006698210204321076,
        0.000666856800731675,
        0.0006569451911083539,
        0.0006693115451710957,
        0.000664355740359435,
        0.00065447500802466,
        0.00067278524013254,
        0.0006614069593032756,
        0.0006569451911083538,
        0.0006668413620874018,
        0.0006599094108087863,
        0.0006604343247140713,
        0.0006683080332933451,
        0.0006594308128363206,
        0.0006638925810312426,
        0.0006628890691534918,
        0.008181632339300539,
        0.0007528346106884907,
        0.0006515571042570468,
        0.0006619318732085606
    ],
    "multiply": [],
    "add": [
        0.00020996556211396903,
        0.00021143223331991225,
        0.00013684814283663395,
        0.00012596389862410835,
        0.00012548530065164268,
        0.0001304256668190302,
        0.00012894355696881397,
        0.00012548530065164268,
        9.63371402640564e-05,
        9.780381146999957e-05,
        8.892659101297514e-05,
        8.991466424645263e-05,
        9.13813354523958e-05,
        8.84171157519633e-05,
        8.892659101297514e-05,
        8.793851777949763e-05,
        9.189081071340762e-05,
        9.189081071340762e-05,
        9.236940868587329e-05,
        8.793851777949763e-05,
        8.892659101297514e-05,
        8.54528960515308e-05
    ],
    "squeeze": [],
    "reshape": [],
    "transpose": [],
    "latency": 26.23882293701172,
    "batch_size": 1,
    "model_name": "regnet_x_16gf",
    "sm_partition": 60
}