{
    "nn.conv2d": [
        0.005686523135273227,
        0.002716295952900641,
        0.007884049003294109,
        3.390654324025192,
        0.0019122723508420505,
        0.002073849517915375,
        0.0032771686250503587,
        1.6940057052525723,
        0.001833499768207932,
        0.0017044757104451517,
        1.6956668051120194,
        0.0017193728960618415,
        0.0025505594576494374,
        0.0037321481971612164,
        1.0592196068336048,
        0.00419803539520794,
        0.004219723320706881,
        1.0561487918167263,
        0.004183053325342722,
        0.004067610747344444,
        1.0562982305362603,
        0.003976614832922273,
        0.004219723320706881,
        1.0563797194148472,
        0.00415864910389088,
        0.00420210983913729,
        1.0564557332594042,
        0.004227872208565582,
        0.004229230356542033,
        1.056579367167385,
        0.004222439616659781,
        0.003952210611470432,
        1.0566200691645544,
        0.004150457773907914,
        0.05411812241761591,
        0.009395667701083315,
        0.6598792404318634,
        0.009938884449539179,
        0.009526007464698281,
        0.6558319594620414,
        0.009819409869735816,
        0.009831590759399603,
        0.6557505130255789,
        0.009490738059434838,
        0.009866945048911575,
        0.6558021226486839,
        0.009489337469334122,
        0.009551812276250838,
        0.6557857824308422,
        0.009492053765287025,
        0.009907647046080822,
        0.655803438354536,
        0.009498886947293539,
        0.00994160074549208,
        0.6557423216955959,
        0.00983570764545322,
        0.00985467927499926,
        0.6557192756221203,
        0.009507035835152241,
        0.009535556942657697,
        0.6557273820678549,
        0.009781339284270942,
        0.009545021536368586,
        0.6558007220585832,
        0.00947032339766382,
        0.009559961164109539,
        0.6556717404429446,
        0.009460816361828665,
        0.009884600972605429,
        0.6557138430302146,
        0.00980311209401841
    ],
    "nn.conv2d_transpose": [],
    "nn.dense": [
        0.0014803812943308492
    ],
    "nn.layer_norm": [],
    "nn.relu": [
        0.002251809344954631,
        0.0022178132034191087,
        0.0007863252362404713,
        0.0007836513824118347,
        0.001216900586899487,
        0.0004889332715221152,
        0.0004562952779630435,
        0.0004807419415391493,
        0.0004766674976097983,
        0.00045493712998659314,
        0.0009004096662622981,
        0.00038571402531189093,
        0.00036941624959448713,
        0.00035579232770571983,
        0.0003653418056651362,
        0.00038295528723472617,
        0.0003544766218535336,
        0.0003775226953289249,
        0.0003625830675879714,
        0.0003653418056651362,
        0.00035579232770571983,
        0.0003707743975709375,
        0.0003625830675879714,
        0.00035579232770571983,
        0.0003666575115173223,
        0.00036122491961152104,
        0.00036941624959448713,
        0.0003625830675879714,
        0.00036122491961152104,
        0.0003653418056651362,
        0.00036801565949377265,
        0.0006872228760838621,
        0.0002987925548190705,
        0.00028385292707811693,
        0.0002811366311252163,
        0.00030422514672487176,
        0.00028656922303101756,
        0.00028656922303101756,
        0.0002919593728125547,
        0.0002919593728125547,
        0.0002919593728125547,
        0.0002919593728125547,
        0.000297391964718356,
        0.0002919593728125547,
        0.00029060122483610446,
        0.00029060122483610446,
        0.0002851686329303032,
        0.0002919593728125547,
        0.0002919593728125547,
        0.0002946756687654554,
        0.00029060122483610446,
        0.00029060122483610446,
        0.0002919593728125547,
        0.0002919593728125547,
        0.0002919593728125547,
        0.00028788492888320383,
        0.0002919593728125547,
        0.0002919593728125547,
        0.00029060122483610446,
        0.0002919593728125547,
        0.0002919593728125547,
        0.0002919593728125547,
        0.00029060122483610446,
        0.0003069414426777724,
        0.00029060122483610446,
        0.0002919593728125547,
        0.0002811366311252163
    ],
    "nn.bias_add": [
        0.0002091123462490852
    ],
    "nn.max_pool2d": [],
    "nn.adaptive_avg_pool2d": [
        0.0004236997265282359
    ],
    "nn.batch_matmul": [],
    "nn.softmax": [],
    "nn.batch_norm": [
        0.008202959125014349,
        0.010844556939210222,
        0.00796931523094063,
        0.003730535396439182,
        0.004015788913618012,
        0.005591283008424648,
        0.0050628785613369455,
        0.002724275072262286,
        0.0027690090712366184,
        0.0026917644050760067,
        0.0027024173782662884,
        0.0027676509232601684,
        0.005777306839074079,
        0.004277953915197187,
        0.002328926684742451,
        0.0023316854228196153,
        0.002304564905414873,
        0.00231954697528009,
        0.0023289691268667144,
        0.002296458459680435,
        0.0023561320863957212,
        0.002320820239008013,
        0.00231954697528009,
        0.0023194620910315625,
        0.002341234900779032,
        0.002304607347539137,
        0.002331770307068144,
        0.002350741936614184,
        0.002292214247254028,
        0.0023193772067830343,
        0.0023548163805435346,
        0.0022867816553482265,
        0.002318231269427904,
        0.0023274412103932076,
        0.011287355621657292,
        0.0033896826964744144,
        0.00210360144702449,
        0.002079154783448384,
        0.002039726050007061,
        0.0020736373072940545,
        0.002100885151071589,
        0.002046474347765048,
        0.002079069899199856,
        0.002088619377159272,
        0.0020654459773110883,
        0.0020831867852534706,
        0.002075037897394769,
        0.0020749954552705045,
        0.0020573819737009147,
        0.0021021584147995114,
        0.002072194275069076,
        0.0020653610930625606,
        0.002092608936840095,
        0.002084460048981393,
        0.002064172713583166,
        0.0021075910067053123,
        0.002074995455270505,
        0.0020749530131462406,
        0.0020886618192835363,
        0.0020640878293346388,
        0.0020680773890154607,
        0.0020898501987629296,
        0.0020599709432810235,
        0.0020505487916943994,
        0.00208849205078648,
        0.0020627721234824517,
        0.002083101901004943,
        0.0020994421188466105,
        0.002049105759469421,
        0.00207911234132412,
        0.0021117078927589275
    ],
    "multiply": [],
    "add": [
        0.001043057645913846,
        0.0005527662264152803,
        0.0005310358587920752,
        0.00040468565485793134,
        0.0003938204710463288,
        0.0003965792091234935,
        0.0003952210611470431,
        0.0003843558773354406,
        0.00039789491497567973,
        0.00039246232306987846,
        0.00032188107041872585,
        0.00031237403458357366,
        0.00031097344448285924,
        0.00031237403458357366,
        0.0003150903305364743,
        0.00031237403458357366,
        0.00031237403458357366,
        0.00031097344448285924,
        0.00031237403458357366,
        0.00031097344448285924,
        0.00031237403458357366,
        0.00031237403458357366
    ],
    "squeeze": [],
    "reshape": [],
    "transpose": [],
    "latency": 22.628620465596516,
    "batch_size": 2,
    "model_name": "regnet_x_400mf",
    "sm_partition": 5
}