{
    "nn.conv2d": [
        0.006212949389015194,
        0.0031804179773121007,
        0.008318662156342499,
        3.4230308577306414,
        0.0021660326643080335,
        0.0024648046540407115,
        0.004005703840548452,
        1.7104474496665756,
        0.002563595621681027,
        0.0022702215772747486,
        1.7130740213170652,
        0.0022674797637756245,
        0.003100905385837502,
        0.004301819698453854,
        1.069987234406179,
        0.004491090511565265,
        0.004373192531102929,
        1.0670369573994496,
        0.004510197524387285,
        0.004400524984422322,
        1.067001313823961,
        0.00448834869806614,
        0.004378676158101176,
        1.0670178503866274,
        0.004438910373410059,
        0.004433426746411811,
        1.0669301123546557,
        0.004397783170923197,
        0.00435939778193546,
        1.0670122810779574,
        0.004485606884567016,
        0.004430684932912687,
        1.0671713919425785,
        0.004455446936076651,
        0.05551615404859278,
        0.010232447978731114,
        0.6664251034154302,
        0.010314702383704837,
        0.010210427789066273,
        0.6625180191791784,
        0.010177611708748634,
        0.010328411451200458,
        0.6625235884878484,
        0.010163902641253011,
        0.010278973126544376,
        0.6624276250153791,
        0.010229706165231991,
        0.010303649448036493,
        0.6624550431503703,
        0.010366711158516348,
        0.010306391261535618,
        0.6622740834594281,
        0.010204944162068024,
        0.010947975620330657,
        0.6623289197294107,
        0.010166644454752136,
        0.010311874888533865,
        0.6623782723723949,
        0.01032292782420221,
        0.010276231313045253,
        0.6622685141507579,
        0.010218653229563647,
        0.01018849328107328,
        0.6622521489514351,
        0.010303649448036493,
        0.010240673419228487,
        0.6623042434079185,
        0.01020768597556715,
        0.010311874888533865,
        0.6623069852214176,
        0.010204944162068024
    ],
    "nn.conv2d_transpose": [],
    "nn.dense": [
        0.001719117063950806
    ],
    "nn.layer_norm": [],
    "nn.relu": [
        0.0025744771940056756,
        0.00253060817801969,
        0.0009349584032013157,
        0.0009239911492048195,
        0.0014339684600419007,
        0.0006579495581179347,
        0.0006361007317967896,
        0.0006387568636240661,
        0.0006251334778002932,
        0.0006552934262906582,
        0.0011022090266478855,
        0.0005675553943186872,
        0.0005373097641564746,
        0.0005209445648335777,
        0.0005373097641564746,
        0.0005318261371582264,
        0.0005290843236591023,
        0.0005290843236591023,
        0.0005373097641564746,
        0.0005236006966608542,
        0.0005401372593274463,
        0.0005427933911547227,
        0.0005264281918318258,
        0.0005537606451512192,
        0.0005264281918318258,
        0.0005181170696626059,
        0.0005346536323291982,
        0.0005401372593274463,
        0.0005264281918318258,
        0.0005318261371582264,
        0.0005290843236591023,
        0.0008499621847284689,
        0.0004880428028440885,
        0.00047707554884759214,
        0.0004961825616696133,
        0.00046602261317924817,
        0.00046885010835022,
        0.00046602261317924817,
        0.00046602261317924817,
        0.00046885010835022,
        0.00046885010835022,
        0.00046885010835022,
        0.00046885010835022,
        0.00046885010835022,
        0.00046602261317924817,
        0.00046602261317924817,
        0.00046885010835022,
        0.00046885010835022,
        0.00046885010835022,
        0.00046602261317924817,
        0.00047973168067486863,
        0.00046885010835022,
        0.00046885010835022,
        0.00046885010835022,
        0.00046602261317924817,
        0.0004880428028440885,
        0.00046885010835022,
        0.00046885010835022,
        0.00046885010835022,
        0.00046885010835022,
        0.00046602261317924817,
        0.0004825591758458403,
        0.00047159192184934403,
        0.0004742480536766205,
        0.00046885010835022,
        0.00046885010835022,
        0.00046885010835022
    ],
    "nn.bias_add": [
        0.00042763722419151087
    ],
    "nn.max_pool2d": [],
    "nn.adaptive_avg_pool2d": [
        0.0007073022011021684
    ],
    "nn.batch_matmul": [],
    "nn.softmax": [],
    "nn.batch_norm": [
        0.010259266342019423,
        0.012762542066719718,
        0.010050974197757839,
        0.005346107914932743,
        0.0056804377984821875,
        0.007879457906451559,
        0.006804752696466761,
        0.004312358544091113,
        0.004427514711054324,
        0.004312358544091113,
        0.0043672804957454415,
        0.004408407698232303,
        0.007901221051100854,
        0.005932598958729756,
        0.004071250319511887,
        0.003961235052859533,
        0.003920279213716368,
        0.0039393005448665405,
        0.003956094152548676,
        0.003956094152548676,
        0.003928333290870044,
        0.004018984499684835,
        0.003923021027215491,
        0.003931246467712864,
        0.003988653187850775,
        0.003912139454890842,
        0.004002447937018242,
        0.003958407557688562,
        0.0039010008375506507,
        0.003939471908210236,
        0.003964148229702353,
        0.003893032442068822,
        0.0039201078503726715,
        0.00395052484387858,
        0.013637180572940305,
        0.0050583031791965605,
        0.003824401422918871,
        0.003753199953613493,
        0.003717299333109337,
        0.0036869680212752763,
        0.003818660750905081,
        0.0036733446354515037,
        0.0037035045839418678,
        0.0037584265355961976,
        0.0037064177607846875,
        0.003706246397440992,
        0.0037694794712645426,
        0.0036953648251163438,
        0.0037940701110848107,
        0.003772221284763666,
        0.0037614253941108647,
        0.0037118157061110887,
        0.003744546104756882,
        0.0037283522687776805,
        0.003731008400604957,
        0.003711644342767393,
        0.003750286776770673,
        0.0037666519760935703,
        0.003744546104756882,
        0.003733921577447777,
        0.0036843118894479996,
        0.003739148159430482,
        0.003728352268777681,
        0.0036816557576207234,
        0.0037886721657584108,
        0.0036953648251163438,
        0.0037145575196102128,
        0.003703675947285564,
        0.0037310940822768055,
        0.00370633207911284,
        0.0037419756546014527
    ],
    "multiply": [],
    "add": [
        0.0012419558334313663,
        0.0007429457765907815,
        0.0007073022011021684,
        0.0005948878476380806,
        0.0005730390213169354,
        0.0005730390213169354,
        0.0005811787801424601,
        0.0005894042206398323,
        0.0005675553943186872,
        0.0005675553943186872,
        0.0005264281918318258,
        0.0005016661886678614,
        0.0004880428028440885,
        0.0005099773108370812,
        0.0005126334426643577,
        0.0004935264298423367,
        0.0005071498156661094,
        0.0005071498156661094,
        0.0005154609378353294,
        0.0005099773108370812,
        0.0005044936838388332,
        0.0005071498156661094
    ],
    "squeeze": [],
    "reshape": [],
    "transpose": [],
    "latency": 23.00979455312093,
    "batch_size": 2,
    "model_name": "regnet_x_400mf",
    "sm_partition": 10
}