{
    "nn.conv2d": [
        0.0002369697349534159,
        0.0012756245354770056,
        0.00281361421884749,
        7.662453325061058,
        0.0028662901952530915,
        0.002845512950107491,
        7.663586314056658,
        0.0028564810986193424,
        0.0023862938900455124,
        0.005618862518497002,
        3.8279322988482494,
        0.002869902648772003,
        0.002875093577611288,
        3.825796247415638,
        0.0028628265694072438,
        0.0028836128344118172,
        3.82629034627035,
        0.002868170835849079,
        0.002866871976156886,
        3.8261651010185727,
        0.002874520816566466,
        0.0028797117454057515,
        3.825655587224875,
        0.0028551777289976626,
        0.0028730731292012095,
        3.825796247415638,
        0.002874809452053621,
        0.004050417281302285,
        0.004778216172090528,
        1.6721726547756963,
        0.0030726690784976724,
        0.0032002414538902443,
        1.6707964723424524,
        0.0030693497703954014,
        0.0030712259010619025,
        1.6706966856426282,
        0.0030602577525500507,
        0.0032253527412726395,
        1.6706103926518279,
        0.0030733906672155576,
        0.0030842099880543446,
        1.6708147736363101,
        0.0030634327429087446,
        0.002932387721811352,
        1.6709039620018404,
        0.003051454370191855,
        0.0030697782136966455,
        1.6710941682779457,
        0.003068335036260876,
        0.0030891213012654486,
        1.670828952854616,
        0.0030751179702089943,
        0.0030881110770604103,
        1.6709185516237304,
        0.0030794520124457904,
        0.0030752622879525716,
        1.6709811719946543,
        0.0030785815960548417,
        0.0030657418268059764,
        1.6708659748657735,
        0.003079880455747035,
        0.0030712259010619025,
        1.6708950143017387,
        0.00307901905921506,
        0.003062706644261373,
        1.670878913853471,
        0.003052893037698138,
        0.001892438571525056,
        0.0072994471523805254,
        0.9538825669663253,
        0.0034035896645197078
    ],
    "nn.conv2d_transpose": [],
    "nn.dense": [
        0.00023004248326172043
    ],
    "nn.layer_norm": [],
    "nn.relu": [
        0.00010808948000967795,
        0.000670928679959935,
        0.00018962900513067672,
        0.00018905173415636876,
        0.00019049942152162547,
        0.00018992215054731748,
        0.00018962900513067672,
        0.0003466467101424407,
        0.00011213037682983367,
        0.00010390877537543206,
        0.00010535195281120194,
        0.00011010992841975581,
        0.00010650198483033108,
        0.00010650198483033108,
        0.00010462585416383024,
        0.00010578039611244614,
        0.0001089553864711399,
        0.00010722808347770282,
        0.00010780084452252398,
        0.00010751671896485678,
        0.00010708376573412584,
        0.00011097583488121774,
        0.00010939284963135765,
        0.00010881106872756289,
        0.00011054739157997355,
        0.00016538362420974258,
        5.2382830988960214e-05,
        5.570213909123097e-05,
        4.921235055975324e-05,
        4.992942934815141e-05,
        5.5273695789986774e-05,
        5.050670032245936e-05,
        4.9645303790484206e-05,
        5.382600842473011e-05,
        4.992942934815141e-05,
        4.9645303790484206e-05,
        5.484074255925581e-05,
        4.935666830333024e-05,
        5.0651018066036345e-05,
        5.339305519399914e-05,
        4.921235055975324e-05,
        5.022257476479216e-05,
        5.570213909123097e-05,
        5.12282890403443e-05,
        5.022257476479216e-05,
        5.613509232196192e-05,
        5.007374709172839e-05,
        5.050670032245936e-05,
        5.411915384137087e-05,
        5.007374709172839e-05,
        5.0651018066036345e-05,
        5.6428237738602685e-05,
        5.022257476479216e-05,
        4.921235055975324e-05,
        5.5273695789986774e-05,
        4.906352288668947e-05,
        5.007374709172839e-05,
        5.4403279399038066e-05,
        5.007374709172839e-05,
        5.022257476479216e-05,
        5.4403279399038066e-05,
        5.022257476479216e-05,
        5.022257476479216e-05,
        5.541801353356377e-05,
        0.0001083826254263187,
        3.9105598579877226e-05,
        3.7951056631261315e-05
    ],
    "nn.bias_add": [
        2.35237922030492e-05
    ],
    "nn.max_pool2d": [],
    "nn.adaptive_avg_pool2d": [
        5.209870543129302e-05
    ],
    "nn.batch_matmul": [],
    "nn.softmax": [],
    "nn.batch_norm": [
        0.0004589123848568778,
        0.0033366036818525506,
        0.002195050330158569,
        0.0007044058865403095,
        0.0007776967506299863,
        0.0007106025296551465,
        0.0006973207873165768,
        0.000791118300782646,
        0.005973424154888743,
        0.0012992565659877373,
        0.0004480885540886037,
        0.0004825669650150436,
        0.0004444715906402053,
        0.00045039312805634867,
        0.00048444309568154454,
        0.00045111020684474685,
        0.000445486324774731,
        0.00048343738140599243,
        0.00045486246817774863,
        0.0004496850691269241,
        0.0004925293992513427,
        0.00044953173152437355,
        0.0004446294381722426,
        0.0004889259655914048,
        0.0004441919750120249,
        0.00045212494097927257,
        0.0004902248252835977,
        0.005027867828760773,
        0.0006427641703149882,
        0.00028528009961581295,
        0.0003173366784078516,
        0.0002883288119488768,
        0.00028558226489142725,
        0.0003118435842929525,
        0.00028889255313472445,
        0.0002839857498531068,
        0.00031385501284405686,
        0.0002867277869810696,
        0.00028601972805164505,
        0.000319059471471802,
        0.0002889105928526716,
        0.00028427889526974766,
        0.0003163264542028127,
        0.00028718779978872125,
        0.00028730956788486443,
        0.0003163264542028127,
        0.00028948786382697946,
        0.000285875410308068,
        0.00031675489750405695,
        0.0002874674154169017,
        0.0002848561662440556,
        0.00031690372517712066,
        0.00028687661465413335,
        0.000285568735102967,
        0.00031213672970959323,
        0.00028731858774383787,
        0.00028616404579522205,
        0.00031040040685718267,
        0.0002888970630642112,
        0.0002854289272888767,
        0.0003121367297095933,
        0.0002868856345131069,
        0.00028500950384660617,
        0.00031834690261289063,
        0.00028905040066676176,
        0.0002854289272888768,
        0.00031703902306172405,
        0.0075160410259126655,
        0.00045502933556875944,
        0.0002495118488561536,
        0.0002578687481951586
    ],
    "multiply": [],
    "add": [
        0.0002664060447136349,
        0.0002681378576365588,
        0.00014186434193618017,
        0.00014359615485910404,
        0.0001422972951669111,
        0.00014835864039714467,
        0.00014835864039714467,
        0.000144029108089835,
        7.879748799303599e-05,
        7.677252965347135e-05,
        7.47520812433935e-05,
        8.009183775574211e-05,
        7.619976860865019e-05,
        7.735431055726609e-05,
        7.951907671092094e-05,
        7.518954440361125e-05,
        7.518954440361125e-05,
        7.417932019857234e-05,
        7.547817989076525e-05,
        7.792707160208726e-05,
        7.792707160208726e-05,
        5.223851324538323e-05
    ],
    "squeeze": [],
    "reshape": [],
    "transpose": [],
    "latency": 61.144185066223145,
    "batch_size": 4,
    "model_name": "regnet_x_16gf",
    "sm_partition": 30
}