{
    "nn.conv2d": [
        0.00014201155137198233,
        0.0004449993933633095,
        0.0011531158777018376,
        6.829312592863053,
        0.002670589008281337,
        0.0026425198875695047,
        6.829061380065834,
        0.0026641725426157065,
        0.002003985890169319,
        0.00480613811045875,
        3.4117024076311764,
        0.004267812973934021,
        0.004278116651162904,
        3.4098869538350853,
        0.004266912335480592,
        0.00426900760317795,
        3.409722043667698,
        0.004261690499058889,
        0.004264672405648226,
        3.4094526034414665,
        0.004263925762370771,
        0.0042657177062366625,
        3.4096007094685907,
        0.004586326329575933,
        0.004265423715446166,
        3.4098308435927844,
        0.004274080110944162,
        0.0042600432173280035,
        3.409502731204507,
        0.004593648100215479,
        0.003018076789608995,
        0.007184500272985082,
        1.7031149218651918,
        0.0057885713349343235,
        0.005810825971122972,
        1.7002911963207046,
        0.005806192116282267,
        0.005837999119901859,
        1.7002228411286535,
        0.005811567947879946,
        0.005793205189775032,
        1.7003159755444752,
        0.0057915625745646295,
        0.0058003682987181155,
        1.7002467663791756,
        0.005807237416870705,
        0.005817247103309089,
        1.700629136401122,
        0.005798576354852224,
        0.005803658195659404,
        1.7005874130414738,
        0.005809626675358562,
        0.005791109922077672,
        1.7005438324066722,
        0.0058406917022211825,
        0.0057957437769183785,
        1.7005381392516818,
        0.005792155222666109,
        0.005793051194599055,
        1.7005345786965527,
        0.005818740389863999,
        0.005812767243644357,
        1.7007708352956212,
        0.0058023095712395,
        0.0058060474541472605,
        1.7005851311129567,
        0.005804255510281368,
        0.005804255510281368,
        1.7005698949235761,
        0.005793653175741504,
        0.003261930484025869,
        0.00477851697571339,
        0.7965572998576339,
        0.004339341399914232
    ],
    "nn.conv2d_transpose": [],
    "nn.dense": [
        0.0001865068241878292
    ],
    "nn.layer_norm": [],
    "nn.relu": [
        6.062743412936365e-05,
        0.0005390764463226669,
        0.00013394780397546596,
        0.00013558575266538336,
        0.00013185253627810725,
        0.00013543642400989234,
        0.0001370837057407779,
        0.0002443016803833471,
        8.362404707498436e-05,
        8.033881665418139e-05,
        8.21260939995898e-05,
        7.899485875476199e-05,
        8.228008917556494e-05,
        8.2429417831056e-05,
        8.21260939995898e-05,
        8.123478858712766e-05,
        8.391803786548232e-05,
        8.018948799869034e-05,
        8.406736652097335e-05,
        8.033881665418139e-05,
        7.943817820075104e-05,
        8.675994884029624e-05,
        8.197676534409875e-05,
        8.436602383195546e-05,
        8.108545993163661e-05,
        8.481867631891268e-05,
        8.182743668860772e-05,
        8.153344589810974e-05,
        0.00013140921683211823,
        4.7635841101642864e-05,
        4.539124474879312e-05,
        4.345463874789364e-05,
        4.494325878231998e-05,
        4.539124474879312e-05,
        4.509725395829512e-05,
        4.464926799182199e-05,
        4.509725395829512e-05,
        4.464926799182199e-05,
        4.3748629538391633e-05,
        4.4495272815846845e-05,
        4.539124474879312e-05,
        4.4345944160355804e-05,
        4.479859664731303e-05,
        4.4495272815846845e-05,
        4.494325878231998e-05,
        4.494325878231998e-05,
        4.5988559370757295e-05,
        4.479859664731303e-05,
        4.420128202534886e-05,
        4.464926799182199e-05,
        4.464926799182199e-05,
        4.420128202534886e-05,
        4.3748629538391633e-05,
        4.509725395829512e-05,
        4.509725395829512e-05,
        4.464926799182199e-05,
        4.4495272815846845e-05,
        4.5843897235750345e-05,
        4.4495272815846845e-05,
        4.5540573404284165e-05,
        4.5988559370757295e-05,
        4.4495272815846845e-05,
        4.4495272815846845e-05,
        4.479859664731303e-05,
        4.494325878231998e-05,
        4.464926799182199e-05,
        4.524658261378617e-05,
        8.108545993163661e-05,
        3.3594280965000686e-05,
        3.299696634303651e-05
    ],
    "nn.bias_add": [
        2.210064101267443e-05
    ],
    "nn.max_pool2d": [],
    "nn.adaptive_avg_pool2d": [
        4.6889197824187645e-05
    ],
    "nn.batch_matmul": [],
    "nn.softmax": [],
    "nn.batch_norm": [
        0.0003176033841475131,
        0.001578679213248891,
        0.0017705572025139135,
        0.0005430803208980204,
        0.0005950653590908398,
        0.000537121174239831,
        0.0005426183353700951,
        0.0006062416756502476,
        0.00510462742670341,
        0.0009664317257356129,
        0.0003695744227788802,
        0.0003930190216909741,
        0.00037284565363823096,
        0.00037031639953585127,
        0.00039151173557461135,
        0.0003749455878560738,
        0.0003716510243943025,
        0.00040570262436674464,
        0.00037493158829462146,
        0.0003717956865293096,
        0.00039540361365834664,
        0.0003680624701420335,
        0.00037255166284773296,
        0.0003873398662618304,
        0.000376578870025507,
        0.00037642954137001605,
        0.00039406432227941134,
        0.0003750809169501125,
        0.0003689631085954638,
        0.00039166106423010243,
        0.007413836422175936,
        0.0005505607532340249,
        0.0002726461258037408,
        0.0002786192720233825,
        0.0002642837210962424,
        0.00026935622886245373,
        0.0002783159481919163,
        0.00026487636919772246,
        0.00026830626175353237,
        0.00027652400432602386,
        0.0002645870449277085,
        0.0002681709326594936,
        0.0002778679622254432,
        0.0002690529050309876,
        0.0002696408866119835,
        0.0002823524884106586,
        0.0002657676746101846,
        0.0002686049190645144,
        0.0002811718587281825,
        0.0002672749607265473,
        0.00026951022403842885,
        0.0002847464134189994,
        0.00026728429376751553,
        0.00026892690897791703,
        0.0002796552395708517,
        0.0002641343924407513,
        0.00027100817711382344,
        0.00028385044148605316,
        0.0002674336224230065,
        0.0002687589142404896,
        0.000283990437100576,
        0.0002666729795840991,
        0.00027041552901234335,
        0.0002857823809664685,
        0.0002651796930291886,
        0.00027026620035685233,
        0.00027937058182132184,
        0.00026772294669302044,
        0.00027025220079539996,
        0.0002835424511341029,
        0.004981575948058305,
        0.00037867880424334984,
        0.00023411933268705163,
        0.00023963982641973612
    ],
    "multiply": [],
    "add": [
        0.0001921859796169729,
        0.000189344068642159,
        0.00010214080035587372,
        0.0001006475138009633,
        0.00010886058985297069,
        0.00010527670212118563,
        0.00010019486131400606,
        0.00010438073018823938,
        0.0001037787490457911,
        5.838750429699799e-05,
        5.779018967503381e-05,
        5.838750429699799e-05,
        5.8984818918962166e-05,
        5.927880970946016e-05,
        5.91294810539691e-05,
        5.91294810539691e-05,
        5.987612433142433e-05,
        5.94328048854353e-05,
        5.987612433142433e-05,
        5.8681495087495966e-05,
        5.91294810539691e-05,
        6.062743412936365e-05,
        4.106071373955285e-05
    ],
    "squeeze": [],
    "reshape": [],
    "transpose": [],
    "latency": 60.7036828994751,
    "batch_size": 2,
    "model_name": "regnet_x_32gf",
    "sm_partition": 30
}