{
    "nn.conv2d": [
        0.000858198638932926,
        0.0009527768169378681,
        0.001812691219635885,
        3.1523485601345143,
        0.002124379504838887,
        0.002044134553363859,
        3.1526399760109234,
        0.002050892022961756,
        0.0016234556745291506,
        0.003485983232449526,
        1.574971886018864,
        0.0021344893128701155,
        0.0020905657604837844,
        1.5747488631257678,
        0.0020863423419850992,
        0.002102417728645721,
        1.5747548023080318,
        0.00209988367754651,
        0.002089721076784048,
        1.5747209621673108,
        0.002078766585053081,
        0.002085497658285362,
        1.5747024319186478,
        0.0020829636071861505,
        0.00210661475077879,
        1.574862024345167,
        0.002093126207948613,
        0.002033971952601397,
        0.004150775700508266,
        0.8858417048977922,
        0.0024681393742662827,
        0.002459718933634528,
        0.8843931251454743,
        0.002430155004143728,
        0.0024360677900418883,
        0.8843762050751139,
        0.002427594556678901,
        0.002443643546973906,
        0.884378739126213,
        0.0024554955151358426,
        0.0024411094958746945,
        0.8843500198804218,
        0.002440291208540574,
        0.0024377571574413625,
        0.8842174045395632,
        0.0024427988632741687,
        0.0024360677900418883,
        0.8843719816566151,
        0.0024394465248408367,
        0.0024478669654725916,
        0.8843956328002077,
        0.0024369124737416256,
        0.0024419541795744314,
        0.8841548715494172,
        0.0024377571574413625,
        0.0024470222817728543,
        0.8842984677783725,
        0.0024614083010340024,
        0.002450401016571803,
        0.8842393663157565,
        0.0024233711381802144,
        0.0024369124737416256,
        0.8842148968848296,
        0.002429310320443991,
        0.002429310320443991,
        0.8843728791330461,
        0.002434378422642414,
        0.002444488230673643,
        0.8844488214769255,
        0.0024377571574413625,
        0.002430155004143728,
        0.8843956328002077,
        0.002427594556678901,
        0.005798727202329793,
        0.0046415369300555395,
        0.5157013604657121,
        0.004589166540671837,
        0.004483554681839079,
        0.5124273400491653,
        0.004517368426194181
    ],
    "nn.conv2d_transpose": [],
    "nn.dense": [
        0.00043501210536462287
    ],
    "nn.layer_norm": [],
    "nn.relu": [
        0.0005405711714661475,
        0.0013903229734017024,
        0.0004138950128711946,
        0.0004155843802706689,
        0.00040880051430715504,
        0.0004138950128711946,
        0.0004105162780722461,
        0.0007830217896563213,
        0.00019340617087418643,
        0.0001875197813416433,
        0.00018664870127628938,
        0.0001875197813416433,
        0.00019340617087418643,
        0.000185830413942169,
        0.000185830413942169,
        0.00020187940423717452,
        0.0001875197813416433,
        0.00018664870127628938,
        0.0001908985161405918,
        0.000185830413942169,
        0.0001908985161405918,
        0.00020019003683770023,
        0.0001875197813416433,
        0.0001967849056731349,
        0.0001967849056731349,
        0.0004704624243879657,
        0.00017059971098128384,
        0.0001689103435818096,
        0.00016471332144874073,
        0.0001613081902841754,
        0.0001680920562476893,
        0.00016553160878286105,
        0.00016640268884821497,
        0.00016048990295005507,
        0.00016640268884821497,
        0.0001613081902841754,
        0.00016048990295005507,
        0.00016048990295005507,
        0.00015961882288470115,
        0.00016299755768364968,
        0.00016553160878286105,
        0.00016978142364716353,
        0.00016722097618233534,
        0.00016640268884821497,
        0.00015961882288470115,
        0.00016722097618233534,
        0.00016048990295005507,
        0.00016299755768364968,
        0.00016384224138338678,
        0.00016640268884821497,
        0.00016553160878286105,
        0.00016048990295005507,
        0.00016640268884821497,
        0.00016048990295005507,
        0.00016640268884821497,
        0.00015961882288470115,
        0.00015961882288470115,
        0.0001689103435818096,
        0.0001613081902841754,
        0.00016640268884821497,
        0.00016048990295005507,
        0.0001613081902841754,
        0.0001613081902841754,
        0.00016048990295005507,
        0.00016048990295005507,
        0.00016299755768364968,
        0.00016722097618233534,
        0.00016048990295005507,
        0.00016048990295005507,
        0.0001689103435818096,
        0.00024070845805946578,
        0.0001511719858873298,
        0.00013430470825820398,
        0.00014866433115373522,
        0.00014106217785610103,
        0.00013430470825820398
    ],
    "nn.bias_add": [
        0.00013092597345925542
    ],
    "nn.max_pool2d": [],
    "nn.adaptive_avg_pool2d": [
        0.00022212541666524887
    ],
    "nn.batch_matmul": [],
    "nn.softmax": [],
    "nn.batch_norm": [
        0.002356429954976047,
        0.0033194749581388445,
        0.005042603309236976,
        0.0019257468535725773,
        0.002094683593520003,
        0.0018910092364208873,
        0.0018742739406198453,
        0.002087952520287723,
        0.004667537350188072,
        0.002978222743445043,
        0.001302291094069723,
        0.0013749866849783498,
        0.001284605529106477,
        0.0012905447113702535,
        0.001380054787176773,
        0.0012837872417723565,
        0.0012770033758088427,
        0.0013572219309182538,
        0.0012796166160049046,
        0.0012905447113702535,
        0.0013682292153804532,
        0.0012778480595085798,
        0.0012913102059731404,
        0.0013742211903754633,
        0.0012829425580726194,
        0.0012964574972684137,
        0.0013613925566857055,
        0.005242819742440294,
        0.002083649912692187,
        0.0012035158939317123,
        0.0012407347694513796,
        0.0012044133703626831,
        0.0011874669036367068,
        0.0012152886729967986,
        0.0012069210250962776,
        0.0011934060859004833,
        0.0012279589284928556,
        0.001211144443594963,
        0.0011942243732346038,
        0.0012145495747595285,
        0.0011925350058351297,
        0.0011950690569343411,
        0.0011985269808301397,
        0.0011992132863361763,
        0.0012102733635296092,
        0.0012186938041613639,
        0.0012044133703626831,
        0.001196679235236965,
        0.0012027503993288255,
        0.0011892090637674148,
        0.0011925350058351295,
        0.0012237619063597866,
        0.0011984741880989062,
        0.0011899745583703015,
        0.0012204359642920717,
        0.0012018793192634717,
        0.0011942771659658375,
        0.001211144443594963,
        0.001193326896803633,
        0.001193326896803633,
        0.001208610392495752,
        0.0012102469671639927,
        0.0011899745583703015,
        0.0012077921051616319,
        0.0011840617724721415,
        0.001188285190970827,
        0.0012026448138663583,
        0.001184985645268729,
        0.0011984213953676727,
        0.0012246329864251408,
        0.0011950426605687242,
        0.0012043869739970664,
        0.0011985005844645231,
        0.005696388492833517,
        0.0014653150481189897,
        0.0011655315238091582,
        0.0011646340473781876,
        0.001150300820848273,
        0.0011333807504879136,
        0.0011561872103808162
    ],
    "multiply": [],