{
    "nn.conv2d": [
        0.00011670439481166598,
        0.000616133534679477,
        0.0012493911260432458,
        3.3123104459624444,
        0.001278651650086308,
        0.0013305225790717363,
        3.306871822699728,
        0.00136094687395742,
        0.001549477750462149,
        0.0025348591482077672,
        1.6550084229308204,
        0.0011469792918925288,
        0.0011396589654762157,
        1.650986451680342,
        0.0011474728554195335,
        0.0011394979079042459,
        1.651123755858149,
        0.001148137867329603,
        0.0011527981461056378,
        1.6512092150839988,
        0.0011451453137342898,
        0.0011531306520606724,
        1.6510544699297691,
        0.001146807843509464,
        0.001148470373284638,
        1.6510999764869587,
        0.0011502991560373294,
        0.0019657700107601666,
        0.0022415837004615296,
        0.7228772252399542,
        0.0013830533245616865,
        0.0013827260140121989,
        0.7210365294223425,
        0.0013840560378323382,
        0.0013800659663719206,
        0.721206730908076,
        0.0013852198086749601,
        0.0013930336986182777,
        0.72109487382664,
        0.001382388312651617,
        0.0013797282650113388,
        0.7211881001837829,
        0.0013757433889564686,
        0.0013785644941687169,
        0.7211580551535022,
        0.0013797282650113388,
        0.0013883786152477907,
        0.7211219886481921,
        0.001380393276921408,
        0.0013770734127766075,
        0.7211127875849676,
        0.0013810582888314777,
        0.0013795672074393684,
        0.7211236511779672,
        0.0013845547967648903,
        0.0013855471192244474,
        0.7212394723538358,
        0.0013872148444051687,
        0.0013827260140121989,
        0.7212198908703275,
        0.0013807309782819905,
        0.0013845547967648903,
        0.7212212416757698,
        0.0013798945179888558,
        0.0013833910259222688,
        0.721233050832579,
        0.001379063253101269,
        0.0012836340440062824,
        0.003142342332650792,
        0.4126794636022365,
        0.0023426655107921077
    ],
    "nn.conv2d_transpose": [],
    "nn.dense": [
        0.00010406916852034373
    ],
    "nn.layer_norm": [],
    "nn.relu": [
        5.5528494490810936e-05,
        0.00029509903509338144,
        9.16053906120863e-05,
        9.509150773440423e-05,
        8.528777746642517e-05,
        8.562028342145998e-05,
        9.376148391426506e-05,
        0.00015760782268649332,
        5.369451633257215e-05,
        5.369451633257215e-05,
        5.386076931008954e-05,
        5.336201037753734e-05,
        5.386076931008954e-05,
        5.369451633257215e-05,
        5.369451633257215e-05,
        5.419847067067175e-05,
        5.303469982804996e-05,
        5.286844685053256e-05,
        5.303469982804996e-05,
        5.435952824264172e-05,
        5.303469982804996e-05,
        5.386076931008954e-05,
        5.3195757400019934e-05,
        5.3195757400019934e-05,
        5.336201037753734e-05,
        7.847140538821185e-05,
        3.757317291893195e-05,
        3.7401724535867124e-05,
        3.7734230490901926e-05,
        3.7069218580832335e-05,
        3.673671262579754e-05,
        3.7069218580832335e-05,
        3.757317291893195e-05,
        3.757317291893195e-05,
        3.7069218580832335e-05,
        3.7905678873966743e-05,
        3.7069218580832335e-05,
        3.7069218580832335e-05,
        3.890319673907114e-05,
        3.7401724535867124e-05,
        3.823818482900154e-05,
        3.757317291893195e-05,
        3.7069218580832335e-05,
        3.7069218580832335e-05,
        3.591064314375796e-05,
        3.7069218580832335e-05,
        3.724066696389715e-05,
        3.7069218580832335e-05,
        3.690816100886235e-05,
        3.690816100886235e-05,
        3.724066696389715e-05,
        3.7069218580832335e-05,
        3.7069218580832335e-05,
        3.7069218580832335e-05,
        3.806673644593672e-05,
        3.724066696389715e-05,
        3.724066696389715e-05,
        3.673671262579754e-05,
        3.7069218580832335e-05,
        3.724066696389715e-05,
        3.7069218580832335e-05,
        3.7069218580832335e-05,
        3.7069218580832335e-05,
        3.724066696389715e-05,
        5.5528494490810936e-05,
        3.324540009793218e-05,
        3.0751605435171206e-05
    ],
    "nn.bias_add": [
        2.5436705560161892e-05
    ],
    "nn.max_pool2d": [],
    "nn.adaptive_avg_pool2d": [
        4.455579797466266e-05
    ],
    "nn.batch_matmul": [],
    "nn.softmax": [],
    "nn.batch_norm": [
        0.00031916934899457223,
        0.001583512852203289,
        0.0010754645345323105,
        0.00041561166217130534,
        0.00044236280533496404,
        0.0004170975481578671,
        0.00041859382495552363,
        0.0004370427100544074,
        0.0028061632258939706,
        0.0006325666024259624,
        0.00031800038274640307,
        0.000331799379880347,
        0.00031184902257825925,
        0.00031086189552424965,
        0.0003306356090377252,
        0.0003093552279154984,
        0.0003097033200871754,
        0.00032650526162752747,
        0.00030937600953768795,
        0.00031284654044336365,
        0.0003283236535691239,
        0.0003133556901870107,
        0.0003098643776591453,
        0.0003288172170961287,
        0.00031318943720949323,
        0.00031500782915108987,
        0.00033031868929933275,
        0.0024759536401111337,
        0.0003858419883845963,
        0.00026198871553968214,
        0.0002648202115630254,
        0.00025931827708830887,
        0.00025817009246232935,
        0.00026863363923483065,
        0.0002551671480559214,
        0.0002619783247285873,
        0.00026746986839220883,
        0.0002593130816827615,
        0.0002613185082240651,
        0.00026980780088854727,
        0.00025748429893007014,
        0.0002564971718760606,
        0.00026563589023397005,
        0.0002599780935928311,
        0.000258325954628752,
        0.0002671321670316266,
        0.0002566530340424831,
        0.00025768172434087206,
        0.0002671269716260792,
        0.0002588195181557567,
        0.0002568244824255479,
        0.00026546444185090523,
        0.00026049763414757294,
        0.0002591520241107915,
        0.0002684673862573133,
        0.00025865846058378676,
        0.0002566530340424831,
        0.0002711430201142339,
        0.0002578168048851049,
        0.0002609860022690303,
        0.0002679582365136662,
        0.00025648158565941834,
        0.00025748429893007014,
        0.000268960949784318,
        0.00025831556381765707,
        0.00026014954197589596,
        0.00026896614518986543,
        0.0033616040329685027,
        0.0003216735344684281,
        0.00023704557350652498,
        0.00024120189794446
    ],
    "multiply": [],
    "add": [
        0.00011271432335124841,
        0.00011205450684672626,
        7.315131010765512e-05,
        7.297986172459029e-05,
        7.198753926503333e-05,
        7.248629819758553e-05,
        7.28136087470729e-05,
        7.331756308517251e-05,
        4.655083370487144e-05,
        4.6379385321806625e-05,
        4.687814425435882e-05,
        4.605207477231925e-05,
        4.405703904211047e-05,
        4.7543156164428416e-05,
        4.554812043421963e-05,
        4.554812043421963e-05,
        4.554812043421963e-05,
        4.687814425435882e-05,
        4.687814425435882e-05,
        4.687814425435882e-05,
        4.687814425435882e-05,
        3.806673644593672e-05
    ],
    "squeeze": [],
    "reshape": [],
    "transpose": [],
    "latency": 26.41205628712972,
    "batch_size": 1,
    "model_name": "regnet_x_16gf",
    "sm_partition": 20
}