{
    "nn.conv2d": [
        2.32688776086247,
        1.0726134833889314,
        1.0497868943612325,
        1.0596063070119368,
        1.0621561385537515,
        1.0978689577078564,
        1.1755482286200145,
        0.1360664291079272,
        1.1708578855922978,
        1.106990676497324,
        1.5472919445213722,
        1.0339111574996964,
        0.11850598212054962,
        0.9299291600282255,
        1.0154092269538177,
        1.1230940768893787,
        1.9318308251369287,
        0.13665835428727705,
        1.5967409376491548,
        1.6739335777648285
    ],
    "nn.conv2d_transpose": [],
    "nn.dense": [
        0.02751645775639345
    ],
    "nn.layer_norm": [],
    "nn.relu": [
        0.08959318804363867,
        0.025513018687824875,
        0.026104943867174678,
        0.024966626214578902,
        0.027137018538861524,
        0.013780758081737683,
        0.013583923987642995,
        0.013492858575435335,
        0.013492858575435335,
        0.00871192443453305,
        0.008484260904013894,
        0.008438253898888148,
        0.008559674448498367,
        0.005326852315126344,
        0.005326852315126344,
        0.00511484065233038,
        0.005326852315126344
    ],
    "nn.bias_add": [
        0.0024279366931824193
    ],
    "nn.max_pool2d": [
        0.08473589176020807
    ],
    "nn.adaptive_avg_pool2d": [
        0.006678130228561919
    ],
    "nn.batch_matmul": [],
    "nn.softmax": [],
    "nn.batch_norm": [
        0.2891450155338983,
        0.09220135836514876,
        0.09781658448559936,
        0.09203440510943471,
        0.09751398170961767,
        0.05748978444630613,
        0.17919823356282522,
        0.0606315411674705,
        0.05635146679371035,
        0.05879505535461597,
        0.0429947320375646,
        0.15165236926707304,
        0.04351076937340801,
        0.04168946112925477,
        0.04484781831618614,
        0.03132175880921677,
        0.16194228654751702,
        0.03108034060706208,
        0.03009379864147907,
        0.03205265360198765
    ],
    "multiply": [],
    "add": [
        0.03191795267976381,
        0.03203984752839594,
        0.017909531067506968,
        0.01633106392257415,
        0.009789531812323723,
        0.011064447583231,
        0.006009842906683813,
        0.006905793759081076
    ],
    "squeeze": [],
    "reshape": [],
    "transpose": [],
    "latency": 23.941677411397297,
    "batch_size": 4,
    "model_name": "resnet18",
    "sm_partition": 5
}