{
    "nn.conv2d": [
        0.314515486165245,
        0.18157158902138087,
        0.17444363982439465,
        0.17435928539602796,
        0.17499326164672147,
        0.17891574256577306,
        0.177733462530696,
        0.2915697636115592,
        0.233196499181802,
        0.041966328112433796,
        0.2402414119883647,
        0.24015705755999803,
        0.2308767524017177,
        0.2390591319532877,
        0.23766728388523714,
        0.23104546125845107,
        0.314767231412402,
        0.35234712924976724,
        0.06259098584809222,
        0.3464014600878581,
        0.3392300156387453,
        0.35192667514587705,
        0.35142054857567684,
        0.3406231817447391,
        0.34808723061724894,
        0.34876206604418253,
        0.3507878903629265,
        0.3504926498636431,
        0.33855649824975487,
        0.8338435244048404,
        0.6022893005003026,
        0.10409204656656593,
        0.6012361881836622,
        0.5991273274744947,
        0.5900579083871309,
        0.5914510744931247
    ],
    "nn.conv2d_transpose": [],
    "nn.dense": [
        0.015521214819473004
    ],
    "nn.layer_norm": [],
    "nn.relu": [
        0.039056100333782616,
        0.014296757570212607,
        0.014338934784395956,
        0.014128048713479205,
        0.014296757570212607,
        0.014760706926229463,
        0.01455113889325594,
        0.010333417474920885,
        0.009785113690537329,
        0.00999599976145408,
        0.010080354189820784,
        0.009785113690537329,
        0.009785113690537329,
        0.010121213366060904,
        0.009741618438410747,
        0.007844961838103202,
        0.007885821014343325,
        0.008054529871076726,
        0.007844961838103202,
        0.007844961838103202,
        0.007632757729243222,
        0.007507544124636397,
        0.007760607409736502,
        0.00754840330087652,
        0.007885821014343325,
        0.00754840330087652,
        0.007844961838103202,
        0.0065783273746594555,
        0.006747036231392858,
        0.0065783273746594555,
        0.0065783273746594555,
        0.0065783273746594555,
        0.0065783273746594555
    ],
    "nn.bias_add": [
        0.006198732447009301
    ],
    "nn.max_pool2d": [
        0.029987999284362236
    ],
    "nn.adaptive_avg_pool2d": [
        0.010080354189820784
    ],
    "nn.batch_matmul": [],
    "nn.softmax": [],
    "nn.batch_norm": [
        0.15351846943767988,
        0.08113973382316383,
        0.08506221474221547,
        0.08084317528593717,
        0.08447568785747825,
        0.08169067368343388,
        0.08477092835676169,
        0.06844439235397533,
        0.09793021918196705,
        0.06608510443559416,
        0.06625249525438434,
        0.06658859492990792,
        0.06583335918843729,
        0.06713558067634824,
        0.06604424525935405,
        0.06751649364194164,
        0.05942505870845447,
        0.11302702578372012,
        0.05891234194853811,
        0.05900065049073451,
        0.059463281808808145,
        0.0584101694921676,
        0.06030550805453191,
        0.058320542912027984,
        0.05975852230809159,
        0.05866323277726772,
        0.06076682133466231,
        0.058237506521604504,
        0.05958849541341496,
        0.05646738156384701,
        0.15241922579302625,
        0.055961254993646806,
        0.055414269247206466,
        0.0566400445344101,
        0.054908142677006264,
        0.05537341007096636
    ],
    "multiply": [],
    "add": [
        0.01800835241834746,
        0.017798784385373932,
        0.01763007552864053,
        0.010627339936261112,
        0.011386529791561418,
        0.011091289292277963,
        0.011091289292277963,
        0.008477620050853462,
        0.008983746621053668,
        0.009447695977070524,
        0.008899392192686966,
        0.009488555153310646,
        0.008940251368927087,
        0.007379694444143116,
        0.007591898553003098,
        0.007212303625352945
    ],
    "squeeze": [],
    "reshape": [],
    "transpose": [],
    "latency": 14.297707875569662,
    "batch_size": 1,
    "model_name": "resnet34",
    "sm_partition": 10
}