{
    "nn.conv2d": [
        0.5972025120302414,
        0.040774359483438986,
        0.33267656830949155,
        0.14614028998489217,
        0.1438032917441956,
        0.12399375397833873,
        0.2779908094771918,
        0.14453777690555736,
        0.12450636341387249,
        0.3239747275388502,
        0.14496066230149296,
        0.22606562981671485,
        1.0151252643802842,
        0.2012489342131275,
        0.36601774321009584,
        0.12265832641222643,
        0.3541999047851925,
        0.20144855281285365,
        0.1213903657596104,
        0.34527479721834176,
        0.200513753516575,
        0.12285933608233394,
        0.3456531683620736,
        0.19857807908090283,
        0.265705571404149,
        0.814054387175972,
        0.1685532159694774,
        0.6969596467540228,
        0.19977996389040395,
        0.3754332030863784,
        0.17004374788311213,
        0.19926804999006084,
        0.34723272878011585,
        0.1703115289315253,
        0.19851061216740654,
        0.34721047165401403,
        0.1671948357420725,
        0.19744296564970737,
        0.349458441390303,
        0.16895314870412037,
        0.19742070852360544,
        0.3521522491838203,
        0.16808581632133807,
        0.28417898606870295,
        2.2570061294864416,
        0.15081359093109462,
        0.6083762848685718,
        0.2781020951077012,
        0.7471494661137443,
        0.14887722096023173,
        0.2749638403273372,
        0.741851574566308,
        0.14954563027847861
    ],
    "nn.conv2d_transpose": [],
    "nn.dense": [
        0.03500976382305412
    ],
    "nn.layer_norm": [],
    "nn.relu": [
        0.02904554956294308,
        0.009036393197360071,
        0.008835383527252537,
        0.0292006539104655,
        0.008991183409965643,
        0.008991183409965643,
        0.028956521058535592,
        0.008902154905558153,
        0.009146983292678747,
        0.028555197253511216,
        0.016981491680537725,
        0.005964909795301721,
        0.016403501937079734,
        0.005919700007907293,
        0.00576390012519419,
        0.015913149627647862,
        0.0058091099125886165,
        0.005720081408181129,
        0.015979921005953482,
        0.00576390012519419,
        0.005964909795301721,
        0.016603120536805897,
        0.009192193080073175,
        0.004651739355291267,
        0.009815392610925594,
        0.004651739355291267,
        0.004628786693998712,
        0.009615078476008744,
        0.004628786693998712,
        0.004450729685183735,
        0.009658897193021806,
        0.004473682346476291,
        0.004807539238004372,
        0.009747925697429294,
        0.004628786693998712,
        0.004473682346476291,
        0.009637335602110617,
        0.004628786693998712,
        0.0045397581895912234,
        0.010104039715059247,
        0.005919700007907293,
        0.004050796950540721,
        0.005898138416996105,
        0.0038943015326369326,
        0.003672425806808895,
        0.00576390012519419,
        0.0038497872804331887,
        0.003828225689522,
        0.00576390012519419
    ],
    "nn.bias_add": [
        0.0034943687979939186
    ],
    "nn.max_pool2d": [
        0.026886608331061487
    ],
    "nn.adaptive_avg_pool2d": [
        0.008012565396673953
    ],
    "nn.batch_matmul": [],
    "nn.softmax": [],
    "nn.batch_norm": [
        0.10800965976124118,
        0.0470473913682135,
        0.045488697005891775,
        0.22403675366549106,
        0.12049521196920072,
        0.046580687255264874,
        0.045955401118840396,
        0.11907214696906229,
        0.04697992445471721,
        0.04619953397077032,
        0.11991722222574275,
        0.07048553622386619,
        0.03720974163118604,
        0.4200552632446786,
        0.07475612229466289,
        0.03654063677774851,
        0.03645299934372239,
        0.07382201853357495,
        0.036987865905358006,
        0.03660949476162618,
        0.07444521806442737,
        0.036519770722028014,
        0.036297894996199974,
        0.07379976140747309,
        0.04849619117040724,
        0.03360478273787345,
        0.736461176838511,
        0.05071912163983172,
        0.032670678976785494,
        0.03273466821432839,
        0.04994220883183824,
        0.03311303935806021,
        0.03220119272307414,
        0.050120265840653225,
        0.03247036484186865,
        0.032914811828715404,
        0.04900532292998757,
        0.03300175372755085,
        0.03300592693869495,
        0.05000828467495318,
        0.0324008113228003,
        0.03262616472458175,
        0.04953879842124181,
        0.039345730201775085,
        0.030622327840222587,
        0.6415588777457004,
        0.039924415480423754,
        0.029931661395873863,
        0.0301326710659814,
        0.04010455909481078,
        0.030287079878313142,
        0.03013336660117208,
        0.03894510193194138
    ],
    "multiply": [],
    "add": [
        0.04101918787055959,
        0.04122019754066712,
        0.04186565419762141,
        0.02245674470159826,
        0.021432916900912143,
        0.021344583931695336,
        0.020921003000569087,
        0.011995895433718377,
        0.012196209568635223,
        0.012330447860437143,
        0.011706552794394037,
        0.012285933608233397,
        0.011884609803209012,
        0.007878327104872037,
        0.007834508387858976,
        0.00727738470012149
    ],
    "squeeze": [],
    "reshape": [],
    "transpose": [],
    "latency": 20.484553972880047,
    "batch_size": 4,
    "model_name": "resnet50",
    "sm_partition": 30
}