{
    "nn.conv2d": [
        0.2714697391686041,
        0.17450795381091389,
        0.1684857716127086,
        0.17078426601209384,
        0.16983907098309184,
        0.16875431695651907,
        0.16909264179911485,
        0.23466211082444718,
        0.21070659743839829,
        0.04526574940905187,
        0.20495718964453588,
        0.20630837448465286,
        0.20894730825690014,
        0.2218057668058068,
        0.20705480366862986,
        0.2088119783198618,
        0.29948515066580256,
        0.2938012933101931,
        0.055686154561002524,
        0.2944779429953847,
        0.2967764373947699,
        0.2927863187824057,
        0.2951545926805763,
        0.29407195318426976,
        0.294272833559561,
        0.2957614628669825,
        0.29549080299290587,
        0.29522014311882927,
        0.29657555701947863,
        0.657769044444489,
        0.5048462155911871,
        0.08972163372614002,
        0.5041716804362618,
        0.5013974167269762,
        0.5016680766010528,
        0.5010569773541141
    ],
    "nn.conv2d_transpose": [],
    "nn.dense": [
        0.01786355168905826
    ],
    "nn.layer_norm": [],
    "nn.relu": [
        0.03714595318675267,
        0.015833602633483462,
        0.015562942759406824,
        0.015763823134698075,
        0.01610214797729388,
        0.015763823134698075,
        0.01630725741311758,
        0.012315024270487137,
        0.013124889362450832,
        0.012991673955678738,
        0.01278656451985503,
        0.013329998798274536,
        0.012991673955678738,
        0.01278656451985503,
        0.012315024270487137,
        0.010758729994546454,
        0.010824280432799389,
        0.010282960684646108,
        0.010824280432799389,
        0.01095961036983771,
        0.010688950495761068,
        0.010758729994546454,
        0.010824280432799389,
        0.010758729994546454,
        0.010824280432799389,
        0.010824280432799389,
        0.010824280432799389,
        0.010352740183431491,
        0.009337765655644094,
        0.009608425529720733,
        0.009267986156858707,
        0.009267986156858707,
        0.009608425529720733
    ],
    "nn.bias_add": [
        0.01007996577908863
    ],
    "nn.max_pool2d": [
        0.030514786271874973
    ],
    "nn.adaptive_avg_pool2d": [
        0.015357833323583116
    ],
    "nn.batch_matmul": [],
    "nn.softmax": [],
    "nn.batch_norm": [
        0.16942250852064572,
        0.10635664333052233,
        0.1100147806910894,
        0.10595276804967356,
        0.10933390194536535,
        0.10649408779782686,
        0.10757461276386719,
        0.09634222798968661,
        0.1268548997312954,
        0.09397395409151602,
        0.09370117968717315,
        0.09573112874274796,
        0.09309219497050071,
        0.0967503323310678,
        0.09539491843041836,
        0.09444549434088391,
        0.09045326119825346,
        0.13294686142828602,
        0.08720957176986623,
        0.08639124855683764,
        0.08903441138961733,
        0.08876586604580691,
        0.08787987786425916,
        0.08816111038966692,
        0.08936639264141447,
        0.08829432579643902,
        0.08795177189331078,
        0.08815476679886824,
        0.08896886095136439,
        0.08788410692479161,
        0.16542816084774906,
        0.08463618843587192,
        0.0843655285617953,
        0.08531283812106352,
        0.08368887887660369,
        0.08531495265132975
    ],
    "multiply": [],
    "add": [
        0.01996116571315222,
        0.020094381119924322,
        0.01901174162361776,
        0.013329998798274536,
        0.014006648483466139,
        0.014342858795795716,
        0.014545853701353195,
        0.010824280432799389,
        0.011839254960586791,
        0.011500930117990991,
        0.011974584897625111,
        0.011435379679738056,
        0.011773704522333853,
        0.010688950495761068,
        0.010352740183431491,
        0.010553620558722748
    ],
    "squeeze": [],
    "reshape": [],
    "transpose": [],
    "latency": 13.893292744954428,
    "batch_size": 1,
    "model_name": "resnet34",
    "sm_partition": 20
}