{
    "nn.conv2d": [
        0.21173231440997453,
        0.15678946058609497,
        0.13838819750905057,
        0.1378393333765516,
        0.13831048947240768,
        0.13823114547709858,
        0.13791704141319455,
        0.2521470372989597,
        0.2612552371728435,
        0.035126486500600886,
        0.24801133379088997,
        0.2481945611615006,
        0.2481945611615006,
        0.24840396387077,
        0.24803750912954864,
        0.24801133379088997,
        0.6326047667233823,
        0.39760257624585094,
        0.04143474311734015,
        0.3668727286605734,
        0.3666117932533198,
        0.3668727286605734,
        0.366506273919352,
        0.3665594425760025,
        0.36642856588270917,
        0.3665594425760025,
        0.36637539722605866,
        0.36648009858069336,
        0.36653326723734375,
        0.5730296959362514,
        0.7519389536475879,
        0.0605427403381686,
        0.7453681256649289,
        0.745525177696881,
        0.7452118916123099,
        0.7451063722783422
    ],
    "nn.conv2d_transpose": [],
    "nn.dense": [
        0.007617023549672715
    ],
    "nn.layer_norm": [],
    "nn.relu": [
        0.01693462613282584,
        0.005391301784352757,
        0.005234249752400741,
        0.005181899075083403,
        0.005338951107035418,
        0.005208892393075156,
        0.005208892393075156,
        0.004659210281243104,
        0.004448989592640667,
        0.004448989592640667,
        0.004554508926608428,
        0.004448989592640667,
        0.0045275156086166755,
        0.004448989592640667,
        0.004475982910632421,
        0.0042142295240457294,
        0.003873950121483031,
        0.003899307480808617,
        0.003899307480808617,
        0.004161878846728391,
        0.004030184174101962,
        0.003899307480808617,
        0.003952476137459038,
        0.003873950121483031,
        0.003899307480808617,
        0.003899307480808617,
        0.003899307480808617,
        0.003899307480808617,
        0.0035328527395872486,
        0.003507495380261663,
        0.003507495380261663,
        0.0035328527395872486,
        0.0035328527395872486
    ],
    "nn.bias_add": [
        0.003873950121483031
    ],
    "nn.max_pool2d": [
        0.011987487126337376
    ],
    "nn.adaptive_avg_pool2d": [
        0.0063859646533821835
    ],
    "nn.batch_matmul": [],
    "nn.softmax": [],
    "nn.batch_norm": [
        0.07294494298637927,
        0.03841885331626161,
        0.03821108656565842,
        0.0375567030991917,
        0.038025405257048485,
        0.03750680635987361,
        0.03821190454499151,
        0.036927676992050545,
        0.06564365945927676,
        0.03596000744101288,
        0.034599707810095165,
        0.03488845451467361,
        0.03501851322863388,
        0.035227097958570146,
        0.03507086390595121,
        0.03530644195387923,
        0.03480911051936453,
        0.07087709123234441,
        0.033684388936374834,
        0.033078266250560026,
        0.03373673961369216,
        0.03323777222051129,
        0.03334329155447904,
        0.032949025515932845,
        0.03329012289782863,
        0.03279197348398083,
        0.03310607754788486,
        0.033002194172583266,
        0.03336864891380463,
        0.03465124050807942,
        0.08959409433195899,
        0.03234781070611654,
        0.032086875298862935,
        0.032427154701425626,
        0.03336946689313772,
        0.03282060276063875
    ],
    "multiply": [],
    "add": [
        0.0060980359281368225,
        0.005783931864232793,
        0.005626879832280778,
        0.0050510223817900575,
        0.004659210281243104,
        0.004659210281243104,
        0.004868612990512457,
        0.0045021582492910895,
        0.004109528169411053,
        0.004344288238005991,
        0.004134885528736638,
        0.0042919375606886535,
        0.0040825348514193,
        0.003899307480808617,
        0.003769248766848354,
        0.003899307480808617
    ],
    "squeeze": [],
    "reshape": [],
    "transpose": [],
    "latency": 13.703158696492514,
    "batch_size": 2,
    "model_name": "resnet34",
    "sm_partition": 60
}