{
    "nn.conv2d": [
        0.18426349088555122,
        0.03883290515797556,
        0.1271498287800962,
        0.10148560776934754,
        0.10204143509789265,
        0.10800936658742749,
        0.11533320903413995,
        0.10407049333877545,
        0.10887099511057016,
        0.11360995198785467,
        0.11496586294503228,
        0.1986649962009353,
        0.33486577102993614,
        0.16770983754026392,
        0.37603738217929883,
        0.15379876810300783,
        0.1630305022795361,
        0.16746173468426967,
        0.15570665983282367,
        0.15903008413637387,
        0.19048144850903367,
        0.16149187991678138,
        0.15546048025478296,
        0.16346131654110743,
        0.25744037045816537,
        1.1897839773930123,
        0.12579584110087202,
        0.3533292393829926,
        0.19294132101148778,
        0.21109898816994688,
        0.13527375485544105,
        0.19921890025152697,
        0.21035852615787112,
        0.1330581386530743,
        0.1954646616864055,
        0.20605230682011136,
        0.13299659375856407,
        0.19921890025152697,
        0.21054316084140173,
        0.1328735039695437,
        0.2167611184648842,
        0.20765247407737628,
        0.1342909598212315,
        0.285876034999826,
        0.9909343465085462,
        0.18235559915573532,
        0.7158267447700498,
        0.4087792660587192,
        0.3308634296088204,
        0.17761856555640426,
        0.4099505423323661,
        0.3303710704527389,
        0.18321915095683142
    ],
    "nn.conv2d_transpose": [],
    "nn.dense": [
        0.03557102574893556
    ],
    "nn.layer_norm": [],
    "nn.relu": [
        0.026093111994366515,
        0.012616703374588659,
        0.01255323520212503,
        0.027754824146141607,
        0.01255323520212503,
        0.01255323520212503,
        0.02683357400644222,
        0.01212434421850715,
        0.019692442965306905,
        0.03477094212030311,
        0.02461603452612199,
        0.021048353922484494,
        0.027818292318605244,
        0.01914046219266865,
        0.02086179596100049,
        0.02455641290956525,
        0.017478750040893557,
        0.016740211306771297,
        0.023200501952387653,
        0.018092275708041998,
        0.015817037889118465,
        0.023817874175442982,
        0.019261628703735583,
        0.01033761899975824,
        0.013968767775859365,
        0.015261210560573325,
        0.015015030982532571,
        0.019817456032280724,
        0.015817037889118465,
        0.014645761615471441,
        0.021354155117081997,
        0.015078499154996204,
        0.014955409365975824,
        0.020677161277469918,
        0.016247852150689784,
        0.014955409365975824,
        0.01803073081353181,
        0.015817037889118465,
        0.023200501952387653,
        0.019078917298158464,
        0.01803073081353181,
        0.00910864438750791,
        0.01083190143379319,
        0.008247015864365272,
        0.008429727269942393,
        0.009908728016140362,
        0.008247015864365272,
        0.008429727269942393,
        0.010401087172221872
    ],
    "nn.bias_add": [
        0.009539458649079232
    ],
    "nn.max_pool2d": [
        0.021971527340137322
    ],
    "nn.adaptive_avg_pool2d": [
        0.01600167257264903
    ],
    "nn.batch_matmul": [],
    "nn.softmax": [],
    "nn.batch_norm": [
        0.13132334193906836,
        0.08805728109840574,
        0.08904392268852224,
        0.20770632586007273,
        0.13329662511930127,
        0.08879389655457458,
        0.08836692884891018,
        0.13439866338662432,
        0.08757069177618458,
        0.1484385924467611,
        0.219588337056446,
        0.17416243507406648,
        0.13594305558323935,
        0.5242913399425293,
        0.15582013323207683,
        0.14542673917166873,
        0.1568644731607966,
        0.17619149331494927,
        0.13797596038002902,
        0.14997336825360894,
        0.2702359386824243,
        0.12702096915721547,
        0.12191081963491637,
        0.15384877332979738,
        0.1307136628278268,
        0.08042763745709584,
        0.435420512269817,
        0.09101528259080169,
        0.09149994863506943,
        0.11716801620172496,
        0.1502810927261599,
        0.11416000948253949,
        0.12055875523364568,
        0.13409286219202685,
        0.10990571864952271,
        0.11797002310831085,
        0.14314765479683833,
        0.12357253178669148,
        0.12295515956363612,
        0.15958014163105871,
        0.13311391371372414,
        0.12283399305256917,
        0.13471215769303563,
        0.10129327997400318,
        0.07821394453268248,
        0.7926886249014616,
        0.08492233803429303,
        0.07716575804805582,
        0.07495014184568904,
        0.08418379930017078,
        0.07630605280286663,
        0.07587139198538842,
        0.08455499194518534
    ],
    "multiply": [],
    "add": [
        0.032247601445385375,
        0.03200334514529806,
        0.040558085482214276,
        0.030401254610079715,
        0.032247601445385375,
        0.02904919020880901,
        0.026648939322911656,
        0.013845677986838988,
        0.02387749579199973,
        0.021171443711504874,
        0.023571694597402233,
        0.021417623289545627,
        0.022277328534734825,
        0.012307055624084273,
        0.011447350378895077,
        0.011816619745956207
    ],
    "squeeze": [],
    "reshape": [],
    "transpose": [],
    "latency": 19.77031071980794,
    "batch_size": 1,
    "model_name": "resnet50",
    "sm_partition": 30
}