{
    "nn.conv2d": [
        0.15169804478509483,
        0.15252064076466998,
        0.13243706629351315,
        0.13229612581856437,
        0.13243706629351315,
        0.13252304884741267,
        0.13243706629351315,
        0.27338551900500074,
        0.2803625157240049,
        0.03755487485631377,
        0.2658970590530066,
        0.26609473028516734,
        0.26598126877074324,
        0.2658119629171885,
        0.2659254244316126,
        0.2659254244316126,
        0.687462429477872,
        0.432315848916554,
        0.04492987329388382,
        0.3973989542706019,
        0.39731385813478376,
        0.39765424267805627,
        0.39765424267805627,
        0.39748316398833855,
        0.3976258772994502,
        0.3972287619989657,
        0.3973989542706019,
        0.39734133709530833,
        0.3976258772994502,
        0.6216556375299437,
        0.8138301911677743,
        0.06603460139485803,
        0.8074763463600216,
        0.8079878095930118,
        0.8076465386316578,
        0.8069099252059823
    ],
    "nn.conv2d_transpose": [],
    "nn.dense": [
        0.008679805853447834
    ],
    "nn.layer_norm": [],
    "nn.relu": [
        0.01670720799895678,
        0.005162498906299039,
        0.004878845120238652,
        0.004878845120238652,
        0.00496305483797533,
        0.005076516352399485,
        0.00496305483797533,
        0.004707766430520982,
        0.004480843401672672,
        0.004566825955572227,
        0.004480843401672672,
        0.004480843401672672,
        0.004480843401672672,
        0.004480843401672672,
        0.004480843401672672,
        0.004225554994218325,
        0.004027883762057491,
        0.004198076033693724,
        0.004027883762057491,
        0.004055362722582092,
        0.0041120934797941695,
        0.004027883762057491,
        0.004168824237006247,
        0.004055362722582092,
        0.004198076033693724,
        0.004055362722582092,
        0.003998631965370015,
        0.004225554994218325,
        0.003998631965370015,
        0.003998631965370015,
        0.004141345276481646,
        0.003800960733209183,
        0.003800960733209183
    ],
    "nn.bias_add": [
        0.004480843401672672
    ],
    "nn.max_pool2d": [
        0.011260168888515915
    ],
    "nn.adaptive_avg_pool2d": [
        0.00683605624405532
    ],
    "nn.batch_matmul": [],
    "nn.softmax": [],
    "nn.batch_norm": [
        0.07590220747743373,
        0.039451809550592604,
        0.03962466107647317,
        0.038459907717462695,
        0.039250592646106024,
        0.03950765388972325,
        0.039108765753075835,
        0.03984626559683284,
        0.07045162269466712,
        0.0383455597849571,
        0.0374387540876453,
        0.037862461930572994,
        0.03842976950269377,
        0.03823032543437007,
        0.0380893849594213,
        0.03905292141394519,
        0.038004288823603204,
        0.07643937683478559,
        0.03684042188267417,
        0.035737717789364416,
        0.035961095145886975,
        0.0356207106026145,
        0.03670036782580686,
        0.036216383553341315,
        0.03618890459281672,
        0.035903477970593456,
        0.036047077699786524,
        0.036160539214210675,
        0.03616142563229212,
        0.03772152145562426,
        0.09785789693658913,
        0.036333390740091225,
        0.03621726997142276,
        0.03636175611869727,
        0.035680100614070905,
        0.03576342391372614
    ],
    "multiply": [],
    "add": [
        0.005871633371450006,
        0.005416900895671949,
        0.005416900895671949,
        0.005162498906299039,
        0.004707766430520982,
        0.004707766430520982,
        0.004707766430520982,
        0.004707766430520982,
        0.004225554994218325,
        0.004254806790905801,
        0.00431065113003644,
        0.004254806790905801,
        0.004396633683935995,
        0.004367381887248518,
        0.004027883762057491,
        0.004027883762057491
    ],
    "squeeze": [],
    "reshape": [],
    "transpose": [],
    "latency": 14.643913904825846,
    "batch_size": 2,
    "model_name": "resnet34",
    "sm_partition": 100
}