{
    "nn.conv2d": [
        0.16159707376119128,
        0.1496559590579686,
        0.13298048169708054,
        0.13570587141747203,
        0.13482663263819133,
        0.1377123394009588,
        0.14075585825231512,
        0.05009657078870371,
        0.11871226492561918,
        0.11767270910396248,
        0.2169866119020892,
        0.15646692840516024,
        0.05498624058117082,
        0.15173757565506912,
        0.1511789709605403,
        0.2590698355257815,
        0.25281997582690574,
        0.061561744272372744,
        0.2470460573475837,
        0.24239686311868053
    ],
    "nn.conv2d_transpose": [],
    "nn.dense": [
        0.03591101749221743
    ],
    "nn.layer_norm": [],
    "nn.relu": [
        0.0393578339033008,
        0.03623165157696937,
        0.03534990784390153,
        0.034067371504893765,
        0.03791247556812993,
        0.038874377822385765,
        0.028536433542922776,
        0.026289489995872068,
        0.030460238051434434,
        0.027895165373418896,
        0.03085852570358724,
        0.027251392250127886,
        0.02973881136074256,
        0.027171233728939904,
        0.027414214246290987,
        0.02829595797935882,
        0.02709358016153905
    ],
    "nn.bias_add": [
        0.02893722614886271
    ],
    "nn.max_pool2d": [
        0.04328309648772496
    ],
    "nn.adaptive_avg_pool2d": [
        0.050900660954370694
    ],
    "nn.batch_matmul": [],
    "nn.softmax": [],
    "nn.batch_norm": [
        0.3360170059586732,
        0.321190184492683,
        0.30595255060560445,
        0.3101984472747805,
        0.3079590185890912,
        0.3163681484524682,
        0.31701693148333354,
        0.2667550337446796,
        0.2378929562094306,
        0.2403052267064316,
        0.21233240776561182,
        0.2704373158117527,
        0.23933831454460147,
        0.23524772501022714,
        0.26739880686797063,
        0.1917266579127253,
        0.23461146674829744,
        0.2355733690025533,
        0.20111021479929383,
        0.1946148696292799
    ],
    "multiply": [],
    "add": [
        0.036950573313874115,
        0.03623165157696937,
        0.02797532389460688,
        0.028774404152699606,
        0.028536433542922776,
        0.02669278755559912,
        0.028774404152699606,
        0.025728380347556166
    ],
    "squeeze": [],
    "reshape": [],
    "transpose": [],
    "latency": 8.978490829467773,
    "batch_size": 1,
    "model_name": "resnet18",
    "sm_partition": 80
}