{
    "nn.conv2d": [
        0.7429027433871919,
        0.04351079422829167,
        0.37932554960156323,
        0.18121607872406723,
        0.17864443973658048,
        0.14391734126527483,
        0.36243215744813445,
        0.17824966030259812,
        0.15067551936172444,
        0.3676505197731076,
        0.17766775659010114,
        0.2821857583860475,
        0.878261055348995,
        0.23572731682378667,
        0.4354698723137741,
        0.12841300958683902,
        0.4693516852510997,
        0.23315509123981554,
        0.12803758783684097,
        0.48296131028501404,
        0.23505097107730577,
        0.128619491549338,
        0.46069880051012874,
        0.23856175103627206,
        0.252377271436201,
        0.7025636763498994,
        0.22574051167735368,
        0.7337799948622387,
        0.1908262889275334,
        0.3292824169233051,
        0.19600710907750674,
        0.19225347817401045,
        0.30775197956091593,
        0.21215024432742363,
        0.18924951757754152,
        0.30780770622693127,
        0.20702632403643442,
        0.1895504415740244,
        0.3077889351394314,
        0.2192275309113716,
        0.18834850537754616,
        0.3077889351394314,
        0.19636375974000486,
        0.30902841351090937,
        1.954802281152438,
        0.15739498209020547,
        0.8946482147364108,
        0.24552523790225186,
        0.6978709044749235,
        0.15677612279919306,
        0.24394905314874432,
        0.6937788073999446,
        0.15848370516519988
    ],
    "nn.conv2d_transpose": [],
    "nn.dense": [
        0.03155361149085321
    ],
    "nn.layer_norm": [],
    "nn.relu": [
        0.03138525829983845,
        0.009798507674949566,
        0.009629567887450436,
        0.03161051134983729,
        0.009685294553465772,
        0.009591439115966256,
        0.03161051134983729,
        0.009498170274951112,
        0.00972283672846558,
        0.0303710329783593,
        0.016950292012412754,
        0.006644378378481424,
        0.019108380478417272,
        0.00632585648746744,
        0.006419711924966957,
        0.018582790028419977,
        0.006457254099966763,
        0.0063628120659828735,
        0.018188597190922005,
        0.006381583153482777,
        0.006476025187466666,
        0.018883127428418432,
        0.009760965499949759,
        0.004692771874975845,
        0.00972283672846558,
        0.004579558753492053,
        0.004617687524976232,
        0.009591439115966256,
        0.004448747737477101,
        0.004410618965992923,
        0.009591439115966256,
        0.004617687524976232,
        0.004410618965992923,
        0.009591439115966256,
        0.0044299766499771975,
        0.0044299766499771975,
        0.009572668028466352,
        0.004448747737477101,
        0.004542016578492247,
        0.00955389694096645,
        0.006494209678482198,
        0.0038480729374801926,
        0.006494209678482198,
        0.003453880099982223,
        0.0035665066249816425,
        0.006457254099966763,
        0.003434522415997947,
        0.0035096067659975607,
        0.0063628120659828735
    ],
    "nn.bias_add": [
        0.0030027874035001684
    ],
    "nn.max_pool2d": [
        0.02836252661586964
    ],
    "nn.adaptive_avg_pool2d": [
        0.008296234078472922
    ],
    "nn.batch_matmul": [],
    "nn.softmax": [],
    "nn.batch_norm": [
        0.1145194718544887,
        0.04630592647632416,
        0.04602260037437249,
        0.26284919187520955,
        0.11846257342243711,
        0.047411074252880964,
        0.04613464030288753,
        0.11998244491344492,
        0.04703623909936727,
        0.046229668933355804,
        0.11894944850446587,
        0.07012467672424842,
        0.03751988433340062,
        0.4879127712095979,
        0.07506205933320738,
        0.03654437437989003,
        0.037031836058403135,
        0.07378562538321397,
        0.036751442938873335,
        0.036675185395904975,
        0.07361609899923045,
        0.03695675170840353,
        0.036769040833404494,
        0.07354101464923085,
        0.047939597685300116,
        0.030462542029921325,
        0.7727258952491476,
        0.050998111754815625,
        0.0302748311549223,
        0.02984309614242452,
        0.051109565086846304,
        0.03001262252640802,
        0.029748067511956255,
        0.05054701905833358,
        0.029899996001408604,
        0.030442011152968317,
        0.05135358922434504,
        0.029918767088908504,
        0.030276004347891038,
        0.05060274572434892,
        0.030142846945938596,
        0.030087120279923264,
        0.051053838420830965,
        0.0388520449494094,
        0.02704620410493891,
        0.9274371984233513,
        0.03956651946737447,
        0.02625781842994297,
        0.027401094977983965,
        0.03979294571034206,
        0.02620091857095889,
        0.02659511140845686,
        0.03934126641737562
    ],
    "multiply": [],
    "add": [
        0.03649099409981218,
        0.0365848495373117,
        0.03665934729082693,
        0.022149883249885986,
        0.022506533912384153,
        0.02237454970340046,
        0.022168654337385896,
        0.013420740965946547,
        0.013139174653447995,
        0.01298900595344877,
        0.0131579457409479,
        0.013176716828447803,
        0.013102219074932558,
        0.008484531549956329,
        0.008353133937457005,
        0.008239920815973214
    ],
    "squeeze": [],
    "reshape": [],
    "transpose": [],
    "latency": 21.231873830159504,
    "batch_size": 2,
    "model_name": "resnet50",
    "sm_partition": 10
}