{
    "nn.conv2d": [
        0.7451792772344737,
        0.38164213680587317,
        0.3676815654529786,
        0.3667389280806205,
        0.3685859321012872,
        0.35349372487726693,
        0.46966715724124675,
        0.0478560684729985,
        0.4649198211179963,
        0.48909219920804253,
        0.4840245665635163,
        0.3304135343735571,
        0.04318291867636723,
        0.3086710528704703,
        0.30863337092679083,
        0.45975739483390127,
        0.6929326735424405,
        0.06153402524829657,
        0.6897491380818904,
        0.6885433158841456
    ],
    "nn.conv2d_transpose": [],
    "nn.dense": [
        0.011077902661410762
    ],
    "nn.layer_norm": [],
    "nn.relu": [
        0.03400795417077255,
        0.0102871706245107,
        0.010965445610742173,
        0.009872080463665917,
        0.010833558807863831,
        0.006235772898591622,
        0.00610388609571328,
        0.005971999292834938,
        0.005971999292834938,
        0.004502992269703401,
        0.00437110546682506,
        0.00437110546682506,
        0.00437110546682506,
        0.003654559756544065,
        0.0035044207621959525,
        0.0035044207621959525,
        0.0035044207621959525
    ],
    "nn.bias_add": [
        0.002788463832284952
    ],
    "nn.max_pool2d": [
        0.03052178560004637
    ],
    "nn.adaptive_avg_pool2d": [
        0.005086473616366067
    ],
    "nn.batch_matmul": [],
    "nn.softmax": [],
    "nn.batch_norm": [
        0.12110858942525779,
        0.047701808016060436,
        0.049491700340837934,
        0.046533667761995114,
        0.04928444965060054,
        0.03622765616564464,
        0.07645430860427904,
        0.03643314051477207,
        0.03496589983275051,
        0.03600274206430747,
        0.031499161014234084,
        0.0686523799215071,
        0.03080204505616285,
        0.030142611041771135,
        0.030820886028002606,
        0.028050674387187426,
        0.08487563423628319,
        0.026770665862823517,
        0.026769488302083533,
        0.02708919604298951
    ],
    "multiply": [],
    "add": [
        0.012717655991840151,
        0.012622862352271343,
        0.007893778420490782,
        0.006990000552552142,
        0.005218949199614404,
        0.005275472115133693,
        0.003937763114510506,
        0.004087902108858618
    ],
    "squeeze": [],
    "reshape": [],
    "transpose": [],
    "latency": 9.044661521911621,
    "batch_size": 4,
    "model_name": "resnet18",
    "sm_partition": 20
}