{
    "nn.conv2d": [
        0.39019441564203955,
        0.20860446288122195,
        0.2055443321057654,
        0.206445726275607,
        0.2064192648937272,
        0.20529849733217223,
        0.21122584687325185,
        0.35727901736243534,
        0.2825452461901133,
        0.04952119579863695,
        0.28369332872651193,
        0.2831188606618306,
        0.28355675385229345,
        0.28260072973276457,
        0.2834474939529188,
        0.28989382801602837,
        0.4260308090439903,
        0.4263867573099221,
        0.07235651476795757,
        0.42900899489491584,
        0.42545804816523686,
        0.4282433220063288,
        0.42783359738367355,
        0.4260034940691466,
        0.43351511215116,
        0.4280248022075794,
        0.4280248022075794,
        0.42422802070430715,
        0.43089372815913013,
        1.0333792746933252,
        0.7369571676896562,
        0.1283530667904756,
        0.7403997081129244,
        0.7361932019869968,
        0.7355094740229409,
        0.7419831230608942
    ],
    "nn.conv2d_transpose": [],
    "nn.dense": [
        0.015595997042780241
    ],
    "nn.layer_norm": [],
    "nn.relu": [
        0.045860989169583165,
        0.015432107193718134,
        0.014940437646531805,
        0.015132496063401467,
        0.015568682067936558,
        0.015377477244030763,
        0.015350162269187078,
        0.009586702577169554,
        0.00928623785388902,
        0.009258922879045332,
        0.009258922879045332,
        0.009450127702951129,
        0.009067718055139536,
        0.009341721396540255,
        0.009258922879045332,
        0.006554740369520523,
        0.006391704113422279,
        0.006637538887015443,
        0.006582908937328074,
        0.006582908937328074,
        0.006391704113422279,
        0.0066093703192078935,
        0.006363535545614729,
        0.0066093703192078935,
        0.006528278987640704,
        0.006745945193426318,
        0.0066640002688952635,
        0.005025955371238031,
        0.0048338969543683715,
        0.005025955371238031,
        0.004971325421550661,
        0.0048338969543683715,
        0.005025955371238031
    ],
    "nn.bias_add": [
        0.004069077658745193
    ],
    "nn.max_pool2d": [
        0.03433492337851198
    ],
    "nn.adaptive_avg_pool2d": [
        0.007374189614831071
    ],
    "nn.batch_matmul": [],
    "nn.softmax": [],
    "nn.batch_norm": [
        0.16342122652494775,
        0.07287123132516826,
        0.07669447421032029,
        0.07273465645094986,
        0.07677983350670681,
        0.07246065310954913,
        0.07658862868280102,
        0.054404601144909505,
        0.09305614414168757,
        0.0538045252913123,
        0.0522757402930298,
        0.05388817740177108,
        0.052903984714434554,
        0.05383013308022825,
        0.05243706936320033,
        0.054104990014592826,
        0.04334288992618096,
        0.10816132523024537,
        0.043562263317894305,
        0.04307144736367185,
        0.043808951684451335,
        0.043016817413984484,
        0.04416148557852765,
        0.04277012904742745,
        0.04481789856773995,
        0.04301596382102061,
        0.04408210143288818,
        0.04296133387133324,
        0.04380809809148746,
        0.03859264508227137,
        0.16175501305948295,
        0.038237550409303475,
        0.038535454353692405,
        0.039083461036493836,
        0.03774332008322555,
        0.03913809098618121
    ],
    "multiply": [],
    "add": [
        0.019747873219020353,
        0.0192297422899542,
        0.019065852440892095,
        0.010652840189037133,
        0.010815876445135375,
        0.01084319141997906,
        0.01122560106779065,
        0.007155669816081592,
        0.008194492453105485,
        0.007920489111704771,
        0.008139008910454252,
        0.007948657679512321,
        0.008085232553730747,
        0.005599569842955415,
        0.005954664515923319,
        0.005981125897803139
    ],
    "squeeze": [],
    "reshape": [],
    "transpose": [],
    "latency": 16.332567532857258,
    "batch_size": 1,
    "model_name": "resnet34",
    "sm_partition": 5
}