{
    "nn.conv2d": [
        0.7118940932669409,
        0.04397119037516353,
        0.3649826300843644,
        0.17336538991691636,
        0.1738904477986891,
        0.14557923618862914,
        0.35494082729477666,
        0.1731478902118455,
        0.14751917496432643,
        0.3534908292609708,
        0.17129914271874302,
        0.27386837863508695,
        0.8475238507595412,
        0.2290447480095805,
        0.42345323439210486,
        0.12417364021456971,
        0.45056819762427486,
        0.2266346926838602,
        0.12469926450182432,
        0.4506950724522329,
        0.22900906446421726,
        0.12439113991964058,
        0.46579374338471874,
        0.22993343821076856,
        0.24405279406495342,
        0.6689741514662867,
        0.2209791339465352,
        0.7240015768492201,
        0.18346100122728987,
        0.31686025393194955,
        0.22139600838125448,
        0.18313418526420158,
        0.297158972053094,
        0.2258185023843624,
        0.18253662748073862,
        0.29735778037726035,
        0.21994601034744854,
        0.1822460614684955,
        0.29724959693020686,
        0.22137844981131383,
        0.18355105969892077,
        0.29704965579507664,
        0.19837728959458598,
        0.2993334026983209,
        1.8843449448324407,
        0.15168735290603644,
        1.033486098595146,
        0.23596905502648557,
        0.6675428448133853,
        0.15175985280772672,
        0.231872244175502,
        0.6628303512035162,
        0.152684226554278
    ],
    "nn.conv2d_transpose": [],
    "nn.dense": [
        0.03362182940887401
    ],
    "nn.layer_norm": [],
    "nn.relu": [
        0.03302370521992908,
        0.009569987023118856,
        0.009551295642214325,
        0.03253433088351959,
        0.009660045494749768,
        0.009461237170583415,
        0.03155501580521866,
        0.009496920715946605,
        0.009334362342625399,
        0.03278808053943562,
        0.01752685123362866,
        0.0061262416928298735,
        0.017435659951033838,
        0.005926300557699608,
        0.005799425729741594,
        0.017853100791234984,
        0.00590874198775899,
        0.005836242086068696,
        0.01712753536885009,
        0.005836242086068696,
        0.005836242086068696,
        0.01850503350096568,
        0.009660045494749768,
        0.004385677646780854,
        0.010656919142991316,
        0.0042225528679776915,
        0.004258802818822838,
        0.010475669388765579,
        0.004421927597626001,
        0.00424124424888222,
        0.010458110818824959,
        0.00424124424888222,
        0.004331869125995088,
        0.010475669388765579,
        0.0042225528679776915,
        0.004368119076840235,
        0.010475669388765579,
        0.0042225528679776915,
        0.0042225528679776915,
        0.010366919536230139,
        0.005963116914026711,
        0.003551928777342468,
        0.005963116914026711,
        0.0034613039002296003,
        0.003624428679032763,
        0.005853800656009315,
        0.0034437453302889826,
        0.0034250539493844525,
        0.005853800656009315
    ],
    "nn.bias_add": [
        0.002918121043034348
    ],
    "nn.max_pool2d": [
        0.029597518459580717
    ],
    "nn.adaptive_avg_pool2d": [
        0.00810129760840844
    ],
    "nn.batch_matmul": [],
    "nn.softmax": [],
    "nn.batch_norm": [
        0.11684775171095826,
        0.04534585647986935,
        0.04469165814821083,
        0.25631943758766207,
        0.1238253008431671,
        0.04529091514811967,
        0.044422615544282,
        0.12340899281392989,
        0.04465484179188373,
        0.04420341662276526,
        0.1245701240519385,
        0.0709377553710613,
        0.03474331226314575,
        0.47659283030368077,
        0.07383775143867306,
        0.033581048214173216,
        0.033238939303072146,
        0.07264150306078321,
        0.033980930484433756,
        0.03352837250435137,
        0.07211531236804662,
        0.03389087201280284,
        0.03312905663957279,
        0.07278763567512771,
        0.04614222258749867,
        0.029249745493660086,
        0.7610280696101281,
        0.04842540308526099,
        0.028959745886898907,
        0.028924062341535717,
        0.047537845695036836,
        0.028941620911476333,
        0.028760937562732555,
        0.04775591180558967,
        0.02890763658255901,
        0.02883343746442285,
        0.04764716195305423,
        0.028835136680868713,
        0.028905937366113143,
        0.047555970670459406,
        0.02904980435852982,
        0.02883343746442285,
        0.048081594957714045,
        0.03552211980083446,
        0.02609599977013228,
        1.0633537924696195,
        0.03767899187612071,
        0.02567969174089505,
        0.025970257753138177,
        0.03646405211732633,
        0.025752758048067297,
        0.02529793444605709,
        0.036174618916047105
    ],
    "multiply": [],
    "add": [
        0.04168744347191926,
        0.04156000223847929,
        0.041868126820663036,
        0.021677470605398014,
        0.02080747178511448,
        0.020879971686804773,
        0.0205174721783533,
        0.0124512917098261,
        0.012161292103064922,
        0.011871292496303747,
        0.012071233631434013,
        0.01199816732426176,
        0.012089358606856584,
        0.00815567253467616,
        0.007902489284242085,
        0.007920614259664657
    ],
    "squeeze": [],
    "reshape": [],
    "transpose": [],
    "latency": 20.798498789469402,
    "batch_size": 4,
    "model_name": "resnet50",
    "sm_partition": 20
}