{
    "nn.conv2d": [
        2.364741612629402,
        1.0845230564307098,
        1.0781181800461592,
        1.0693211209155722,
        1.0724844932202606,
        1.085170778492792,
        1.0783183324331764,
        1.119201507234801,
        1.1934676887163522,
        0.13803666116486557,
        1.1228129315094633,
        1.18292616890181,
        1.1863215250574755,
        1.1241869897037091,
        1.1880500700094505,
        1.1909361227417659,
        1.5739322971008112,
        1.050522712267935,
        0.11516430742533842,
        1.0322654385076067,
        1.0341946181415074,
        1.040553194214844,
        1.0378832096015254,
        1.0404760270294882,
        1.0276966588396212,
        1.0244561193495765,
        1.0336539655491066,
        1.0361546646495505,
        0.9460079587166369,
        1.1353299312691194,
        1.6911343005144575,
        0.12380703218521373,
        1.8096008811781257,
        1.6465774853949775,
        1.6247087873599877,
        1.694637208434713
    ],
    "nn.conv2d_transpose": [],
    "nn.dense": [
        0.027872787350597856
    ],
    "nn.layer_norm": [],
    "nn.relu": [
        0.09147398152103736,
        0.02517145356822835,
        0.028767444405819315,
        0.02617462697785673,
        0.027486951423817706,
        0.025865958236432614,
        0.02821184067125591,
        0.013843793052871693,
        0.013889611069176836,
        0.013658109513108748,
        0.013812926178729278,
        0.01370489211923084,
        0.013750710135535983,
        0.013658109513108748,
        0.013750710135535983,
        0.008703976213251651,
        0.00876619225644495,
        0.008688542776180447,
        0.008781625693516157,
        0.008580508716682006,
        0.008688542776180447,
        0.008642724759875306,
        0.008719409650322859,
        0.008796576835678888,
        0.008580508716682006,
        0.00848790809425477,
        0.00867310933910924,
        0.005416654117084797,
        0.005262802041281213,
        0.005416654117084797,
        0.005324535789566035,
        0.005216501730067595,
        0.005216501730067595
    ],
    "nn.bias_add": [
        0.002361315871894503
    ],
    "nn.max_pool2d": [
        0.08655023280041423
    ],
    "nn.adaptive_avg_pool2d": [
        0.007068031883703827
    ],
    "nn.batch_matmul": [],
    "nn.softmax": [],
    "nn.batch_norm": [
        0.29500725584664994,
        0.0933838693585991,
        0.10000626074687187,
        0.09406390517954911,
        0.09873927202230756,
        0.09398577340437612,
        0.09897222046310106,
        0.05836588293894139,
        0.18184977753547676,
        0.06168455420415913,
        0.05731689151300786,
        0.05997047809943832,
        0.05739454099327237,
        0.060187028513343684,
        0.05711625683108219,
        0.059646858215851487,
        0.04387533241380448,
        0.14917670896082535,
        0.04446132072760181,
        0.042546127646046865,
        0.045186692269948495,
        0.0425007919246502,
        0.045077211325724634,
        0.04213087172984973,
        0.04517029424306035,
        0.04234693984884662,
        0.045387326951874175,
        0.042314626089978775,
        0.04479892716353446,
        0.031389199528290425,
        0.14916127552375416,
        0.0311408176504257,
        0.030955134110662755,
        0.03234607262670519,
        0.030894847247103358,
        0.03225443659409491
    ],
    "multiply": [],
    "add": [
        0.03315102282895028,
        0.03259541909438687,
        0.03267258627974289,
        0.017979954187954877,
        0.016466995060068223,
        0.01688369786099078,
        0.01657551141447514,
        0.009923700036785393,
        0.011188759581715804,
        0.011188759581715804,
        0.011188759581715804,
        0.01120419301878701,
        0.011173326144644597,
        0.006126592222360266,
        0.0068982640759205635,
        0.006790712311330595
    ],
    "squeeze": [],
    "reshape": [],
    "transpose": [],
    "latency": 43.572751681009926,
    "batch_size": 4,
    "model_name": "resnet34",
    "sm_partition": 5
}