{
    "nn.conv2d": [
        0.044950328648321776,
        0.005967796973740427,
        1.3947895352922095,
        0.017385185884852373,
        0.010837105868974534,
        0.017645986664979147,
        1.3948831225887848,
        0.01736172374294155,
        0.016916935876694485,
        1.3949701258544454,
        0.01725475936768218,
        0.03307315491165674,
        1.3924184480954493,
        0.017584117676065086,
        0.027444696801098692,
        0.019895008018747204,
        1.3937778414625095,
        0.01778649824537604,
        0.019823106220820043,
        1.3937360903458351,
        0.017640970260472604,
        0.01988163094006308,
        1.3936741691027075,
        0.017684498020409608,
        0.03327543097254048,
        1.3918582306713378,
        0.02083145578084937,
        0.05230098113103333,
        0.02135812599982307,
        1.3886594367309972,
        0.02184471723695802,
        0.021336440501174985,
        1.3886711939290592,
        0.021809654659625807,
        0.021399981624924562,
        1.388639371112971,
        0.020731075436504844,
        0.021403273640381984,
        1.3886795546032369,
        0.021956802525151153,
        0.021328079826997408,
        1.3885457315621823,
        0.020640780155387017,
        0.041144549762689,
        1.383061129301692,
        0.020110765666742282,
        0.04587831122781915,
        0.026618662192354144,
        1.374461339842637,
        0.01974289600292892,
        0.026255808933047325,
        1.374479785580041,
        0.019966909816674355
    ],
    "nn.conv2d_transpose": [],
    "nn.dense": [
        0.002636956635607598
    ],
    "nn.layer_norm": [],
    "nn.relu": [
        0.0021653623577786787,
        0.0012607374117649117,
        0.0012607374117649117,
        0.002185480230018472,
        0.0012373275240676977,
        0.0012089012318639383,
        0.002152037533308166,
        0.0012373275240676977,
        0.0012490324679163046,
        0.0022005294435381096,
        0.0022022015783736246,
        0.0006738703387126582,
        0.0012774587601200645,
        0.0006538047206864748,
        0.0006570967361438954,
        0.0011971962880153314,
        0.0006871951631831706,
        0.0006821787586766246,
        0.0012256225802190909,
        0.0006554246013083802,
        0.0006621131406504414,
        0.0012658060704850676,
        0.001238999658903213,
        0.0004498042707536105,
        0.0007390313430841443,
        0.0004380470726913937,
        0.0004380470726913937,
        0.0007323428037420832,
        0.0004364271920694883,
        0.0004380470726913937,
        0.0007307229231201778,
        0.0004364271920694883,
        0.0004247222482208814,
        0.0007340149385775985,
        0.00043971920752690894,
        0.0004380470726913937,
        0.0007323428037420832,
        0.00043971920752690894,
        0.0004380470726913937,
        0.000718965725057961,
        0.0006588211251930206,
        0.0003510960612445991,
        0.0004498042707536105,
        0.00032768617354738517,
        0.00034278764128063254,
        0.0004380470726913937,
        0.0003528204502937243,
        0.00032606629292547974,
        0.0004364271920694883
    ],
    "nn.bias_add": [
        0.0002759022478600213
    ],
    "nn.max_pool2d": [
        0.001979807645250092
    ],
    "nn.adaptive_avg_pool2d": [
        0.0006119490955849829
    ],
    "nn.batch_matmul": [],
    "nn.softmax": [],
    "nn.batch_norm": [
        0.00812453738627348,
        0.005283528046519409,
        0.005153258291990046,
        0.016853133481876857,
        0.008992427620119522,
        0.005143173228763344,
        0.0051615667119540125,
        0.008955588399524575,
        0.005174996044851745,
        0.005151377140300091,
        0.009032402093531058,
        0.008168169654637708,
        0.00353954366729058,
        0.03145928352431645,
        0.005613095371756748,
        0.00347945132163925,
        0.003442612101044303,
        0.005566327850575929,
        0.0034944482809452777,
        0.0035496287305172816,
        0.005489305139715008,
        0.0034693140041989383,
        0.0034592811951858465,
        0.005577928285997316,
        0.005151533902940921,
        0.0028038565938774667,
        0.055277119867182485,
        0.0037904161468314823,
        0.002786978482881484,
        0.002773810421051801,
        0.003766954004920659,
        0.0027687940165452554,
        0.0027687940165452554,
        0.003760369974005817,
        0.0027837387216376737,
        0.002738643335292371,
        0.0037036218980255166,
        0.0027954959196998907,
        0.0027588134617457733,
        0.0037687829023970035,
        0.002802132204828341,
        0.0027570368184830388,
        0.003838960311275036,
        0.00353630390604677,
        0.0025279020918038356,
        0.04839952478028092,
        0.0029761387361491505,
        0.0024878231099650784,
        0.002472878404872661,
        0.0029594173877939976,
        0.0025130096409250275,
        0.0024660853571033797,
        0.002917561762692506
    ],
    "multiply": [],
    "add": [
        0.003076728097348117,
        0.003080072367019148,
        0.0031602825849102708,
        0.0015817873001838457,
        0.0015885280937395169,
        0.0015817873001838457,
        0.001625315060120853,
        0.0008945398827870654,
        0.0009196219053197946,
        0.0008828871931520682,
        0.0008578051706193391,
        0.000887903597658614,
        0.0008828871931520682,
        0.0006052605562429218,
        0.0005684735898615856,
        0.0005668014550260703
    ],
    "squeeze": [],
    "reshape": [],
    "transpose": [],
    "latency": 23.339961369832356,
    "batch_size": 4,
    "model_name": "resnext50_32x4d",
    "sm_partition": 30
}