{
    "nn.conv2d": [
        0.47533210448487895,
        0.2864880873640602,
        0.28705061143144256,
        0.2729413651944812,
        0.2737382742899395,
        0.2879185684885365,
        0.2726828092103848,
        0.22768088381979626,
        0.2746289373966282,
        0.03276702692502229,
        0.26283937048440636,
        0.2637534720939027,
        0.2632370925789228,
        0.2625339374946948,
        0.2589712850679399,
        0.2637058626350747,
        0.5690392387096566,
        0.36920329622528697,
        0.03939939076635986,
        0.3400685047822297,
        0.34018642974948043,
        0.33999892172701957,
        0.3404676917831716,
        0.3402801837607108,
        0.3400450662794221,
        0.34053800729159445,
        0.34020986825228805,
        0.34053800729159445,
        0.3403036222635184,
        0.526592842578309,
        0.7472429080090386,
        0.06126824633906172,
        0.7424380149334808,
        0.7419223678717137,
        0.7409379507537945,
        0.7405856407584679
    ],
    "nn.conv2d_transpose": [],
    "nn.dense": [
        0.008812877055656927
    ],
    "nn.layer_norm": [],
    "nn.relu": [
        0.022969732751446245,
        0.007687096467679476,
        0.007523026948026289,
        0.007593342456449084,
        0.007617513412469417,
        0.007617513412469417,
        0.007687096467679476,
        0.005742433187861561,
        0.005366684689727253,
        0.005601802171015972,
        0.005577631214995636,
        0.005484609656977982,
        0.005390855645747589,
        0.005601802171015972,
        0.005554925165400775,
        0.004686968108306905,
        0.004147882543732146,
        0.004335390566192931,
        0.004546337091461315,
        0.00445331553344366,
        0.004382267571808127,
        0.00447602158303852,
        0.004382267571808127,
        0.004265807510982874,
        0.004429144577423324,
        0.004147882543732146,
        0.004570508047481651,
        0.0037963050016181724,
        0.003914229968868902,
        0.0036556739847725833,
        0.003679844940792919,
        0.003632967935177723,
        0.0036087969791573863
    ],
    "nn.bias_add": [
        0.003632967935177723
    ],
    "nn.max_pool2d": [
        0.020297743431380053
    ],
    "nn.adaptive_avg_pool2d": [
        0.005554925165400775
    ],
    "nn.batch_matmul": [],
    "nn.softmax": [],
    "nn.batch_norm": [
        0.09129003862274407,
        0.044503857205927096,
        0.045020236720907,
        0.04361392655245111,
        0.04473970714042856,
        0.04321620445793468,
        0.04443427415071704,
        0.0391166638262432,
        0.0650608890746162,
        0.03855194239922263,
        0.03724011869520987,
        0.03824797431593659,
        0.03737928480562998,
        0.0379681771886709,
        0.03773159480095669,
        0.03791837037020474,
        0.03571441865307778,
        0.06808372348358364,
        0.033605685853606675,
        0.033090038791839506,
        0.03311420974785984,
        0.03330245022353337,
        0.033465054836761085,
        0.033206498852664766,
        0.033653295312434606,
        0.03337130082553069,
        0.03351119938916354,
        0.03283294771416866,
        0.03412206536858657,
        0.03243449316643951,
        0.08854626888782961,
        0.030840674975522824,
        0.03077109192031277,
        0.03196572311028754,
        0.030699311505464493,
        0.030865578384755895
    ],
    "multiply": [],
    "add": [
        0.009070700586540508,
        0.008437861010735357,
        0.008601930530388543,
        0.006772994858183145,
        0.006117449232783133,
        0.006117449232783133,
        0.006117449232783133,
        0.00485177008117283,
        0.004686968108306905,
        0.00471113906432724,
        0.004664262058712044,
        0.004733845113922101,
        0.004686968108306905,
        0.0039838130240789586,
        0.00410100553811695,
        0.0039838130240789586
    ],
    "squeeze": [],
    "reshape": [],
    "transpose": [],
    "latency": 14.53149159749349,
    "batch_size": 2,
    "model_name": "resnet34",
    "sm_partition": 20
}