{
    "nn.conv2d": [
        0.4138627680210306,
        0.033021606740027104,
        0.23153663167766728,
        0.10342094356834675,
        0.1012300966265252,
        0.08693982028403939,
        0.21549294719499923,
        0.10134699050253734,
        0.08685214987703029,
        0.21587376552544502,
        0.10166753542816444,
        0.1621025825598543,
        0.7066810141980695,
        0.14646711340982238,
        0.24866158451344783,
        0.11484823318194112,
        0.3333813343866627,
        0.14503516342867348,
        0.1136208474838135,
        0.3188563570587462,
        0.14588264402976162,
        0.11350395360780133,
        0.3180673233956641,
        0.14550273893272211,
        0.1609911775043325,
        0.9505809997308349,
        0.13623981249216527,
        0.4603280837358617,
        0.21037975335287384,
        0.4556806389309723,
        0.13656035741779232,
        0.20882999626230642,
        0.42032115467070197,
        0.13334668906086447,
        0.20882999626230642,
        0.4199111128712532,
        0.1370288461552473,
        0.20920990135934595,
        0.4206124761273261,
        0.13553753600268598,
        0.2086546554482882,
        0.4205257189537233,
        0.1350115135606313,
        0.26169525168880303,
        2.903350732218464,
        0.14445160728201906,
        0.46155455620058294,
        0.3462095240455902,
        0.8528869428536772,
        0.14366257361893706,
        0.34413557097978076,
        0.8433600919586868,
        0.14535753482111324
    ],
    "nn.conv2d_transpose": [],
    "nn.dense": [
        0.026242675164728533
    ],
    "nn.layer_norm": [],
    "nn.relu": [
        0.021653677297845147,
        0.007918646866417075,
        0.007451071362368461,
        0.02171303746925757,
        0.007627325409793035,
        0.0074802948313715,
        0.02261896500835176,
        0.007655635645389728,
        0.00774421928580519,
        0.02212216603530011,
        0.012419974326291341,
        0.0063405795402529976,
        0.013266541693973111,
        0.005726886691189191,
        0.0059323642076168056,
        0.012858326361336919,
        0.005960674443213501,
        0.006019121381219576,
        0.013266541693973111,
        0.005960674443213501,
        0.0059323642076168056,
        0.012858326361336919,
        0.007684859114392768,
        0.005288534656143615,
        0.007655635645389728,
        0.004850182621098038,
        0.005288534656143615,
        0.007655635645389728,
        0.0048803193235074215,
        0.004850182621098038,
        0.007684859114392768,
        0.004850182621098038,
        0.004850182621098038,
        0.007627325409793035,
        0.005054746904119308,
        0.005054746904119308,
        0.00794878356882646,
        0.004733288745085885,
        0.004938766261513499,
        0.007655635645389728,
        0.006107705021635036,
        0.004646531571483114,
        0.00613601525723173,
        0.0044410540550555,
        0.004821872385501344,
        0.0059323642076168056,
        0.0044410540550555,
        0.004412743819458807,
        0.005698576455592498
    ],
    "nn.bias_add": [
        0.00461639486907373
    ],
    "nn.max_pool2d": [
        0.019229042603999304
    ],
    "nn.adaptive_avg_pool2d": [
        0.008737817231908496
    ],
    "nn.batch_matmul": [],
    "nn.softmax": [],
    "nn.batch_norm": [
        0.0921388580663612,
        0.04897305464865436,
        0.047425124024899686,
        0.17171162446141586,
        0.09976253054252886,
        0.04824246792357842,
        0.047599551605511575,
        0.0992675580362899,
        0.04794840676673534,
        0.04751188119850245,
        0.09815523974736173,
        0.06329164122673687,
        0.04359684958550165,
        0.3000026533847547,
        0.06565965544938931,
        0.042133849668537025,
        0.042982243503031495,
        0.0643464258110653,
        0.04306991391004061,
        0.043071740376853296,
        0.06422861870164678,
        0.0430982241456373,
        0.0429539332674348,
        0.06521947694753107,
        0.04976117507833007,
        0.03979414568148126,
        0.5041605475402003,
        0.05201138219156403,
        0.03926994970623925,
        0.03900967818543096,
        0.05163330356133721,
        0.038922007778421835,
        0.03932839664424534,
        0.05204060566056706,
        0.03895123124742488,
        0.038831597671193686,
        0.051926451484773956,
        0.03962154456768207,
        0.03947451398926054,
        0.05198489842278002,
        0.03938775681565777,
        0.038863560840415756,
        0.051485359749509324,
        0.045585871944520955,
        0.03816128435093649,
        0.501618105736936,
        0.045202313913856075,
        0.03801425377251495,
        0.03772019261567188,
        0.04502697309983784,
        0.03760603843987875,
        0.03716951287164588,
        0.044765788345623184
    ],
    "multiply": [],
    "add": [
        0.029368673114647303,
        0.028959544548604763,
        0.029661821038084023,
        0.015633642683219227,
        0.01557519574521315,
        0.015459215102607341,
        0.016131354889677228,
        0.010461088669681422,
        0.01049031213868446,
        0.010082096806048265,
        0.010373418262672306,
        0.010315884558072572,
        0.01011040704164496,
        0.0074802948313715,
        0.0069844090917261905,
        0.007101302967738344
    ],
    "squeeze": [],
    "reshape": [],
    "transpose": [],
    "latency": 19.851497014363606,
    "batch_size": 2,
    "model_name": "resnet50",
    "sm_partition": 30
}