{
    "nn.conv2d": [
        0.6891582129278863,
        0.34808220945333124,
        0.34119686554102574,
        0.3400348553593521,
        0.3366528854276151,
        0.34107546149219425,
        0.3403822660526603,
        0.3243395881713442,
        0.4291459691840939,
        0.04453740050328226,
        0.44759884262413346,
        0.42774060892239624,
        0.4248962854926277,
        0.4476161860596808,
        0.4492990412901365,
        0.445743095020565,
        0.4455702026474521,
        0.30430737813177233,
        0.03999396237223249,
        0.28455320504331927,
        0.2838768110569719,
        0.2836692318127643,
        0.28424102320346667,
        0.2839635282347087,
        0.2839467267815222,
        0.28413696259018245,
        0.2839120399104275,
        0.2840507873948064,
        0.28413696259018245,
        0.4126003316719041,
        0.6372146234635168,
        0.055204155347274936,
        0.6343876434692957,
        0.6335898454341164,
        0.6341621788071796,
        0.6344228723227511
    ],
    "nn.conv2d_transpose": [],
    "nn.dense": [
        0.01016271124839727
    ],
    "nn.layer_norm": [],
    "nn.relu": [
        0.03137427490519018,
        0.009243509164386722,
        0.010354031021779182,
        0.009192020840105472,
        0.010076536053021279,
        0.008897182435800201,
        0.009955132004189697,
        0.005688104877176115,
        0.005636616552894864,
        0.005566700828344534,
        0.0055845862462527585,
        0.005549357392797166,
        0.005566700828344534,
        0.0056013876994392715,
        0.005723333730631709,
        0.0045092932423158915,
        0.004023677046989565,
        0.004145081095821146,
        0.004005791629081341,
        0.004127195677912923,
        0.004040478500176078,
        0.00416188254900766,
        0.004023677046989565,
        0.004040478500176078,
        0.004145081095821146,
        0.004058363918084303,
        0.004005791629081341,
        0.003260565882905336,
        0.003260565882905336,
        0.003295252754000075,
        0.0031218183985263857,
        0.003156505269621124,
        0.0032426804649971124
    ],
    "nn.bias_add": [
        0.002739720834123417
    ],
    "nn.max_pool2d": [
        0.02800910642663978
    ],
    "nn.adaptive_avg_pool2d": [
        0.004630155308786617
    ],
    "nn.batch_matmul": [],
    "nn.softmax": [],
    "nn.batch_norm": [
        0.11073512605814559,
        0.04325181834333354,
        0.04567827337288262,
        0.04276457620092466,
        0.04479484212468852,
        0.04255753893907794,
        0.04469023952904345,
        0.03345277725907017,
        0.07094874293012068,
        0.033555753907632664,
        0.03201218814391685,
        0.032844673050190544,
        0.03220404989965961,
        0.03289507740975009,
        0.031873982641898745,
        0.032757955872453705,
        0.0290486285947602,
        0.06354363793375506,
        0.027971709643740766,
        0.027502894901600954,
        0.0282475786654161,
        0.027781473835080565,
        0.02831857835468814,
        0.02753758177269569,
        0.02826600606568518,
        0.027623756968071674,
        0.02836952469660854,
        0.02757281062615128,
        0.02814406003449274,
        0.02552574324920091,
        0.07615177359433134,
        0.02460654116519036,
        0.02452144993453608,
        0.025023325600688064,
        0.024242871001056467,
        0.024640686053924242
    ],
    "multiply": [],
    "add": [
        0.012139862900797316,
        0.011498155785544669,
        0.011828223043305532,
        0.0071276100276077255,
        0.00634715542797613,
        0.006468559476807713,
        0.006399185734618237,
        0.004682185615428724,
        0.004751559357618199,
        0.004768902793165568,
        0.004699529050976092,
        0.004734757904431687,
        0.004717414468884317,
        0.0035207174161158692,
        0.0037461820782316636,
        0.003710953224776071
    ],
    "squeeze": [],
    "reshape": [],
    "transpose": [],
    "latency": 14.864972432454428,
    "batch_size": 4,
    "model_name": "resnet34",
    "sm_partition": 20
}