{
    "nn.conv2d": [
        0.561375724541961,
        0.27281453857623195,
        0.30120198060898007,
        0.30197323700133166,
        0.29943167057759085,
        0.2599849976428696,
        0.26040154117966713,
        0.38609420425758234,
        0.3311104574003152,
        0.052150599957768,
        0.3239452577181223,
        0.3229253769022448,
        0.3292984930152462,
        0.3267159230871018,
        0.32509075244431546,
        0.3263612102315478,
        0.5183461263415053,
        0.34879207968809195,
        0.04663204894447765,
        0.3262993795503044,
        0.3325683597791065,
        0.3268194081220249,
        0.32559125553774865,
        0.32848558226921487,
        0.32848558226921487,
        0.3267784046176215,
        0.3272984331893421,
        0.32496644023255244,
        0.32288307169928887,
        0.4963324512710349,
        0.699147499337727,
        0.05573287437422631,
        0.6946690054678777,
        0.6952111629149907,
        0.6942739399571964,
        0.6955652249212685
    ],
    "nn.conv2d_transpose": [],
    "nn.dense": [
        0.00935140240110338
    ],
    "nn.layer_norm": [],
    "nn.relu": [
        0.026825403769757585,
        0.008622451211707793,
        0.009204961313948018,
        0.00837252508962931,
        0.00918478498638439,
        0.008539142504348297,
        0.009038343899229025,
        0.00553937819013021,
        0.005372760775411221,
        0.005560205366970086,
        0.0054768966596105894,
        0.00549837468572671,
        0.005372760775411221,
        0.005393587952251095,
        0.005372760775411221,
        0.0044147106407770205,
        0.0042064388723782814,
        0.0042695712521741485,
        0.004164784518698534,
        0.004311225605853897,
        0.004061299483775411,
        0.004081475811339038,
        0.004331401933417524,
        0.004352879959533645,
        0.0042064388723782814,
        0.004373056287097273,
        0.004164784518698534,
        0.0037488918311773013,
        0.003707237477497554,
        0.0035822744164583104,
        0.003561447239618437,
        0.0035822744164583104,
        0.0034364841785791936
    ],
    "nn.bias_add": [
        0.003102598499864965
    ],
    "nn.max_pool2d": [
        0.024721208059654068
    ],
    "nn.adaptive_avg_pool2d": [
        0.0053102792448915985
    ],
    "nn.batch_matmul": [],
    "nn.softmax": [],
    "nn.batch_norm": [
        0.10148757849432428,
        0.04377612232030995,
        0.04662749299954394,
        0.04279594331028339,
        0.04542081844138375,
        0.04329579555444036,
        0.04577618214621408,
        0.035672397981770264,
        0.08103594168684436,
        0.03556956379612339,
        0.03452820495412969,
        0.03490179243869493,
        0.03471434784713607,
        0.03500462662434181,
        0.034214495602979095,
        0.03492261961553481,
        0.03184149914178596,
        0.07301812945276916,
        0.03098498149424615,
        0.030925103360831513,
        0.03152778979063536,
        0.030464952922525546,
        0.03107024274943438,
        0.030612044858957157,
        0.03138330125130873,
        0.030361467887602422,
        0.031235558465600884,
        0.030902323636162896,
        0.03152909148918785,
        0.030257982852679298,
        0.0803453906047473,
        0.02859311040404188,
        0.028634113908445377,
        0.02900835224228687,
        0.027987169727856795,
        0.028405014963206774
    ],
    "multiply": [],
    "add": [
        0.011558432296853768,
        0.01066286369273919,
        0.010705168895695184,
        0.0068098359773625175,
        0.005914918222524187,
        0.006185020672166302,
        0.005872613019568193,
        0.004768772647054877,
        0.005081180299652987,
        0.00489373570809412,
        0.0050610039720893575,
        0.00489373570809412,
        0.004977695264729862,
        0.003915509245896293,
        0.003977339927139669,
        0.003915509245896293
    ],
    "squeeze": [],
    "reshape": [],
    "transpose": [],
    "latency": 14.706058502197266,
    "batch_size": 4,
    "model_name": "resnet34",
    "sm_partition": 30
}