{
    "nn.conv2d": [
        0.021251730394591644,
        0.007449202329002832,
        1.049620318537154,
        0.018603570940147283,
        0.010672885073972748,
        0.01953978892909226,
        1.0493666201803282,
        0.018470243467614493,
        0.01893793450762763,
        1.0493666201803282,
        0.018108712860276363,
        0.03320898952214829,
        1.0470657808816042,
        0.023084042744383963,
        0.03603101803168243,
        0.03160404439824262,
        1.0468517881984165,
        0.022615933749911478,
        0.0294369505265106,
        1.046477718957298,
        0.02268280646340754,
        0.02941020144111217,
        1.046691293686026,
        0.022696181006106753,
        0.042317053100313,
        1.0472931481074907,
        0.03906662126994466,
        0.03402483662680034,
        0.031176059031867764,
        1.0443645412108222,
        0.038211068491654315,
        0.03246001513099231,
        1.0447524029490993,
        0.038344395964187095,
        0.03229910266414239,
        1.0447118613665425,
        0.03830427233608947,
        0.03246001513099231,
        1.0446583631957453,
        0.03822444303435353,
        0.032272353578743966,
        1.0442170032866713,
        0.03837114504958553,
        0.0746834464324108,
        1.0436958140758614,
        0.08479418275855723,
        0.066631971727484,
        0.16797088175942826,
        1.0364330194357287,
        0.08408574994995824,
        0.16706099490142234,
        1.035684045044573,
        0.08361764095548574
    ],
    "nn.conv2d_transpose": [],
    "nn.dense": [
        0.0068205988221397736
    ],
    "nn.layer_norm": [],
    "nn.relu": [
        0.003276762961307423,
        0.0026080358263467244,
        0.0024203742740983784,
        0.0034372574736979905,
        0.0024609158566553705,
        0.0024341667712569426,
        0.0033971338456003485,
        0.0024203742740983784,
        0.0024203742740983784,
        0.0033971338456003485,
        0.003223264790510567,
        0.002166257962813313,
        0.0026080358263467244,
        0.0021930070482117404,
        0.0021395088774148847,
        0.0024203742740983784,
        0.002126552289175021,
        0.002099803203776593,
        0.0024738724448952337,
        0.002126552289175021,
        0.002180050459971877,
        0.0024609158566553705,
        0.0024074176858585143,
        0.0020325125358211737,
        0.0022335486307687334,
        0.0018586434807313912,
        0.001872435977889956,
        0.0021395088774148847,
        0.0019259341486868114,
        0.001872435977889956,
        0.002166257962813313,
        0.001872435977889956,
        0.0020592616212196007,
        0.0021395088774148847,
        0.0018853925661298197,
        0.0018586434807313912,
        0.0021395088774148847,
        0.0018586434807313912,
        0.0019388907369266755,
        0.0021533013745734493,
        0.0020592616212196007,
        0.0019388907369266755,
        0.0019656398223251033,
        0.0017654396362962446,
        0.0018318943953329636,
        0.0019526832340852395,
        0.0017783962245361076,
        0.0017654396362962446,
        0.0018586434807313912
    ],
    "nn.bias_add": [
        0.0020325125358211737
    ],
    "nn.max_pool2d": [
        0.00316976661971371
    ],
    "nn.adaptive_avg_pool2d": [
        0.0032629704641488583
    ],
    "nn.batch_matmul": [],
    "nn.softmax": [],
    "nn.batch_norm": [
        0.021986494334129716,
        0.01955190960841342,
        0.01838832439358181,
        0.02892537426826566,
        0.023321858831754357,
        0.018401698936281023,
        0.018107041042438963,
        0.023589349685738642,
        0.01830640531954912,
        0.018147582624995957,
        0.023951716201995467,
        0.021451094671701806,
        0.017597554556490782,
        0.05329671674744897,
        0.01914941946405895,
        0.017410728913161137,
        0.017344692108583772,
        0.019029884488684732,
        0.017210946681591628,
        0.01725023440077057,
        0.01886897202183481,
        0.01734469210858377,
        0.017398190279380627,
        0.018748601137541888,
        0.018347364856565466,
        0.016996118089485507,
        0.05015328125867433,
        0.017919797444649967,
        0.016594463854049734,
        0.01671525269280201,
        0.017853760640072602,
        0.01678337926967613,
        0.016661754522005155,
        0.017811965194137556,
        0.016756212229818355,
        0.016809710400615206,
        0.017678637721604766,
        0.01677000472697692,
        0.016808456537237157,
        0.017946546530048395,
        0.016595717717427783,
        0.016849834028712853,
        0.01779859065143834,
        0.017504768666514986,
        0.017075529436762087,
        0.08278591158137838,
        0.017558684791771192,
        0.016835623577094935,
        0.01655434022595209,
        0.017171241007953336,
        0.016862372662493366,
        0.016274310738187296,
        0.01731836097764469
    ],
    "multiply": [],
    "add": [
        0.00559055884827144,
        0.005563391808413662,
        0.005898173330353361,
        0.003156392077014497,
        0.002688283082542008,
        0.002688283082542008,
        0.0027279887561803,
        0.0024203742740983784,
        0.0023806686004600864,
        0.002327170429663231,
        0.0023004213442648024,
        0.002260297716167161,
        0.0022465052190085966,
        0.0022335486307687334,
        0.0020592616212196007,
        0.0020592616212196007
    ],
    "squeeze": [],
    "reshape": [],
    "transpose": [],
    "latency": 19.4108788172404,
    "batch_size": 1,
    "model_name": "resnext50_32x4d",
    "sm_partition": 80
}