{
    "nn.conv2d": [
        0.19780406144845483,
        0.31308169313814915,
        0.14581520905601741,
        0.15162910602571197,
        0.14200610414483822,
        0.13792760530079604,
        0.13719460320440136,
        0.18557482989151117,
        0.18116428736277737,
        0.04791244187345623,
        0.281069758278793,
        0.17040732497380584,
        0.1696054081503997,
        0.16933601421753675,
        0.19773723504650434,
        0.17087302146239852,
        0.2469214668820813,
        0.23375875402289137,
        0.054461429264606405,
        0.22720976663174114,
        0.2487257797347451,
        0.22346748812251246,
        0.22707611382784015,
        0.2221288717584413,
        0.22727659303369163,
        0.22293287690690836,
        0.22727659303369163,
        0.22360114092641353,
        0.2267398934930266,
        0.48362058259079516,
        0.37308971376464817,
        0.07724923232973104,
        0.36540676586540016,
        0.36794616913951966,
        0.36420389063029096,
        0.37122066283509475
    ],
    "nn.conv2d_transpose": [],
    "nn.dense": [
        0.02472368039662853
    ],
    "nn.layer_norm": [],
    "nn.relu": [
        0.04143236920931751,
        0.029136311250423277,
        0.03107218858192717,
        0.027797694886352083,
        0.026795298857094398,
        0.02606229676069972,
        0.0248594215255905,
        0.025993382033688256,
        0.025926555631737746,
        0.020716184604658756,
        0.024255895582974942,
        0.019310741838637045,
        0.021649665906904973,
        0.018642477819131927,
        0.020847749083498825,
        0.019310741838637045,
        0.020716184604658756,
        0.04483842738373267,
        0.016639774085677513,
        0.015434810525507344,
        0.01998109418320312,
        0.016303553750864,
        0.016838164966468096,
        0.014100370811558054,
        0.019110262632785507,
        0.018243607732489807,
        0.017976302124687756,
        0.017374864507133148,
        0.01610516287007342,
        0.017305949780121684,
        0.015837857262271368,
        0.014298761692348637,
        0.017105470574270146
    ],
    "nn.bias_add": [
        0.01944648296759902
    ],
    "nn.max_pool2d": [
        0.03996218836640624
    ],
    "nn.adaptive_avg_pool2d": [
        0.028401220828967642
    ],
    "nn.batch_matmul": [],
    "nn.softmax": [],
    "nn.batch_norm": [
        0.17227011092817643,
        0.2426383121820657,
        0.24136443389488402,
        0.2312757355254176,
        0.18811214484056968,
        0.19445438805068552,
        0.197392661411447,
        0.2100917661071053,
        0.20301234415047292,
        0.18081971372772007,
        0.1763402564719748,
        0.15943108845343423,
        0.15797134923582776,
        0.15469059056506979,
        0.15970465903641914,
        0.16137114243506007,
        0.15649072676761175,
        0.18389581654250456,
        0.1511467029366317,
        0.18262402658038387,
        0.1858358705241304,
        0.14053174665180504,
        0.13477841110887814,
        0.13156656716513168,
        0.13490997558771825,
        0.12802476786175454,
        0.12963068983362777,
        0.13057043611105684,
        0.13799025505262463,
        0.10798311225178375,
        0.1822857179205094,
        0.14520541813821902,
        0.10690971317045364,
        0.10350783164616038,
        0.10363521947487854,
        0.11278834821703776
    ],
    "multiply": [],
    "add": [
        0.03361159185604663,
        0.028133915221165595,
        0.02859961170975823,
        0.025327206339244086,
        0.024456374788826476,
        0.02311984674981623,
        0.022988282270976164,
        0.01944648296759902,
        0.022253191849520532,
        0.01723912337817117,
        0.01723912337817117,
        0.017506428985973217,
        0.02031313786789473,
        0.019246003761747486,
        0.018642477819131927,
        0.017642170114935195
    ],
    "squeeze": [],
    "reshape": [],
    "transpose": [],
    "latency": 14.574948946634928,
    "batch_size": 1,
    "model_name": "resnet34",
    "sm_partition": 30
}