{
    "nn.conv2d": [
        0.3393448780883051,
        0.1883933077944703,
        0.16725774772385998,
        0.16719585735762102,
        0.16642222777963384,
        0.29781547530497976,
        0.3105658577871813,
        0.04434348037325379,
        0.2956493124866156,
        0.2949075951287204,
        0.7468919727349892,
        0.473461301728166,
        0.0522664142888152,
        0.43648084086340533,
        0.43626422458156905,
        0.6795552542669835,
        0.893016094462184,
        0.07231889295024341,
        0.8849384346310253,
        0.8855892505135069
    ],
    "nn.conv2d_transpose": [],
    "nn.dense": [
        0.012470908797153653
    ],
    "nn.layer_norm": [],
    "nn.relu": [
        0.03555601540429169,
        0.00857181572409817,
        0.007982890207855415,
        0.007425876911704631,
        0.00795291206170841,
        0.006126179220686134,
        0.005693913693985787,
        0.005662001473893815,
        0.005785782206371767,
        0.005197823727101495,
        0.00482648152966764,
        0.004888371895906616,
        0.004888371895906616,
        0.004920284115998589,
        0.004362303782875321,
        0.004362303782875321,
        0.004362303782875321
    ],
    "nn.bias_add": [
        0.004796503383520637
    ],
    "nn.max_pool2d": [
        0.02506463128981278
    ],
    "nn.adaptive_avg_pool2d": [
        0.007023589531151287
    ],
    "nn.batch_matmul": [],
    "nn.softmax": [],
    "nn.batch_norm": [
        0.13423536918747642,
        0.050434846262930495,
        0.055170426317184634,
        0.049103236351820026,
        0.05501473336461472,
        0.04492853774160659,
        0.08079207090314819,
        0.04325653081618177,
        0.042076745709751284,
        0.042919034912784856,
        0.04288422158177543,
        0.08840555298751474,
        0.040563332847813834,
        0.04152360056149043,
        0.04161353499993145,
        0.04304474971920778,
        0.10725310358122786,
        0.03917079960743687,
        0.038489038541835656,
        0.039111810352115355
    ],
    "multiply": [],
    "add": [
        0.013368319107618805,
        0.013429242436885298,
        0.006931721018765306,
        0.006219981807017084,
        0.0055701329615078345,
        0.0055382207414158635,
        0.004796503383520637,
        0.0045798871016842204
    ],
    "squeeze": [],
    "reshape": [],
    "transpose": [],
    "latency": 8.97149403889974,
    "batch_size": 4,
    "model_name": "resnet18",
    "sm_partition": 80
}