{
    "nn.conv2d": [
        0.35117281760038455,
        0.0327718749364466,
        0.19391787718373346,
        0.09059233575801376,
        0.088136240091982,
        0.07913753636065002,
        0.17339955626441975,
        0.08685982821519732,
        0.07878552589775552,
        0.1730495401950827,
        0.08682692072149897,
        0.14550995675667452,
        0.6966336920521574,
        0.11120638756808633,
        0.22736086555227072,
        0.1168225998259389,
        0.3204422044700147,
        0.10954804932504499,
        0.1143026835660679,
        0.30461469719788464,
        0.11149457743714161,
        0.11446223505066598,
        0.30400840155641184,
        0.11034580674803542,
        0.13284156887958662,
        1.0312121580575626,
        0.1116541289217397,
        0.398112864369141,
        0.17777126694240727,
        0.4872054161719328,
        0.11178077291263942,
        0.176272480183964,
        0.4496150864006239,
        0.11206796558491597,
        0.1768787758254367,
        0.44990327626967935,
        0.11203605528799637,
        0.17617575209642639,
        0.44999800996365946,
        0.11261143782932823,
        0.17707023760695445,
        0.44971181448816167,
        0.1111744772711667,
        0.24896313937007267,
        3.171754875425467,
        0.11730225147651191,
        0.3637773848836332,
        0.37890186842675283,
        0.920036683589617,
        0.11666304834134081,
        0.3785837626543354,
        0.9120910196566323,
        0.1168225998259389
    ],
    "nn.conv2d_transpose": [],
    "nn.dense": [
        0.04129092701720559
    ],
    "nn.layer_norm": [],
    "nn.relu": [
        0.036536292776182665,
        0.008487141783839369,
        0.007818022745306151,
        0.03589808683779033,
        0.00794566393298462,
        0.0077851152516077975,
        0.03599381772854918,
        0.007626560963788449,
        0.007626560963788449,
        0.03618627670684561,
        0.0196557457057053,
        0.006157690108707333,
        0.019369550230207484,
        0.005902407733350397,
        0.005902407733350397,
        0.018858985479493613,
        0.00596622832718963,
        0.00596622832718963,
        0.01943237362726798,
        0.005807674039370283,
        0.005902407733350397,
        0.01956101201172519,
        0.008200946308341554,
        0.0056471253579934615,
        0.009062524325171212,
        0.005137557804058329,
        0.005519484170314993,
        0.007880846142366647,
        0.005488571070174114,
        0.0051684709041992065,
        0.008328587496020024,
        0.0052013783978975625,
        0.0052013783978975625,
        0.008105215417582705,
        0.0051684709041992065,
        0.0051684709041992065,
        0.008328587496020024,
        0.005137557804058329,
        0.0051684709041992065,
        0.008136128517723586,
        0.0063501490870037725,
        0.004658903350264074,
        0.006189600405626949,
        0.004689816450404953,
        0.004946096022540626,
        0.006189600405626949,
        0.004658903350264074,
        0.004434534075048018,
        0.005902407733350397
    ],
    "nn.bias_add": [
        0.004913188528842272
    ],
    "nn.max_pool2d": [
        0.024953852191140456
    ],
    "nn.adaptive_avg_pool2d": [
        0.008742424159196304
    ],
    "nn.batch_matmul": [],
    "nn.softmax": [],
    "nn.batch_norm": [
        0.13826332776558528,
        0.05248446085853998,
        0.05137158925346834,
        0.1897944685036517,
        0.15045306118887894,
        0.05210253449228331,
        0.051178133078393154,
        0.15083598475191434,
        0.05181633901678549,
        0.05073338331507599,
        0.15211139943192029,
        0.08602417731461486,
        0.046042569667892295,
        0.29401648983345685,
        0.09221278052346307,
        0.044444063231575244,
        0.04441215293465562,
        0.09301352953678971,
        0.04428351455019841,
        0.044029229371620224,
        0.09208912812289956,
        0.04399831627147934,
        0.044511872612529424,
        0.09425703391987605,
        0.053637220334761135,
        0.04307192046403171,
        0.4439958825524353,
        0.05794411322213069,
        0.04195605726862385,
        0.0425942632070162,
        0.05695489401762256,
        0.04246761921611646,
        0.0428824530760715,
        0.05762401305615578,
        0.04291536056976984,
        0.041925144168482975,
        0.05711444550222064,
        0.042402801425498494,
        0.04237089112857888,
        0.05762401305615577,
        0.042722901591473406,
        0.04227416304104129,
        0.0566018863579493,
        0.048114744574109934,
        0.04119220453611051,
        0.40560480376779984,
        0.04846775223378319,
        0.040613830404442476,
        0.04138366631762823,
        0.04766500882689907,
        0.04064972948847704,
        0.04046026210051681,
        0.047475541438938854
    ],
    "multiply": [],
    "add": [
        0.052332886948171786,
        0.051375578040583285,
        0.052205245760493325,
        0.028048153795564554,
        0.027857689210825598,
        0.028144881883102147,
        0.028623536336896405,
        0.013720430478656549,
        0.013018403946424974,
        0.012922673055666125,
        0.013178952627801799,
        0.013018403946424974,
        0.013273686321781913,
        0.007721294657768563,
        0.007593653470090095,
        0.007593653470090095
    ],
    "squeeze": [],
    "reshape": [],
    "transpose": [],
    "latency": 20.121571222941082,
    "batch_size": 4,
    "model_name": "resnet50",
    "sm_partition": 80
}