{
    "nn.conv2d": [
        0.35221074652154427,
        0.20384966210987368,
        0.19097898692444001,
        0.1906214903354962,
        0.19126067508492475,
        0.18970221339249793,
        0.19136201898402264,
        0.2491232535690826,
        0.2944750474071231,
        0.03723071619143127,
        0.28002197102553866,
        0.2811702692208291,
        0.28073696420342625,
        0.2819363333399943,
        0.2789997542165275,
        0.280941247968537,
        0.620536674011036,
        0.3971531748459058,
        0.04409895980982224,
        0.36699498603797626,
        0.3670468549627114,
        0.3670468549627114,
        0.366791500256323,
        0.3670971279205316,
        0.36686810666823944,
        0.3670971279205316,
        0.3671992698030869,
        0.36725113872782206,
        0.36694391509669855,
        0.5682655656133269,
        0.7356505756509345,
        0.060136033354472325,
        0.7291653640921263,
        0.7299050947571951,
        0.7291908995627651,
        0.7302123183883187
    ],
    "nn.conv2d_transpose": [],
    "nn.dense": [
        0.010136783860162712
    ],
    "nn.layer_norm": [],
    "nn.relu": [
        0.03028427019420886,
        0.0070214564422240175,
        0.007635105721013684,
        0.0070214564422240175,
        0.007532963838458318,
        0.006971183484403799,
        0.007456357426541792,
        0.005336913363517925,
        0.005234771480962559,
        0.00515736708558857,
        0.005183700539684876,
        0.005208438026866254,
        0.005463792733254672,
        0.004979416774574141,
        0.005310579909421621,
        0.004621122202172894,
        0.004443171891158465,
        0.004416838437062159,
        0.004264423596686573,
        0.00439210094988078,
        0.004518980319617527,
        0.004545313773713832,
        0.004621122202172894,
        0.004672193143450577,
        0.00439210094988078,
        0.004443171891158465,
        0.00436656547924194,
        0.004033806377479533,
        0.003957997949020472,
        0.0038805935536464827,
        0.0038558560664651046,
        0.003931664494924166,
        0.0038558560664651046
    ],
    "nn.bias_add": [
        0.0038303205958262632
    ],
    "nn.max_pool2d": [
        0.02226693039707001
    ],
    "nn.adaptive_avg_pool2d": [
        0.006127714969864558
    ],
    "nn.batch_matmul": [],
    "nn.softmax": [],
    "nn.batch_norm": [
        0.11281012339820062,
        0.04399203002652209,
        0.0467235274014207,
        0.042511770712926736,
        0.046725123368335626,
        0.04312621797517387,
        0.04624074740965509,
        0.03875885451247446,
        0.06922267098461267,
        0.03778850662819847,
        0.03694424013020176,
        0.03717326138249388,
        0.037123786408131125,
        0.03786351707320007,
        0.03699690703839438,
        0.03760816236681165,
        0.03635692430550841,
        0.07425315870046449,
        0.03482559405063536,
        0.03395659006545729,
        0.034469693428606514,
        0.03446729947823412,
        0.034698714680898614,
        0.0346221082689821,
        0.035132019698301466,
        0.034827190017550295,
        0.035106484227662625,
        0.03485033153781674,
        0.03487586700845558,
        0.034876664991913046,
        0.08990720018553196,
        0.03342034518204161,
        0.03342114316549907,
        0.033164192492195724,
        0.03250266420595823,
        0.033141848955386737
    ],
    "multiply": [],
    "add": [
        0.011159000669173845,
        0.010902847979327964,
        0.010878110492146587,
        0.0063583321890715964,
        0.005540399145171197,
        0.005771016364378237,
        0.005744682910281931,
        0.004953083320477837,
        0.004494242832436148,
        0.00480066848010225,
        0.004647455656269199,
        0.004774335026005943,
        0.004825405967283627,
        0.004467909378339843,
        0.004084877318757216,
        0.004264423596686573
    ],
    "squeeze": [],
    "reshape": [],
    "transpose": [],
    "latency": 14.439082145690918,
    "batch_size": 4,
    "model_name": "resnet34",
    "sm_partition": 60
}