{
    "nn.conv2d": [
        0.04655406312883719,
        0.005956404215511243,
        1.4680307213411505,
        0.018074528761601254,
        0.011265067074252944,
        0.017831662422952886,
        1.4681269437890767,
        0.017985383650736965,
        0.01780349975526726,
        1.468058810668556,
        0.017812887311162467,
        0.03464239147216139,
        1.4657494719183342,
        0.01660185593054006,
        0.028617964146550084,
        0.015845020906628905,
        1.4667176002901678,
        0.016476334040581835,
        0.015837943569567282,
        1.4667093495086194,
        0.016590158155811264,
        0.015809817572021868,
        1.466683607070188,
        0.016531485931466194,
        0.03137321180179445,
        1.4647790699978065,
        0.019923877272957777,
        0.04606356333331243,
        0.01936535436733295,
        1.4613408409810456,
        0.019855854162857716,
        0.019339538588621124,
        1.4611624774190364,
        0.019942652384748204,
        0.019340675362967807,
        1.461363209766577,
        0.020058823388951433,
        0.019358277030271327,
        1.4613127149835003,
        0.020089332945610872,
        0.019312512695282176,
        1.4613161986468206,
        0.019994283942171856,
        0.038253080158356836,
        1.4557505881155877,
        0.019304298583873867,
        0.06688395219426284,
        0.02057748585216183,
        1.4465530935571151,
        0.019307855587474786,
        0.02054701296564261,
        1.4466809623360468,
        0.01930081492055338
    ],
    "nn.conv2d_transpose": [],
    "nn.dense": [
        0.0021755660787151
    ],
    "nn.layer_norm": [],
    "nn.relu": [
        0.0020922148500048883,
        0.00119221959869177,
        0.0011170824813898678,
        0.0021028125205272163,
        0.0011229863739645903,
        0.001112425373582478,
        0.0021004656315534134,
        0.0011170824813898678,
        0.0011288169262588814,
        0.0021239345212914406,
        0.0020711295193808796,
        0.0006324499082996111,
        0.0011358575931802897,
        0.0006324499082996111,
        0.0006313131339529256,
        0.0011452451490755005,
        0.0006207521335708133,
        0.0006313131339529256,
        0.0010959971507658595,
        0.0006171951299698935,
        0.000625409241378203,
        0.001141761485755012,
        0.001141761485755012,
        0.00039306723297173596,
        0.000684118135863486,
        0.0003766390101551172,
        0.0003766390101551172,
        0.0006969893550791853,
        0.0003766390101551172,
        0.0003766390101551172,
        0.0006688266873935531,
        0.00037784912478223417,
        0.0003766390101551172,
        0.000672347020854257,
        0.0003672514542599064,
        0.00037784912478223417,
        0.0006641695795861631,
        0.0003766390101551172,
        0.0003766390101551172,
        0.0006559554681778537,
        0.0006137114666494053,
        0.00028393689568991063,
        0.0003848531215634266,
        0.00028393689568991063,
        0.00026633522838639034,
        0.0003813694582429382,
        0.0002769328989087182,
        0.00026754534301350746,
        0.0003766390101551172
    ],
    "nn.bias_add": [
        0.0001842307844435117
    ],
    "nn.max_pool2d": [
        0.001910367624675395
    ],
    "nn.adaptive_avg_pool2d": [
        0.0005210093521841987
    ],
    "nn.batch_matmul": [],
    "nn.softmax": [],
    "nn.batch_norm": [
        0.007481625357501486,
        0.004590294811916781,
        0.004425975913610376,
        0.016654477581749545,
        0.008170547281733226,
        0.004427222698377708,
        0.004414388149302225,
        0.007972161823166466,
        0.004422528920430104,
        0.00445886902938383,
        0.008016716043528502,
        0.007333771352151917,
        0.0029521296380622826,
        0.03207940536206777,
        0.004674892825394325,
        0.0029145794144814397,
        0.0029192731924290454,
        0.004712516389255599,
        0.002927487303837354,
        0.002905301869006876,
        0.004725167587630003,
        0.0029004614104984083,
        0.0029016348549853093,
        0.004665395259078466,
        0.00446708314079214,
        0.002210476052200415,
        0.04846545751743863,
        0.003146994763168338,
        0.0021929110550371104,
        0.0021917376105502094,
        0.003128182981237701,
        0.0022105493924808465,
        0.0021918109508306406,
        0.003123562543570527,
        0.0021836335095625466,
        0.002172962498759788,
        0.00312810964095727,
        0.002207029059020142,
        0.0021565342759431684,
        0.003149488332703003,
        0.002209412618134161,
        0.0021893907215764065,
        0.003135223648159109,
        0.00295689675629032,
        0.001924155597396486,
        0.06881987890666855,
        0.002399510625012179,
        0.0018984498291053037,
        0.0018619997097309303,
        0.002351362730909008,
        0.0018843684952624873,
        0.0018491651606554467,
        0.0023560565088566136
    ],
    "multiply": [],
    "add": [
        0.0028115729906156304,
        0.0026954019864123976,
        0.0026590252073184556,
        0.0013330329371199316,
        0.0013482877154496493,
        0.0013752402685081645,
        0.0013283391591723261,
        0.0008096766959619303,
        0.0007873445805705892,
        0.0007838609172501008,
        0.000781514028276298,
        0.0007991156955798182,
        0.0007861711360836877,
        0.0005210093521841987,
        0.0005057179037142656,
        0.0005127952407758893
    ],
    "squeeze": [],
    "reshape": [],
    "transpose": [],
    "latency": 24.433703422546387,
    "batch_size": 4,
    "model_name": "resnext50_32x4d",
    "sm_partition": 20
}