{
    "nn.conv2d": [
        0.19125632249906838,
        0.17110311733465694,
        0.1481701253155635,
        0.14810624511495318,
        0.14858534661953032,
        0.310298074464475,
        0.31553525278638406,
        0.042926496681979134,
        0.29950132243320166,
        0.2995662007619465,
        0.7698202975545833,
        0.4868629489513116,
        0.051998483296774596,
        0.4475756274478498,
        0.44799184687995114,
        0.6987855144759426,
        0.9165850584567202,
        0.07435655351037546,
        0.9090791348850115,
        0.9091749551859268
    ],
    "nn.conv2d_transpose": [],
    "nn.dense": [
        0.009582030091543231
    ],
    "nn.layer_norm": [],
    "nn.relu": [
        0.020345843894376794,
        0.0061953813310634195,
        0.005907920428317122,
        0.006099561030147987,
        0.005907920428317122,
        0.005749218054925938,
        0.0052062363497384885,
        0.0051423561491282,
        0.005428818923739961,
        0.0049177773188576555,
        0.004438675814280494,
        0.004694196616721648,
        0.0051732981212988085,
        0.004694196616721648,
        0.004471614042720175,
        0.004183155011839341,
        0.004438675814280494
    ],
    "nn.bias_add": [
        0.0049507155472973356
    ],
    "nn.max_pool2d": [
        0.013254143498500267
    ],
    "nn.adaptive_avg_pool2d": [
        0.007313284841743463
    ],
    "nn.batch_matmul": [],
    "nn.softmax": [],
    "nn.batch_norm": [
        0.08731924359359129,
        0.04541183573697317,
        0.04477203560273575,
        0.044580395000904875,
        0.04486785590365119,
        0.04499861068927537,
        0.08009778654022512,
        0.043080208414697646,
        0.04260110691012048,
        0.04218488747801907,
        0.04260310316638955,
        0.08751088419542216,
        0.04132150664164565,
        0.04017365928692952,
        0.04010977908631924,
        0.04161296005693008,
        0.10938685852004223,
        0.03978937995513327,
        0.0390896921328237,
        0.03985625454014716
    ],
    "multiply": [],
    "add": [
        0.006706422935945726,
        0.006514782334114861,
        0.005652399625875971,
        0.005397876951569353,
        0.0051732981212988085,
        0.004694196616721648,
        0.004663254644551039,
        0.004535494243330463
    ],
    "squeeze": [],
    "reshape": [],
    "transpose": [],
    "latency": 8.83057435353597,
    "batch_size": 2,
    "model_name": "resnet18",
    "sm_partition": 80
}