{
    "nn.conv2d": [
        1.1003635112639976,
        0.5131646423994968,
        0.5071106037835761,
        0.5060072976806747,
        0.48321934114106047,
        0.48203116533793583,
        0.5094303755896765,
        0.5190909344353938,
        0.5870861512938922,
        0.06708949802642887,
        0.6423924639096465,
        0.6422227245092003,
        0.6435386468923483,
        0.6432557478916043,
        0.6420251372383682,
        0.5800839589957905,
        0.7241219852245752,
        0.6308643296293304,
        0.0652785023919789,
        0.6199444282006137,
        0.5413692307439802,
        0.6120798359799318,
        0.6218681414056726,
        0.621825706555561,
        0.6244283773624054,
        0.6239337461407922,
        0.6165072053415748,
        0.6181201716755038,
        0.6107502106764352,
        0.5083973522072724,
        0.6425197684599814,
        0.06744267974767015,
        0.6394507563315981,
        0.6381494209281761,
        0.6405257725344252,
        0.6424777756395584
    ],
    "nn.conv2d_transpose": [],
    "nn.dense": [
        0.014031348407211493
    ],
    "nn.layer_norm": [],
    "nn.relu": [
        0.044683897167507654,
        0.012814882704012487,
        0.014116660137123344,
        0.012814882704012487,
        0.01417279790758347,
        0.01257486058306879,
        0.014144950037197738,
        0.0072705043191196375,
        0.007241772389356579,
        0.007171489668859252,
        0.007171489668859252,
        0.00718563461889645,
        0.007171489668859252,
        0.007157344718822054,
        0.007171489668859252,
        0.004907855633218952,
        0.0047809931125728355,
        0.004710268362386846,
        0.00488000776283322,
        0.0047809931125728355,
        0.004837572912721627,
        0.004907855633218952,
        0.004724413312424044,
        0.004837572912721627,
        0.004794696032921371,
        0.0047809931125728355,
        0.00488000776283322,
        0.003394345979238795,
        0.003394345979238795,
        0.00329533132897841,
        0.003323621229052806,
        0.003281628408629875,
        0.00329533132897841
    ],
    "nn.bias_add": [
        0.0020934526055052653
    ],
    "nn.max_pool2d": [
        0.04169931270965893
    ],
    "nn.adaptive_avg_pool2d": [
        0.004498094111828881
    ],
    "nn.batch_matmul": [],
    "nn.softmax": [],
    "nn.batch_norm": [
        0.1497225280249834,
        0.05243223558007138,
        0.05499291356649283,
        0.05186687960827213,
        0.054949594657003914,
        0.05169714020782576,
        0.05473963055488926,
        0.035642621915606326,
        0.0944856140703489,
        0.03691610944864278,
        0.03438372136229572,
        0.03626499971724302,
        0.034582192692505155,
        0.035853470077098305,
        0.034738229172603,
        0.03581280334574135,
        0.028922444558871416,
        0.08843157545442827,
        0.028316863885403887,
        0.02758088445378094,
        0.029120915889080844,
        0.027467282823794698,
        0.029135944898495362,
        0.027693159994701195,
        0.029093952078072433,
        0.027722333954152915,
        0.02896708955742632,
        0.027679899104041325,
        0.02879690812729128,
        0.023364805283318687,
        0.08643846358824939,
        0.022544840210849883,
        0.02231852101025472,
        0.023096493262300597,
        0.02213552071914847,
        0.02309605123261193
    ],
    "multiply": [],
    "add": [
        0.016336975263274725,
        0.016379410113386318,
        0.016535446593484156,
        0.009405949745047831,
        0.008429948192481189,
        0.008528962842741574,
        0.008373810422021061,
        0.005474095664395525,
        0.006152611236492353,
        0.0062516258867527374,
        0.00612476336610662,
        0.006081886486306365,
        0.006053596586231969,
        0.0037908466099689938,
        0.003960586010415367,
        0.00405960066067575
    ],
    "squeeze": [],
    "reshape": [],
    "transpose": [],
    "latency": 21.92506154378255,
    "batch_size": 4,
    "model_name": "resnet34",
    "sm_partition": 10
}