{
    "nn.conv2d": [
        0.26219687461074764,
        0.157630588826073,
        0.15160906758066015,
        0.15208905755177002,
        0.14992251458413317,
        0.22563481500746568,
        0.20967279557604934,
        0.05866795066490385,
        0.21377059230979853,
        0.20304893397473397,
        0.290388285580597,
        0.286051435018099,
        0.06408713155441419,
        0.2809315419929277,
        0.27569118089657596,
        0.5979413889908033,
        0.4680768082582234,
        0.09643280866637866,
        0.4615131806924983,
        0.45843936256378337
    ],
    "nn.conv2d_transpose": [],
    "nn.dense": [
        0.027284135808771218
    ],
    "nn.layer_norm": [],
    "nn.relu": [
        0.03282754939668645,
        0.014695222370408895,
        0.014153116050096642,
        0.014094764328118589,
        0.03162098637126925,
        0.029211624947659238,
        0.029333975332451925,
        0.023069635631065892,
        0.027344369844361466,
        0.02638062527491746,
        0.024515252485231898,
        0.019877231744782623,
        0.019995817502350927,
        0.021925188954851134,
        0.019092306968497175,
        0.018610434683775167,
        0.018610434683775167
    ],
    "nn.bias_add": [
        0.020539806136275377
    ],
    "nn.max_pool2d": [
        0.027163667737590724
    ],
    "nn.adaptive_avg_pool2d": [
        0.03493385832873302
    ],
    "nn.batch_matmul": [],
    "nn.softmax": [],
    "nn.batch_norm": [
        0.15129660352103577,
        0.09516036466453463,
        0.09708973611703482,
        0.09389544991713936,
        0.23641106043728394,
        0.23514049874905207,
        0.25351564423130285,
        0.22695431684961462,
        0.209968318813164,
        0.2521302614127271,
        0.21592960602298658,
        0.2205676267634359,
        0.24869315675685838,
        0.16737909102363263,
        0.13232664693733126,
        0.09100421620880735,
        0.18930616229209596,
        0.163104356810337,
        0.12088029786157149,
        0.12238803106493998
    ],
    "multiply": [],
    "add": [
        0.017287168214401856,
        0.031863804827242444,
        0.02861116690536892,
        0.02638062527491746,
        0.027163667737590724,
        0.01921465735328987,
        0.023069635631065892,
        0.021561902427697437
    ],
    "squeeze": [],
    "reshape": [],
    "transpose": [],
    "latency": 8.884164492289225,
    "batch_size": 1,
    "model_name": "resnet18",
    "sm_partition": 20
}