{
    "nn.conv2d": [
        0.7299070741516057,
        0.3716541216665309,
        0.36483180357619727,
        0.3639930655884845,
        0.36749770897186507,
        0.349287775327522,
        0.4656859694001141,
        0.04575781688522235,
        0.4837095168249655,
        0.48169654565445463,
        0.4774836346370054,
        0.3266604882812247,
        0.042458780800218525,
        0.30567339996645465,
        0.30556156823475966,
        0.45008544282865537,
        0.6918842853752907,
        0.05779836666438879,
        0.6870376612115694,
        0.6874290722725019
    ],
    "nn.conv2d_transpose": [],
    "nn.dense": [
        0.010940288627229266
    ],
    "nn.layer_norm": [],
    "nn.relu": [
        0.031517327259117434,
        0.009747999279418038,
        0.009561613059926297,
        0.009449781328231252,
        0.009431142706282078,
        0.006486240438312575,
        0.006522935225275011,
        0.0063557700846683576,
        0.00650487906026175,
        0.004585100999496821,
        0.0043794937011199945,
        0.004472686810865864,
        0.004547241298662561,
        0.003689864689000554,
        0.0035413381703430736,
        0.003466783682546376,
        0.0033922291947496804
    ],
    "nn.bias_add": [
        0.0027957932923761103
    ],
    "nn.max_pool2d": [
        0.02801384878960862
    ],
    "nn.adaptive_avg_pool2d": [
        0.004995150682378651
    ],
    "nn.batch_matmul": [],
    "nn.softmax": [],
    "nn.batch_norm": [
        0.11412020499624144,
        0.046909916704455656,
        0.04724424698566897,
        0.04551027268745987,
        0.04756168601574084,
        0.03871008796069089,
        0.07635835692721477,
        0.0376639953037935,
        0.03662139738851158,
        0.038279652285052146,
        0.03134783229076714,
        0.06791506118423893,
        0.030283683468856477,
        0.029612693078686216,
        0.03033843442083218,
        0.02771213609680637,
        0.08128070049260447,
        0.02689203673104271,
        0.0266124574018051,
        0.0271704511464085
    ],
    "multiply": [],
    "add": [
        0.011313643523148658,
        0.011089397602822659,
        0.007213146694330364,
        0.007305757347140322,
        0.0050137893043278245,
        0.005125038579086957,
        0.003838973664593946,
        0.003988082640187339
    ],
    "squeeze": [],
    "reshape": [],
    "transpose": [],
    "latency": 8.968124389648438,
    "batch_size": 2,
    "model_name": "resnet18",
    "sm_partition": 10
}