{
    "nn.conv2d": [
        0.5235754692428377,
        0.31265547412981,
        0.31051180324938643,
        0.29352187621198,
        0.29653290072494376,
        0.24686415006153478,
        0.2987523056082086,
        0.035815805743691795,
        0.2844656838722213,
        0.2865583339507307,
        0.6203619304739489,
        0.40143166946040215,
        0.04283116600688514,
        0.3705640843023514,
        0.37053857390139433,
        0.5714832050401791,
        0.811051380427993,
        0.06681094290652788,
        0.8070980654796774,
        0.8058480558327812
    ],
    "nn.conv2d_transpose": [],
    "nn.dense": [
        0.00964213436174132
    ],
    "nn.layer_norm": [],
    "nn.relu": [
        0.025025703338882467,
        0.008520473919660291,
        0.008597005122531493,
        0.008545187120587449,
        0.008341103912930914,
        0.006121699029666109,
        0.006045965026824816,
        0.005943126222966642,
        0.005943126222966642,
        0.004974528186628014,
        0.004744934578014414,
        0.004897996983756814,
        0.004744934578014414,
        0.004182908556929037,
        0.0039788253492725025,
        0.0039788253492725025,
        0.004005132950259478
    ],
    "nn.bias_add": [
        0.0039788253492725025
    ],
    "nn.max_pool2d": [
        0.0227042568517894
    ],
    "nn.adaptive_avg_pool2d": [
        0.006096985828738951
    ],
    "nn.batch_matmul": [],
    "nn.softmax": [],
    "nn.batch_norm": [
        0.09989713574781353,
        0.048057609402964205,
        0.048746390228805,
        0.048005791401020154,
        0.04833902101352184,
        0.04259758639812201,
        0.07078657945568075,
        0.041552457158912176,
        0.04075844592912348,
        0.04132206635026867,
        0.03821059463353643,
        0.07494397761165271,
        0.03678201217994069,
        0.036194475757898255,
        0.036832235781824915,
        0.035097528516744386,
        0.09701206883957528,
        0.03405319647756447,
        0.033311003249719806,
        0.03410421727947859
    ],
    "multiply": [],
    "add": [
        0.00964213436174132,
        0.009285785948372292,
        0.006938829060322153,
        0.006708438251678644,
        0.005331673800026948,
        0.005152303793297573,
        0.004362278563658413,
        0.004362278563658413
    ],
    "squeeze": [],
    "reshape": [],
    "transpose": [],
    "latency": 8.763405481974283,
    "batch_size": 2,
    "model_name": "resnet18",
    "sm_partition": 20
}