{
    "nn.conv2d": [
        0.08729969801267536,
        0.010866245079127737,
        2.8176658224894067,
        0.03358327012970108,
        0.02103529020787507,
        0.033070798070449894,
        2.817573423344168,
        0.03367112851694547,
        0.03315978284727433,
        2.817461981175091,
        0.03362607293374322,
        0.06525625393097562,
        2.8144770135882675,
        0.030922737941608356,
        0.05059516715696417,
        0.029975479504455463,
        2.8152732654223445,
        0.0308675448521856,
        0.02999797209638221,
        2.8157542689727024,
        0.03173373843924881,
        0.030022752667143448,
        2.8155300118472484,
        0.031028618562133632,
        0.05956798655169183,
        2.8120654134973675,
        0.03837496660293451,
        0.08849138298870043,
        0.03670678363487129,
        2.8045139921536473,
        0.03846504256966463,
        0.036907245780446914,
        2.804276323952256,
        0.03846504256966463,
        0.036634694701747704,
        2.804350736063888,
        0.03832987582005788,
        0.036662854441249094,
        2.8043260258924754,
        0.03762591753219715,
        0.037159592246053884,
        2.804230141979473,
        0.03816204377262952,
        0.07271971128842797,
        2.7944102776205435,
        0.03708750331293029,
        0.09742027318980588,
        0.03712354777949208,
        2.775940867676362,
        0.03714720196067326,
        0.036738322543112864,
        2.7757595893533216,
        0.03726205849816461
    ],
    "nn.conv2d_transpose": [],
    "nn.dense": [
        0.00362359527904078
    ],
    "nn.layer_norm": [],
    "nn.relu": [
        0.0035515063459171836,
        0.0018562548282582332,
        0.00184727891129216,
        0.0036122961835658414,
        0.0019013456111348572,
        0.0018776914299536778,
        0.003507541952620615,
        0.0019080687489408177,
        0.0018573812178382893,
        0.003525599385575891,
        0.0035199674376756103,
        0.001048633499357941,
        0.0018653011445730592,
        0.0009956931890953,
        0.0009912228304494518,
        0.0018438997425519914,
        0.0010543006469325988,
        0.0010587710055784468,
        0.0018517492699380081,
        0.0010137154223761988,
        0.0010137154223761988,
        0.0018799442091137898,
        0.0018393589845573902,
        0.0005823082132146761,
        0.0011173432637413688,
        0.0005744234861542828,
        0.0005789642441488844,
        0.001080207607273891,
        0.0005823082132146761,
        0.000576676265314395,
        0.0011399062550168696,
        0.0005778378545688282,
        0.0005879753607893339,
        0.0011162168741613127,
        0.0005732970965742267,
        0.0005744234861542828,
        0.0011613076570379374,
        0.0005732970965742267,
        0.0005744234861542828,
        0.0010768284385337227,
        0.0010452895302921492,
        0.0003919835738595559,
        0.00058118182363462,
        0.0003852252363792188,
        0.00037621411973876923,
        0.0005732970965742267,
        0.00037621411973876923,
        0.0003998331012455725,
        0.0005732970965742267
    ],
    "nn.bias_add": [
        0.0001858542807092722
    ],
    "nn.max_pool2d": [
        0.003294654321989994
    ],
    "nn.adaptive_avg_pool2d": [
        0.0007670713040182691
    ],
    "nn.batch_matmul": [],
    "nn.softmax": [],
    "nn.batch_norm": [
        0.011903473883987612,
        0.006885443504511639,
        0.006741160039241314,
        0.02948307125959902,
        0.01269310817928138,
        0.0068155369511994,
        0.006809940202973496,
        0.012800044790037966,
        0.00683137680466894,
        0.006786250822117939,
        0.012839574024363061,
        0.011784006189152901,
        0.004204636303977893,
        0.05565135398346455,
        0.007181648764392041,
        0.004084042219563127,
        0.004014206065599642,
        0.007203050166413108,
        0.004167430248161662,
        0.0041099491799044185,
        0.007161408951625404,
        0.004106640410513004,
        0.004063732007447738,
        0.007159120972790917,
        0.006764990218794379,
        0.002847301660335801,
        0.0917285210427588,
        0.004428787830409075,
        0.0028225914889233182,
        0.0028068220348025316,
        0.004447971652944407,
        0.0028619447248765316,
        0.0027966845285820256,
        0.004461453128230705,
        0.002831497006540638,
        0.0028034780657367397,
        0.004480601751091661,
        0.0028248442680834304,
        0.0027774655063723167,
        0.004511014269753178,
        0.0028045340559680427,
        0.002803407666387986,
        0.004468211465711042,
        0.00421030345155255,
        0.0022470416131889796,
        0.09984405236804056,
        0.003192012071507373,
        0.002262775867635389,
        0.002219867464570123,
        0.0031356573928301864,
        0.0022312017597194388,
        0.00224464803533136,
        0.0031176703592236637
    ],
    "multiply": [],
    "add": [
        0.004464973095668381,
        0.004463881905762701,
        0.004463881905762701,
        0.0022415152643118284,
        0.0022290897792568336,
        0.0021998036501753725,
        0.0021930805123694126,
        0.0012694058570489552,
        0.001308864692025299,
        0.0012885544799099103,
        0.001311117471185411,
        0.0013347364526922144,
        0.0013167494190856925,
        0.0008312403104070951,
        0.0007985750125854656,
        0.0007929782643595613
    ],
    "squeeze": [],
    "reshape": [],
    "transpose": [],
    "latency": 46.739466985066734,
    "batch_size": 4,
    "model_name": "resnext50_32x4d",
    "sm_partition": 10
}