{
    "nn.conv2d": [
        0.3965877549524505,
        0.03456736828932744,
        0.23032329026953952,
        0.10228942676441513,
        0.10064610733781659,
        0.08666347712903942,
        0.21391982711160096,
        0.10274980846780978,
        0.0876725329173017,
        0.2163983203915202,
        0.10153984246456314,
        0.16006417724110664,
        0.6934807980245888,
        0.14723565459015447,
        0.24283558204399164,
        0.1172522825960756,
        0.3329875091838806,
        0.14394901573695737,
        0.11650179735355558,
        0.31623718309872695,
        0.14443822760573094,
        0.11679009900734479,
        0.3156903108991955,
        0.14319853049443731,
        0.1581613863260978,
        0.9379317702724682,
        0.13172502561629443,
        0.4505857537645033,
        0.20800964320892196,
        0.4488847740071469,
        0.1294177114433126,
        0.20933583081635238,
        0.41466426864503464,
        0.13273408140455673,
        0.2062221729554288,
        0.4148660798026871,
        0.13085921971225872,
        0.20826911469733228,
        0.41509672112571844,
        0.130398838008864,
        0.20616451262467098,
        0.41503815985229253,
        0.12999521569355915,
        0.2588363238292933,
        2.859721764266027,
        0.14123807924867063,
        0.44998032029154594,
        0.3473449315425838,
        0.831201597097031,
        0.14002721230275592,
        0.34529889074334835,
        0.8232742025604955,
        0.1405173251141976
    ],
    "nn.conv2d_transpose": [],
    "nn.dense": [
        0.039756798057533384
    ],
    "nn.layer_norm": [],
    "nn.relu": [
        0.0341349158086436,
        0.00810037552880898,
        0.008215696190324667,
        0.03439438729705391,
        0.008042715198051137,
        0.008013885032672216,
        0.03341326073150247,
        0.00807244630609815,
        0.007898564371156526,
        0.032548355770134804,
        0.018999078984709573,
        0.006111094117663366,
        0.018190933411431666,
        0.005737202910405471,
        0.00588045279463199,
        0.01793236286568946,
        0.005910183902679002,
        0.00588045279463199,
        0.017672891377279162,
        0.005679542579647627,
        0.005765132133116301,
        0.018595456669404667,
        0.007898564371156526,
        0.0052470900989637975,
        0.00899411065555556,
        0.005044377998643252,
        0.0052750193216746285,
        0.008303087629129525,
        0.0052470900989637975,
        0.004872297949037812,
        0.008706709944434433,
        0.004814637618279968,
        0.0052470900989637975,
        0.0085337289521609,
        0.005016448775932422,
        0.004814637618279968,
        0.008303087629129525,
        0.005016448775932422,
        0.005044377998643252,
        0.008504898786781978,
        0.006111094117663366,
        0.004611925517959423,
        0.006083164894952535,
        0.004611925517959423,
        0.004381284194928048,
        0.005852523571921159,
        0.004381284194928048,
        0.004411015302975061,
        0.005679542579647627
    ],
    "nn.bias_add": [
        0.004554265187201579
    ],
    "nn.max_pool2d": [
        0.02433265957981014
    ],
    "nn.adaptive_avg_pool2d": [
        0.008475167678734966
    ],
    "nn.batch_matmul": [],
    "nn.softmax": [],
    "nn.batch_norm": [
        0.12768519869257303,
        0.04883289449588526,
        0.04929237525661183,
        0.1940810695602303,
        0.1403974997393414,
        0.04964104006916316,
        0.048976144380111775,
        0.14036776863129438,
        0.049640139126495085,
        0.048023847979939256,
        0.14013802825093113,
        0.08132358993526223,
        0.042577649551327285,
        0.30481503195266535,
        0.08677249119187845,
        0.04188302275422889,
        0.041855994474186135,
        0.08593641639588973,
        0.04156859376306501,
        0.04222898473877595,
        0.08680222229992549,
        0.042057805631838606,
        0.042404668559053754,
        0.08585172778508914,
        0.050908666403167636,
        0.03963697268267725,
        0.4940859686079561,
        0.054888130168126964,
        0.038858558217446354,
        0.03929101069813019,
        0.05425386652979068,
        0.039146859871235576,
        0.038915317605536105,
        0.05477371044927936,
        0.03857115750632522,
        0.039318939920841005,
        0.0542844985805058,
        0.039176590979282576,
        0.038539624512942024,
        0.0543962154713491,
        0.03882972805206742,
        0.03891261477753183,
        0.054082687422853326,
        0.0444218791929102,
        0.037846799601179815,
        0.48875238801285553,
        0.04467864785331622,
        0.03738461601244897,
        0.037271998178937546,
        0.04511380316200432,
        0.03712874829471103,
        0.036578272324507236,
        0.04398762482689019
    ],
    "multiply": [],
    "add": [
        0.049126601805683026,
        0.04834728639778404,
        0.04877973887846787,
        0.02594624789836167,
        0.025513795417677846,
        0.02643636070980335,
        0.025601186856482702,
        0.012857352816331104,
        0.012770862320194337,
        0.012714102932104584,
        0.012194259012615899,
        0.012714102932104584,
        0.012569952105209977,
        0.007783243709640838,
        0.007437281725093775,
        0.007466111890472697
    ],
    "squeeze": [],
    "reshape": [],
    "transpose": [],
    "latency": 19.995603561401367,
    "batch_size": 4,
    "model_name": "resnet50",
    "sm_partition": 60
}