{
    "nn.conv2d": [
        0.3569693326211303,
        0.20769516986714692,
        0.1942030053798981,
        0.19389044558482665,
        0.19230241391768002,
        0.19214613402014435,
        0.19297881284920174,
        0.2520273814259071,
        0.2967494787707069,
        0.036413216125818326,
        0.2852368596522436,
        0.2890388565344793,
        0.2852108130026542,
        0.2850016258481403,
        0.28870025008981864,
        0.28562755939608275,
        0.6334797507031642,
        0.40492040055720163,
        0.04242917822314315,
        0.374185354041847,
        0.3743676805889721,
        0.37439454119636095,
        0.37449872779471804,
        0.37457605378568626,
        0.374185354041847,
        0.37428954064020414,
        0.37423826129882526,
        0.374185354041847,
        0.3743676805889721,
        0.578885973164026,
        0.7576709899026675,
        0.06175579221839148,
        0.7506383945135611,
        0.7540236450023682,
        0.7513408400946721,
        0.7524877066344002
    ],
    "nn.conv2d_transpose": [],
    "nn.dense": [
        0.008100508022267167
    ],
    "nn.layer_norm": [],
    "nn.relu": [
        0.020211386123484328,
        0.007214921936231529,
        0.0069275948329497435,
        0.0067192216362354775,
        0.006693988944445859,
        0.006693988944445859,
        0.006798175542802993,
        0.005651309003074853,
        0.005521075755128436,
        0.005235376567445983,
        0.005416889156771303,
        0.005208515960057035,
        0.005416889156771303,
        0.005208515960057035,
        0.005208515960057035,
        0.004661536318682081,
        0.004688396926071029,
        0.004453977079767477,
        0.00450525642114638,
        0.004453977079767477,
        0.004609443019503514,
        0.00450525642114638,
        0.004765722917039214,
        0.004427116472378529,
        0.004349790481410344,
        0.004453977079767477,
        0.00448002372935676,
        0.0040893239855175085,
        0.004141417284696075,
        0.003985137387160375,
        0.0040893239855175085,
        0.003906997438392524,
        0.00380281084003539
    ],
    "nn.bias_add": [
        0.003906997438392524
    ],
    "nn.max_pool2d": [
        0.01713869542974854
    ],
    "nn.adaptive_avg_pool2d": [
        0.005990729405535205
    ],
    "nn.batch_matmul": [],
    "nn.softmax": [],
    "nn.batch_norm": [
        0.08248485550246283,
        0.04375267360539861,
        0.043725812998009664,
        0.04221673523743055,
        0.043545114366484006,
        0.042321735793587355,
        0.04396186075991255,
        0.04010777057849825,
        0.06922629690371787,
        0.03870043754287729,
        0.03822915597687118,
        0.039013811295748345,
        0.03859787886011948,
        0.03870043754287729,
        0.03773426963467479,
        0.038671949019889,
        0.037007405319573854,
        0.07318620159908863,
        0.036121819233538216,
        0.0344564615754234,
        0.03505227868477826,
        0.035108441772955155,
        0.03502867390858797,
        0.03523541918970291,
        0.035132860506945106,
        0.034742974720905526,
        0.03481785883847471,
        0.03510762781515549,
        0.03484471944586366,
        0.03588984126063366,
        0.09097769118416857,
        0.03333319981188555,
        0.03354482883979848,
        0.033594480265578056,
        0.033310408993494925,
        0.03351878219020919
    ],
    "multiply": [],
    "add": [
        0.007996321423910033,
        0.00760562168007078,
        0.007630854371860399,
        0.005990729405535205,
        0.005626076311285234,
        0.005626076311285234,
        0.005651309003074853,
        0.00484467682360673,
        0.00448002372935676,
        0.004740490225249596,
        0.004765722917039214,
        0.004557349720324946,
        0.004557349720324946,
        0.004322929874021395,
        0.004270836574842828,
        0.004297697182231777
    ],
    "squeeze": [],
    "reshape": [],
    "transpose": [],
    "latency": 14.686298370361328,
    "batch_size": 2,
    "model_name": "resnet34",
    "sm_partition": 30
}