{
    "nn.conv2d": [
        0.01612623620627717,
        0.005617199530073222,
        1.1326392276932842,
        0.016158568578583592,
        0.00907320849870098,
        0.016499835921880694,
        1.1330128274088875,
        0.01616398552054069,
        0.016407917188046208,
        1.1328232344403895,
        0.016158568578583592,
        0.029939268917437853,
        1.129735577524844,
        0.016689428890379082,
        0.0319978761405708,
        0.02193861492624204,
        1.1295732385455675,
        0.016597510156544596,
        0.021299415775304618,
        1.1295244860679534,
        0.016586676272630402,
        0.021293829553911358,
        1.129448479601118,
        0.016413334130003305,
        0.029598170853576914,
        1.129714079036452,
        0.0238670462629685,
        0.03106057590255689,
        0.024479160704120435,
        1.1264637445827574,
        0.0236014468276346,
        0.0242137305482227,
        1.1262470669044735,
        0.023677284015033953,
        0.024430238947070405,
        1.1264095751631866,
        0.023948131112888793,
        0.02447357448272718,
        1.1262633177303452,
        0.02376412436578366,
        0.02435998798106431,
        1.1263554057436156,
        0.023688287178384306,
        0.04600591876218696,
        1.1234954296697048,
        0.035210122721129195,
        0.06291236388972224,
        0.06777677776719516,
        1.1147089805358577,
        0.03458700511662691,
        0.06739759183019839,
        1.114443719659396,
        0.034917607855445974
    ],
    "nn.conv2d_transpose": [],
    "nn.dense": [
        0.002876396179218401
    ],
    "nn.layer_norm": [],
    "nn.relu": [
        0.0022695294005874,
        0.0014894897587654607,
        0.001419069513323202,
        0.002442871543214497,
        0.001402818687451912,
        0.001381150919623525,
        0.00242120377538611,
        0.0013974017454948153,
        0.001402818687451912,
        0.0023995360075577234,
        0.0021613598408816233,
        0.0011429747529474248,
        0.0014571573864590394,
        0.001056303681633876,
        0.0011213069851190376,
        0.0014138218508022648,
        0.0011265546476399752,
        0.0010779714494622632,
        0.0014084049088451682,
        0.001104886879811588,
        0.0010723852280690072,
        0.0014300726766735552,
        0.0013921540829738776,
        0.000975049552277424,
        0.0011753071252538464,
        0.0008990430854419095,
        0.0009477955630557809,
        0.0010940529958973944,
        0.0008990430854419095,
        0.0008990430854419095,
        0.0010996392172906504,
        0.0009207108532702969,
        0.0008990430854419095,
        0.0011157207637257816,
        0.0008990430854419095,
        0.0008612937711783913,
        0.0010940529958973944,
        0.0008990430854419095,
        0.000969463330884168,
        0.001056303681633876,
        0.0010940529958973944,
        0.0008612937711783913,
        0.0009967173201058113,
        0.0008179582355216168,
        0.0008179582355216168,
        0.0009425479005348432,
        0.0008232058980425543,
        0.00081254129356452,
        0.0008612937711783913
    ],
    "nn.bias_add": [
        0.0008612937711783913
    ],
    "nn.max_pool2d": [
        0.001950099104554848
    ],
    "nn.adaptive_avg_pool2d": [
        0.0013974017454948153
    ],
    "nn.batch_matmul": [],
    "nn.softmax": [],
    "nn.batch_norm": [
        0.01156923378486949,
        0.009370293909160509,
        0.008882599853585638,
        0.01820498768231307,
        0.01214359891175791,
        0.008936938552592765,
        0.008801007165356868,
        0.011764920813069612,
        0.008893433737499831,
        0.008866687586586666,
        0.012013930863659907,
        0.011363728549372131,
        0.007907550301308214,
        0.039889344895443886,
        0.009440883434038925,
        0.00782663473082408,
        0.007810553184388948,
        0.009175791837013501,
        0.00782646545138792,
        0.007739625100638214,
        0.009089120765699954,
        0.007831882393345018,
        0.0077501204256800885,
        0.009191534824576315,
        0.008947772436506957,
        0.007355530059992816,
        0.038204675946786774,
        0.008081231002807629,
        0.007263272767286012,
        0.0072306018361072725,
        0.007994559931494082,
        0.007236188057500528,
        0.007322520569941758,
        0.008053469175277508,
        0.007193021801279913,
        0.007236018778064369,
        0.008069889280584958,
        0.007230601836107272,
        0.007192513962971436,
        0.00815097413050525,
        0.007197930904928532,
        0.007300852802113373,
        0.008238322319563438,
        0.007935142849402176,
        0.007209780465459682,
        0.06973669507904726,
        0.007441862572434049,
        0.006976344122996041,
        0.006911002260638561,
        0.007561712413234815,
        0.007181680079057243,
        0.0070196796586528155,
        0.007442031851870207
    ],
    "multiply": [],
    "add": [
        0.0030983215200232105,
        0.0027788912239906584,
        0.0028383083060825637,
        0.0019011773475048179,
        0.001586994713993203,
        0.0016196656451719432,
        0.0015924116559503,
        0.001213394998389683,
        0.001191727230561296,
        0.0012294765448248143,
        0.0011969748930822336,
        0.0012186426609106208,
        0.0012294765448248143,
        0.0010671375655480697,
        0.0010075512040200049,
        0.0009967173201058113
    ],
    "squeeze": [],
    "reshape": [],
    "transpose": [],
    "latency": 19.518615404764812,
    "batch_size": 1,
    "model_name": "resnext50_32x4d",
    "sm_partition": 30
}