{
    "nn.conv2d": [
        0.5413470712125307,
        0.034521351484770126,
        0.326650819863018,
        0.1330922575764877,
        0.13357107536030288,
        0.1210637241685131,
        0.3106913335227512,
        0.13285409344484997,
        0.11992103424076002,
        0.3111435964208089,
        0.13226905611800469,
        0.21209387254527617,
        0.6395204838580655,
        0.17852849694777656,
        0.33135103464209825,
        0.10640542723036452,
        0.310372674893661,
        0.1780505090041413,
        0.10436070102703585,
        0.29778648888477866,
        0.17592528830336016,
        0.10436070102703585,
        0.2981308725594464,
        0.17733352708868838,
        0.1820602967535261,
        0.864520860721674,
        0.14124543734422484,
        0.5311508249218246,
        0.19823139233967316,
        0.41683204173572047,
        0.14206863880270781,
        0.19621405086228189,
        0.3856566058563973,
        0.14212091873404295,
        0.1966123741486446,
        0.3860009895310651,
        0.14127116238980245,
        0.19655926437712956,
        0.3858682151022775,
        0.1403948511598044,
        0.19602733682179938,
        0.38608065418833776,
        0.142227138277073,
        0.2723734632148363,
        2.70217206491326,
        0.13240183054679228,
        0.5248830420428711,
        0.3197731044518215,
        0.846649422606866,
        0.1307031476984912,
        0.3171184457162499,
        0.8407542379686976,
        0.13144585465952172
    ],
    "nn.conv2d_transpose": [],
    "nn.dense": [
        0.02751003180460612
    ],
    "nn.layer_norm": [],
    "nn.relu": [
        0.02562546475600244,
        0.008815392231315219,
        0.008523288487982549,
        0.025413025669942316,
        0.00876311229998011,
        0.008630337871192531,
        0.025730854458852585,
        0.008523288487982549,
        0.008602953145255094,
        0.025466135441457344,
        0.01404753456572569,
        0.006478562284653855,
        0.015746217414026757,
        0.006160733495743593,
        0.006160733495743593,
        0.015640827711176617,
        0.0062138432672586225,
        0.006505947010591293,
        0.01545494351087401,
        0.006160733495743593,
        0.006239568312836216,
        0.015188564813118931,
        0.00876311229998011,
        0.005178202722715519,
        0.008788837345557703,
        0.004992318522412911,
        0.004964933796475473,
        0.008602953145255094,
        0.00493920875089788,
        0.00493920875089788,
        0.008602953145255094,
        0.004752494710415349,
        0.00493920875089788,
        0.008550673213919986,
        0.0048860989793828484,
        0.00493920875089788,
        0.008630337871192531,
        0.005018043567990503,
        0.004964933796475473,
        0.008390514059194972,
        0.0063466176960461996,
        0.004407281195567648,
        0.00639972746756123,
        0.004275336606959993,
        0.004116007292414899,
        0.006160733495743593,
        0.004275336606959993,
        0.004141732337992492,
        0.006133348769806155
    ],
    "nn.bias_add": [
        0.004141732337992492
    ],
    "nn.max_pool2d": [
        0.02331435985491867
    ],
    "nn.adaptive_avg_pool2d": [
        0.008788837345557703
    ],
    "nn.batch_matmul": [],
    "nn.softmax": [],
    "nn.batch_norm": [
        0.10369267968219834,
        0.049811156799839586,
        0.048989615021716455,
        0.21291292480285953,
        0.10820866994133582,
        0.05015720015486721,
        0.0499970410001422,
        0.1081812852153984,
        0.04946760296535173,
        0.04983854152577703,
        0.1078626265863082,
        0.06874562018512803,
        0.042642167485490316,
        0.3845661958599794,
        0.07161354784693973,
        0.04235006374215766,
        0.04235089358233758,
        0.069675871026821,
        0.04243138807979006,
        0.04264299732567025,
        0.06943687705500337,
        0.0419251855700374,
        0.04218907474725272,
        0.06991652467899849,
        0.05169904320916295,
        0.038794198571190354,
        0.5743232602822853,
        0.0537678347777094,
        0.03759590935138246,
        0.03778262339186499,
        0.05358361025776663,
        0.037439899397557055,
        0.037492179328892164,
        0.052705639347408774,
        0.037649848963077416,
        0.037227460311496936,
        0.05376866461788932,
        0.037491349488712244,
        0.03746479460295473,
        0.053207692656261796,
        0.03772951362034996,
        0.03775523866592756,
        0.0531852869714039,
        0.044687723528998934,
        0.035553672668593536,
        0.563489696733399,
        0.045271931015664284,
        0.0346242516670805,
        0.03552711778283603,
        0.045352425513116745,
        0.03525990924490102,
        0.035155349382230805,
        0.0440221917047012
    ],
    "multiply": [],
    "add": [
        0.03186586290901858,
        0.032237631309623795,
        0.03141442985114082,
        0.018349426058443193,
        0.018189266903718183,
        0.017605059417052843,
        0.018056492474930606,
        0.012161307836762166,
        0.011869204093429498,
        0.011312381332701595,
        0.012134752951004654,
        0.011656765007369374,
        0.011656765007369374,
        0.007992190772832237,
        0.0078063065725296294,
        0.007779751686772113
    ],
    "squeeze": [],
    "reshape": [],
    "transpose": [],
    "latency": 20.20708719889323,
    "batch_size": 2,
    "model_name": "resnet50",
    "sm_partition": 20
}