{
    "nn.conv2d": [
        0.24308350883079727,
        0.16881932355626547,
        0.14945906172471174,
        0.15173437026186262,
        0.15058343264777838,
        0.14978814589731662,
        0.1512407440029553,
        0.26705180606885187,
        0.2759087980581002,
        0.039215006912047504,
        0.2614299514535187,
        0.2616759075929395,
        0.2614573751345692,
        0.26181302599819156,
        0.26195100139347643,
        0.2616759075929395,
        0.6624738631346535,
        0.41856678688231125,
        0.04590724207837935,
        0.38541241348240346,
        0.3852752950771514,
        0.3853027187582019,
        0.38513731968186654,
        0.3853027187582019,
        0.38541241348240346,
        0.38535670913026987,
        0.38535670913026987,
        0.3853292854492194,
        0.38535670913026987,
        0.6017843999800726,
        0.7908706808226208,
        0.06425282771106802,
        0.784344701722657,
        0.7840421842410699,
        0.7842615736894729,
        0.7839607701879513
    ],
    "nn.conv2d_transpose": [],
    "nn.dense": [
        0.010886344386978289
    ],
    "nn.layer_norm": [],
    "nn.relu": [
        0.031783189347387525,
        0.0066905211862661965,
        0.00633401333261092,
        0.006609107133147803,
        0.006417141365794963,
        0.006197751917391717,
        0.0063074466415933405,
        0.00499110995117386,
        0.004798287193788194,
        0.004743439831687383,
        0.0049079819179898175,
        0.004771720502770613,
        0.0049362625890730484,
        0.004881415226972237,
        0.004826567864871426,
        0.0049079819179898175,
        0.004305517924913714,
        0.004305517924913714,
        0.004305517924913714,
        0.004305517924913714,
        0.004332084615931295,
        0.004305517924913714,
        0.004222389891729672,
        0.004305517924913714,
        0.004305517924913714,
        0.004606321426435353,
        0.004524907373316961,
        0.0040852714864776435,
        0.004003857433359251,
        0.004003857433359251,
        0.0038658820380743967,
        0.0038658820380743967,
        0.0039490100712584394
    ],
    "nn.bias_add": [
        0.004277237253830483
    ],
    "nn.max_pool2d": [
        0.021664708029820602
    ],
    "nn.adaptive_avg_pool2d": [
        0.006609107133147803
    ],
    "nn.batch_matmul": [],
    "nn.softmax": [],
    "nn.batch_norm": [
        0.11975321621689246,
        0.04452920210559646,
        0.04825796573841883,
        0.04354452055788032,
        0.04853477351902135,
        0.04282979087050412,
        0.04864361125319016,
        0.039486672752453086,
        0.07206343487023673,
        0.038167765091935126,
        0.037428182693606996,
        0.03800579397573117,
        0.03797665631461511,
        0.038166908101902305,
        0.038112917729834314,
        0.03797665631461511,
        0.03901875619453054,
        0.07776927450878679,
        0.036798295019480495,
        0.036632895943145234,
        0.03633209244162359,
        0.036057855631119524,
        0.03715308889307012,
        0.03630381177054036,
        0.03698597583666921,
        0.036332092441623595,
        0.03660375828202918,
        0.03698768981673485,
        0.03654976790996119,
        0.03693455643469969,
        0.09520987866681206,
        0.034850356674868854,
        0.03509716980432251,
        0.03537140661482656,
        0.034820362023719964,
        0.03487606637585361
    ],
    "multiply": [],
    "add": [
        0.011791325861641682,
        0.01135340395486801,
        0.011379970645885591,
        0.005978362468988469,
        0.0054024651669299486,
        0.005429031857947528,
        0.005182218728493875,
        0.004743439831687383,
        0.004771720502770613,
        0.004826567864871426,
        0.004743439831687383,
        0.004579754735417773,
        0.004524907373316961,
        0.004305517924913714,
        0.004332084615931295,
        0.004305517924913714
    ],
    "squeeze": [],
    "reshape": [],
    "transpose": [],
    "latency": 14.606402715047201,
    "batch_size": 4,
    "model_name": "resnet34",
    "sm_partition": 100
}