{
    "nn.conv2d": [
        0.15284197769177485,
        0.01851319993993619,
        4.9921498627574845,
        0.05883418673916937,
        0.03665408117098758,
        0.05739857271972553,
        4.991949445848999,
        0.05866050664428403,
        0.05756829064970152,
        4.991941365528436,
        0.05856067256782758,
        0.11485511160009362,
        4.986747216917449,
        0.05425682553178978,
        0.0885837431824285,
        0.05262051382051959,
        4.98754982049586,
        0.05404913945461145,
        0.0525356548555316,
        4.9873270345146175,
        0.054886747356081116,
        0.052604540368286545,
        4.987754542748894,
        0.05411506114322162,
        0.10471093989320429,
        4.981449771235479,
        0.0658745170090275,
        0.15591184434466196,
        0.06473441185589478,
        4.967954356770838,
        0.06515867548268582,
        0.06428416017107616,
        4.968335660546605,
        0.06572173967390023,
        0.06426519169654943,
        4.968717931464986,
        0.06575767994142453,
        0.06442489502073087,
        4.968408508224268,
        0.06584154056564798,
        0.06454868927553686,
        4.968782667623938,
        0.06568183724146652,
        0.12803417683496138,
        4.9513527298098525,
        0.0657846663402167,
        0.15975948084944266,
        0.06554606289748575,
        4.917741497694811,
        0.0661051337256419,
        0.06559894375985878,
        4.917946188749696,
        0.06599728172492003
    ],
    "nn.conv2d_transpose": [],
    "nn.dense": [
        0.006006018039620353
    ],
    "nn.layer_norm": [],
    "nn.relu": [
        0.0058732075197843745,
        0.003106805261175998,
        0.003007969525484107,
        0.005867217475196987,
        0.003055921080332098,
        0.0030968530516792448,
        0.0058732075197843745,
        0.003036952605805371,
        0.0030649061472131783,
        0.005902159401956746,
        0.005976036618534524,
        0.0016822041882912726,
        0.003112795305763385,
        0.0016272642480913294,
        0.0016592111525573947,
        0.003048901496831253,
        0.0016682274175873688,
        0.0016812058475267077,
        0.0031107986242342556,
        0.001696180958995176,
        0.0016482294041471853,
        0.0030498998375958182,
        0.0030319609019825488,
        0.000892485445371818,
        0.001788028309335115,
        0.0008835003784907371,
        0.0008835003784907371,
        0.0017790120443051415,
        0.0008904887638426889,
        0.0008904887638426889,
        0.0017949854965381743,
        0.0008894904230781245,
        0.0008935149842852754,
        0.0017640369328366732,
        0.0008835003784907371,
        0.000892485445371818,
        0.0017820070665988351,
        0.000892485445371818,
        0.0008835003784907371,
        0.0017251328411675483,
        0.0016662307360582398,
        0.0005790064452985483,
        0.000897477149194641,
        0.0005640313338300801,
        0.0005650608727435372,
        0.0008835003784907371,
        0.0005560446077135636,
        0.000550085761275069,
        0.0008835003784907371
    ],
    "nn.bias_add": [
        0.0001577066426523068
    ],
    "nn.max_pool2d": [
        0.005600660491058252
    ],
    "nn.adaptive_avg_pool2d": [
        0.0011960122359483349
    ],
    "nn.batch_matmul": [],
    "nn.softmax": [],
    "nn.batch_norm": [
        0.019000234242299224,
        0.010657131670982145,
        0.010494433324507014,
        0.04982609562420562,
        0.020680441749061366,
        0.01047939581674076,
        0.010526317832675295,
        0.0206455310204505,
        0.010479427014889653,
        0.010388546807165387,
        0.02053961330495998,
        0.019116041770988707,
        0.006059741252013484,
        0.09606711836471103,
        0.011031509457693852,
        0.00600976181748747,
        0.0059688922424381095,
        0.011077339538417143,
        0.006114618795915642,
        0.005970920122116131,
        0.01110844409286311,
        0.006154646020944901,
        0.005954884273585313,
        0.011137271182439911,
        0.01045353255130876,
        0.0037614984156880958,
        0.1604631550977162,
        0.00656789670117684,
        0.003776535923454349,
        0.0036956391233757277,
        0.0065699869771526495,
        0.0037964403424478555,
        0.0037266188852261217,
        0.0065060619700716225,
        0.0038144728725078023,
        0.003705591332872481,
        0.006627797147050713,
        0.0037995601573371195,
        0.0037366022928717675,
        0.006576912966206816,
        0.0037685803954867255,
        0.0037176026201961488,
        0.006500071925484236,
        0.006076775441308866,
        0.0027892705017466845,
        0.1628961427391089,
        0.004323657860584617,
        0.0027871802257708766,
        0.0027682429493930435,
        0.004336573894226172,
        0.002772111519855731,
        0.0027512711563954465,
        0.004302692704528762
    ],
    "multiply": [],
    "add": [
        0.007491517899143517,
        0.007474546106145918,
        0.007453612148238956,
        0.0036189540733976137,
        0.003622947436455872,
        0.0036050085008426025,
        0.0036219490956913066,
        0.002108495694760337,
        0.002081540494117094,
        0.0020675325252642973,
        0.0021274329711381706,
        0.0021404425992264027,
        0.0020605441399123453,
        0.00128486456399458,
        0.0012708877932906763,
        0.0012738828155843703
    ],
    "squeeze": [],
    "reshape": [],
    "transpose": [],
    "latency": 82.67335732777913,
    "batch_size": 4,
    "model_name": "resnext50_32x4d",
    "sm_partition": 5
}