{
    "nn.conv2d": [
        0.021685871223954677,
        0.005871871320397542,
        1.8940691087418147,
        0.02296448631818314,
        0.012194098923291789,
        0.023247169312492814,
        1.893780474526572,
        0.02297209065604176,
        0.023298510401016565,
        1.893476726099437,
        0.02267731629221775,
        0.044600527874803356,
        1.8895712137463072,
        0.020989106055691285,
        0.049988697182715446,
        0.024964143783527976,
        1.8874838938519838,
        0.02090748931146955,
        0.024874922701447612,
        1.8875444451633796,
        0.021052585745641533,
        0.024967166625906558,
        1.8871439185482177,
        0.02091353499622671,
        0.03991965645156754,
        1.88730408196237,
        0.02530270212992928,
        0.04445845428300996,
        0.035595480429004504,
        1.8805948833031054,
        0.02560493913587542,
        0.03654465293587958,
        1.8809409987554528,
        0.025443264300533387,
        0.036618665342242694,
        1.8810044312134908,
        0.025679046006062863,
        0.03668823794886228,
        1.880672013015671,
        0.025455355670047718,
        0.03672748766787169,
        1.8810089182451466,
        0.025388853137718888,
        0.04896093077399722,
        1.8759865600969554,
        0.025137909988384336,
        0.09958296066693799,
        0.027353700683797864,
        1.860736320297004,
        0.02500041789207098,
        0.027554719701973637,
        1.8606606547737148,
        0.025139468641485793
    ],
    "nn.conv2d_transpose": [],
    "nn.dense": [
        0.0024862406244723794
    ],
    "nn.layer_norm": [],
    "nn.relu": [
        0.00251646904825821,
        0.0013406305949015753,
        0.0013511633113144504,
        0.0027054439288318145,
        0.0013375605206108266,
        0.0013481404689358672,
        0.0027205109088125645,
        0.0013602318384501994,
        0.0013330734889551177,
        0.0027477164902198117,
        0.0025044249106560426,
        0.0008614628459839991,
        0.0013542333856051989,
        0.0008267001586302942,
        0.0008207017057852936,
        0.0013511633113144504,
        0.0008705786050319136,
        0.0008448844448139578,
        0.0013527219644159072,
        0.0008161202103052536,
        0.000813144599838836,
        0.0013360490994215352,
        0.0013390719418001184,
        0.0005395773645770714,
        0.0008358159176782088,
        0.0005320202586306138,
        0.0005214403103055731,
        0.0008584872355175812,
        0.0005002331817433265,
        0.0005093489407912411,
        0.0008479072871925408,
        0.0005108603619805326,
        0.0005335316798199053,
        0.0008252359693531681,
        0.0005214403103055731,
        0.0005304616055291568,
        0.0008479072871925408,
        0.0005229044995826994,
        0.0005229044995826994,
        0.0008252359693531681,
        0.0008463958660032493,
        0.00037785529732287907,
        0.0005441116281449459,
        0.00035367255829421487,
        0.00034762687353704876,
        0.0005335316798199053,
        0.0003657166958963816,
        0.0003657166958963816,
        0.0005349958690970315
    ],
    "nn.bias_add": [
        0.00023271163123872815
    ],
    "nn.max_pool2d": [
        0.0019043906985073105
    ],
    "nn.adaptive_avg_pool2d": [
        0.000668000933754685
    ],
    "nn.batch_matmul": [],
    "nn.softmax": [],
    "nn.batch_norm": [
        0.00909700797878481,
        0.005734095832611187,
        0.005593580893919241,
        0.018717062152888816,
        0.009680416557851339,
        0.0056659401833565725,
        0.005611717948190738,
        0.009595729739338846,
        0.005640246023138617,
        0.005560329627754828,
        0.009746871858267997,
        0.009174137691350844,
        0.004079089630336976,
        0.054430527898482385,
        0.006246514847693176,
        0.00402316704633319,
        0.004015657172298898,
        0.00592736881719184,
        0.004071532524390518,
        0.004062416765342604,
        0.005894306478676088,
        0.004024536771785985,
        0.0040292127310903566,
        0.005907862037467545,
        0.005670616142660943,
        0.0030014463223721247,
        0.04785282288268572,
        0.004257390098761209,
        0.0029591737609841275,
        0.002928945337198297,
        0.004263435783518376,
        0.0029258280309953835,
        0.0029364079793204245,
        0.00420444312522384,
        0.0029244583055425886,
        0.002990960837871415,
        0.00420302616785888,
        0.002947082391469796,
        0.002938013864334047,
        0.004208977388791716,
        0.0029424536640775905,
        0.002939478053611173,
        0.004210630505717504,
        0.004066951028910478,
        0.0024256893130763877,
        0.10208724388185751,
        0.0031587758217949385,
        0.002389415204533391,
        0.0023486068324225207,
        0.0030846689516074886,
        0.0023953664254662273,
        0.002366554959045357,
        0.003065067708058865
    ],
    "multiply": [],
    "add": [
        0.00326462253695751,
        0.003225325586035931,
        0.003276713906471842,
        0.0018968335925608534,
        0.0015884564380332184,
        0.0015854335956546354,
        0.0015854335956546354,
        0.0009824237730394858,
        0.0009702851716129881,
        0.0009702851716129881,
        0.000959752455200113,
        0.0009718438247144452,
        0.0009581938020986559,
        0.0007042750422976813,
        0.0006604910597203927,
        0.0006604910597203927
    ],
    "squeeze": [],
    "reshape": [],
    "transpose": [],
    "latency": 31.504333813985188,
    "batch_size": 1,
    "model_name": "resnext50_32x4d",
    "sm_partition": 5
}