{
    "nn.conv2d": [
        0.0384223759547865,
        0.0057542780419382175,
        1.1658167312966827,
        0.015156569337071825,
        0.00993590630833701,
        0.015394003139773158,
        1.1658223179743934,
        0.01536886309007537,
        0.01536886309007537,
        1.1657942972940012,
        0.015100789851804856,
        0.02845006894949123,
        1.163691000427792,
        0.015502943355130241,
        0.02366237344332944,
        0.015237576163875811,
        1.1647245358042566,
        0.015447163869863273,
        0.015181796678608838,
        1.1646602890105846,
        0.017399707729724833,
        0.015243162841586427,
        1.1647579685786813,
        0.015835437970751338,
        0.02944179153496544,
        1.163308313004615,
        0.01849748989986159,
        0.04408447381449949,
        0.024737808902623715,
        1.1606266204116777,
        0.01838296300679389,
        0.024651215398109112,
        1.160473074066475,
        0.0185923761291029,
        0.024729341594218565,
        1.1605344402294528,
        0.018698610297443897,
        0.024665094800546437,
        1.1607384412577297,
        0.01847514318901911,
        0.024561828554739193,
        1.1605736342652664,
        0.01838854968450451,
        0.035578757000081104,
        1.1562914458000766,
        0.023201472532203317,
        0.04376873923201025,
        0.03583286354407507,
        1.1490762515368111,
        0.02315110514096851,
        0.035592636402518425,
        1.1488890978335053,
        0.022748864345803903
    ],
    "nn.conv2d_transpose": [],
    "nn.dense": [
        0.0025334710499267735
    ],
    "nn.layer_norm": [],
    "nn.relu": [
        0.00212564357705154,
        0.0011871690135066711,
        0.001142475591821714,
        0.00213402359361747,
        0.0011676156415195023,
        0.0011983423689279104,
        0.002055897397508023,
        0.001120041589140007,
        0.001120041589140007,
        0.002120144191180149,
        0.00212564357705154,
        0.0007597881686442696,
        0.001251415807178797,
        0.0007233874716860135,
        0.0007150074551200841,
        0.0012402424517575577,
        0.0007233874716860135,
        0.0007317674882519428,
        0.001217895740915079,
        0.0007345608271072527,
        0.0007205941328307039,
        0.001256915193050188,
        0.00107814150631036,
        0.0006116539174736209,
        0.000782134879486748,
        0.0005809271900652129,
        0.0005809271900652129,
        0.0007205941328307039,
        0.0005697538346439738,
        0.0005585804792227344,
        0.0007317674882519428,
        0.0005809271900652129,
        0.0005641671569333541,
        0.0007233874716860135,
        0.0005782211430491316,
        0.0006201212258787789,
        0.0007233874716860135,
        0.0005585804792227344,
        0.0005809271900652129,
        0.0007290614412358616,
        0.0007205941328307039,
        0.0004999203632612284,
        0.0005809271900652129,
        0.0005251477047982452,
        0.00048045428311328813,
        0.0005585804792227344,
        0.00048045428311328813,
        0.0005110937186824676,
        0.0005809271900652129
    ],
    "nn.bias_add": [
        0.0004412602472997222
    ],
    "nn.max_pool2d": [
        0.0018212569336619993
    ],
    "nn.adaptive_avg_pool2d": [
        0.0008071876373453078
    ],
    "nn.batch_matmul": [],
    "nn.softmax": [],
    "nn.batch_norm": [
        0.00876209294623229,
        0.006025057327224812,
        0.005778807048761406,
        0.016709578448784852,
        0.009407616097326542,
        0.005843228426111989,
        0.00580700231283219,
        0.009563955781384663,
        0.005834586534028375,
        0.005728614241205059,
        0.009469069552143359,
        0.008862653145023443,
        0.004650385443055471,
        0.028530552025259847,
        0.006315128108980892,
        0.004608310776547366,
        0.004600018051820666,
        0.006206362477302265,
        0.004571997371428339,
        0.0046113659909203615,
        0.00629016264296156,
        0.004591638035254736,
        0.004544325858392926,
        0.006186721813475868,
        0.005848640520144153,
        0.0041837232705402745,
        0.048282600238512455,
        0.004994140705937034,
        0.0041363238018392355,
        0.004152996543131867,
        0.004979999427982028,
        0.004133355879305469,
        0.004147584449099705,
        0.0049660327337054805,
        0.004175692421331259,
        0.004125237738257226,
        0.004960358764155631,
        0.00419236516262389,
        0.0042147991653055964,
        0.004949272700573621,
        0.00418398514605796,
        0.004133617754823155,
        0.005010813447229664,
        0.004759412950251782,
        0.0038011231392020583,
        0.04764292564064651,
        0.004334563568727004,
        0.0038405790505333095,
        0.0038375238361603144,
        0.004384930959961809,
        0.0038629257613757876,
        0.003742550315079781,
        0.004231384614758998
    ],
    "multiply": [],
    "add": [
        0.002921832442654066,
        0.0028463250017214726,
        0.0027458520947695473,
        0.0015502157728577185,
        0.0015195763372885392,
        0.0015195763372885392,
        0.0015055223511727617,
        0.001036328715319941,
        0.000988754662940446,
        0.0009999280183616852,
        0.001008395326766843,
        0.0009832552770690545,
        0.0009832552770690545,
        0.0007067147303933831,
        0.0006871613584062144,
        0.0006676079864190456
    ],
    "squeeze": [],
    "reshape": [],
    "transpose": [],
    "latency": 19.716973304748535,
    "batch_size": 2,
    "model_name": "resnext50_32x4d",
    "sm_partition": 30
}