{
    "nn.conv2d": [
        0.28993401595248525,
        0.03289836025975324,
        0.20119742969577978,
        0.08087116760089683,
        0.08690053682956515,
        0.06874689252150944,
        0.18104389440545687,
        0.07687343365580152,
        0.06697740372613939,
        0.1800618690844153,
        0.08359196142572219,
        0.12383042335515859,
        0.7172645360246328,
        0.10489033958249397,
        0.22357818612610839,
        0.11963710355363061,
        0.3312210638347335,
        0.10220436208813308,
        0.11862128591184411,
        0.3143136393553615,
        0.10266311844248828,
        0.11884964007930215,
        0.3140514928671585,
        0.10168006911172714,
        0.13530035622375805,
        1.0578593848320617,
        0.11052751308857739,
        0.4050490925846146,
        0.18189689450183605,
        0.5007325607786988,
        0.10954446375781624,
        0.18012740570646602,
        0.4623936368790144,
        0.11010050103552801,
        0.17986525921826305,
        0.4618355515818635,
        0.1088880735275893,
        0.17996254014161964,
        0.4621642587018368,
        0.10947892713576551,
        0.17953757610800936,
        0.4619338565149397,
        0.10915022001579225,
        0.24563023543646373,
        3.2632977900836515,
        0.11780105412649028,
        0.38895882786143776,
        0.38922097434964076,
        0.9466109689009261,
        0.11603156533112022,
        0.3888605229283616,
        0.9395985503414966,
        0.1154099914313577
    ],
    "nn.conv2d_transpose": [],
    "nn.dense": [
        0.03846897313406636
    ],
    "nn.layer_norm": [],
    "nn.relu": [
        0.03755146042535596,
        0.007733321401987626,
        0.0073063093489382554,
        0.03742038718125448,
        0.008028236201215967,
        0.0077978340143188265,
        0.03670050834841586,
        0.007502919215090483,
        0.007405638291733913,
        0.037027167448950016,
        0.019824828170349633,
        0.005864503663821919,
        0.019987645715756945,
        0.005667893797669692,
        0.0059955769079234065,
        0.01920120625114804,
        0.005636149496363862,
        0.005667893797669692,
        0.019300535193943695,
        0.005636149496363862,
        0.005767222740465348,
        0.019038388705740723,
        0.008061004512241338,
        0.005667893797669692,
        0.008092748813547167,
        0.00553784456328775,
        0.005110832510238379,
        0.0077978340143188265,
        0.005210161453034036,
        0.005144624830983294,
        0.007405638291733913,
        0.0057016861184146055,
        0.0051763691322891225,
        0.007633992459191969,
        0.0054067713191862645,
        0.0054067713191862645,
        0.0073063093489382554,
        0.005275698075084779,
        0.005144624830983294,
        0.008061004512241338,
        0.005864503663821919,
        0.0050135515868818085,
        0.005864503663821919,
        0.004653100165602724,
        0.004750381088959295,
        0.005898295984566833,
        0.004653100165602724,
        0.004684844466908553,
        0.0059955769079234065
    ],
    "nn.bias_add": [
        0.0053412346971355214
    ],
    "nn.max_pool2d": [
        0.025100526245434417
    ],
    "nn.adaptive_avg_pool2d": [
        0.008650834110698022
    ],
    "nn.batch_matmul": [],
    "nn.softmax": [],
    "nn.batch_norm": [
        0.1415857278823121,
        0.052653555769173965,
        0.05052259154280529,
        0.1905405605444973,
        0.15557984470958475,
        0.053769726363475684,
        0.05196439722792162,
        0.15567814964266086,
        0.052260336036869505,
        0.05150871290272506,
        0.15515283265653537,
        0.0878456978007032,
        0.044590503237493535,
        0.2929097881974768,
        0.0949594933223674,
        0.04472157648159502,
        0.044260772107800744,
        0.09410342119682956,
        0.04413072287341881,
        0.04475434479262039,
        0.0942355184506506,
        0.04446250202255068,
        0.044233123845373076,
        0.09413823752729403,
        0.055963155182736465,
        0.044984746979517536,
        0.4531785734128482,
        0.05878327795035748,
        0.04364227023719685,
        0.042952087686224966,
        0.05877815790175976,
        0.042986904016689434,
        0.043181465863402574,
        0.05940689986955908,
        0.043705758839808505,
        0.04367401453850269,
        0.05969874263962879,
        0.043184537892561194,
        0.042985880006969894,
        0.05996191313755131,
        0.04344566037104463,
        0.04337909973927434,
        0.05858359605504661,
        0.04777005341667409,
        0.043119001270510465,
        0.43138969460041543,
        0.04914734648945923,
        0.0414140250874716,
        0.04174068418800578,
        0.04832813871382495,
        0.041706891867260856,
        0.040919428392932417,
        0.04754272325893558
    ],
    "multiply": [],
    "add": [
        0.05367449345955818,
        0.05360895683750744,
        0.053215737105203,
        0.028410125658996917,
        0.02854017489337886,
        0.028311820725920804,
        0.028901650324377484,
        0.013597825065809546,
        0.013466751821708062,
        0.013566080764503715,
        0.014581898406290228,
        0.013859971554012515,
        0.013139068711454347,
        0.00786337063636957,
        0.007502919215090483,
        0.007766089713012998
    ],
    "squeeze": [],
    "reshape": [],
    "transpose": [],
    "latency": 20.398993492126465,
    "batch_size": 4,
    "model_name": "resnet50",
    "sm_partition": 100
}