{
    "nn.conv2d": [
        0.27262229494332035,
        0.1900382707996055,
        0.17135515649965039,
        0.16897349197302772,
        0.16946934988786433,
        0.29940925477542013,
        0.31243011631687045,
        0.04457115042679549,
        0.2965636296267281,
        0.29684103941534035,
        0.7478735920676531,
        0.47320793721796905,
        0.052395653001069194,
        0.43504040996035986,
        0.4355652654140758,
        0.6793002121258033,
        0.8933097817323252,
        0.07246968258260303,
        0.8865978180663886,
        0.8859482731954915
    ],
    "nn.conv2d_transpose": [],
    "nn.dense": [
        0.012402247378691292
    ],
    "nn.layer_norm": [],
    "nn.relu": [
        0.03553938365051216,
        0.007114062871730022,
        0.007422403368480279,
        0.0070522014554541095,
        0.007114062871730022,
        0.005721214420892663,
        0.0053200817997285385,
        0.005505666048556278,
        0.005473768755789011,
        0.005195392382547402,
        0.004979844010211016,
        0.004824223884891922,
        0.004794259761383276,
        0.004577744804417579,
        0.004298401846546659,
        0.004298401846546659,
        0.004298401846546659
    ],
    "nn.bias_add": [
        0.004979844010211016
    ],
    "nn.max_pool2d": [
        0.02434150071994255
    ],
    "nn.adaptive_avg_pool2d": [
        0.007237785704281849
    ],
    "nn.batch_matmul": [],
    "nn.softmax": [],
    "nn.batch_norm": [
        0.13392706648346425,
        0.04926778514061834,
        0.05468162564939006,
        0.04917402643157517,
        0.0544941082313037,
        0.045276757206192626,
        0.08093986368925661,
        0.0432362970537168,
        0.04212472473000897,
        0.043048779635630446,
        0.043112574221164976,
        0.08886005814183212,
        0.04097932194427528,
        0.04100638631389599,
        0.04203193260559512,
        0.04104021677592188,
        0.10741654985534747,
        0.03930809712019631,
        0.03927523324279973,
        0.038845103082756266
    ],
    "multiply": [],
    "add": [
        0.01364044228883887,
        0.012742485168208818,
        0.006772858497583188,
        0.0059686600859963175,
        0.005567527464832192,
        0.005691250297384019,
        0.005165428259038756,
        0.004577744804417579
    ],
    "squeeze": [],
    "reshape": [],
    "transpose": [],
    "latency": 8.918747901916504,
    "batch_size": 4,
    "model_name": "resnet18",
    "sm_partition": 100
}