{
    "nn.conv2d": [
        0.04577150569996066,
        0.007735148416069598,
        1.0849507302347692,
        0.017965305159380263,
        0.012689974544074422,
        0.018381365460885035,
        1.0848121336997203,
        0.017618813821757548,
        0.018233835946037863,
        1.0847774845659577,
        0.01759309766779336,
        0.03252660362297487,
        1.0827938216580677,
        0.01996656333050896,
        0.027355491105313354,
        0.027875228111747436,
        1.084041461169867,
        0.019160970970536147,
        0.027320841971551088,
        1.083720956682566,
        0.01906541515633238,
        0.027433180959920953,
        1.0839548383354614,
        0.019013441455688975,
        0.03507331495450182,
        1.0831836244128934,
        0.033323533699507114,
        0.08287179497955535,
        0.04814470066631875,
        1.0809747421355487,
        0.032890690223836234,
        0.047677208056885585,
        1.0809574175686674,
        0.03282978354339474,
        0.04759924750592049,
        1.0809227684349052,
        0.032882027940395665,
        0.04760763909300355,
        1.0808881193011428,
        0.03282112125995417,
        0.047555665392360134,
        1.0807497934624515,
        0.032899352507276804,
        0.06358116045376823,
        1.079060377495183,
        0.05633055851765539,
        0.08605085300224379,
        0.1095083165593016,
        1.0732655805698008,
        0.05490128174996169,
        0.1090841353670713,
        1.0713252290791135,
        0.05525643537102498
    ],
    "nn.conv2d_transpose": [],
    "nn.dense": [
        0.006115572109040921
    ],
    "nn.layer_norm": [],
    "nn.relu": [
        0.005283722202388887,
        0.0020442988919740193,
        0.0019140939440079833,
        0.005136463383899234,
        0.001983392211532527,
        0.0018967693771268475,
        0.005006529132290715,
        0.001983392211532527,
        0.0019314185108891188,
        0.005136463383899234,
        0.0050501112458510725,
        0.0015938601530644894,
        0.0020442988919740193,
        0.0014723174885390214,
        0.001584927173266404,
        0.0019660676446513906,
        0.0015502780395041324,
        0.0015329534726229968,
        0.0020702857422957226,
        0.0014812504683371075,
        0.0014723174885390214,
        0.002000716778413662,
        0.0021133264631410446,
        0.0014723174885390214,
        0.0015676026063852681,
        0.001351045520371071,
        0.0013856946541333428,
        0.0014812504683371075,
        0.001359978500169157,
        0.001351045520371071,
        0.0015329534726229968,
        0.0014376683547767499,
        0.0013856946541333428,
        0.0014723174885390214,
        0.0013773030670502925,
        0.0014030192210144786,
        0.0014899127517776745,
        0.0014119522008125642,
        0.0013773030670502925,
        0.0014812504683371075,
        0.0015072373186588107,
        0.001290409536287096,
        0.001454992921657886,
        0.0012730849694059605,
        0.0012557604025248247,
        0.001351045520371071,
        0.0012211112687625532,
        0.0012300442485606387,
        0.001359978500169157
    ],
    "nn.bias_add": [
        0.0014119522008125642
    ],
    "nn.max_pool2d": [
        0.0034909002265488547
    ],
    "nn.adaptive_avg_pool2d": [
        0.002096001896259909
    ],
    "nn.batch_matmul": [],
    "nn.softmax": [],
    "nn.batch_norm": [
        0.023447447791829654,
        0.014152817660100325,
        0.013624147673868164,
        0.030974701405325624,
        0.024954685110488466,
        0.013858029326763499,
        0.013633080653666252,
        0.025292243468313096,
        0.013789001755596473,
        0.01363335135002377,
        0.025058361815417766,
        0.02264212612821436,
        0.011987246799958355,
        0.03947294285323775,
        0.015252656960694928,
        0.011744432167264937,
        0.01197912590923282,
        0.015418052435138269,
        0.011779351997384724,
        0.011899541180122606,
        0.01508780287896662,
        0.012013775042995093,
        0.011553591235214926,
        0.015140047275967544,
        0.013832313172799314,
        0.011857583244707353,
        0.09401013800233807,
        0.012705945629167967,
        0.01140660311308279,
        0.011622618806381949,
        0.012472334672630156,
        0.011484834360405418,
        0.011805880240421463,
        0.012619864187477325,
        0.011718445316943231,
        0.011813459738431962,
        0.012593606640798104,
        0.011623701591812021,
        0.011848920961266786,
        0.012792297767216132,
        0.011744973559979973,
        0.011501888230929036,
        0.012402765708748096,
        0.012152100881686662,
        0.011363562392237464,
        0.09689440769168965,
        0.011762027430503587,
        0.011025462641697802,
        0.010999746487733617,
        0.012142626509173539,
        0.011450185226643145,
        0.011051449492019505,
        0.01190008257283764
    ],
    "multiply": [],
    "add": [
        0.0077527436793082515,
        0.007562173443615758,
        0.007657187865104487,
        0.0037245111830866698,
        0.0035428739271922624,
        0.0035515362106328303,
        0.003629226065240423,
        0.0021479755969033157,
        0.0019750006244494763,
        0.002009649758211748,
        0.0019403514906872047,
        0.0020702857422957226,
        0.001983392211532527,
        0.0016195763070286752,
        0.0016111847199456251,
        0.0016111847199456251
    ],
    "squeeze": [],
    "reshape": [],
    "transpose": [],
    "latency": 19.60434913635254,
    "batch_size": 2,
    "model_name": "resnext50_32x4d",
    "sm_partition": 100
}