{
    "nn.conv2d": [
        0.1930911029066375,
        0.025308681570790404,
        0.19439089342732546,
        0.04949922737248209,
        0.04986140858527794,
        0.05404849419488977,
        0.16890055710494584,
        0.04986140858527794,
        0.05249709491889509,
        0.16864669176887398,
        0.04888543740437946,
        0.07672374601282811,
        0.7839169768533935,
        0.07751806244213737,
        0.11405661819036422,
        0.11405661819036422,
        0.35693691909779696,
        0.07621827192144948,
        0.11257517291808712,
        0.33816216713230496,
        0.07578388012417096,
        0.11264851179295232,
        0.3386315359314422,
        0.07730143068868942,
        0.11549970158963492,
        1.1665619923174007,
        0.11221411999567381,
        0.3455637520417778,
        0.19969724309641856,
        0.5490892844061599,
        0.11095156305760977,
        0.19731429380849067,
        0.5064489342691482,
        0.112720722377435,
        0.197242083224008,
        0.505942331887387,
        0.11261240650071101,
        0.19720710622214924,
        0.5057618054261803,
        0.11080714188864445,
        0.19716987263952535,
        0.5057268284243215,
        0.11069882601192046,
        0.20067208598693442,
        3.5819699379701944,
        0.12842652450241393,
        0.360474109447065,
        0.42604244844770434,
        1.0365829402486095,
        0.12600746992224476,
        0.4227196332711193,
        1.0279176701106898,
        0.12643960513875818
    ],
    "nn.conv2d_transpose": [],
    "nn.dense": [
        0.025886366246651693
    ],
    "nn.layer_norm": [],
    "nn.relu": [
        0.021445415300968003,
        0.006678350774263669,
        0.006426742018956894,
        0.0210493853766959,
        0.00621011026550891,
        0.006860005525852867,
        0.022311942314759938,
        0.006354531434474233,
        0.0064617190208156846,
        0.021481520593209333,
        0.008664141847536867,
        0.0061740049732675805,
        0.009026323060332719,
        0.00584792905271306,
        0.005596320297406286,
        0.008845796599126063,
        0.005812952050854271,
        0.005631297299265074,
        0.008736352432019529,
        0.005775718468230397,
        0.005920139637195721,
        0.008483615386330214,
        0.0064617190208156846,
        0.005343583251716968,
        0.006715584356887543,
        0.005992350221678384,
        0.005054740913786323,
        0.006354531434474233,
        0.0050897179156451115,
        0.005378560253575759,
        0.00621011026550891,
        0.005271372667234307,
        0.005306349669093097,
        0.0066061401897810085,
        0.005054740913786323,
        0.005017507331162451,
        0.006389508436333023,
        0.005054740913786323,
        0.0052341390846104355,
        0.00621011026550891,
        0.005920139637195721,
        0.005378560253575759,
        0.005920139637195721,
        0.005054740913786323,
        0.005017507331162451,
        0.005920139637195721,
        0.005054740913786323,
        0.004838109160338337,
        0.005596320297406286
    ],
    "nn.bias_add": [
        0.00584792905271306
    ],
    "nn.max_pool2d": [
        0.014729830944080455
    ],
    "nn.adaptive_avg_pool2d": [
        0.008916878893226184
    ],
    "nn.batch_matmul": [],
    "nn.softmax": [],
    "nn.batch_norm": [
        0.09762419705902853,
        0.05025179705763733,
        0.049638007089534704,
        0.12571411442278393,
        0.10524015714118425,
        0.049170894871162475,
        0.04996182642932414,
        0.10372599144781344,
        0.05018297134430229,
        0.04949358592056938,
        0.10307722447785202,
        0.06126278290086071,
        0.04851761473967091,
        0.16629646290203984,
        0.0645833414966806,
        0.04779550889484428,
        0.047435584262813524,
        0.06415007798978463,
        0.04772555489112671,
        0.0473645019687134,
        0.06303194222068592,
        0.04858982532415356,
        0.04808773610392256,
        0.06404289040344319,
        0.052562535761082496,
        0.04584469482342987,
        0.39227835875014727,
        0.05310411514470245,
        0.04656905724902158,
        0.04577586911009484,
        0.05234590400763451,
        0.04501652968264436,
        0.04620687603622573,
        0.05259976934370637,
        0.04602973444616669,
        0.04588305669643629,
        0.05288635510087194,
        0.04591916198867762,
        0.04559534264888819,
        0.05357799710536994,
        0.0468217942947109,
        0.04541481618768153,
        0.05292810184502597,
        0.050902820608363826,
        0.04656905724902157,
        0.4067204756466796,
        0.05007352717719576,
        0.04577248423894721,
        0.046135793742125605,
        0.04996182642932414,
        0.046281343201473465,
        0.045308756891722625,
        0.0503973465169852
    ],
    "multiply": [],
    "add": [
        0.032782477064745894,
        0.031844867756853835,
        0.031446581251816645,
        0.01566856854235506,
        0.015163094450976427,
        0.014729830944080455,
        0.015018673282011102,
        0.008556954261195416,
        0.008483615386330214,
        0.008411404801847551,
        0.008773586014643401,
        0.008448638384471425,
        0.008159796046540777,
        0.007508772495814281,
        0.0064617190208156846,
        0.006750561358746332
    ],
    "squeeze": [],
    "reshape": [],
    "transpose": [],
    "latency": 20.39068380991618,
    "batch_size": 2,
    "model_name": "resnet50",
    "sm_partition": 100
}