{
    "nn.conv2d": [
        1.2212967358489264,
        0.5466502997235213,
        0.5400085175584011,
        0.5409568494017691,
        0.571446286473304,
        0.5406089465264533,
        0.5409252218676494,
        0.5794796801396874,
        0.6621535601481551,
        0.0725688828572487,
        0.6355552981337746,
        0.6602089609800189,
        0.6336576460865975,
        0.6568564423633392,
        0.6344957757407674,
        0.6321395244488556,
        0.8132387848178029,
        0.6196619680584449,
        0.06246388570602994,
        0.6023147597740536,
        0.6922155313288543,
        0.6025045249787713,
        0.6052244929130586,
        0.605872857362511,
        0.6029942575774048,
        0.5798750243161827,
        0.6015077634737827,
        0.60761237173909,
        0.5985980303347775,
        0.5999105730007418,
        0.7257570254429324,
        0.07400793565969144,
        0.7242858509261495,
        0.7257723450297716,
        0.7280969687875638,
        0.7259784181817698
    ],
    "nn.conv2d_transpose": [],
    "nn.dense": [
        0.01562350767487193
    ],
    "nn.layer_norm": [],
    "nn.relu": [
        0.048864540214813734,
        0.014263523707728243,
        0.014026811382051708,
        0.01418494905264981,
        0.014121199804189952,
        0.014089572270070329,
        0.013994689667711467,
        0.009124543593510524,
        0.008776146537974079,
        0.008745013184075081,
        0.008649636401495598,
        0.00871338564995546,
        0.008681263935615219,
        0.008934284208572183,
        0.00876082695113489,
        0.005629701073292455,
        0.005392494567395302,
        0.005408308334455113,
        0.0052971177848158205,
        0.0056608344271914576,
        0.005503190936813973,
        0.005534324290712975,
        0.00531293155187563,
        0.005439935868574732,
        0.005392494567395302,
        0.005503190936813973,
        0.005503190936813973,
        0.004032016420031,
        0.003874372929653516,
        0.0041273932026104805,
        0.0039213200506123275,
        0.003858064982373087,
        0.003858064982373087
    ],
    "nn.bias_add": [
        0.002419506360150971
    ],
    "nn.max_pool2d": [
        0.04394596447899212
    ],
    "nn.adaptive_avg_pool2d": [
        0.005155288061498148
    ],
    "nn.batch_matmul": [],
    "nn.softmax": [],
    "nn.batch_norm": [
        0.1679076135597417,
        0.058902823036248914,
        0.061133058371902776,
        0.0585865476950527,
        0.06088003809894582,
        0.05842890420467523,
        0.06076884754930652,
        0.044783599952941434,
        0.10732457777338797,
        0.04455924213278038,
        0.043436958851754484,
        0.04508208480619536,
        0.04315329940511913,
        0.04484339575963635,
        0.043341582069174996,
        0.04519278117561403,
        0.03299937841205908,
        0.08841081818963427,
        0.032130115403990134,
        0.03143480383357909,
        0.03182915964963312,
        0.03171796909999383,
        0.032019419034571464,
        0.03168584738565358,
        0.03227342766796966,
        0.031765904581393875,
        0.032065377795089035,
        0.03164087698557724,
        0.03205104656869108,
        0.027021774463450797,
        0.09562436687001084,
        0.026264690365462383,
        0.02594841502426618,
        0.02651721645819872,
        0.025314381801211906,
        0.02618463316972209
    ],
    "multiply": [],
    "add": [
        0.016825353971417507,
        0.016683524248099834,
        0.016603961232580164,
        0.009993806601579471,
        0.010120316738057952,
        0.010136130505117762,
        0.010104502970998143,
        0.006214316274284816,
        0.005977109768387664,
        0.0061199278521465745,
        0.006183182920385815,
        0.006103619904866144,
        0.006230624221565246,
        0.004317158407328203,
        0.004554364913225357,
        0.004680875049703839
    ],
    "squeeze": [],
    "reshape": [],
    "transpose": [],
    "latency": 23.341819445292156,
    "batch_size": 2,
    "model_name": "resnet34",
    "sm_partition": 5
}