{
    "nn.conv2d": [
        0.3746894280398889,
        0.32711116431639914,
        0.11992097131018621,
        0.11220063473339673,
        0.11898541387400131,
        0.10719686011720085,
        0.10872343542383688,
        0.140275308732,
        0.13484483511516457,
        0.045879418633986785,
        0.19624708633763613,
        0.12008794048434956,
        0.114066448997063,
        0.11372721004003275,
        0.11449314799770255,
        0.1136424003007752,
        0.22669643303545112,
        0.15553841149400857,
        0.05343013573226119,
        0.1493499508325587,
        0.2113458702298332,
        0.15384221670885742,
        0.1473966765252831,
        0.15206386248880052,
        0.1479081852651802,
        0.1499409687030098,
        0.15019539792078246,
        0.14858401287488887,
        0.1462941499149348,
        0.22779630934144754,
        0.25281783272677877,
        0.05826164056559017,
        0.2389938452277969,
        0.24102662866562655,
        0.2496798723742491,
        0.2422166153195841
    ],
    "nn.conv2d_transpose": [],
    "nn.dense": [
        0.03392124539867119
    ],
    "nn.layer_norm": [],
    "nn.relu": [
        0.0380795729266433,
        0.03612894892371948,
        0.03612894892371948,
        0.027647974997963735,
        0.030444046089111332,
        0.031037714263914228,
        0.02908709026099041,
        0.02510368282023701,
        0.026375828909100372,
        0.02230231112038581,
        0.02238977116399517,
        0.02170864294558291,
        0.024931413037370096,
        0.021878262424098027,
        0.02221750138112825,
        0.020099908204041114,
        0.0233200279914765,
        0.03655034731565547,
        0.0233200279914765,
        0.021284594249295127,
        0.020945355292264888,
        0.020521306595977108,
        0.019927638421174204,
        0.020863195857359136,
        0.02221750138112825,
        0.02162383320632535,
        0.024931413037370096,
        0.022474580903252727,
        0.022980789034446267,
        0.01984547898626845,
        0.020521306595977108,
        0.022050532206964936,
        0.023492297774343418
    ],
    "nn.bias_add": [
        0.026542798083263687
    ],
    "nn.max_pool2d": [
        0.03892767031921887
    ],
    "nn.adaptive_avg_pool2d": [
        0.035871869401595
    ],
    "nn.batch_matmul": [],
    "nn.softmax": [],
    "nn.batch_norm": [
        0.3220914878740925,
        0.2988642205349289,
        0.30690789424263787,
        0.2478034568931757,
        0.24177666479718551,
        0.23405897852474783,
        0.2225275042900718,
        0.2461046118036727,
        0.2419462842757006,
        0.22142762798407534,
        0.22659572147008275,
        0.19496433903136562,
        0.1959794055981045,
        0.19386446272536914,
        0.2005617818223644,
        0.19615697598967496,
        0.20616187491771495,
        0.2243986191624416,
        0.18614412614857964,
        0.21650071219408162,
        0.24814269585020596,
        0.19064169263358197,
        0.18054668335758084,
        0.18029225413980818,
        0.17613127630748424,
        0.18572537806099543,
        0.17850594900669584,
        0.18699222354115522,
        0.18275173657827734,
        0.16867862047022641,
        0.20081621104013705,
        0.18572007745229188,
        0.16901520912290485,
        0.16961152760205953,
        0.16070120437131238,
        0.17410644378271006
    ],
    "multiply": [],
    "add": [
        0.03833400214441597,
        0.031209984046781138,
        0.02908709026099041,
        0.03001999739282354,
        0.025270651994400324,
        0.024592174080339865,
        0.023828886427021845,
        0.024168125384052074,
        0.024425204906176546,
        0.020690926074492227,
        0.02018206763894688,
        0.018740302071568397,
        0.020351687117461992,
        0.025525081212172996,
        0.02306824907805563,
        0.021541673771419596
    ],
    "squeeze": [],
    "reshape": [],
    "transpose": [],
    "latency": 14.572253227233887,
    "batch_size": 1,
    "model_name": "resnet34",
    "sm_partition": 100
}