{
    "nn.conv2d": [
        0.30206572414066607,
        0.16747096063465636,
        0.14809747194818523,
        0.14818100806138704,
        0.14749118922968973,
        0.14834549669666067,
        0.14815258855895758,
        0.2667643961380373,
        0.2758026591076548,
        0.03924302686989309,
        0.2619968093062314,
        0.26235420607920823,
        0.2621621591385484,
        0.2620794842223899,
        0.2620235064145743,
        0.26224397285766365,
        0.6669661069558656,
        0.42070509002513196,
        0.04621441693554847,
        0.3870563991486296,
        0.3868359327055403,
        0.3872484460892893,
        0.3871106545623585,
        0.3871106545623585,
        0.3872768655917188,
        0.3871106545623585,
        0.3871941906755603,
        0.3871666323701742,
        0.3869177464246554,
        0.6041882872861911,
        0.7929075625706207,
        0.06481627307120706,
        0.7861557777510113,
        0.7864864774156454,
        0.7862100331647404,
        0.785824216889334
    ],
    "nn.conv2d_transpose": [],
    "nn.dense": [
        0.01099576384907819
    ],
    "nn.layer_norm": [],
    "nn.relu": [
        0.031140023889318472,
        0.007026506676427706,
        0.006999809568084864,
        0.006862018041154059,
        0.006806040233338419,
        0.006696668208837093,
        0.006943831760269223,
        0.005649452604162979,
        0.005070728191053602,
        0.0051258448018259226,
        0.005484102771846014,
        0.005070728191053602,
        0.0051258448018259226,
        0.0051258448018259226,
        0.004987192077851802,
        0.0046022369994888675,
        0.004436887167171902,
        0.004518700886287067,
        0.004408467664742423,
        0.004408467664742423,
        0.004408467664742423,
        0.00438177055639958,
        0.004492003777944223,
        0.004436887167171902,
        0.004408467664742423,
        0.004408467664742423,
        0.004436887167171902,
        0.004243117832425458,
        0.003968395975607167,
        0.003995093083950009,
        0.0038848598624053664,
        0.003858162754062523,
        0.0038848598624053664
    ],
    "nn.bias_add": [
        0.004216420724082614
    ],
    "nn.max_pool2d": [
        0.022625368722038075
    ],
    "nn.adaptive_avg_pool2d": [
        0.0061997575148428795
    ],
    "nn.batch_matmul": [],
    "nn.softmax": [],
    "nn.batch_norm": [
        0.11852568787474799,
        0.044750381961908677,
        0.04849745029738324,
        0.044088982632640814,
        0.04863524182431404,
        0.04406056313021133,
        0.04816847302683594,
        0.0404228668192381,
        0.072502456682816,
        0.038824485106840764,
        0.038107969166800586,
        0.03874181019068229,
        0.03780482780755282,
        0.03824489949668807,
        0.03819064408295907,
        0.03860315746670817,
        0.03841197172309167,
        0.07812262858750618,
        0.037253661699829604,
        0.036232282006455015,
        0.03601439915449569,
        0.036261562705927806,
        0.03631754051374345,
        0.036897126123896146,
        0.03672919270044922,
        0.03645791563180421,
        0.03672919270044923,
        0.03683942592199387,
        0.03651044865144658,
        0.037612780866893014,
        0.09595199097530895,
        0.03471829760430279,
        0.03493790285034877,
        0.03548820776102867,
        0.03496546115573493,
        0.03504985846598005
    ],
    "multiply": [],
    "add": [
        0.011794093508233539,
        0.011683860286688894,
        0.011409138429870602,
        0.006173060406500036,
        0.005649452604162979,
        0.0055943359933906586,
        0.005649452604162979,
        0.004821842245534836,
        0.004876958856307159,
        0.004795145137191993,
        0.004821842245534836,
        0.004905378358736636,
        0.0046022369994888675,
        0.004216420724082614,
        0.004408467664742423,
        0.004216420724082614
    ],
    "squeeze": [],
    "reshape": [],
    "transpose": [],
    "latency": 14.698112805684408,
    "batch_size": 4,
    "model_name": "resnet34",
    "sm_partition": 80
}