{
    "nn.conv2d": [
        0.20571460736491892,
        0.07894658779635667,
        0.08935599428125487,
        0.17170045455334407,
        0.078531113341978,
        0.17644137235834728,
        0.1722189924382663,
        0.04647838644293502,
        0.1730402791504102,
        0.1705699775495696,
        0.040809897763039955,
        0.1700514396646473,
        0.1685054882064942,
        0.0402978013425267,
        0.16706582091108899,
        0.07183521108885195,
        0.12790171730454128,
        0.49490737273790614,
        0.06028888613577026,
        0.12357305322171235,
        0.12326386293008168,
        0.04761208417891403,
        0.12284838847570304,
        0.12161484804138495,
        0.03843943886053838,
        0.12223000789244173,
        0.12140872118029786,
        0.033801584486078784,
        0.11697699366692534,
        0.11810747067069988,
        0.03545382010698002,
        0.11728618395855599,
        0.11697699366692534,
        0.03555688353752357,
        0.11790134380961279,
        0.11779828037906925,
        0.033907868648826826,
        0.11965342212885309,
        0.11728618395855599,
        0.03720589842622031,
        0.1186260085556221,
        0.0648268978118908,
        0.14624378720908807,
        0.22416296143221376,
        0.0528715398688394,
        0.1421244707195507,
        0.1398538545153882,
        0.04452340199481212,
        0.13799871276560438,
        0.1411936791124543,
        0.03369852105553524,
        0.14304882086223814,
        0.14542250049694422,
        0.03689348740238518,
        0.13975079108484464,
        0.3612341033229262
    ],
    "nn.conv2d_transpose": [],
    "nn.dense": [
        0.06637284927004398
    ],
    "nn.layer_norm": [],
    "nn.relu": [
        0.0750301774357019,
        0.03369852105553524,
        0.04101924535633153,
        0.03143112558357722,
        0.0285485702605624,
        0.02762099938567048,
        0.029270014274367224,
        0.027823905514553084,
        0.028236159236727273,
        0.029682267996541407,
        0.03143112558357722,
        0.036481233680210993,
        0.028236159236727273,
        0.027514715222922443,
        0.027208745663496296,
        0.026487301649691472,
        0.028957603250532097,
        0.022773797417919305,
        0.02215541683465802,
        0.02308620844175443,
        0.02380443172335477,
        0.02184622654302739,
        0.023392178001180586,
        0.02318605114009349,
        0.021640099681940292,
        0.024525875737159596,
        0.024426033038820537,
        0.023292335302841524,
        0.025968763764769254,
        0.01865126019617744,
        0.02246782785849315,
        0.02256767055683221,
        0.02019721165433064,
        0.023292335302841524,
        0.0214339728208532,
        0.02267395471958025,
        0.028648412958901456
    ],
    "nn.bias_add": [
        0.01741771976185937
    ],
    "nn.max_pool2d": [
        0.0605980764274009
    ],
    "nn.adaptive_avg_pool2d": [],
    "nn.batch_matmul": [],
    "nn.softmax": [],
    "nn.batch_norm": [
        0.5282773791085837,
        0.37122159388903675,
        0.2697073355358479,
        0.29268403908264984,
        0.3983240553897851,
        0.254228496561089,
        0.25259558533341464,
        0.40038210326845153,
        0.2420895568823819,
        0.23280740666905378,
        0.38409486051036656,
        0.28794312127764665,
        0.25073078138701743,
        0.38853947095255703,
        0.22919374513562066,
        0.3627768340488749,
        0.24558083059204455,
        0.20693204413821456,
        0.33968740487491605,
        0.2482637005183812,
        0.23992522484096743,
        0.3425602980013174,
        0.2415677982652552,
        0.2423923057096036,
        0.33597067991093943,
        0.241042818915924,
        0.233319503089567,
        0.28165303128228586,
        0.18507937613077824,
        0.1865351470872058,
        0.283092698577691,
        0.18147859752616308,
        0.186615665392318,
        0.3255516112294278,
        0.19168509788217863,
        0.18177490488897577,
        0.2858786319345713,
        0.1781805677487696,
        0.20394642538465618,
        0.2833020461709826,
        0.18085699621069726,
        0.3270041614536508,
        0.16859566870821976,
        0.17848975804040024,
        0.3053543995750971,
        0.17456368548313198,
        0.17972007774251383,
        0.30577309476168024,
        0.1798231411730573,
        0.17992620460360093,
        0.3190747187662067,
        0.17839635680647012,
        0.17829007264372213,
        0.3036119834524702,
        0.1789052324947789,
        0.1691045443965285
    ],
    "multiply": [],
    "add": [],
    "squeeze": [],
    "reshape": [],
    "transpose": [
        0.04101924535633153,
        0.036481233680210993,
        0.038236532731655774,
        0.040397644040865766,
        0.040397644040865766,
        0.03225563302792559,
        0.03225563302792559,
        0.026487301649691472,
        0.03019436441705466,
        0.025662794205343092,
        0.026690207778574077,
        0.027926968945096633,
        0.027311809094039838,
        0.02380443172335477,
        0.02463215989990763,
        0.023498462163928615
    ],
    "latency": 21.908621788024902,
    "batch_size": 4,
    "model_name": "shufflenet_v2_x1_0",
    "sm_partition": 60
}