{
    "nn.conv2d": [
        0.061278572031267305,
        0.038554339785391085,
        0.05900843162943014,
        0.13010821442708131,
        0.04894118329994218,
        0.27937438466989006,
        0.2784840837972143,
        0.024185238806164737,
        0.2709355499023903,
        0.27824058270383295,
        0.021669060841223418,
        0.27556207067663735,
        0.28205289669708566,
        0.020859926999674757,
        0.28042955607454295,
        0.04277248893427959,
        0.17743113004392608,
        0.7662167738401933,
        0.03619795941298133,
        0.17467145098560338,
        0.17612992107616918,
        0.022561898183621955,
        0.17539941779602491,
        0.17394094770545912,
        0.019561254501640524,
        0.17385978067433197,
        0.17507474967151634,
        0.019477551000790665,
        0.17418444879884054,
        0.1848173298764958,
        0.026863750833360324,
        0.18294795169084885,
        0.18213881784930022,
        0.027837755206886,
        0.17946030582210462,
        0.18108110997492466,
        0.025970913490961794,
        0.18230115191155447,
        0.18165181566253738,
        0.028976630112388668,
        0.17897330363534175,
        0.05405724273067466,
        0.23773569770166778,
        0.363869264073242,
        0.04163868696822237,
        0.23310917692742084,
        0.22807682099753823,
        0.03254544301226006,
        0.23043066490022523,
        0.22937802996529513,
        0.02816242333139455,
        0.23124487168121935,
        0.22961899458895385,
        0.02726958598899602,
        0.22970016162008097,
        0.5761235869404334
    ],
    "nn.conv2d_transpose": [],
    "nn.dense": [
        0.06866477186383697
    ],
    "nn.layer_norm": [],
    "nn.relu": [
        0.018747047720646417,
        0.014123063416122206,
        0.02215859949770898,
        0.013308856635128092,
        0.013308856635128092,
        0.013308856635128092,
        0.013308856635128092,
        0.013308856635128092,
        0.012984188510619533,
        0.012984188510619533,
        0.013554894198232234,
        0.017773043347120744,
        0.011688052482308031,
        0.011363384357799478,
        0.011442014919203894,
        0.011442014919203894,
        0.01201272060681659,
        0.01201272060681659,
        0.0203703883431892,
        0.017288577630080633,
        0.016639241381063517,
        0.018181414972479163,
        0.01753207872346205,
        0.01769441278571633,
        0.017610709284866466,
        0.016717871942467936,
        0.016639241381063517,
        0.016639241381063517,
        0.013960729353867926,
        0.017042540066976492,
        0.015906201631196545,
        0.015421735914156433,
        0.016476907318809242,
        0.017288577630080633,
        0.015989905132046407,
        0.013471190697382372,
        0.014526362102035178
    ],
    "nn.bias_add": [
        0.01265952038611098
    ],
    "nn.max_pool2d": [
        0.019561254501640524
    ],
    "nn.adaptive_avg_pool2d": [],
    "nn.batch_matmul": [],
    "nn.softmax": [],
    "nn.batch_norm": [
        0.13196237379439188,
        0.14811461298869255,
        0.11337512366627701,
        0.13399408604229307,
        0.3743271287400293,
        0.10671435417440617,
        0.10744739392427316,
        0.365233884784067,
        0.10533958758469025,
        0.10728505986201888,
        0.3689751776250836,
        0.10744993039399586,
        0.10875367583147555,
        0.3748952979579192,
        0.10688176117610589,
        0.2730306738933596,
        0.10241757446411323,
        0.12002828374897971,
        0.2654035094371313,
        0.10160844062256456,
        0.10225777687158168,
        0.2653933635582404,
        0.10104027140467459,
        0.10070799387099785,
        0.2637776323448658,
        0.10112397490552445,
        0.10257737205664479,
        0.2646780790964325,
        4.53462193972295,
        0.14211332562472972,
        0.31718807529624604,
        0.14040120856189162,
        0.13886664437964416,
        0.31385769055031065,
        0.1392648701261117,
        0.13951598062866125,
        0.3184968936731712,
        0.14429215311654883,
        0.15379123222814683,
        0.30557865337534246,
        0.11963005800251217,
        0.37562072829861803,
        0.11110751973416257,
        0.10972514373527847,
        0.36166760835391826,
        0.11305045554176846,
        0.11223878523049707,
        0.4268421978792883,
        0.11183548654458411,
        0.1141944033867166,
        0.3583422965474284,
        0.11402445991529411,
        0.11272832388698262,
        0.354360039082753,
        0.10727745045285068,
        0.11735230819150684
    ],
    "multiply": [],
    "add": [],
    "squeeze": [],
    "reshape": [],
    "transpose": [
        0.020616425906293336,
        0.019802219125299222,
        0.019885922626149084,
        0.019723588563894803,
        0.016963909505572076,
        0.016717871942467936,
        0.015906201631196545,
        0.02288656630813051,
        0.021833931373200423,
        0.022318397090240534,
        0.024593610431523152,
        0.02442873989954615,
        0.01890938178290069,
        0.01826004553388358,
        0.018747047720646417,
        0.015175698351052291
    ],
    "latency": 22.0864470799764,
    "batch_size": 2,
    "model_name": "shufflenet_v2_x2_0",
    "sm_partition": 60
}