{
    "nn.conv2d": [
        0.2195575775401559,
        0.04382441448424374,
        0.14978910968123985,
        0.36496972382478193,
        0.11034987567132575,
        0.3509459111898239,
        0.3486670416366433,
        0.034971882758426505,
        0.34997903504526523,
        0.34901763695251725,
        0.03269027417934057,
        0.3459499279386201,
        0.3491025467555804,
        0.03304086949521452,
        0.34796311197899005,
        0.07257323038590763,
        0.2585640454570381,
        1.1299687030617407,
        0.06687331747705069,
        0.2718866674602482,
        0.2536529720088975,
        0.027080749125357368,
        0.2542665138116769,
        0.26373532636617886,
        0.026294648690546246,
        0.2650473197748009,
        0.2544418114696139,
        0.026116612006704006,
        0.2609305638391873,
        0.2627711892475255,
        0.026116612006704006,
        0.2607552661812503,
        0.2682054166435717,
        0.026116612006704006,
        0.262858838076494,
        0.25295452040305494,
        0.026294648690546246,
        0.2696927077101307,
        0.2644337779720215,
        0.026116612006704006,
        0.26224255724780926,
        0.07529034408393076,
        0.33420224583093755,
        0.5324638969576563,
        0.06766215693776707,
        0.33297790125128396,
        0.33104688798807197,
        0.04031846132550425,
        0.33280260359334696,
        0.3316604297908514,
        0.033742060126962424,
        0.3328902524223155,
        0.3335037942250949,
        0.034183043297710124,
        0.325440101959994,
        0.367686837522805
    ],
    "nn.conv2d_transpose": [],
    "nn.dense": [
        0.08309108986212616
    ],
    "nn.layer_norm": [],
    "nn.relu": [
        0.07038200966169547,
        0.020594735781689296,
        0.040669056641378196,
        0.019542949834067447,
        0.019458040031004226,
        0.01971824749200442,
        0.0196333376889412,
        0.019893545149941395,
        0.019808635346878177,
        0.019893545149941395,
        0.01621229433326492,
        0.028395481559884684,
        0.015511103701517022,
        0.01586169901739097,
        0.015160508385643071,
        0.015601491556390774,
        0.01586169901739097,
        0.015335806043580045,
        0.015601491556390774,
        0.015686401359453997,
        0.015952086872264723,
        0.015511103701517022,
        0.016036996675327944,
        0.015686401359453997,
        0.015601491556390774,
        0.015511103701517022,
        0.015511103701517022,
        0.01419637126698971,
        0.020509825978626075,
        0.013670478293178783,
        0.013760866148052537,
        0.013670478293178783,
        0.01358556849011556,
        0.013670478293178783,
        0.013670478293178783,
        0.013670478293178783,
        0.02120827758446871
    ],
    "nn.bias_add": [
        0.014286759121863462
    ],
    "nn.max_pool2d": [
        0.056618404487737646
    ],
    "nn.adaptive_avg_pool2d": [],
    "nn.batch_matmul": [],
    "nn.softmax": [],
    "nn.batch_norm": [
        0.2935249721118436,
        0.25240945424790706,
        0.1419774077994234,
        0.19447631732564216,
        0.46697104853685917,
        0.13390002040479623,
        0.1333029127574484,
        0.4644319715226783,
        0.13479020382400742,
        0.13627749489056648,
        0.4614573893895603,
        0.13399040825966999,
        0.13530787972010255,
        0.46206819216643447,
        0.13477924772038635,
        0.3688098381439638,
        0.12163466240101853,
        0.1611697623176169,
        0.37538623934250553,
        0.11901615363558495,
        0.12084856196620739,
        0.3581221590616188,
        0.11883537792583747,
        0.11936127089964838,
        0.3695986776046801,
        0.12023775918933327,
        0.11926814401886936,
        0.365476443617256,
        0.11935853187374314,
        0.1205007056762387,
        0.3654846606949717,
        0.11892028772890065,
        0.11963243446426962,
        0.37004787785314375,
        0.11892302675480593,
        0.11944891972861686,
        0.37424132651410474,
        0.11936127089964838,
        0.11909832441274291,
        0.3666213564456568,
        0.11865460221608992,
        0.4403285435563443,
        0.11331350170082277,
        0.13671573903540893,
        0.433664493528834,
        0.11209189614707446,
        0.11261778912088537,
        0.43192521207899054,
        0.1119932912144849,
        0.11252466224010635,
        0.4327989613427702,
        0.11138796648942127,
        0.11182347160835845,
        0.4255131524347646,
        0.11279034775291708,
        0.1467926153408797
    ],
    "multiply": [],
    "add": [],
    "squeeze": [],
    "reshape": [],
    "transpose": [
        0.03900372889097693,
        0.038653133575102985,
        0.03725075231160718,
        0.03821488943026054,
        0.02900902336266409,
        0.028044886244010733,
        0.028044886244010733,
        0.028307832730916197,
        0.02909667219163258,
        0.028573518243726923,
        0.028307832730916197,
        0.028573518243726923,
        0.020594735781689296,
        0.01928274237306725,
        0.019893545149941395,
        0.01928274237306725
    ],
    "latency": 22.084768613179524,
    "batch_size": 4,
    "model_name": "shufflenet_v2_x1_0",
    "sm_partition": 20
}