{
    "nn.conv2d": [
        0.09946968436207486,
        0.06403188364261689,
        0.07316511355753279,
        0.13541006091244873,
        0.07405547938143932,
        0.1262768309975328,
        0.1224020333875702,
        0.037919656674598165,
        0.1131695292344487,
        0.11376517466368234,
        0.033058321322467325,
        0.11456247088927113,
        0.1127755346015702,
        0.03236340165502807,
        0.11108787255207488,
        0.06244349583132716,
        0.09698782840693466,
        0.3555010470142807,
        0.05192042658153275,
        0.09708710264514027,
        0.091828670340187,
        0.03712546276895331,
        0.09033955676710288,
        0.0909320998763926,
        0.03345541827528975,
        0.09331468159332719,
        0.09113375067274776,
        0.029980819938093484,
        0.09252048768768234,
        0.09678927993052346,
        0.03285667052611218,
        0.09212649305480382,
        0.09262286424583188,
        0.03216175085867293,
        0.09282141272224308,
        0.09143157338736456,
        0.03415033794272901,
        0.09152774530562625,
        0.09311613311691597,
        0.029980819938093484,
        0.09212649305480382,
        0.06114982841471033,
        0.11048912480289731,
        0.20122888084276655,
        0.07405547938143932,
        0.12905650966728985,
        0.125979008282916,
        0.058866520935981374,
        0.12379187272244871,
        0.12230275914936459,
        0.0515202273087664,
        0.12180949027828052,
        0.12776594457061693,
        0.050927684199476686,
        0.12647537947394405,
        0.3568877840292153
    ],
    "nn.conv2d_transpose": [],
    "nn.dense": [
        0.07386003322497203
    ],
    "nn.layer_norm": [],
    "nn.relu": [
        0.05588829378981314,
        0.03127138503476638,
        0.03732711356530845,
        0.02581130193345797,
        0.022730698229140207,
        0.02104303617964488,
        0.026403845042747686,
        0.023127795181962636,
        0.022333601276317772,
        0.025116382266018717,
        0.023726542931140203,
        0.026605495839102832,
        0.02164178392882245,
        0.020946864261383195,
        0.02074831578497198,
        0.021241584656056096,
        0.020946864261383195,
        0.02203888088164488,
        0.022634526310878526,
        0.02283307478728974,
        0.02203888088164488,
        0.023031623263700955,
        0.02035121883214955,
        0.02153940737067292,
        0.021936504323495348,
        0.020447390750411232,
        0.02084448770323366,
        0.06542172297749539,
        0.04318119129949538,
        0.04159280348820565,
        0.04030534071147668,
        0.038912399056654244,
        0.04119570653538322,
        0.043680664810467326,
        0.04010368991512153,
        0.03990824375865425,
        0.04318119129949538
    ],
    "nn.bias_add": [
        0.047949457053308456
    ],
    "nn.max_pool2d": [
        0.045365224540018734
    ],
    "nn.adaptive_avg_pool2d": [],
    "nn.batch_matmul": [],
    "nn.softmax": [],
    "nn.batch_norm": [
        0.30753297604130875,
        0.2929489699849162,
        0.25909335243686,
        0.26623799526771985,
        0.33671339743386947,
        0.24012576829970117,
        0.20130643884136465,
        0.28539482092145824,
        0.186316028872318,
        0.19892695944437402,
        0.2834062338374021,
        0.1933800113846357,
        0.186520781988617,
        0.2775552584231591,
        0.18414440491157028,
        0.28281679304805635,
        0.19197466045003758,
        0.1937646990576824,
        0.2647550863345236,
        0.19307598403013104,
        0.18651767966867305,
        0.2555194798614582,
        0.18464077610259833,
        0.1855280396065609,
        0.25859387892588814,
        0.1799686822670469,
        0.1862260615939441,
        0.253329241981047,
        0.18383727523712162,
        0.1929767097919254,
        0.25701169575448624,
        0.18920118642016842,
        0.18722811093583194,
        0.25739948574747684,
        0.18453839954444876,
        0.18622295927400018,
        0.25402416164848624,
        0.18970065993114033,
        0.18174941391485996,
        0.23724061075185066,
        0.16884996758801885,
        0.27447465471884136,
        0.33722217790467324,
        0.46716284875598174,
        0.46012368480321536,
        0.36581626082783214,
        0.3639362549418135,
        0.4427444884773462,
        0.3606477958012526,
        0.3734479678898881,
        0.4449316240378135,
        0.36383077606371994,
        0.3586654133570845,
        0.4441436347720565,
        0.3557864604491218,
        0.3588546548736639
    ],
    "multiply": [],
    "add": [],
    "squeeze": [],
    "reshape": [],
    "transpose": [
        0.035636349195869194,
        0.027796786697570127,
        0.028290055568654226,
        0.028290055568654226,
        0.03136755695302807,
        0.02352799445472899,
        0.024719285313196282,
        0.02292924670555142,
        0.025311828422486006,
        0.023624166372990675,
        0.025513479218841145,
        0.025311828422486006,
        0.04387611096693461,
        0.042486271632056115,
        0.043578288252317805,
        0.04238699739385051
    ],
    "latency": 21.780656178792317,
    "batch_size": 4,
    "model_name": "shufflenet_v2_x1_0",
    "sm_partition": 80
}