{
    "nn.conv2d": [
        0.12986006846546921,
        0.07767776572429899,
        0.07219743255970121,
        0.11949136747130829,
        0.08803902061361667,
        0.11389561968164084,
        0.10865356187202559,
        0.05027609990131008,
        0.10543312152734005,
        0.10364605636497123,
        0.04348525228430848,
        0.10579425761223543,
        0.10055219980262016,
        0.03395051503258639,
        0.0985268592852688,
        0.06945726597740232,
        0.09554469429556581,
        0.30522700668017655,
        0.06290469371538322,
        0.08756619295607324,
        0.08541799170880904,
        0.04336611460681723,
        0.08589826547119565,
        0.08517971635382653,
        0.036690681614885284,
        0.08411120030882682,
        0.0849451640512656,
        0.03538016716248147,
        0.08625195545124784,
        0.08517971635382653,
        0.03645612931232438,
        0.08291982353391425,
        0.08458402796637025,
        0.03645612931232438,
        0.08732419454866913,
        0.08315809888889678,
        0.03859688445474539,
        0.08649023080623035,
        0.08756619295607324,
        0.03919629589462327,
        0.0860174031486869,
        0.07315053397963125,
        0.10900725185207774,
        0.15726173428845808,
        0.06135590390799691,
        0.1012670258675677,
        0.10197812888009364,
        0.04646369422158989,
        0.09673979412289997,
        0.0987651346402513,
        0.03585671787244649,
        0.09649779571549585,
        0.09840772160777753,
        0.037409230732254425,
        0.0991188246203035,
        0.4132886032171674
    ],
    "nn.conv2d_transpose": [],
    "nn.dense": [
        0.05432678093601279
    ],
    "nn.layer_norm": [],
    "nn.relu": [
        0.045272317446677326,
        0.03431165111748176,
        0.044434630651816936,
        0.03490361645251644,
        0.0312103484502875,
        0.03562216556988558,
        0.03431165111748176,
        0.030141832405287797,
        0.02477691386575967,
        0.025015189220742185,
        0.029307868662849002,
        0.03180603683774378,
        0.02727880509307605,
        0.024423223885707505,
        0.026210289048076346,
        0.02668683975804137,
        0.026448564403058858,
        0.026210289048076346,
        0.024184948530724993,
        0.025253464575724697,
        0.026563979028128515,
        0.024423223885707505,
        0.024423223885707505,
        0.025015189220742185,
        0.034669064149955534,
        0.02763994117797142,
        0.02430036315579465,
        0.027163390468006397,
        0.02906587025544489,
        0.025849152963180973,
        0.021683057303408616,
        0.02370839782075997,
        0.023108986380882084,
        0.02549173993070721,
        0.023470122465777454,
        0.022513297993425805,
        0.019181166076092236
    ],
    "nn.bias_add": [
        0.02477691386575967
    ],
    "nn.max_pool2d": [
        0.04801248402897622
    ],
    "nn.adaptive_avg_pool2d": [],
    "nn.batch_matmul": [],
    "nn.softmax": [],
    "nn.batch_norm": [
        0.35061101569950204,
        0.3390509379304285,
        0.3068949341650542,
        0.3259457934063903,
        0.36990759640066384,
        0.34559606408760446,
        0.2947168296939948,
        0.3668174628907343,
        0.288666869508892,
        0.2823451264970122,
        0.36180623433125836,
        0.26613123320093657,
        0.22658124732626114,
        0.3058003567531033,
        0.21788419686939947,
        0.3234439021790739,
        0.22694238341115655,
        0.20941797566267703,
        0.2863958075317149,
        0.2288374170937518,
        0.2199095373867508,
        0.2805506152298001,
        0.22122005183915458,
        0.22359908233655812,
        0.28352905716708154,
        0.21812619527680358,
        0.2182453329542948,
        0.28317909023945104,
        0.21931384899929451,
        0.2225305662915584,
        0.3129523404550002,
        0.22265715007389283,
        0.22146205024655877,
        0.2823302342873258,
        0.21884102134175107,
        0.22265342702147126,
        0.28292964572720364,
        0.23074361993361187,
        0.2369387791631572,
        0.2828067849972908,
        0.21620510022725706,
        0.32867851388384606,
        0.2237070508567846,
        0.22134291256906743,
        0.33321319173335706,
        0.22372938917131419,
        0.20609701290260835,
        0.27851782860760566,
        0.20310740180806208,
        0.19786906705086837,
        0.273867736133025,
        0.20786918585529068,
        0.19476404133125258,
        0.2757813850777283,
        0.19214301242644494,
        0.16691188616524982
    ],
    "multiply": [],
    "add": [],
    "squeeze": [],
    "reshape": [],
    "transpose": [
        0.041936462476922155,
        0.03431165111748176,
        0.03419251343999051,
        0.034427065742551416,
        0.03264000058018258,
        0.02692511511302388,
        0.0282356295654277,
        0.028950455630375238,
        0.030018971675374942,
        0.029665281695322773,
        0.029307868662849002,
        0.028351044190497356,
        0.03300113666507795,
        0.024899774595672528,
        0.023470122465777454,
        0.025015189220742185
    ],
    "latency": 21.312449773152668,
    "batch_size": 2,
    "model_name": "shufflenet_v2_x1_0",
    "sm_partition": 60
}