{
    "nn.conv2d": [
        0.08249863079297409,
        0.014189051940536185,
        0.12277414969282714,
        0.3248968245818871,
        0.08807524569280335,
        0.5967708998866561,
        0.5946033932981624,
        0.016643013144249378,
        0.5985466201107925,
        0.5965321877073065,
        0.016232428195768176,
        0.5961022073942532,
        0.5947463222155479,
        0.016117846349680404,
        0.5968663847583959,
        0.03472754946154573,
        0.4458376647373098,
        2.0384775829215176,
        0.032884691436967345,
        0.44665913302449634,
        0.4468498043777519,
        0.012374540987255555,
        0.445264755506871,
        0.44748985140863284,
        0.011935310577252415,
        0.4449690507947017,
        0.44748000453123454,
        0.011983351403346509,
        0.4476518773003663,
        0.4449213083588318,
        0.01196395603877436,
        0.44619095876274717,
        0.4440237505644776,
        0.011897415018780676,
        0.44626764505036326,
        0.44602863448078944,
        0.012040642326390395,
        0.44864491996646033,
        0.44637267840927697,
        0.011840124095736792,
        0.4488075426386422,
        0.05022504253514154,
        0.5808153778189336,
        0.9449466378084853,
        0.04901238466404592,
        0.5813405446135024,
        0.579392354839786,
        0.01990859575775097,
        0.5803185580956621,
        0.5829828844074272,
        0.01939297745035598,
        0.5807386915313173,
        0.5818081220948033,
        0.019249451752522077,
        0.5805190763263157,
        0.575821220636717
    ],
    "nn.conv2d_transpose": [],
    "nn.dense": [
        0.05746279581301935
    ],
    "nn.layer_norm": [],
    "nn.relu": [
        0.024319996832130326,
        0.008870246194404423,
        0.030316148387166383,
        0.008536049143315079,
        0.00861243704070693,
        0.008545896020713246,
        0.008669727963750816,
        0.008545896020713246,
        0.008555444507887228,
        0.008622283918105099,
        0.005423540714821367,
        0.014313182273797942,
        0.005470984760467088,
        0.005423540714821367,
        0.005509477099387199,
        0.005509477099387199,
        0.005499928612213218,
        0.005499928612213218,
        0.005585566606554864,
        0.005566768022431087,
        0.005490380125039236,
        0.0054139922276473865,
        0.0055572195352571055,
        0.0055951150937288445,
        0.005490380125039236,
        0.005480831637865255,
        0.005518727196336995,
        0.0033992614339373364,
        0.00861243704070693,
        0.0032366387617554677,
        0.0033034781719733365,
        0.0032366387617554677,
        0.0033034781719733365,
        0.003227388664805673,
        0.0033034781719733365,
        0.003227388664805673,
        0.008593340066358967
    ],
    "nn.bias_add": [
        0.0015373064350109862
    ],
    "nn.max_pool2d": [
        0.01929749257861617
    ],
    "nn.adaptive_avg_pool2d": [],
    "nn.batch_matmul": [],
    "nn.softmax": [],
    "nn.batch_norm": [
        0.08289847369338456,
        0.1368662248105026,
        0.03668379577131515,
        0.10220461958850215,
        0.6248601620307155,
        0.03530851522803766,
        0.03565166398585261,
        0.6256344846624806,
        0.035480686387393504,
        0.03562331691455485,
        0.6231805234587674,
        0.035537678920213214,
        0.03577639109956274,
        0.623887111509642,
        0.03547083950999534,
        0.46708125835807307,
        0.02578867351557832,
        0.05408054262186066,
        0.46722478405590695,
        0.02601813559797806,
        0.025970094771883966,
        0.46575461542133806,
        0.026131523883169083,
        0.026008587110804077,
        0.46559199274915625,
        0.025931900823188036,
        0.026036934182101838,
        0.468131591947211,
        0.02599784506273335,
        0.026084676617971744,
        0.4664996958111328,
        0.02598024003950632,
        0.025942046090810394,
        0.46655698673417667,
        0.02603723257232602,
        0.02614226593123982,
        0.4691729738296233,
        0.026047377839948375,
        0.026085273398420115,
        0.469431081373545,
        0.025932497603636417,
        0.5972939779496558,
        0.018876165582064248,
        0.03606284571478218,
        0.5967885049098831,
        0.018741889981180135,
        0.018713542909882377,
        0.5958813986283549,
        0.01873174471355778,
        0.018923609627709965,
        0.59639701693575,
        0.018857366997940474,
        0.018751736858578304,
        0.5961192156370319,
        0.01879947929444821,
        0.03843116892415373
    ],
    "multiply": [],
    "add": [],
    "squeeze": [],
    "reshape": [],
    "transpose": [
        0.026219847389528414,
        0.026181653440832484,
        0.026191201928006468,
        0.026267589825398327,
        0.01323390483291387,
        0.013148266838572223,
        0.013138718351398241,
        0.013138718351398241,
        0.013148266838572223,
        0.013128871474000077,
        0.01322435634573989,
        0.013205557761616114,
        0.008326280815711679,
        0.008192601995275939,
        0.008173206630703788,
        0.008183053508101959
    ],
    "latency": 22.88311004638672,
    "batch_size": 4,
    "model_name": "shufflenet_v2_x2_0",
    "sm_partition": 5
}