{
    "nn.conv2d": [
        0.19345354571608686,
        0.039118207093545215,
        0.06588329615754984,
        0.1586079351941015,
        0.1560129225524792,
        0.33757325606072713,
        0.3121068647833929,
        0.0385081765735679,
        0.3183572946814417,
        0.3050891308719351,
        0.03583691011694849,
        0.32964524223274067,
        0.33101781090268967,
        0.035991800678661486,
        0.3118018495234043,
        0.06717961101250162,
        0.16425071750389159,
        0.5022052426396045,
        0.0629856511876576,
        0.16470585746215594,
        0.16257075064223533,
        0.03355167859875223,
        0.16325941790892848,
        0.16234198919724385,
        0.030499143067147003,
        0.1631045273472155,
        0.16279951208722684,
        0.030425272183868503,
        0.16432697131888876,
        0.16478211127715306,
        0.030120256923879842,
        0.1634119255389228,
        0.16318078116221263,
        0.030654033628859993,
        0.16455334983216163,
        0.16455334983216163,
        0.030804158327135657,
        0.1626470044572325,
        0.16447709601716445,
        0.030270381622155507,
        0.16348817935391996,
        0.12162483492047683,
        0.6521988796707452,
        0.5654196552722536,
        0.11742849216391417,
        0.6520439891090319,
        0.6529590348889981,
        0.11094930082087386,
        0.6502162804808188,
        0.6499851361041086,
        0.11079679319087953,
        0.6525038949307338,
        0.6534928115939781,
        0.11033688736917786,
        0.650595166624086,
        0.4751375212473298
    ],
    "nn.conv2d_transpose": [],
    "nn.dense": [
        0.0719073475423258
    ],
    "nn.layer_norm": [],
    "nn.relu": [
        0.06061939999102685,
        0.023178776827419246,
        0.05749299357614312,
        0.021729954342473122,
        0.022034969602461783,
        0.021884844904186112,
        0.021961098719183277,
        0.021579829644197458,
        0.022494875424163428,
        0.021729954342473122,
        0.016392187292671636,
        0.030044003108882677,
        0.015705902957697155,
        0.015632032074418652,
        0.015553395327702828,
        0.015095872437719845,
        0.015632032074418652,
        0.015095872437719845,
        0.015858410587691486,
        0.01631593347767447,
        0.015095872437719845,
        0.015479524444424325,
        0.015784539704412983,
        0.015553395327702828,
        0.015248380067714172,
        0.01517450918443567,
        0.01631593347767447,
        0.013573179069495222,
        0.02272125393743626,
        0.012960765617799245,
        0.012960765617799245,
        0.012886894734520746,
        0.012960765617799245,
        0.012886894734520746,
        0.013268163809506564,
        0.012886894734520746,
        0.01814602503760641
    ],
    "nn.bias_add": [
        0.012350735097821931
    ],
    "nn.max_pool2d": [
        0.04910745685817373
    ],
    "nn.adaptive_avg_pool2d": [],
    "nn.batch_matmul": [],
    "nn.softmax": [],
    "nn.batch_norm": [
        0.25329372703511144,
        0.15599862496216724,
        0.13526473607809458,
        0.23278621666431154,
        0.446454172149803,
        0.131602170026512,
        0.13099213950653474,
        0.42921842702872504,
        0.13092065155497487,
        0.13152353327979624,
        0.43928393060835075,
        0.1309182686232562,
        0.13228607142976787,
        0.420372984489054,
        0.13022721842484442,
        0.26717668722803256,
        0.11284373153720965,
        0.15585564905904759,
        0.2601613362482935,
        0.11329887149547395,
        0.1104774803405789,
        0.26001597741345517,
        0.11139490905226353,
        0.11192630282552501,
        0.25787372179837853,
        0.11200255664052218,
        0.11238144278378935,
        0.2609238743982651,
        0.11085636648384604,
        0.11360626968718131,
        0.25939641516660317,
        0.11200017370880351,
        0.11184528314709054,
        0.2601565703848562,
        0.1111685305389907,
        0.11208119338723803,
        0.2602375900632906,
        0.11184290021537188,
        0.1113162723055477,
        0.260699878816711,
        0.11039407773042575,
        0.7473541090603313,
        0.10262095446415236,
        0.13434254150297262,
        0.7409440227371321,
        0.10124600286248471,
        0.10345974642912115,
        0.740333992217155,
        0.10208479482745353,
        0.10314996530569517,
        0.7418543026536609,
        0.10185841631418069,
        0.10422228457909276,
        0.7403316092854362,
        0.10292596972414102,
        0.12923353589816264
    ],
    "multiply": [],
    "add": [],
    "squeeze": [],
    "reshape": [],
    "transpose": [
        0.04422482976663655,
        0.043614799246659244,
        0.04353854543166208,
        0.043462291616664914,
        0.029050320582200886,
        0.028516543877220735,
        0.028516543877220735,
        0.028671434438933725,
        0.028671434438933725,
        0.02859518062393656,
        0.02859518062393656,
        0.02859518062393656,
        0.022111223417458945,
        0.02051227623423716,
        0.02051227623423716,
        0.02051227623423716
    ],
    "latency": 21.994714736938477,
    "batch_size": 4,
    "model_name": "shufflenet_v2_x1_5",
    "sm_partition": 20
}