{
    "nn.conv2d": [
        0.18501521023600614,
        0.08960949718824107,
        0.06062841789062105,
        0.07222084960966907,
        0.07233315129194734,
        0.05541182361704945,
        0.052973790321137165,
        0.05761438564366858,
        0.04613787824181105,
        0.04868459058508942,
        0.045090936752184535,
        0.04451493780114434,
        0.04381576926308925,
        0.04196098018804157,
        0.04427946653185117,
        0.04590240697251789,
        0.06456622204018518,
        0.075582654808193,
        0.03999388943071561,
        0.06399022308914498,
        0.06062841789062105,
        0.04045758669947753,
        0.06074071957289934,
        0.061784038427613666,
        0.03500914379152496,
        0.06201588706199461,
        0.06363882750266134,
        0.03686393286657264,
        0.061668114110423174,
        0.06306282855162114,
        0.03628068864570805,
        0.06294690423443067,
        0.0644502977229947,
        0.038718721941620335,
        0.0627114329651375,
        0.05934962776661357,
        0.035125068108715456,
        0.05854178018119242,
        0.06259550864794701,
        0.03257111049561268,
        0.05842223322908972,
        0.11476145138366303,
        0.13748261755299712,
        0.1212568357812421,
        0.09158021058047922,
        0.12589380846886133,
        0.1290201423980921,
        0.07071021085128061,
        0.12925199103247303,
        0.1290201423980921,
        0.049383759123144494,
        0.12855644512933018,
        0.12855644512933018,
        0.049148287853851336,
        0.1836204957948082,
        0.16623184821623618
    ],
    "nn.conv2d_transpose": [],
    "nn.dense": [
        0.07152168107161397
    ],
    "nn.layer_norm": [],
    "nn.relu": [
        0.07651004934571683,
        0.03860279762442985,
        0.044051240532382414,
        0.040569888381755806,
        0.038946947941089084,
        0.03222333754404125,
        0.029444776566381926,
        0.03002077551742213,
        0.030948170054945965,
        0.028169609077286644,
        0.034078126619088926,
        0.033614429350327005,
        0.03048447278618404,
        0.028169609077286644,
        0.03048447278618404,
        0.028169609077286644,
        0.026774894636088686,
        0.028865154980429526,
        0.03014032246952481,
        0.02990485120023165,
        0.03014032246952481,
        0.026198895685048487,
        0.027358138856953287,
        0.03153141427581057,
        0.024460030927191286,
        0.023764485024048404,
        0.024460030927191286,
        0.02700674327046965,
        0.03002077551742213,
        0.027937760442905683,
        0.02561565146418388,
        0.022949392168802842,
        0.025151954195421964,
        0.02561565146418388,
        0.027358138856953287,
        0.02712629022257233,
        0.030832245737755483
    ],
    "nn.bias_add": [
        0.03002077551742213
    ],
    "nn.max_pool2d": [
        0.08439290291466946
    ],
    "nn.adaptive_avg_pool2d": [],
    "nn.batch_matmul": [],
    "nn.softmax": [],
    "nn.batch_norm": [
        0.459168975121667,
        0.4370165626335487,
        0.3285077791083472,
        0.3499501551536738,
        0.3366116134069441,
        0.33928511797214966,
        0.32689208393750485,
        0.3267725369854022,
        0.25420391442416174,
        0.2576816439398761,
        0.26939724524593905,
        0.25478715864502627,
        0.33766217753148287,
        0.2693899999761146,
        0.2601160546008761,
        0.3071849500151233,
        0.25756209698777344,
        0.2637205763385176,
        0.28365593626036806,
        0.26057975186963805,
        0.25455893264555757,
        0.3649152599759823,
        0.2604638275524476,
        0.245049516001026,
        0.28422831257649606,
        0.247357134440099,
        0.24586098622135938,
        0.2803919422044735,
        0.3156510478049405,
        0.244817667366645,
        0.27786334303575627,
        0.23810130223942155,
        0.2463246834901212,
        0.2887493609469247,
        0.24493359168383547,
        0.2575693422575978,
        0.2695131695631295,
        0.23566326894350934,
        0.24434310219314648,
        0.25292874693506645,
        0.2158293427992006,
        0.3567969351377365,
        0.21873831863369922,
        0.2278927170568349,
        0.32190733829831425,
        0.220469938121732,
        0.20794648923024797,
        0.3281563835218636,
        0.20725456596201727,
        0.21281893318716028,
        0.3245591070540465,
        0.21362678077258146,
        0.221632803928549,
        0.37951085603724616,
        0.21838330041230342,
        0.23878598023782785
    ],
    "multiply": [],
    "add": [],
    "squeeze": [],
    "reshape": [],
    "transpose": [
        0.045210483704287215,
        0.03570106705975565,
        0.03268703481280316,
        0.03396220230189845,
        0.03570106705975565,
        0.03071994405547721,
        0.03257111049561268,
        0.032339261861231726,
        0.03396220230189845,
        0.029209305297088765,
        0.029444776566381926,
        0.028629683711136368,
        0.029673002565850693,
        0.026774894636088686,
        0.029673002565850693,
        0.02747406317414377
    ],
    "latency": 22.055452664693195,
    "batch_size": 4,
    "model_name": "shufflenet_v2_x0_5",
    "sm_partition": 60
}