{
    "nn.conv2d": [
        0.1509406615486479,
        0.051575140252970796,
        0.0589280115721316,
        0.12825180147809456,
        0.09894863975213539,
        0.22762060530561065,
        0.21869540123561143,
        0.0363409099885845,
        0.2181669136095467,
        0.21722154443994032,
        0.03413833112467517,
        0.218376995647237,
        0.21964077040521782,
        0.03287455636669441,
        0.22089798009952072,
        0.05745415477646052,
        0.12762483789686258,
        0.36154790433318246,
        0.0519920217965125,
        0.12583914057649492,
        0.12552401751995948,
        0.031722387691236614,
        0.12457536581851418,
        0.1263610631388818,
        0.02815099305050137,
        0.1249955298938948,
        0.12741475585917225,
        0.028676198144727147,
        0.1249955298938948,
        0.1362349189103263,
        0.03781476678425557,
        0.13612987789148115,
        0.13413409853342323,
        0.03760140221472635,
        0.1386541448756038,
        0.1358147548349457,
        0.04632308931071308,
        0.13655332449870067,
        0.13497770921602337,
        0.03823493085963619,
        0.13707852959292646,
        0.10661663412783169,
        0.4757274918178652,
        0.41932374722985616,
        0.10766704431628323,
        0.4766761435193106,
        0.47121401053936246,
        0.09653269631869688,
        0.467537574879782,
        0.472159379708969,
        0.09012519416914244,
        0.47100392850167216,
        0.4735216304221169,
        0.09254113760258098,
        0.47289138430904604,
        0.5451596052745123
    ],
    "nn.conv2d_transpose": [],
    "nn.dense": [
        0.06701617002320849
    ],
    "nn.layer_norm": [],
    "nn.relu": [
        0.04306681772651329,
        0.021425085312572575,
        0.04012238666701006,
        0.020903162750185722,
        0.020794839199501654,
        0.021533408863256644,
        0.021635167350262892,
        0.021533408863256644,
        0.021743490900946953,
        0.021425085312572575,
        0.01858897780375341,
        0.03214255176661724,
        0.01775193218483109,
        0.018378895766063105,
        0.01785369067183733,
        0.01754185014714078,
        0.01858897780375341,
        0.01775193218483109,
        0.024894721466301586,
        0.0253148855416822,
        0.02520656199099814,
        0.023630946708320826,
        0.02447127485908206,
        0.024894721466301586,
        0.026995541843204674,
        0.027202341349056074,
        0.024579598409766125,
        0.015647829276089088,
        0.022898942108243652,
        0.02342086467063051,
        0.015546070789082845,
        0.015756152826773156,
        0.015546070789082845,
        0.015647829276089088,
        0.015647829276089088,
        0.015647829276089088,
        0.020059552067585574
    ],
    "nn.bias_add": [
        0.019537629505198714
    ],
    "nn.max_pool2d": [
        0.037919807803100725
    ],
    "nn.adaptive_avg_pool2d": [],
    "nn.batch_matmul": [],
    "nn.softmax": [],
    "nn.batch_norm": [
        0.22887453246807463,
        0.17928860650948394,
        0.16100162163491036,
        0.21394557766470712,
        0.3614330157188205,
        0.15186633552722084,
        0.15239810568512444,
        0.3476660771864275,
        0.15470572556787893,
        0.15459740201719488,
        0.3490348929632534,
        0.1552407782576214,
        0.15365203284758847,
        0.3518611528765559,
        0.15345179840541487,
        0.25638543180998835,
        0.14105695818168665,
        0.1827516775995352,
        0.24808390878938225,
        0.1405251880237831,
        0.14083374601664073,
        0.24556292433709856,
        0.14062038144711148,
        0.14022319509460326,
        0.24682669909507932,
        0.14063679410630608,
        0.1403216710497706,
        0.24702693353725286,
        0.15995777651013662,
        0.19399763167964448,
        0.3163671361024104,
        0.19115824163898637,
        0.1892576557042569,
        0.31574017252117836,
        0.18285343608654137,
        0.1840154523575159,
        0.31856971496631975,
        0.1943029071406632,
        0.21290501507177226,
        0.31027803954123034,
        0.1806574222863099,
        0.6584857344810783,
        0.1351648135308413,
        0.1565964639070917,
        0.6484017966719434,
        0.14126047515569917,
        0.13495801402498991,
        0.6313884341508672,
        0.13275215262924167,
        0.13370408686252586,
        0.6437832743745954,
        0.13433761550743573,
        0.1330607106220993,
        0.6315886685930407,
        0.13296223466693194,
        0.15754839814037588
    ],
    "multiply": [],
    "add": [],
    "squeeze": [],
    "reshape": [],
    "transpose": [
        0.03928205851624882,
        0.03949542308577804,
        0.039390382066932884,
        0.03970222259162944,
        0.029933407839030087,
        0.02888299765057854,
        0.030038448857875235,
        0.03508370029428156,
        0.03823493085963619,
        0.035818987426197636,
        0.03739460270887496,
        0.036659315576958874,
        0.032667756860843014,
        0.031722387691236614,
        0.026995541843204674,
        0.02815099305050137
    ],
    "latency": 21.772462526957195,
    "batch_size": 2,
    "model_name": "shufflenet_v2_x1_5",
    "sm_partition": 20
}