{
    "nn.conv2d": [
        0.08093438340262207,
        0.08080712808280663,
        0.06235510670956732,
        0.09378717070398188,
        0.08996951110951856,
        0.10244053245143205,
        0.09353266006435099,
        0.05089815119743318,
        0.09123808757892878,
        0.09301966205634497,
        0.045811915133559665,
        0.09225613013745233,
        0.08793342599247146,
        0.0423760214985427,
        0.08831121522317356,
        0.08195242596114563,
        0.09900066208767082,
        0.22765976714982847,
        0.06833610674089317,
        0.0931469173761604,
        0.08818395990335813,
        0.050007363958725064,
        0.08742042798446546,
        0.08843847054298902,
        0.041867000219280914,
        0.08577008555560892,
        0.08322100243055582,
        0.03791810857625794,
        0.0825847258314786,
        0.08042138539461606,
        0.03829987453570426,
        0.08156668327295506,
        0.08156668327295506,
        0.03791810857625794,
        0.08462081094852572,
        0.0805486407144315,
        0.03855836190407939,
        0.08169393859277051,
        0.08538434286741838,
        0.04301229809761991,
        0.08245747051166318,
        0.0734263195335109,
        0.09531025781302295,
        0.12203785170301033,
        0.06006451095288934,
        0.08920200246188167,
        0.08958774515007224,
        0.05319272368285538,
        0.09301966205634497,
        0.09200161949782144,
        0.03906738318334116,
        0.08984225578970312,
        0.0926418728256429,
        0.03894012786352572,
        0.09225613013745233,
        0.44068517252088096
    ],
    "nn.conv2d_transpose": [],
    "nn.dense": [
        0.05815170442691345
    ],
    "nn.layer_norm": [],
    "nn.relu": [
        0.04288504277780446,
        0.03461344698980064,
        0.03677281069791895,
        0.03232285123312265,
        0.03333691706290196,
        0.03435495962142552,
        0.030414021435890996,
        0.029137491508992336,
        0.031686574634045436,
        0.030159510796260114,
        0.03563148954832419,
        0.03499123622050273,
        0.0328278957836402,
        0.03003225547644467,
        0.033086383152015314,
        0.02990102342788499,
        0.023792768076743707,
        0.029268723557552008,
        0.025956108513606246,
        0.0269741510721298,
        0.02519257659471358,
        0.02519257659471358,
        0.02481478736401149,
        0.02710538312068947,
        0.026210619153237136,
        0.02468355531545181,
        0.025956108513606246,
        0.03117755335478366,
        0.02837395959009967,
        0.029392002148623222,
        0.024047278716374593,
        0.023414978846041604,
        0.02481478736401149,
        0.02837395959009967,
        0.025578319282904154,
        0.02519257659471358,
        0.029777744836813783
    ],
    "nn.bias_add": [
        0.020488106490286408
    ],
    "nn.max_pool2d": [
        0.042753810729244786
    ],
    "nn.adaptive_avg_pool2d": [],
    "nn.batch_matmul": [],
    "nn.softmax": [],
    "nn.batch_norm": [
        0.3193830156355536,
        0.32003122242086357,
        0.29254009661198355,
        0.2972485434451549,
        0.35374195198572345,
        0.27726945823413024,
        0.27052094955516753,
        0.3331226134468772,
        0.27115722615424476,
        0.2683735160332819,
        0.33389409882325843,
        0.268357609118305,
        0.2737222161942748,
        0.32677575437108203,
        0.26989262641357875,
        0.36952956510032675,
        0.2964850115262622,
        0.2667152201469369,
        0.3332657756816696,
        0.27740069028269,
        0.27052890301265603,
        0.3215384026149277,
        0.27180543293955467,
        0.2692444196282689,
        0.3228308394568033,
        0.2533414813800826,
        0.22674511953865495,
        0.27714617964305904,
        0.2236830384055959,
        0.22369099186308433,
        0.2698886496848345,
        0.21961882162899013,
        0.22433124519090575,
        0.2822363924356768,
        0.21287826640751584,
        0.22382222391164402,
        0.27661727472007613,
        0.22050960886769824,
        0.23538655109987242,
        0.2902534775840497,
        0.2249516148750061,
        0.31391501361223373,
        0.23501273859791455,
        0.22712688549810128,
        0.3691438224121363,
        0.227771115554667,
        0.22001251777466918,
        0.28514735787645507,
        0.21657264741090793,
        0.2230547152640071,
        0.2902495008553055,
        0.2254646128830121,
        0.22151969796873333,
        0.2873226284995503,
        0.22063686418751366,
        0.18182796837254764
    ],
    "multiply": [],
    "add": [],
    "squeeze": [],
    "reshape": [],
    "transpose": [
        0.037409087296996164,
        0.034104425710538865,
        0.03474070230961608,
        0.036522276787032286,
        0.039449149142787486,
        0.03372265975109254,
        0.0278649383108379,
        0.031686574634045436,
        0.029014212917921122,
        0.02761042767120701,
        0.02990102342788499,
        0.029014212917921122,
        0.0328278957836402,
        0.025956108513606246,
        0.026210619153237136,
        0.02837395959009967
    ],
    "latency": 21.738545099894207,
    "batch_size": 2,
    "model_name": "shufflenet_v2_x1_0",
    "sm_partition": 100
}