{
    "nn.conv2d": [
        0.07888169023909324,
        0.014944140642378156,
        0.1150728708891239,
        0.30398223524685797,
        0.06340635976345518,
        0.5580143665167684,
        0.5562614400670107,
        0.017387613875373634,
        0.5561203427675511,
        0.5570941907951942,
        0.0168735770471461,
        0.556598413617485,
        0.5551819073954587,
        0.01708660630319303,
        0.5560489641337069,
        0.03401330233366512,
        0.41707199742514495,
        1.8917086468606603,
        0.0322786355344258,
        0.4197987719025458,
        0.422012062874462,
        0.013473962114282822,
        0.42310985519653244,
        0.41866612024766764,
        0.012854240642146289,
        0.4185244696254651,
        0.4194629049975575,
        0.01276626232601262,
        0.4165408075918851,
        0.4188254771976456,
        0.012996444587091906,
        0.4190019871526559,
        0.41942693901926387,
        0.012942772281022934,
        0.41636374431413187,
        0.4182052024027661,
        0.012996444587091906,
        0.4187540985638013,
        0.41744438363116987,
        0.012872500292664594,
        0.4190196934804313,
        0.048709554387188665,
        0.5414589500468352,
        0.882978600177392,
        0.0471873635212533,
        0.5460094762850949,
        0.5416360133245885,
        0.02098144509102256,
        0.5424859170578042,
        0.5418839019134432,
        0.01975970847452482,
        0.5438493042965048,
        0.5391222681032348,
        0.01986649976391978,
        0.5402903324136634,
        0.5386436439305579
    ],
    "nn.conv2d_transpose": [],
    "nn.dense": [
        0.05519007035295928
    ],
    "nn.layer_norm": [],
    "nn.relu": [
        0.022044378080285313,
        0.010145172492520864,
        0.026736001618004674,
        0.010039487848611865,
        0.010145172492520864,
        0.010074900504162524,
        0.010145172492520864,
        0.00987957757589092,
        0.010003521870318227,
        0.010057194176387195,
        0.006125836087521051,
        0.01600652030889793,
        0.006001891793093746,
        0.0059310664819924265,
        0.006001891793093746,
        0.006072717104195062,
        0.006001891793093746,
        0.005984738788061394,
        0.005967032460286064,
        0.006001891793093746,
        0.006001891793093746,
        0.006001891793093746,
        0.006108683082488701,
        0.006001891793093746,
        0.006001891793093746,
        0.006001891793093746,
        0.0060195981208690744,
        0.004302637649405086,
        0.010233704131397512,
        0.004125021048908811,
        0.004125021048908811,
        0.004125021048908811,
        0.004001630077224483,
        0.004125021048908811,
        0.00416043370445947,
        0.004125021048908811,
        0.010181138470814501
    ],
    "nn.bias_add": [
        0.0028153061162774014
    ],
    "nn.max_pool2d": [
        0.017458439186474953
    ],
    "nn.adaptive_avg_pool2d": [],
    "nn.batch_matmul": [],
    "nn.softmax": [],
    "nn.batch_norm": [
        0.08461688047007108,
        0.1375560339045916,
        0.049236870961247695,
        0.09762937141670938,
        0.5956729590811795,
        0.04730854120196571,
        0.04783862438973965,
        0.5938503139658066,
        0.04754038343127394,
        0.047590182478142055,
        0.5946980044080503,
        0.0474673448292007,
        0.04741422584587471,
        0.5936904036930856,
        0.047201749912570756,
        0.44702667743905883,
        0.03434750927042447,
        0.06648394085990467,
        0.44823070772778123,
        0.03424182462651547,
        0.03445430055981943,
        0.4514731790016385,
        0.03420530532547886,
        0.03466511652489444,
        0.4469232060861218,
        0.034684482820898706,
        0.03447200688759477,
        0.4452582579524978,
        0.034187598997703524,
        0.034382368603232155,
        0.4471168690461644,
        0.03424016465828653,
        0.0342224583305112,
        0.44476192745204557,
        0.03422356497599716,
        0.034382921925975134,
        0.4472402600178487,
        0.03455998520372843,
        0.03431154329213083,
        0.44755897391780464,
        0.03408191435379453,
        0.5667225598457726,
        0.028026903577374793,
        0.04884788507293343,
        0.5698576865074919,
        0.02802469028640287,
        0.028291945171261757,
        0.566050826035796,
        0.02806065626469651,
        0.027990937599081157,
        0.56776778650726,
        0.028290838525775797,
        0.02818460055912382,
        0.5641191763400561,
        0.02776020201525889,
        0.05106117604484963
    ],
    "multiply": [],
    "add": [],
    "squeeze": [],
    "reshape": [],
    "transpose": [
        0.02477059923494309,
        0.02434564736833518,
        0.02432794104055985,
        0.02429252838500919,
        0.016855870719370773,
        0.016731926424943463,
        0.016731926424943463,
        0.01671477341991111,
        0.016749632752718794,
        0.016731926424943463,
        0.016731926424943463,
        0.016749632752718794,
        0.008994814509867421,
        0.008870316892697135,
        0.008746372598269828,
        0.008764078926045159
    ],
    "latency": 22.18645254770915,
    "batch_size": 2,
    "model_name": "shufflenet_v2_x2_0",
    "sm_partition": 5
}