{
    "nn.conv2d": [
        0.0864976100776137,
        0.042988048014834745,
        0.0879829694602401,
        0.2019187715158183,
        0.10030544536794772,
        0.4040150216343403,
        0.4223663091538845,
        0.02856859415518394,
        0.4042798743183747,
        0.40934757103557057,
        0.025947371715254994,
        0.40873595246625394,
        0.4104807036528317,
        0.025685249471262096,
        0.42751864951236973,
        0.0473540216413414,
        0.274963503508505,
        1.2629896151990565,
        0.04185218495753219,
        0.2725197596712796,
        0.27155591433659737,
        0.026386972561951407,
        0.27173066249925937,
        0.2712937920926044,
        0.023765750122022457,
        0.2713811661739355,
        0.27164328841792834,
        0.02411524644734632,
        0.2718180365805903,
        0.2712937920926044,
        0.023937767844642795,
        0.2720801588245832,
        0.27155591433659737,
        0.02437463825129762,
        0.2725197596712796,
        0.2720801588245832,
        0.024202620528677287,
        0.2720801588245832,
        0.27216753290591417,
        0.023853124203353424,
        0.27199278474325217,
        0.052773945123902814,
        0.3545640220410557,
        0.5654823239339634,
        0.04656765490936272,
        0.3520301736824577,
        0.3506321883811623,
        0.033374168628387005,
        0.35054208385978974,
        0.34984582164918354,
        0.02848395051389457,
        0.3508915801851135,
        0.3499304652904729,
        0.02848395051389457,
        0.34949632532385966,
        0.6123148315273605
    ],
    "nn.conv2d_transpose": [],
    "nn.dense": [
        0.11323407896488895
    ],
    "nn.layer_norm": [],
    "nn.relu": [
        0.04001459880954034,
        0.0169478413381656,
        0.05312071100918507,
        0.016076830964897548,
        0.016076830964897548,
        0.016076830964897548,
        0.016510970931510778,
        0.016161474606186915,
        0.016161474606186915,
        0.016336222768848843,
        0.014766219744933074,
        0.02096704907938999,
        0.014067227094285354,
        0.014850863386222444,
        0.014416723419609213,
        0.014067227094285354,
        0.013892478931623424,
        0.013977122572912793,
        0.014067227094285354,
        0.013627626247588934,
        0.014416723419609213,
        0.014067227094285354,
        0.013452878084927003,
        0.014067227094285354,
        0.013452878084927003,
        0.013892478931623424,
        0.014067227094285354,
        0.012756615874320879,
        0.016775823615545266,
        0.01205762322367316,
        0.01205762322367316,
        0.01205762322367316,
        0.012142266864962533,
        0.01205762322367316,
        0.012407119548997017,
        0.012142266864962533,
        0.016775823615545266
    ],
    "nn.bias_add": [
        0.013368234443637635
    ],
    "nn.max_pool2d": [
        0.02752283561925395
    ],
    "nn.adaptive_avg_pool2d": [],
    "nn.batch_matmul": [],
    "nn.softmax": [],
    "nn.batch_norm": [
        0.1908987155079504,
        0.18486990389611382,
        0.12920169232812276,
        0.23335978859475773,
        0.5080639002993115,
        0.11907449021385563,
        0.12135167720854391,
        0.5077089430939044,
        0.12011751830974401,
        0.12151823405108106,
        0.5140107987099003,
        0.12030045779253072,
        0.12073459775914398,
        0.5318296504213338,
        0.1188997420511937,
        0.38241724090534235,
        0.1136572971713358,
        0.13942992072392887,
        0.37281428327906097,
        0.11400952393670126,
        0.11522456975520999,
        0.3716756897817169,
        0.11488599519005252,
        0.112778095477943,
        0.37228730835103363,
        0.1134798185686323,
        0.11348527944871548,
        0.37184224662425397,
        0.11409689801803223,
        0.11252143411403327,
        0.3721152906284132,
        0.11374467125266678,
        0.11357265353004645,
        0.37429691222164574,
        0.1126142690754474,
        0.11374740169270837,
        0.3717576029829645,
        0.11269618227669519,
        0.11505801291267286,
        0.3712360889350204,
        0.11322588764476416,
        0.4566852100366625,
        0.10885172269813273,
        0.12335855063911451,
        0.4486577163143801,
        0.10833020865018854,
        0.10868243541555396,
        0.44848023771167667,
        0.10806808640619565,
        0.10885445313817434,
        0.4476884100996147,
        0.10859506133422302,
        0.10842031317156106,
        0.44612659839582375,
        0.10815273004748502,
        0.13104746979623944
    ],
    "multiply": [],
    "add": [],
    "squeeze": [],
    "reshape": [],
    "transpose": [
        0.030228701700472267,
        0.029267586805831657,
        0.02848395051389457,
        0.028833446839218426,
        0.019222297892812285,
        0.019831186022087444,
        0.018872801567488422,
        0.019306941534101656,
        0.018782697046115862,
        0.019222297892812285,
        0.018872801567488422,
        0.019481689696763584,
        0.015986726443524987,
        0.015377838314249827,
        0.015462481955539197,
        0.015552586476911755
    ],
    "latency": 22.039729754130047,
    "batch_size": 4,
    "model_name": "shufflenet_v2_x2_0",
    "sm_partition": 80
}