{
    "nn.conv2d": [
        0.08113774572665414,
        0.04215058866516385,
        0.034455755034606565,
        0.06634389370846118,
        0.057112765169025255,
        0.11174608394598202,
        0.10105881501465247,
        0.02487996207213525,
        0.09917518386550564,
        0.09969084459144228,
        0.022739836468636507,
        0.09969084459144228,
        0.09934885198563974,
        0.03411376242880401,
        0.11285755991484034,
        0.05848073559223546,
        0.07583686033671468,
        0.19501861164166928,
        0.0497599241442705,
        0.07438071994482101,
        0.07147645461273221,
        0.03983946675876383,
        0.07224326615855511,
        0.07113179018969684,
        0.03317061094561417,
        0.07198944352143603,
        0.07181577540130193,
        0.03308778461139637,
        0.06984931791793729,
        0.08823142047982416,
        0.04967442599281987,
        0.08147706651522388,
        0.0786582993345857,
        0.04505485399725267,
        0.0796816053347605,
        0.08130874202955542,
        0.046510994389146326,
        0.08190722908970988,
        0.0789976201231554,
        0.04608083181466029,
        0.07874379748603633,
        0.08387368657307452,
        0.22434447758923762,
        0.20587687687590017,
        0.08190722908970988,
        0.22238069192310586,
        0.2258006179811313,
        0.08259121430131497,
        0.22135204228846536,
        0.22058523074264247,
        0.07737582706282616,
        0.2216940348942679,
        0.22494563646662497,
        0.07019398234097265,
        0.21673514211013095,
        0.43971432109339126
    ],
    "nn.conv2d_transpose": [],
    "nn.dense": [
        0.06096018198430391
    ],
    "nn.layer_norm": [],
    "nn.relu": [
        0.03770468478973075,
        0.01581448620113494,
        0.030095349310624086,
        0.014876678352410772,
        0.014876678352410772,
        0.015047674655312043,
        0.014532013929375392,
        0.01436101762647412,
        0.024791792103451785,
        0.02496546022358589,
        0.026846419555499903,
        0.029753356704821543,
        0.023597489800375713,
        0.02197302492281361,
        0.023851312437494783,
        0.02316732722588969,
        0.023423821680241604,
        0.023851312437494783,
        0.04539951842028805,
        0.0383031718498852,
        0.034624079520275,
        0.03377176982300146,
        0.03608021991216865,
        0.03565272915491546,
        0.03505424209476101,
        0.03693520142667502,
        0.03351260355141672,
        0.03505424209476101,
        0.03565272915491546,
        0.03753101666959665,
        0.03419658876302182,
        0.03513706842897882,
        0.03676153330654091,
        0.03727719403247756,
        0.026846419555499903,
        0.02650442694969735,
        0.030007179341940613
    ],
    "nn.bias_add": [
        0.031546146068052075
    ],
    "nn.max_pool2d": [
        0.026416256981013884
    ],
    "nn.adaptive_avg_pool2d": [],
    "nn.batch_matmul": [],
    "nn.softmax": [],
    "nn.batch_norm": [
        0.18585695035028701,
        0.12908884960429715,
        0.11762942549267898,
        0.16765118772576712,
        0.2095372664848805,
        0.11352818604028125,
        0.1145541638576889,
        0.19773852158469268,
        0.11429232576887134,
        0.11155638492245096,
        0.19928016012803693,
        0.11403583131451944,
        0.17080927569497495,
        0.30239627441197037,
        0.19509342252418865,
        0.2759773456137237,
        0.20218175364289295,
        0.18354850026111982,
        0.25229435766189734,
        0.2032157469119991,
        0.20766432260466502,
        0.25229435766189734,
        0.20406538479203978,
        0.19602855855567994,
        0.24955040136377843,
        0.19919466197658636,
        0.2003862924624296,
        0.25494747217409985,
        0.8229063486262131,
        0.3230921706974901,
        0.3507855563157979,
        0.30940177919645684,
        0.30435471644363654,
        0.3478759473492433,
        0.30820747689338085,
        0.30504404528970724,
        0.42567124971762427,
        0.30478755083535536,
        0.33283094451116424,
        0.3463449960748304,
        0.2994866654454159,
        0.5175042798273063,
        0.2598128513550877,
        0.28726844523967343,
        0.4884375801513228,
        0.34051776269002304,
        0.27785028949393914,
        0.49528010408460654,
        0.28169503449198496,
        0.28230153700383803,
        0.497155719782055,
        0.2790499354314809,
        0.20509937806114595,
        0.4273945718328011,
        0.199710322702523,
        0.1539688116764324
    ],
    "multiply": [],
    "add": [],
    "squeeze": [],
    "reshape": [],
    "transpose": [
        0.022483342014284594,
        0.021289039711208515,
        0.021542862348327595,
        0.03214730494543937,
        0.030437341916426632,
        0.026589925101147986,
        0.026758249586816434,
        0.0435158872711412,
        0.03659053700363964,
        0.03565272915491546,
        0.03847149633555364,
        0.03616304624638646,
        0.03590655179203455,
        0.03753101666959665,
        0.035479061034781365,
        0.028470884433061998
    ],
    "latency": 21.945061683654785,
    "batch_size": 4,
    "model_name": "shufflenet_v2_x1_5",
    "sm_partition": 80
}