{
    "nn.conv2d": [
        0.07150809037022544,
        0.04673410475008176,
        0.07150809037022544,
        0.15933912438497702,
        0.059525551524349817,
        0.3575561893594617,
        0.35090551833730904,
        0.02930953552214179,
        0.3543331476525596,
        0.36258904452482943,
        0.025680466100209933,
        0.3530206394574636,
        0.35473602786592223,
        0.025885053708558214,
        0.34264962146503913,
        0.05106506704373157,
        0.23548348471054129,
        0.9633873102037327,
        0.04501871634162307,
        0.23266017571533493,
        0.2315554026302542,
        0.028299187487067955,
        0.2314546825769135,
        0.23074649470186176,
        0.02366606503339606,
        0.23306305592869767,
        0.2312532424702321,
        0.024072092748425734,
        0.22994073427513623,
        0.2312532424702321,
        0.024169665300099532,
        0.23396953640876395,
        0.22913812135007755,
        0.024169665300099532,
        0.23356665619540118,
        0.23135396252357282,
        0.023968225193418142,
        0.2441454092978409,
        0.24102308764427935,
        0.03655823186100482,
        0.24021417971588693,
        0.06415867397802172,
        0.291782847026322,
        0.4519277318380245,
        0.0446158361282603,
        0.2810089488205347,
        0.28715287207431694,
        0.03947911340788493,
        0.28171398919391955,
        0.28342623010071133,
        0.03243185717570329,
        0.28171398919391955,
        0.28443343063411825,
        0.03172681680231843,
        0.2814118290338975,
        0.6864040160151589
    ],
    "nn.conv2d_transpose": [],
    "nn.dense": [
        0.056802962582484205
    ],
    "nn.layer_norm": [],
    "nn.relu": [
        0.024874705673484383,
        0.017421421726273072,
        0.02739585450866862,
        0.016820248907895807,
        0.01631350113952544,
        0.016417368694533033,
        0.016514941246206827,
        0.016417368694533033,
        0.016014488481170257,
        0.016014488481170257,
        0.016215928587851643,
        0.020849051041523542,
        0.014601260232733653,
        0.014198380019370878,
        0.014198380019370878,
        0.014198380019370878,
        0.014198380019370878,
        0.014302247574378467,
        0.014906567894422625,
        0.014198380019370878,
        0.014302247574378467,
        0.01399693991268949,
        0.014302247574378467,
        0.014198380019370878,
        0.023870652641744348,
        0.025982626260232015,
        0.0230617447133519,
        0.022255984286626347,
        0.017119261566250987,
        0.01853248981468759,
        0.019234382686405548,
        0.01913681013473175,
        0.020244730721479382,
        0.021651663966582187,
        0.019234382686405548,
        0.018428622259680005,
        0.01772672938796204
    ],
    "nn.bias_add": [
        0.015611608267807482
    ],
    "nn.max_pool2d": [
        0.0276948671670238
    ],
    "nn.adaptive_avg_pool2d": [],
    "nn.batch_matmul": [],
    "nn.softmax": [],
    "nn.batch_norm": [
        0.16486613731204758,
        0.18107577089656546,
        0.14109305722197701,
        0.16505813491372828,
        0.471256539574437,
        0.12991627880282697,
        0.1310179043862408,
        0.46963557621598523,
        0.13092347933623388,
        0.132229692527996,
        0.4674260300458237,
        0.13192753236797392,
        0.12880835821607933,
        0.45553476874828824,
        0.1305205991228711,
        0.3545188502509064,
        0.12517614129248059,
        0.14774058074246277,
        0.3435372169351039,
        0.12537128639582817,
        0.12477640858078469,
        0.34132137576160865,
        0.12346390038568876,
        0.12356462043902945,
        0.3431343367217411,
        0.12376920804737776,
        0.12468513103244468,
        0.34000886756651283,
        0.12377865055237845,
        0.12417208826074053,
        0.34323505677508187,
        0.12397064815405913,
        0.12416894075907363,
        0.34323505677508187,
        0.12548774395750334,
        0.1242728083140812,
        0.36248202946815505,
        0.1688917919440084,
        0.2226794479296056,
        0.4109157851183609,
        0.17705326376627148,
        0.4810263847484843,
        0.18561761580189734,
        0.13473510385484577,
        0.43620281351020873,
        0.13757415035838655,
        0.13463438380150505,
        0.4643037083922623,
        0.1492545290442401,
        0.1417918025920281,
        0.4343867050484095,
        0.13776929546173414,
        0.1353520141815575,
        0.4336785171733577,
        0.1366613748749865,
        0.14330575089380537
    ],
    "multiply": [],
    "add": [],
    "squeeze": [],
    "reshape": [],
    "transpose": [
        0.025482173495195437,
        0.0245725455134623,
        0.024975425726825075,
        0.024777133121810582,
        0.019435822793086935,
        0.01853248981468759,
        0.018428622259680005,
        0.018831502473042775,
        0.019234382686405548,
        0.01853248981468759,
        0.027496574562009313,
        0.028299187487067955,
        0.024975425726825075,
        0.021349503806560113,
        0.021853104073263574,
        0.020446170828160765
    ],
    "latency": 21.487962404886883,
    "batch_size": 1,
    "model_name": "shufflenet_v2_x2_0",
    "sm_partition": 30
}