{
    "nn.conv2d": [
        0.07799798081294175,
        0.01496923718213195,
        0.1151040781573559,
        0.30059989348448274,
        0.08622280616908004,
        0.5582815530848272,
        0.5559216968702322,
        0.017222877853486012,
        0.5558694146080152,
        0.5547241578956618,
        0.016835989113080176,
        0.5590745924517189,
        0.554566210429806,
        0.01664171923347383,
        0.556626131561156,
        0.035573951891654756,
        0.4165674544778226,
        1.8939607208851539,
        0.032016006362887,
        0.41834615207240533,
        0.41640895667236477,
        0.013525146065738047,
        0.41811666045825285,
        0.41920853422918475,
        0.012803100507541094,
        0.4172366674342003,
        0.42287159462198887,
        0.012803100507541094,
        0.4169372826905577,
        0.41667311968146115,
        0.012697435303902514,
        0.41630274112912385,
        0.41427749139271774,
        0.012697435303902514,
        0.4158096368454772,
        0.4166021258727665,
        0.012838322242087289,
        0.4175883344400599,
        0.41762410651420834,
        0.012838322242087289,
        0.41677823454549756,
        0.047936780717368434,
        0.5375717235112681,
        0.8825328413170785,
        0.04608708931409103,
        0.5394203142353409,
        0.5420448837986345,
        0.020270108231333978,
        0.5396316446426181,
        0.537782503578943,
        0.019477619204044633,
        0.5378182756530914,
        0.5364088559316414,
        0.019353792793530677,
        0.5387692624858387,
        0.5332741215570302
    ],
    "nn.conv2d_transpose": [],
    "nn.dense": [
        0.05631900319976005
    ],
    "nn.layer_norm": [],
    "nn.relu": [
        0.02528865506456417,
        0.009280376713319527,
        0.030819017727918726,
        0.008980991969676888,
        0.009016213704223081,
        0.009175261849283233,
        0.009069596645644655,
        0.00910426804058856,
        0.009298537920194907,
        0.00910426804058856,
        0.006233696675073848,
        0.014440911163939061,
        0.00591670106415811,
        0.0060229166073989746,
        0.005987144533250497,
        0.006005305740125879,
        0.005987144533250497,
        0.006005305740125879,
        0.006005305740125879,
        0.006058138341945166,
        0.00591670106415811,
        0.005934862271033493,
        0.006039977135069786,
        0.006039977135069786,
        0.005969533665977401,
        0.006058138341945166,
        0.006058138341945166,
        0.004190836071394663,
        0.009245154978773333,
        0.004050499472812175,
        0.004120942941904562,
        0.004050499472812175,
        0.004050499472812175,
        0.004067560000482988,
        0.004050499472812175,
        0.004032338265936795,
        0.00910426804058856
    ],
    "nn.bias_add": [
        0.0027296844273299445
    ],
    "nn.max_pool2d": [
        0.019547512333534738
    ],
    "nn.adaptive_avg_pool2d": [],
    "nn.batch_matmul": [],
    "nn.softmax": [],
    "nn.batch_norm": [
        0.09094031723986075,
        0.1378364057693097,
        0.04483341570008748,
        0.10937779459558812,
        0.5937294772075589,
        0.043531312201082924,
        0.04333759266107885,
        0.5905963938517544,
        0.04381308607745246,
        0.04370687053421159,
        0.5933420381275507,
        0.04356598359602683,
        0.04362046721665296,
        0.5910702362493212,
        0.04330182058693038,
        0.4461333489313401,
        0.034407782274414406,
        0.061089346872360055,
        0.44666222528913524,
        0.03389816780269918,
        0.034127109077249425,
        0.4466253525357822,
        0.03424983480855882,
        0.03400383300633776,
        0.4454999080491109,
        0.03417884099986415,
        0.03409188734270324,
        0.44526986609535607,
        0.03432082861725349,
        0.03425038514816111,
        0.4447580502652317,
        0.033914677990767715,
        0.0342333246204903,
        0.44421211337976574,
        0.03409078666349868,
        0.034425943481289786,
        0.4459743007862798,
        0.03379360327826517,
        0.034356050351799686,
        0.4447586006048341,
        0.0343202782776512,
        0.5627002297515675,
        0.02817353525973828,
        0.04425170674047302,
        0.5629099091400378,
        0.02736398570477813,
        0.028068970735304268,
        0.5632637775043067,
        0.027717854069046907,
        0.027610537846601474,
        0.5621355813196238,
        0.028086031262975077,
        0.027734364257115434,
        0.5624190062148003,
        0.027558255584384475,
        0.04655818001364636
    ],
    "multiply": [],
    "add": [],
    "squeeze": [],
    "reshape": [],
    "transpose": [
        0.025676644484174577,
        0.025359648873258835,
        0.02523582246274488,
        0.025200600728198685,
        0.01350753519846495,
        0.013313265318858604,
        0.013278043584312412,
        0.01322576132209541,
        0.013278043584312412,
        0.013349037393007083,
        0.01322576132209541,
        0.013349037393007083,
        0.009051985778371558,
        0.008875326766038309,
        0.008716828960580443,
        0.008716828960580443
    ],
    "latency": 22.07248528798421,
    "batch_size": 4,
    "model_name": "shufflenet_v2_x2_0",
    "sm_partition": 10
}