{
    "nn.conv2d": [
        0.1004438431502282,
        0.04344207436515818,
        0.06400041122977006,
        0.10376223754384749,
        0.10645510197146757,
        0.1657878815266962,
        0.14424777117284784,
        0.04514755516931755,
        0.14406544181056105,
        0.14523234972919638,
        0.03940277772372809,
        0.14738944633840456,
        0.1449630632864344,
        0.038325631952680066,
        0.14326038754938716,
        0.06220236321091125,
        0.09622502221362345,
        0.24208851204304332,
        0.05663711006049647,
        0.09460649848993931,
        0.09308054198095461,
        0.04030320426671355,
        0.09433721204717731,
        0.09200620127701868,
        0.038238674872204836,
        0.0912852990292079,
        0.09074953121079599,
        0.03617414547769613,
        0.0918238719147319,
        0.09254477416254268,
        0.0391362963480782,
        0.09380144422876541,
        0.09442697419476463,
        0.03644343192045814,
        0.09209596342460602,
        0.0912852990292079,
        0.03769729691956872,
        0.09344239563841605,
        0.09317030412854196,
        0.03392728672090064,
        0.08931333684939861,
        0.07252501018345484,
        0.2940607954961104,
        0.26309004951136766,
        0.06606494062427877,
        0.2881336886882342,
        0.2889443530836323,
        0.065074751933706,
        0.2887648287884577,
        0.29019821808274293,
        0.05574229365173522,
        0.28930340167398166,
        0.28768487795029757,
        0.05385728855240118,
        0.2909163152634416,
        0.4605695792706175
    ],
    "nn.conv2d_transpose": [],
    "nn.dense": [
        0.04218540429893549
    ],
    "nn.layer_norm": [],
    "nn.relu": [
        0.029349417193946542,
        0.04057249070947556,
        0.18401240255403736,
        0.03680248051080748,
        0.029890795146582657,
        0.02863412508035996,
        0.028721082160835194,
        0.02800298498013651,
        0.027643936389787165,
        0.027643936389787165,
        0.03069865447486867,
        0.03590205396782201,
        0.028903411523121966,
        0.02621054709550191,
        0.025851498505152566,
        0.027916027899661276,
        0.026569595685851245,
        0.02621054709550191,
        0.029708465784295878,
        0.07899068987685506,
        0.026569595685851245,
        0.025851498505152566,
        0.02629750417597714,
        0.029439179341533873,
        0.026387266323564473,
        0.0289903686035972,
        0.02010672105956311,
        0.013371754923400857,
        0.024951071962167108,
        0.012653657742702173,
        0.012653657742702173,
        0.012387176367052272,
        0.012653657742702173,
        0.012746224957401612,
        0.012746224957401612,
        0.02037320243521301,
        0.016157186565720353
    ],
    "nn.bias_add": [
        0.013820565661337532
    ],
    "nn.max_pool2d": [
        0.027015601356675824
    ],
    "nn.adaptive_avg_pool2d": [],
    "nn.batch_matmul": [],
    "nn.softmax": [],
    "nn.batch_norm": [
        0.17115116984503947,
        0.34530376150003045,
        0.3411747027110131,
        0.5058910486008854,
        0.45355691149035676,
        0.32285761446897243,
        0.23534793577265686,
        0.35912713222848014,
        0.22367324645207903,
        0.21586674467909298,
        0.3612758136363519,
        0.219364663367887,
        0.22125247353433308,
        0.3551747926675252,
        0.21828751759683887,
        0.32376084607907,
        0.24351629120310433,
        0.21406869666023415,
        0.3040047584085199,
        0.24054572513138595,
        0.23588931372529298,
        0.3098449081359209,
        0.2319313640301139,
        0.23704780644259205,
        0.3014914182760745,
        0.2348093628871328,
        0.23579113637636934,
        0.29925297472061535,
        0.24027082855439982,
        0.2887536085200092,
        0.30105102273947415,
        0.23337597359284756,
        0.23525536855795737,
        0.2973735797555055,
        0.23121607191652732,
        0.24270282174059415,
        0.29970459052566417,
        0.2334629306733228,
        0.254728144450185,
        0.24468039405462763,
        0.16918762286656652,
        0.4564208850118152,
        0.11389133488565588,
        0.13543705537372844,
        0.5290384624099694,
        0.11101614109574905,
        0.11407646931505475,
        0.444490934584036,
        0.11084222693479859,
        0.11209328686679706,
        0.44341098374587584,
        0.1106627026396239,
        0.11011571455276357,
        0.4441374961279108,
        0.1188254479358472,
        0.13014389373318777
    ],
    "multiply": [],
    "add": [],
    "squeeze": [],
    "reshape": [],
    "transpose": [
        0.049366376105922316,
        0.03931301557614076,
        0.04021344211912622,
        0.038777247757728846,
        0.03796658336233073,
        0.031772995178804594,
        0.03159627595074203,
        0.03258085450709061,
        0.03311942739261463,
        0.032045086688678705,
        0.033032470312139385,
        0.02800298498013651,
        0.023873926191119083,
        0.02208148830648448,
        0.024146017700993196,
        0.023786969110643857
    ],
    "latency": 21.775264739990234,
    "batch_size": 2,
    "model_name": "shufflenet_v2_x1_5",
    "sm_partition": 30
}