{
    "nn.conv2d": [
        0.07177454928076717,
        0.05461735675664511,
        0.06071494891989425,
        0.11871789762374534,
        0.06658330829505131,
        0.21498156198930254,
        0.2114831169771897,
        0.03215959684017864,
        0.20889102314261013,
        0.2102417332632142,
        0.04028854417175138,
        0.22288127653278322,
        0.22096630108764478,
        0.038705074604776915,
        0.22186912560689975,
        0.07380237779081242,
        0.1827055854259387,
        0.6947199409083926,
        0.06319771634784532,
        0.177401491375316,
        0.17412875249301688,
        0.04536693209256038,
        0.17447083834601582,
        0.17266518930750593,
        0.03746369089080137,
        0.17232310345450697,
        0.1719845442597864,
        0.03758007061398659,
        0.17187169119487952,
        0.16837324618276667,
        0.03610945411191898,
        0.1682603931178598,
        0.16905036457220785,
        0.03374306640715312,
        0.16871180537748723,
        0.16905036457220785,
        0.035206629592664046,
        0.16984386268483423,
        0.16950530349011364,
        0.03667724609473165,
        0.16961815655502052,
        0.0716616962158603,
        0.21126093750565433,
        0.3319008638910947,
        0.058341507898571704,
        0.20629187599147383,
        0.2075367863637277,
        0.04672116887144278,
        0.20595684345503157,
        0.20335769630389527,
        0.03724151141926599,
        0.20539257813049727,
        0.20866179035451804,
        0.03679009915963852,
        0.21137026391228284,
        0.7802660907660758
    ],
    "nn.conv2d_transpose": [],
    "nn.dense": [
        0.08667115384847356
    ],
    "nn.layer_norm": [],
    "nn.relu": [
        0.023811996695348857,
        0.01974575970042332,
        0.026065531335207847,
        0.01737584533737912,
        0.01805296372682032,
        0.01726651893075059,
        0.02787118037371771,
        0.026855502789555917,
        0.029454649940692194,
        0.02866467848634412,
        0.029676829412227577,
        0.021442082332304657,
        0.02663332331802052,
        0.027306915049183384,
        0.027306915049183384,
        0.023244204712536184,
        0.030244621395040257,
        0.027984033438624583,
        0.022115674063467514,
        0.023921323101977383,
        0.022567086323094985,
        0.020539257813049727,
        0.022792792452908717,
        0.02200634765683899,
        0.023811996695348857,
        0.024376262019883188,
        0.023695616972163654,
        0.02482767427951066,
        0.025614119075580383,
        0.02099067007267719,
        0.022115674063467514,
        0.020648584219678256,
        0.024711294556325446,
        0.02245775991646646,
        0.022115674063467514,
        0.02336058443572139,
        0.018846461839446726
    ],
    "nn.bias_add": [
        0.01794363732019179
    ],
    "nn.max_pool2d": [
        0.021442082332304657
    ],
    "nn.adaptive_avg_pool2d": [],
    "nn.batch_matmul": [],
    "nn.softmax": [],
    "nn.batch_norm": [
        0.1728697354876496,
        0.18562213182212556,
        0.15617100853971172,
        0.1720832906915799,
        0.34451924721099364,
        0.14758359563195483,
        0.14555576712190954,
        0.3379843494212305,
        0.14499502845565357,
        0.15763104506694428,
        0.4334474623576046,
        0.2088663365346617,
        0.21654739826488534,
        0.42272289453317397,
        0.22039145578827546,
        0.4017428044353318,
        0.22286364324139155,
        0.15503895123236472,
        0.37770862826844753,
        0.21982013714718449,
        0.22038087581344046,
        0.3769151301558211,
        0.20966336130556645,
        0.21224840182358945,
        0.37837516668305377,
        0.21947452463590716,
        0.21902663903455805,
        0.37284536650261724,
        0.1917197239853747,
        0.19013272776012186,
        0.3404494835577898,
        0.18325221745908138,
        0.18021223802315262,
        0.3397794184849054,
        0.1811080092258509,
        0.17862524179789985,
        0.3399028515246472,
        0.18212368681001267,
        0.20718059387761537,
        0.3391093534120208,
        0.17749671114883114,
        0.39462953468792095,
        0.16891635155763093,
        0.16294219243412372,
        0.37612163204319476,
        0.1710676131074181,
        0.1698191760768859,
        0.3766823707094507,
        0.1730989682757417,
        0.17524670316725047,
        0.3780471874631681,
        0.16983328270999928,
        0.17410759254334682,
        0.383227848474049,
        0.17841011564292109,
        0.15831521677294214
    ],
    "multiply": [],
    "add": [],
    "squeeze": [],
    "reshape": [],
    "transpose": [
        0.024147029231791118,
        0.022909172176093923,
        0.03419447866678059,
        0.03430380507340911,
        0.032840241887898185,
        0.03148247845073744,
        0.030466800866575643,
        0.027984033438624583,
        0.026855502789555917,
        0.025614119075580383,
        0.025504792668951854,
        0.027306915049183384,
        0.029676829412227577,
        0.023244204712536184,
        0.023695616972163654,
        0.023811996695348857
    ],
    "latency": 21.927332878112793,
    "batch_size": 2,
    "model_name": "shufflenet_v2_x2_0",
    "sm_partition": 100
}