{
    "nn.conv2d": [
        0.07795944046155769,
        0.02622357993971912,
        0.09709236231235453,
        0.24157891008216512,
        0.06899947391594835,
        0.4541852572000713,
        0.4578139147924638,
        0.02248668114073536,
        0.45803383343442694,
        0.46628078250804633,
        0.021000512193093547,
        0.45022843975912435,
        0.44929206741639055,
        0.020837291326011496,
        0.45924338596522446,
        0.04579633907444232,
        0.3488992073601979,
        1.522440060536228,
        0.04216939959644016,
        0.34538050908878704,
        0.3456004277307502,
        0.01764675290315502,
        0.34774463448989124,
        0.34708487856400166,
        0.016273979505275468,
        0.34538050908878704,
        0.3451073289007234,
        0.016273979505275468,
        0.34494067180486065,
        0.3487359864931159,
        0.016658837128711038,
        0.3463151633171305,
        0.34494067180486065,
        0.01621899984478467,
        0.34587704414759446,
        0.34428263399336145,
        0.01638222071186672,
        0.34538050908878704,
        0.3482394514343084,
        0.01621899984478467,
        0.35077023393127527,
        0.048655281419963683,
        0.4411550776637527,
        0.7290302981079484,
        0.04354217299431971,
        0.45775893513197297,
        0.4411550776637527,
        0.025455582807238315,
        0.4696362599123751,
        0.4688648265511136,
        0.022376721819753767,
        0.44857904994440057,
        0.4501167623237525,
        0.021990146081927862,
        0.4380212370157775,
        0.5024041375648893
    ],
    "nn.conv2d_transpose": [],
    "nn.dense": [
        0.05288871527775494
    ],
    "nn.layer_norm": [],
    "nn.relu": [
        0.02490406808794002,
        0.012918502100946607,
        0.028589423455213665,
        0.012535362591901375,
        0.01247866481702024,
        0.01236870549603865,
        0.012755281233864558,
        0.012425403270919783,
        0.012808542779965014,
        0.01236870549603865,
        0.01005955975542524,
        0.019572759134723196,
        0.009619722471498877,
        0.009509763150517285,
        0.009676420246380006,
        0.009676420246380006,
        0.009676420246380006,
        0.009619722471498877,
        0.009676420246380006,
        0.009729681792480467,
        0.009509763150517285,
        0.009676420246380006,
        0.009676420246380006,
        0.009676420246380006,
        0.009676420246380006,
        0.009619722471498877,
        0.01005955975542524,
        0.009124905527081716,
        0.013140138857300126,
        0.008521847376073304,
        0.008521847376073304,
        0.008521847376073304,
        0.008851725339018075,
        0.008521847376073304,
        0.00857510892217376,
        0.008521847376073304,
        0.013140138857300126
    ],
    "nn.bias_add": [
        0.008521847376073304
    ],
    "nn.max_pool2d": [
        0.026335257375091042
    ],
    "nn.adaptive_avg_pool2d": [],
    "nn.batch_matmul": [],
    "nn.softmax": [],
    "nn.batch_norm": [
        0.12787066350085796,
        0.15909911065962984,
        0.09075595644079033,
        0.13243741155037467,
        0.5257069230410348,
        0.0848817233402269,
        0.08432677239214793,
        0.5307117902600876,
        0.08356049337405748,
        0.08411544432213644,
        0.5220232857881516,
        0.08449171137362031,
        0.08422196741433736,
        0.5316962698057509,
        0.08438518828141942,
        0.41920960255597367,
        0.07492353233383157,
        0.10791820108587022,
        0.41096093536796396,
        0.07454211093917669,
        0.0740507302235402,
        0.41277870039294096,
        0.07443215161819508,
        0.07542350362141974,
        0.4105777958589188,
        0.0748702707877311,
        0.07465035214576793,
        0.4106929095230714,
        0.07404901210914985,
        0.07482044547041133,
        0.4120570923489993,
        0.07409540119768897,
        0.07514688720457544,
        0.41107776714650696,
        0.07448541316429555,
        0.07493212290578326,
        0.4103561591025653,
        0.07498538445188373,
        0.07443215161819508,
        0.41508784613355443,
        0.07542693985020044,
        0.5076718762856637,
        0.07162818893316451,
        0.08641943571957884,
        0.5203687416302566,
        0.07064027315872054,
        0.07173986636853644,
        0.5321945229789488,
        0.07140998840559168,
        0.07097015112166531,
        0.5108572603653492,
        0.0712965928558294,
        0.07074336002214077,
        0.5009076599309055,
        0.07135329063071054,
        0.09164078535181408
    ],
    "multiply": [],
    "add": [],
    "squeeze": [],
    "reshape": [],
    "transpose": [
        0.025455582807238315,
        0.025455582807238315,
        0.025398885032357182,
        0.025455582807238315,
        0.016712098674811493,
        0.015887403767449564,
        0.016438918486747854,
        0.016273979505275468,
        0.01616230206990354,
        0.01638222071186672,
        0.01621899984478467,
        0.016327241051375927,
        0.01225874617505706,
        0.011600708363557852,
        0.011600708363557852,
        0.011600708363557852
    ],
    "latency": 21.73760732014974,
    "batch_size": 1,
    "model_name": "shufflenet_v2_x2_0",
    "sm_partition": 10
}