{
    "nn.conv2d": [
        0.05253424246474691,
        0.0793444575316744,
        0.06008169506837785,
        0.1076474047952904,
        0.07756000636099687,
        0.12244438424188264,
        0.11847514415962773,
        0.043298543883988,
        0.11559519513982117,
        0.11678379478915946,
        0.0386279369068233,
        0.11549588655293129,
        0.11767757207116837,
        0.036942794323035634,
        0.1144034920971426,
        0.06832430778023794,
        0.1313821570619719,
        0.32195843869699337,
        0.056801408307671476,
        0.12413263021901064,
        0.12205025328766346,
        0.04498368646777567,
        0.12135198978609398,
        0.12602259676325867,
        0.040021360516621945,
        0.11767757207116837,
        0.1170848239431694,
        0.03257011310654057,
        0.11589312090049084,
        0.11897168709407714,
        0.0329673474541001,
        0.11867376133340748,
        0.11867376133340748,
        0.03465869682456838,
        0.1191703042678569,
        0.1181741150056178,
        0.0345593882376785,
        0.1191703042678569,
        0.11867376133340748,
        0.036247634214806465,
        0.11738274970383904,
        0.06295854069484408,
        0.14320298229520803,
        0.18302262224470991,
        0.052332521897626834,
        0.1314814656488618,
        0.13277558067177056,
        0.04240166320863878,
        0.13416590088822888,
        0.13019045401929336,
        0.034261462477008855,
        0.134659340429338,
        0.13316971162598976,
        0.033566302368779694,
        0.13376866654066935,
        0.6813531112581314
    ],
    "nn.conv2d_transpose": [],
    "nn.dense": [
        0.05084289309427863
    ],
    "nn.layer_norm": [],
    "nn.relu": [
        0.04577815516289471,
        0.04637711007757431,
        0.0345593882376785,
        0.032868038867210216,
        0.030981175716302482,
        0.029888781260513794,
        0.02969326748007434,
        0.03346699378188981,
        0.03158013063098208,
        0.030388427588303506,
        0.03247080451965069,
        0.03346699378188981,
        0.029888781260513794,
        0.03475490201811795,
        0.030286015608073317,
        0.029792576066964224,
        0.02194409430932333,
        0.02273856300444238,
        0.02313579735200191,
        0.02363234028645131,
        0.021248934201094173,
        0.02194409430932333,
        0.022046506289553527,
        0.024429912374910663,
        0.02244374063711305,
        0.024625426155350114,
        0.02413198661424102,
        0.024228191807790594,
        0.025919541178258874,
        0.023436826506011855,
        0.022937180178222147,
        0.022937180178222147,
        0.02402957463401083,
        0.024727838135580302,
        0.020755494659985073,
        0.021649271941994,
        0.014995596620371993
    ],
    "nn.bias_add": [
        0.015988682489270798
    ],
    "nn.max_pool2d": [
        0.05183908235651775
    ],
    "nn.adaptive_avg_pool2d": [],
    "nn.batch_matmul": [],
    "nn.softmax": [],
    "nn.batch_norm": [
        0.39591850878323204,
        0.3928492527696667,
        0.384016995323148,
        0.3466769666525528,
        0.3550095777712818,
        0.2710069268358039,
        0.2617650214683644,
        0.35282168546636417,
        0.26226156440281384,
        0.26017608407812637,
        0.33763988524557365,
        0.2701069427671144,
        0.2597757463372265,
        0.34776625771500114,
        0.26206294722903406,
        0.3807336051691012,
        0.26732319894085743,
        0.24110573200192892,
        0.35967708135510623,
        0.27357963991491996,
        0.28142191488588014,
        0.35392028670883346,
        0.26562253939036823,
        0.27040176513444375,
        0.3531196112270338,
        0.18926044285873048,
        0.20008507882972754,
        0.29324894690579695,
        0.19413277040301533,
        0.20028059261016698,
        0.2962157909391321,
        0.20128609205242703,
        0.1880780499960729,
        0.2942327225946748,
        0.18678703836650445,
        0.19115971958299943,
        0.2963244097060429,
        0.1864860092124945,
        0.2208436768830529,
        0.2960202771586926,
        0.19840614303262052,
        0.337835399026013,
        0.1931396845341165,
        0.18539361475670582,
        0.3085331591068176,
        0.1921403918785371,
        0.1901635303207604,
        0.3134985884513117,
        0.18956457540608082,
        0.19382863785566504,
        0.3138927194055309,
        0.19076558862878026,
        0.18778012423540325,
        0.31370651580511233,
        0.19095799901587945,
        0.13633206943976442
    ],
    "multiply": [],
    "add": [],
    "squeeze": [],
    "reshape": [],
    "transpose": [
        0.03435766767055843,
        0.029888781260513794,
        0.03048773617519339,
        0.030388427588303506,
        0.03564867930012687,
        0.031378410063862,
        0.024923351916019756,
        0.02413198661424102,
        0.02433060378802078,
        0.02353613509290173,
        0.026512289306257843,
        0.02561851202424893,
        0.025419894850469166,
        0.021745477135543572,
        0.02402957463401083,
        0.02313579735200191
    ],
    "latency": 21.831841468811035,
    "batch_size": 1,
    "model_name": "shufflenet_v2_x2_0",
    "sm_partition": 100
}