{
    "nn.conv2d": [
        0.10624635276852656,
        0.04327621031094905,
        0.039285320599276516,
        0.08345393819297454,
        0.09728625107558404,
        0.1395009955812757,
        0.1309870975297076,
        0.028202287295819247,
        0.14526838550488028,
        0.1375526653956467,
        0.03378676144097213,
        0.13790463969660668,
        0.14003588566068736,
        0.03183565980415445,
        0.13958968201931288,
        0.05418464218952063,
        0.09116965830220812,
        0.22978378950311215,
        0.04948426097355077,
        0.08735614146660992,
        0.08735614146660992,
        0.03778042260383333,
        0.08700139571446126,
        0.08638059064820107,
        0.03068273610967127,
        0.08700139571446126,
        0.0867325649491611,
        0.0315723719412316,
        0.08709008215249842,
        0.08903841233812744,
        0.03068273610967127,
        0.08877512447520461,
        0.08638059064820107,
        0.03307726993667479,
        0.08717876859053557,
        0.08700139571446126,
        0.031392227613968614,
        0.09604464094306367,
        0.08877512447520461,
        0.03103748186181994,
        0.11298652205935132,
        0.08815431940894444,
        0.30383973671533565,
        0.275279932216179,
        0.07999239565833637,
        0.3007329399328461,
        0.29860723687114277,
        0.08522489550252925,
        0.30179994864048076,
        0.2970967959733223,
        0.07972633634422485,
        0.2990506690613286,
        0.30188863507851793,
        0.07848472621170452,
        0.30206600795459226,
        0.4701268080350246
    ],
    "nn.conv2d_transpose": [],
    "nn.dense": [
        0.07165587048284264
    ],
    "nn.layer_norm": [],
    "nn.relu": [
        0.044517820443469386,
        0.017379770404096155,
        0.03760027827657033,
        0.016226846709612983,
        0.016140931722764474,
        0.02305847388966353,
        0.024211397584146716,
        0.023413219641812207,
        0.022612270248289035,
        0.023413219641812207,
        0.022612270248289035,
        0.029441125977150928,
        0.022437668823403364,
        0.02092999937677151,
        0.02022050787247418,
        0.02004313499639984,
        0.02172817731910602,
        0.020838541487545686,
        0.02181686375714319,
        0.02030642285932268,
        0.02030642285932268,
        0.022346210934177532,
        0.021902778743991696,
        0.019064812726802334,
        0.020838541487545686,
        0.020575253624622845,
        0.04185999875354302,
        0.03946546492653951,
        0.038312541232056324,
        0.03875597342224217,
        0.03565194809094131,
        0.03627275315720148,
        0.03733699041364749,
        0.03875597342224217,
        0.03671618534738731,
        0.03698224466149882,
        0.03973152424065101
    ],
    "nn.bias_add": [
        0.042655405244688874
    ],
    "nn.max_pool2d": [
        0.03112616829985711
    ],
    "nn.adaptive_avg_pool2d": [],
    "nn.batch_matmul": [],
    "nn.softmax": [],
    "nn.batch_norm": [
        0.20573590753909646,
        0.13673785874618022,
        0.12867016433598663,
        0.18595606040561946,
        0.2442230501960385,
        0.12201591003201041,
        0.12210459647004761,
        0.3301740659099971,
        0.1894176029402577,
        0.17860340040210057,
        0.2961960743370073,
        0.17302169770813638,
        0.18639672114461664,
        0.30018419259749113,
        0.17709573095546874,
        0.2709232109476032,
        0.1729246969165332,
        0.18427378953410195,
        0.2510602202784663,
        0.18747481565700602,
        0.17567674794687405,
        0.23882149182933726,
        0.17567674794687407,
        0.17194637464693568,
        0.23731105093151672,
        0.18623043407329698,
        0.171411484567524,
        0.24148208497045226,
        0.17460419633686206,
        0.17761953523012575,
        0.24210566148790108,
        0.17630032446432284,
        0.17531645929234807,
        0.24067836412574042,
        0.17620886657509705,
        0.1770042730662429,
        0.25097153384042925,
        0.17416630704905353,
        0.18258597576020708,
        0.4883740426611718,
        0.35110129383557986,
        0.6145803868904384,
        0.30098514199101434,
        0.31562671862071295,
        0.5798984467155285,
        0.3788601489412133,
        0.3033020751847353,
        0.5946287097832643,
        0.2981554903273909,
        0.2970829387173789,
        0.5880714562708913,
        0.3306147266489942,
        0.2963734472130816,
        0.5870016761120679,
        0.29043699876696877,
        0.281920329264212
    ],
    "multiply": [],
    "add": [],
    "squeeze": [],
    "reshape": [],
    "transpose": [
        0.02633710064585007,
        0.03228186344552895,
        0.03352070212686063,
        0.03254792275964045,
        0.029177838114228086,
        0.026957905712110243,
        0.02633710064585007,
        0.026957905712110243,
        0.02740133790229608,
        0.027046592150147406,
        0.02633710064585007,
        0.04372241395232354,
        0.03999481210357385,
        0.03751159183853316,
        0.035915235953864144,
        0.03698224466149882
    ],
    "latency": 21.814721425374348,
    "batch_size": 4,
    "model_name": "shufflenet_v2_x1_5",
    "sm_partition": 60
}