{
    "nn.conv2d": [
        0.25867028489917115,
        0.18630741513821225,
        0.051616544322872875,
        0.05651646601920079,
        0.07441043878377038,
        0.04660623194879339,
        0.04763179695500155,
        0.04888526529592266,
        0.04284582692603011,
        0.039537667583087785,
        0.03851566356648452,
        0.04341202427320754,
        0.04022493857683145,
        0.04147840691775255,
        0.034637745886759885,
        0.05742807935805248,
        0.06756977775277771,
        0.07851269880860304,
        0.03292847087641294,
        0.08785317454222814,
        0.06039438369892543,
        0.03475169755411635,
        0.05993501603989467,
        0.05822574102954772,
        0.035325016880503546,
        0.058795499366330044,
        0.059482770360073704,
        0.03429589088469049,
        0.058571157021222016,
        0.05868510868857848,
        0.0336157418701566,
        0.0589094510336865,
        0.05731412769069602,
        0.031219195866065984,
        0.058571157021222016,
        0.05651646601920079,
        0.036802827566532685,
        0.054127041994319953,
        0.05697583367823153,
        0.03258661587434354,
        0.06096058104610285,
        0.11463181637099697,
        0.11599923637927453,
        0.12227013907348484,
        0.09537754557735957,
        0.11121326635030307,
        0.11520513569738414,
        0.06973842042215539,
        0.11714231404244403,
        0.11030165301145137,
        0.053329380322824714,
        0.11406561902381951,
        0.10779471632960914,
        0.05309791599850689,
        0.1095039913399561,
        0.13628619415832982
    ],
    "nn.conv2d_transpose": [],
    "nn.dense": [
        0.055380510335241044
    ],
    "nn.layer_norm": [],
    "nn.relu": [
        0.03589477521728587,
        0.03327388686808721,
        0.035207504223542206,
        0.0330424225437694,
        0.027690255167620522,
        0.030652998518888565,
        0.03042153419457075,
        0.028598307516867337,
        0.0287122591842238,
        0.0317889542028483,
        0.027918158502333444,
        0.0287122591842238,
        0.027918158502333444,
        0.029285578510611008,
        0.027344839175946246,
        0.029395969188362583,
        0.027116935841233317,
        0.029851775857788428,
        0.027690255167620522,
        0.025980980157273577,
        0.027006545163481742,
        0.02757274251065917,
        0.025635564165599298,
        0.028943723508541616,
        0.027344839175946246,
        0.027006545163481742,
        0.025753076822560655,
        0.03418550020693892,
        0.028487916839115765,
        0.024951854161460518,
        0.0274623518329076,
        0.027800645845372098,
        0.02757274251065917,
        0.028373965171759302,
        0.030763389196640133,
        0.027800645845372098,
        0.03292847087641294
    ],
    "nn.bias_add": [
        0.03475169755411635
    ],
    "nn.max_pool2d": [
        0.04022493857683145
    ],
    "nn.adaptive_avg_pool2d": [],
    "nn.batch_matmul": [],
    "nn.softmax": [],
    "nn.batch_norm": [
        0.31860173994946095,
        0.3310011057536861,
        0.2997925928564347,
        0.29922639550925734,
        0.31038653693098095,
        0.29820083050304913,
        0.2722127283665658,
        0.2744882007240902,
        0.25535500357701907,
        0.27642894005875496,
        0.2742567363997724,
        0.25204684423407675,
        0.2579687699470079,
        0.26161522330241477,
        0.2548920749283835,
        0.31277596095586174,
        0.2499921532320555,
        0.2534035812735396,
        0.31950979229870774,
        0.3260121593172359,
        0.24578662450868108,
        0.2784836310607761,
        0.2487386848911344,
        0.24793746223003427,
        0.27266497404638673,
        0.2417876331823902,
        0.24816536556474722,
        0.27358014837484335,
        0.23621112346113324,
        0.24281675917820322,
        0.2725510223790303,
        0.23496121610981707,
        0.24430525283304702,
        0.281325300765478,
        0.24657004222175677,
        0.25933618995528546,
        0.26993725600904145,
        0.24246778219692403,
        0.2571711082755127,
        0.27140438372625586,
        0.23210174145709078,
        0.3479870261690089,
        0.2379203984714802,
        0.2479410232196392,
        0.3185803740118316,
        0.22195648207276067,
        0.23471906881668453,
        0.32895709772047954,
        0.23334452682919724,
        0.2420155365171031,
        0.32189921632358853,
        0.23130407978559556,
        0.3059424219040789,
        0.33579775875147216,
        0.23198778978973433,
        0.2706138440339705
    ],
    "multiply": [],
    "add": [],
    "squeeze": [],
    "reshape": [],
    "transpose": [
        0.03475169755411635,
        0.030994853520957957,
        0.028142500847441486,
        0.03213080920491769,
        0.03475169755411635,
        0.028943723508541616,
        0.0308773408639966,
        0.028487916839115765,
        0.029395969188362583,
        0.0274623518329076,
        0.029851775857788428,
        0.029627433512680393,
        0.027690255167620522,
        0.028943723508541616,
        0.026436786826699428,
        0.03384008421526464
    ],
    "latency": 21.56664212544759,
    "batch_size": 1,
    "model_name": "shufflenet_v2_x0_5",
    "sm_partition": 100
}