{
    "nn.conv2d": [
        0.060566548182968034,
        0.06379874852414925,
        0.04843245810977604,
        0.06433791660886409,
        0.07161949391962244,
        0.09111940631680948,
        0.07979687653779764,
        0.04187257974574538,
        0.07647200668205609,
        0.08411022121551644,
        0.039715907406885985,
        0.07557339320753133,
        0.07764020419893825,
        0.03863757123745629,
        0.07673878255730562,
        0.062004329742207626,
        0.07386321943882641,
        0.1335339623143776,
        0.05508500598836707,
        0.0603840173209552,
        0.06155221483783737,
        0.03720259784532458,
        3.3986432138329428,
        0.06155221483783737,
        0.0314486634412583,
        0.061102908100575,
        0.059036097109168066,
        0.031538524788710776,
        0.058766513066810654,
        0.059485403846430446,
        0.03073258082874639,
        0.06083332405821757,
        0.058409875844108644,
        0.030912303523651336,
        0.06020429462605026,
        0.06128543896258783,
        0.032526999610688,
        0.062004329742207626,
        0.07206599248977694,
        0.0336053357801177,
        0.062181244270004696,
        0.055714035420534394,
        0.15402234953354185,
        0.14512326796863897,
        0.04780342867760872,
        0.14934675129890526,
        0.1503380342879904,
        0.04816568223452652,
        0.14916702860400033,
        0.15078453285814486,
        0.04654536981327406,
        0.14979886620327557,
        0.15087439420559734,
        0.04187257974574538,
        0.1470131644322488,
        0.4530809138553781
    ],
    "nn.conv2d_transpose": [],
    "nn.dense": [
        0.03486339464445234
    ],
    "nn.layer_norm": [],
    "nn.relu": [
        0.03585467763353746,
        0.03306897586251074,
        0.035941730813882036,
        0.02983115918711375,
        0.02902240706004148,
        0.028752823017684056,
        0.031897970178520675,
        0.030100743229471177,
        0.029112268407493955,
        0.027946879057719674,
        0.03172105565072361,
        0.03208050104053351,
        0.02174363791639102,
        0.02156391522148607,
        0.022642251390915767,
        0.02156391522148607,
        0.021836307430951385,
        0.022105891473308808,
        0.02309436629528603,
        0.02165658473604643,
        0.019676826924984098,
        0.020847832608974163,
        0.02246533686311871,
        0.023540864865440513,
        0.02219294465365339,
        0.02219294465365339,
        0.02165658473604643,
        0.023271280823083093,
        0.024349616992512785,
        0.022282806001105868,
        0.02066810991406921,
        0.020575440399508843,
        0.022375475515666234,
        0.026509097498480072,
        0.018149184018292026,
        0.016082373026885106,
        0.01374878616022865
    ],
    "nn.bias_add": [
        0.01374878616022865
    ],
    "nn.max_pool2d": [
        0.03648370706570478
    ],
    "nn.adaptive_avg_pool2d": [],
    "nn.batch_matmul": [],
    "nn.softmax": [],
    "nn.batch_norm": [
        0.2531225667709742,
        0.2854810763551888,
        0.2721787887651147,
        0.27630679441371275,
        0.3197154415674739,
        0.2559166930433246,
        0.25680969018363364,
        0.3046187351954581,
        0.25051939586196037,
        0.2650741259821534,
        0.3011955794909404,
        0.250247003652495,
        0.2514123930022693,
        0.3001256678228344,
        0.24863511573256622,
        0.32168958304432044,
        0.2569051678653018,
        0.25195436925409204,
        0.2316457047298328,
        0.197226000488427,
        0.18546258847347652,
        3.573766131015169,
        0.1937185997706726,
        0.18887451150956264,
        0.23299643310872784,
        0.18996127218031603,
        0.18941929592849327,
        0.22706558417686445,
        0.1963386196823338,
        0.18699023138016857,
        0.226975722829412,
        0.1860916179056438,
        0.18816123706415863,
        0.22671175512127034,
        0.2002953271373506,
        0.19292108031203187,
        0.22904534198792675,
        0.19993307358043286,
        0.20495688453644775,
        0.23263417955181,
        0.18707447639340524,
        0.33948774617412625,
        0.17422149554059346,
        0.17826525617595482,
        0.3147730674575878,
        0.16919206825036276,
        0.1660525374237419,
        0.31638776354462445,
        0.16641198281355182,
        0.17611700833841912,
        0.32538232279119556,
        0.18042754484903004,
        0.15436775408781234,
        0.28304639547264837,
        0.12498309347085304,
        0.11977675165282527
    ],
    "multiply": [],
    "add": [],
    "squeeze": [],
    "reshape": [],
    "transpose": [
        0.03630117620369194,
        0.032167554220878095,
        0.0328864450004979,
        0.03270953047270084,
        0.02956438331186422,
        0.02453214785452563,
        0.024709062382322684,
        0.024709062382322684,
        0.025697537204299913,
        0.025248230467037537,
        0.026509097498480072,
        0.02425975564506031,
        0.025430761329050373,
        0.02345381168509593,
        0.02425975564506031,
        0.02102755530387911
    ],
    "latency": 21.859660148620605,
    "batch_size": 2,
    "model_name": "shufflenet_v2_x1_5",
    "sm_partition": 80
}