{
    "nn.conv2d": [
        0.07733232795056068,
        0.04008597086038156,
        0.08414039625919596,
        0.19552923053720356,
        0.07724611576778413,
        0.4120053273583958,
        0.381658639021052,
        0.027070625391835065,
        0.40743877580195065,
        0.4277848509372153,
        0.024484259908538718,
        0.42355775985045285,
        0.3813137902899459,
        0.024222929229497318,
        0.4070939270708445,
        0.045520032506015655,
        0.2744995899605186,
        1.2334350048533145,
        0.039741122129275386,
        0.27113462070152156,
        0.27139325724985125,
        0.024653990143380045,
        0.27044492323930924,
        0.2716545879288927,
        0.022156530973572012,
        0.2713070450670747,
        0.2715683757461161,
        0.02181168224246583,
        0.2707035597876389,
        0.27087598415319203,
        0.022067624660083704,
        0.27087598415319203,
        0.2709621963359685,
        0.022156530973572012,
        0.27010276863891486,
        0.27328992527093526,
        0.022156530973572012,
        0.2707035597876389,
        0.27087598415319203,
        0.021981412477307158,
        0.2707035597876389,
        0.04715536984805823,
        0.3411416072467877,
        0.5596005842718406,
        0.04155427209829459,
        0.3388138783118211,
        0.33838012326722655,
        0.028018959402377062,
        0.342087247126618,
        0.3395870938260982,
        0.023794562446326366,
        0.3391587270429272,
        0.33889739636388583,
        0.02439804772576217,
        0.3384690295807149,
        0.5897775423743429
    ],
    "nn.conv2d_transpose": [],
    "nn.dense": [
        0.05414125078367013
    ],
    "nn.layer_norm": [],
    "nn.relu": [
        0.025947172885028215,
        0.01646383277960829,
        0.028708656864589416,
        0.015345768534224973,
        0.014912013489630484,
        0.015690617265331153,
        0.015601710951842842,
        0.015084437855183572,
        0.016811375641426235,
        0.015429286586289753,
        0.014308528210194672,
        0.020949560414700384,
        0.01327398201687613,
        0.013018039599258263,
        0.013535312695917533,
        0.013707737061470621,
        0.013190463964811354,
        0.013018039599258263,
        0.013190463964811354,
        0.013880161427023712,
        0.01336288833036444,
        0.013018039599258263,
        0.013101557651323044,
        0.013101557651323044,
        0.013101557651323044,
        0.013018039599258263,
        0.013101557651323044,
        0.013190463964811354,
        0.016207890361990423,
        0.01180837490967487,
        0.012414554319822451,
        0.01180837490967487,
        0.01180837490967487,
        0.01198079927522796,
        0.01180837490967487,
        0.011897281223163183,
        0.0170673180590441
    ],
    "nn.bias_add": [
        0.01327398201687613
    ],
    "nn.max_pool2d": [
        0.027671416540559116
    ],
    "nn.adaptive_avg_pool2d": [],
    "nn.batch_matmul": [],
    "nn.softmax": [],
    "nn.batch_norm": [
        0.1577494355660946,
        0.18034510984568466,
        0.12430180277950698,
        0.15749349314847674,
        0.5137114558583128,
        0.11774967688848959,
        0.11835046803721362,
        0.5100178026524801,
        0.11628945804271185,
        0.11835316216792542,
        0.5256168194736113,
        0.1161978575985118,
        0.11886774113387291,
        0.5102737450700982,
        0.11670974243374752,
        0.37715944073240104,
        0.1107637959528777,
        0.13688339320345902,
        0.36784583086182243,
        0.10990167412511224,
        0.11120293925889572,
        0.3671588275303219,
        0.11024382872550666,
        0.11189802498253161,
        0.3688022472644998,
        0.11128915144167226,
        0.10904494055877033,
        0.36828228003712876,
        0.11034620569255381,
        0.111801036276908,
        0.3687106468202998,
        0.11162591778064315,
        0.11232369763499081,
        0.366822061191351,
        0.11007679262137711,
        0.1111059505532721,
        0.3677650069404695,
        0.11007140435995356,
        0.110852702266366,
        0.3679320430445991,
        0.1103381233004185,
        0.44147642321441527,
        0.10636428050056214,
        0.12076979741638043,
        0.43526914605450406,
        0.10619724439643258,
        0.10680072967586839,
        0.4365623287961522,
        0.10541325235930837,
        0.10576348935183809,
        0.4342345998611855,
        0.1054105582285966,
        0.10696776577999796,
        0.4337146326338145,
        0.10542402888215545,
        0.1285235056048459
    ],
    "multiply": [],
    "add": [],
    "squeeze": [],
    "reshape": [],
    "transpose": [
        0.026292021616134392,
        0.02568853633669858,
        0.025863654832963438,
        0.026122291381293072,
        0.018794255845286767,
        0.01810186425236264,
        0.01810186425236264,
        0.01819077056585095,
        0.018274288617915732,
        0.018446712983468824,
        0.01819077056585095,
        0.01819077056585095,
        0.015000919803118793,
        0.014742283254789162,
        0.014397434523682981,
        0.014308528210194672
    ],
    "latency": 21.3017479578654,
    "batch_size": 1,
    "model_name": "shufflenet_v2_x2_0",
    "sm_partition": 20
}