{
    "nn.conv2d": [
        0.5010062803068549,
        0.10159949758306827,
        0.06963969137284483,
        0.12057279517963823,
        0.09551340167389485,
        0.06900412704480062,
        0.07145275211222095,
        0.05955861968739349,
        0.06518790373578512,
        0.06482756146051005,
        0.05910748250811211,
        0.06755140858069954,
        0.06328404809240265,
        0.05302422393968889,
        0.05828749103130505,
        0.059649414591399816,
        0.07045400816815149,
        0.10132427553029913,
        0.05656522519593525,
        0.06736981877268691,
        0.07036605060489536,
        0.048121299123347804,
        0.06564187825581672,
        0.06056020097221317,
        0.04403269110231336,
        0.06382598017569038,
        0.06664345954063638,
        0.03858783420268455,
        0.06437074959972827,
        0.0628272362316209,
        0.040676116994829835,
        0.06046940606820686,
        0.06046940606820686,
        0.03676909878180802,
        0.061465312671526134,
        0.061831329628301616,
        0.039038971381965944,
        0.06046940606820686,
        0.06010338911143139,
        0.04094566436609859,
        0.05955861968739349,
        0.09724134219076506,
        0.11040376593093078,
        0.1383685963648763,
        0.08689072313404497,
        0.10522845640257077,
        0.10132427553029913,
        0.062466893956345804,
        0.10132427553029913,
        0.10050995873499247,
        0.043941896198307046,
        0.1024138143783749,
        0.10159949758306827,
        0.04839084649461654,
        0.09760452180679034,
        0.37244069623391063
    ],
    "nn.conv2d_transpose": [],
    "nn.dense": [
        0.1642479813474267
    ],
    "nn.layer_norm": [],
    "nn.relu": [
        0.14300197380994864,
        0.04176565584290563,
        0.062466893956345804,
        0.04385393863505091,
        0.03567955993373222,
        0.034865243138425574,
        0.03776784272587751,
        0.03686273102656454,
        0.032413780730255026,
        0.034680815989662744,
        0.03695352593057086,
        0.043306331870262824,
        0.03032549793810975,
        0.02742006100990761,
        0.027783240625932883,
        0.027961993093195314,
        0.029142326845277434,
        0.028415967613226904,
        0.027689608381176366,
        0.03032549793810975,
        0.0273264287651511,
        0.02251429885281632,
        0.02314986318086054,
        0.02532894087701213,
        0.025601325589031085,
        0.02542257312176865,
        0.02369746994564863,
        0.026690864437106887,
        0.031233446978172902,
        0.02487496635698055,
        0.02115237529272157,
        0.024423829177699165,
        0.024602581644961596,
        0.0229711107135981,
        0.024787008793724433,
        0.02378542750890475,
        0.042492015074956174
    ],
    "nn.bias_add": [
        0.014254799928991707
    ],
    "nn.max_pool2d": [
        0.11857814463224947
    ],
    "nn.adaptive_avg_pool2d": [],
    "nn.batch_matmul": [],
    "nn.softmax": [],
    "nn.batch_norm": [
        0.725615848773981,
        0.3410199847662248,
        0.3110491544218897,
        0.39377466133464484,
        0.33837558318704075,
        0.3125075475674911,
        0.2996089965170938,
        0.34291816572810685,
        0.3051418109799787,
        0.3121415306107157,
        0.3961183047943078,
        0.30105887764044464,
        0.24468375427477262,
        0.26882952405895244,
        0.24721466222394875,
        0.3411051049887307,
        0.24187194959132702,
        0.27509720977613855,
        0.2609303674104029,
        0.22489330254214585,
        0.22814773238262226,
        0.2618411537912163,
        0.21898595910023486,
        0.22924010857144825,
        0.265013300749937,
        0.22833499687213524,
        0.22824703930887918,
        0.26029480308235875,
        0.22552035484793942,
        0.23414870806928972,
        0.26256183834176644,
        0.23541416204387777,
        0.20418071506570487,
        0.23505098242785247,
        0.19491679751631036,
        0.1980066615932753,
        0.22843430379839216,
        0.20091209852147743,
        0.21254803293803698,
        0.23296553697645744,
        0.1997402767916459,
        0.3132253947772911,
        0.1951012246650732,
        0.2193576507385107,
        0.2746347232338563,
        0.19311224879918484,
        0.18955989817993765,
        0.27599948413470127,
        0.18784046968531806,
        0.18811285439733702,
        0.2741892607360753,
        0.2051851336912747,
        0.19982255967340168,
        0.26492250584593063,
        0.19292214696892157,
        0.24068026647624413
    ],
    "multiply": [],
    "add": [],
    "squeeze": [],
    "reshape": [],
    "transpose": [
        0.060194184015437704,
        0.060829748343481926,
        0.062191671903576676,
        0.05229786470763835,
        0.0448498452383702,
        0.03976533061401647,
        0.042038040554924584,
        0.03885738157395331,
        0.03786147497063402,
        0.039129766285972256,
        0.03858783420268455,
        0.03786147497063402,
        0.03350048223758063,
        0.02932391665329007,
        0.031687421498204485,
        0.0278740355299392
    ],
    "latency": 22.01008637746175,
    "batch_size": 4,
    "model_name": "shufflenet_v2_x0_5",
    "sm_partition": 10
}