{
    "nn.conv2d": [
        0.18976799508452852,
        0.038492981926145815,
        0.12949039119955455,
        0.3211854411917607,
        0.09592451095995538,
        0.3122550693848949,
        0.3061707724291935,
        0.029868148163318772,
        0.30748193962605286,
        0.30748193962605286,
        0.028174456958568364,
        0.3047874308912226,
        0.3055572905297455,
        0.029329246416352733,
        0.3128709570957133,
        0.06436026578051582,
        0.2247220284848393,
        0.9842631420401783,
        0.0590482342747077,
        0.2217965618584522,
        0.23526669972123287,
        0.04103111292190106,
        0.23365240029170511,
        0.23280314887795955,
        0.03294758671741043,
        0.2421954364679391,
        0.23349842836400056,
        0.03510559951664499,
        0.23403733011096658,
        0.24465898731121244,
        0.03533655740820187,
        0.23711436285368787,
        0.24081209492996827,
        0.03356588023959916,
        0.23010864014312937,
        0.23703737688983556,
        0.03163882533192148,
        0.24119702474922972,
        0.2311118634845795,
        0.03340950250052419,
        0.23018562610698162,
        0.07590816035835957,
        0.2839218288758812,
        0.48054638636600444,
        0.0588942623470031,
        0.29716582046984574,
        0.27984157279170974,
        0.04464945322295877,
        0.28607743586374534,
        0.28084479613315994,
        0.03833900999844124,
        0.286770309538416,
        0.29493322751812934,
        0.038105646295513974,
        0.29408397610438375,
        0.3361952983315872
    ],
    "nn.conv2d_transpose": [],
    "nn.dense": [
        0.07483035686442747
    ],
    "nn.layer_norm": [],
    "nn.relu": [
        0.05280996539130169,
        0.01716546412769065,
        0.03941440768100293,
        0.017090883975208745,
        0.01747340798309982,
        0.017860743613731665,
        0.01747340798309982,
        0.01716546412769065,
        0.01716546412769065,
        0.01770677168602708,
        0.013395557710298746,
        0.02609583593455648,
        0.013395557710298746,
        0.02679111542059749,
        0.028482400813977526,
        0.027327611356193153,
        0.023786257018987737,
        0.027176045239858948,
        0.026252213673631456,
        0.025944269818222284,
        0.023095789155687493,
        0.02078380442874836,
        0.022246537741941897,
        0.02063223831241416,
        0.021476678103418984,
        0.021248126023232495,
        0.02063223831241416,
        0.021091748284157528,
        0.01816868746914083,
        0.02078380442874836,
        0.019785392710038954,
        0.018014715541436244,
        0.020709224276266452,
        0.021399692139566693,
        0.018782169368588775,
        0.013085208043519194,
        0.018782169368588775
    ],
    "nn.bias_add": [
        0.011778852469400624
    ],
    "nn.max_pool2d": [
        0.04357405554039707
    ],
    "nn.adaptive_avg_pool2d": [],
    "nn.batch_matmul": [],
    "nn.softmax": [],
    "nn.batch_norm": [
        0.235254670664381,
        0.22008843578547949,
        0.12308852714296244,
        0.18952500813611975,
        0.413946310199661,
        0.11877009573312293,
        0.11800985934008154,
        0.4077032296935143,
        0.11846455768908414,
        0.11893369090630905,
        0.4058531607496888,
        0.11769469805056121,
        0.11823841142026804,
        0.41325103071361996,
        0.11877009573312292,
        0.32340359927525486,
        0.10453490985456014,
        0.14748104862728695,
        0.31394154315553413,
        0.10407058826007601,
        0.18136690177914716,
        0.4189528036614303,
        0.18551933220443018,
        0.18413117904371856,
        0.42248453475315423,
        0.1813644959677768,
        0.18475428418864803,
        0.4210987874038129,
        0.18320975328886144,
        0.17313662108106312,
        0.42594409150376655,
        0.1775127919637918,
        0.15218922147912864,
        0.38029863237346884,
        0.1374824965719706,
        0.1349467713875857,
        0.3867654533370613,
        0.1362531269617043,
        0.18083281165492193,
        0.37768592122523165,
        0.13625553277307467,
        0.4424214935795274,
        0.10845397657691584,
        0.1202304232349461,
        0.4187964259223554,
        0.11515175543206523,
        0.1149304207859899,
        0.43110696270461085,
        0.11092233904292995,
        0.11723999970155863,
        0.429184719419674,
        0.11476682561280376,
        0.11446128756876499,
        0.4402682924030336,
        0.10076019181442747,
        0.13032520774507786
    ],
    "multiply": [],
    "add": [],
    "squeeze": [],
    "reshape": [],
    "transpose": [
        0.0396477713839302,
        0.0396477713839302,
        0.03895489770925957,
        0.03903188367311186,
        0.025405368071256245,
        0.0378001082514752,
        0.03487223581371773,
        0.03602943108287249,
        0.03903188367311186,
        0.03117690954880773,
        0.032254713042739816,
        0.033642866203451444,
        0.03002452590239374,
        0.023326747047244367,
        0.02486406051291982,
        0.02609583593455648
    ],
    "latency": 21.884872118632,
    "batch_size": 2,
    "model_name": "shufflenet_v2_x1_0",
    "sm_partition": 10
}