{
    "nn.conv2d": [
        0.24369387564864994,
        0.04554341395063396,
        0.17504694062580345,
        0.4505658179503378,
        0.10810108872502597,
        0.4251061595699372,
        0.42269171900958125,
        0.031662095530121816,
        0.4208808885893143,
        0.42477691767534326,
        0.030562907746607516,
        0.42307583455327435,
        0.42312899340083887,
        0.030290254302646875,
        0.4237343183424623,
        0.06524305397717423,
        0.2990613875895389,
        1.3374354494898772,
        0.06145848699087773,
        0.29895164029134086,
        0.2984011889988165,
        0.025514532029499704,
        0.29933404103349953,
        0.29752321061323256,
        0.024199279252658096,
        0.29752321061323256,
        0.2969196004731436,
        0.024087817152925767,
        0.2980719471042226,
        0.2995003767823309,
        0.02403294350382676,
        0.29472636931071805,
        0.30081562955917246,
        0.02376029005986612,
        0.3007624707116078,
        0.29823828285305387,
        0.0241444056035591,
        0.29757979906386595,
        0.2992242937353015,
        0.023705416410767115,
        0.29878530454250957,
        0.08126615951408162,
        0.374951644293453,
        0.6359855930573864,
        0.07539467906048884,
        0.3731939727207508,
        0.37368955036417606,
        0.03802572402407124,
        0.3738524565099388,
        0.37577303422840364,
        0.03451552528326972,
        0.3674339543668903,
        0.3759376551757007,
        0.03451552528326972,
        0.37231770913670115,
        0.4217571521733639
    ],
    "nn.conv2d_transpose": [],
    "nn.dense": [
        0.0891148061367727
    ],
    "nn.layer_norm": [],
    "nn.relu": [
        0.06787698913392612,
        0.018600452243025964,
        0.04867292675081118,
        0.01838095764662997,
        0.018600452243025964,
        0.017722473857442002,
        0.017941968453837987,
        0.017941968453837987,
        0.018600452243025964,
        0.01865532589212496,
        0.01240144469637354,
        0.030123918553815535,
        0.012564350842136189,
        0.012730686590967525,
        0.012564350842136189,
        0.012620939292769529,
        0.012454603543938193,
        0.012620939292769529,
        0.012620939292769529,
        0.012564350842136189,
        0.012620939292769529,
        0.012620939292769529,
        0.012620939292769529,
        0.012950181187363517,
        0.012620939292769529,
        0.012564350842136189,
        0.012620939292769529,
        0.009877256837819632,
        0.0187667879918573,
        0.00965776224142364,
        0.009710921088988295,
        0.00965776224142364,
        0.009710921088988295,
        0.009710921088988295,
        0.009767509539621636,
        0.009710921088988295,
        0.018819946839421953
    ],
    "nn.bias_add": [
        0.008395668312146687
    ],
    "nn.max_pool2d": [
        0.054268324157374634
    ],
    "nn.adaptive_avg_pool2d": [],
    "nn.batch_matmul": [],
    "nn.softmax": [],
    "nn.batch_norm": [
        0.2592145443359946,
        0.24648214294349274,
        0.10797590821301889,
        0.19819333173637452,
        0.5111377525479599,
        0.10446913907528604,
        0.10540027630843465,
        0.508284322794812,
        0.10441426542618705,
        0.10430280332645471,
        0.509272048478594,
        0.10397527623339506,
        0.10430280332645472,
        0.5113589619458903,
        0.10501616076474167,
        0.37560326887650364,
        0.08476949904874578,
        0.14370208337953524,
        0.3719798932344355,
        0.08421733295468713,
        0.08773096129855733,
        0.37241716762569316,
        0.08465803694901346,
        0.08520677344000342,
        0.37077095815272304,
        0.08482437269784478,
        0.08542626803639942,
        0.37104189679514943,
        0.08526507669217112,
        0.08487924634694378,
        0.36786265475047625,
        0.08548457128856711,
        0.08630767602505207,
        0.3736775467534357,
        0.08515361459243878,
        0.08669179156874506,
        0.37033025415839677,
        0.08603330777955709,
        0.08570235108342876,
        0.3713711386897434,
        0.08438538350505281,
        0.4452928032322311,
        0.07598971519290611,
        0.10809594432042295,
        0.44024099791205457,
        0.07554901119857978,
        0.07659332533299508,
        0.4415030918413315,
        0.07654016648543041,
        0.07565704369524344,
        0.4348067918497194,
        0.07560217004614443,
        0.07692085242605474,
        0.4392498426252039,
        0.07494711586002516,
        0.11412690131670968
    ],
    "multiply": [],
    "add": [],
    "squeeze": [],
    "reshape": [],
    "transpose": [
        0.04839855850531619,
        0.047904695663425215,
        0.048122475458286865,
        0.047738359914593874,
        0.028752077326340587,
        0.028477709080845594,
        0.027928972589855616,
        0.027820940093191967,
        0.028477709080845594,
        0.0283130881335486,
        0.027983846238954613,
        0.0283130881335486,
        0.017722473857442002,
        0.01717373736645202,
        0.01739323196284801,
        0.01711886371735302
    ],
    "latency": 21.83153788248698,
    "batch_size": 2,
    "model_name": "shufflenet_v2_x1_0",
    "sm_partition": 5
}