{
    "nn.conv2d": [
        0.06629509583197477,
        0.04009792172062773,
        0.06976901948932863,
        0.15304212766851646,
        0.062169337772004694,
        0.3082696691287501,
        0.2849072167218038,
        0.02514362780944409,
        0.3030145700688985,
        0.30042744437789454,
        0.03694486228471674,
        0.31037170875269077,
        0.31732460904726373,
        0.03654315038543,
        0.3167612017922892,
        0.05683339103430917,
        0.23090096792209755,
        0.9869859246280527,
        0.038885206552969655,
        0.22596925957362135,
        0.2258075642179336,
        0.03912774958650127,
        0.22588841189577744,
        0.22556502118440197,
        0.035408756405683174,
        0.22459232256034292,
        0.222005196869339,
        0.03080043876858249,
        0.22176265383580737,
        0.22273535245986648,
        0.030317879191451878,
        0.2218435015136513,
        0.21804618714492188,
        0.05133827543085852,
        0.21974146188971055,
        0.22014822676886256,
        0.030153657345831513,
        0.22281620013771034,
        0.21925637582264737,
        0.032258223459704805,
        0.22079500819161355,
        0.057965258524123375,
        0.282239243352956,
        0.4413449468597629,
        0.05060811984033104,
        0.2787602667157369,
        0.27472040931347597,
        0.04001707404278385,
        0.277792621071543,
        0.2782751806486737,
        0.033630107493118004,
        0.27722668732663597,
        0.277792621071543,
        0.03411772005011385,
        0.27641568405826467,
        0.5740185126914888
    ],
    "nn.conv2d_transpose": [],
    "nn.dense": [
        0.09733807763408889
    ],
    "nn.layer_norm": [],
    "nn.relu": [
        0.03161144203695383,
        0.014875972723272388,
        0.05036810329673206,
        0.014229191300521415,
        0.014229191300521415,
        0.014714277367584646,
        0.02716229326560826,
        0.026111273453637934,
        0.023930912641786015,
        0.02514362780944409,
        0.026032952265726682,
        0.019080051971153714,
        0.02586873042010632,
        0.02457516757460437,
        0.024415998708849244,
        0.024496846386693114,
        0.020856174393786276,
        0.022071416051376972,
        0.02166717766215761,
        0.019484290360373073,
        0.02061363136025466,
        0.020856174393786276,
        0.01940091619259658,
        0.019966849937503684,
        0.019562611548284325,
        0.02166717766215761,
        0.02166717766215761,
        0.01940091619259658,
        0.01543937997824687,
        0.018026505669250764,
        0.018834982447689483,
        0.01875666125977823,
        0.018511591736313993,
        0.01940091619259658,
        0.019888528749592432,
        0.02029024064887917,
        0.014875972723272388
    ],
    "nn.bias_add": [
        0.012933101965086846
    ],
    "nn.max_pool2d": [
        0.023526674252566653
    ],
    "nn.adaptive_avg_pool2d": [],
    "nn.batch_matmul": [],
    "nn.softmax": [],
    "nn.batch_norm": [
        0.17486089472663136,
        0.1616018755602364,
        0.11600378525629275,
        0.21351113771586727,
        0.40462494217904943,
        0.10848747770674533,
        0.11034444780722175,
        0.3976720418844764,
        0.10970271936433602,
        0.1353263802609781,
        0.5523311231098703,
        0.19013857934919048,
        0.19410264205347275,
        0.5135292907246771,
        0.17680629197474945,
        0.43373515918270844,
        0.1937792513420973,
        0.12643060920821958,
        0.39193943622735944,
        0.19604045983179313,
        0.18820076157087018,
        0.4208778519156003,
        0.20510297922010456,
        0.19774584053631228,
        0.41635038195634344,
        0.20582302885090162,
        0.14122573425364812,
        0.36784430173995303,
        0.15278947867525436,
        0.1540097733127103,
        0.3676068116862867,
        0.1456698300451284,
        0.1502781476822291,
        0.3669575037736031,
        0.15028320066209436,
        0.14486387975662235,
        0.36921871226329883,
        0.14340862155543263,
        0.1856919570677775,
        0.3667149607400715,
        0.14713014122618334,
        0.44109229786650084,
        0.13119304273121013,
        0.11333328539751238,
        0.4243543020628867,
        0.14340356857556738,
        0.12636239398003882,
        0.42460189807628357,
        0.12255497365157897,
        0.13136484404662838,
        0.42597883508956197,
        0.1266706257518186,
        0.11713312625617434,
        0.42184802404972666,
        0.13241081087873346,
        0.12069042408130468
    ],
    "multiply": [],
    "add": [],
    "squeeze": [],
    "reshape": [],
    "transpose": [
        0.027245667433384756,
        0.02489855828597986,
        0.035408756405683174,
        0.03557297825130354,
        0.03265993535899154,
        0.028617551466797952,
        0.02506278013160022,
        0.025302796675199215,
        0.023526674252566653,
        0.02376669079616565,
        0.02457516757460437,
        0.02489855828597986,
        0.02360752193041053,
        0.022071416051376972,
        0.02077785320587502,
        0.019645985716060816
    ],
    "latency": 22.07520325978597,
    "batch_size": 4,
    "model_name": "shufflenet_v2_x2_0",
    "sm_partition": 100
}