{
    "nn.conv2d": [
        0.18459672146314174,
        0.037710922975701534,
        0.06397282214167371,
        0.1614648742326488,
        0.1232147807253784,
        0.3261337574205938,
        0.30323093838050175,
        0.03778726570583517,
        0.30384406593188756,
        0.30857731520017323,
        0.035423026782009,
        0.31422667723006253,
        0.30346235228121937,
        0.03496258469089049,
        0.30529219209411,
        0.06596011883546503,
        0.16444224070786076,
        0.501419051517748,
        0.0629803666499364,
        0.1643658979777271,
        0.16344978521612344,
        0.032366931866346725,
        0.16367881340652435,
        0.16466888318794498,
        0.03007903567265419,
        0.16406052705719254,
        0.16321837131540584,
        0.0304607493233224,
        0.16337105677567312,
        0.1643658979777271,
        0.0304607493233224,
        0.1642132125174598,
        0.16283665766473762,
        0.0304607493233224,
        0.16428955524759348,
        0.163755156136658,
        0.030611049073273004,
        0.1639841843270589,
        0.16413686978732614,
        0.03053470634313936,
        0.16406052705719254,
        0.1216903118330223,
        0.6489132061359407,
        0.5601266109905174,
        0.11733639050508815,
        0.6537991408644938,
        0.6533410844836918,
        0.10848063380958586,
        0.6533410844836918,
        0.6502086468378959,
        0.10909376136097167,
        0.6494476052468761,
        0.6524249717220881,
        0.10084874650653855,
        0.651888186900836,
        0.48057748619126434
    ],
    "nn.conv2d_transpose": [],
    "nn.dense": [
        0.06924047052089488
    ],
    "nn.layer_norm": [],
    "nn.relu": [
        0.05175798532029131,
        0.021375964437419227,
        0.04778816335334202,
        0.021070593516884666,
        0.020991865076434347,
        0.021297235996968904,
        0.021297235996968904,
        0.021070593516884666,
        0.021220893266835267,
        0.021220893266835267,
        0.01610831605819806,
        0.036262796813479034,
        0.015650259677396215,
        0.015724216697213182,
        0.014886832376059818,
        0.01526616031641134,
        0.016411301268415942,
        0.015344888756861656,
        0.0155715312369459,
        0.01526616031641134,
        0.01526616031641134,
        0.015039517836327095,
        0.01526616031641134,
        0.01511347485614406,
        0.01526616031641134,
        0.015192203296594379,
        0.015724216697213182,
        0.013589005963787936,
        0.02183163510790439,
        0.013054606852852455,
        0.013054606852852455,
        0.013054606852852455,
        0.012517822031600298,
        0.012517822031600298,
        0.013054606852852455,
        0.012517822031600298,
        0.01801688431153906
    ],
    "nn.bias_add": [
        0.011451409520046014
    ],
    "nn.max_pool2d": [
        0.04297857135492269
    ],
    "nn.adaptive_avg_pool2d": [],
    "nn.batch_matmul": [],
    "nn.softmax": [],
    "nn.batch_norm": [
        0.2295482752499557,
        0.15473478542930505,
        0.13549403172531108,
        0.21588769797666746,
        0.43819295670519404,
        0.13121883883782726,
        0.13305106436103464,
        0.4149847667445674,
        0.13305106436103464,
        0.13228525134938154,
        0.4254437207728762,
        0.13228525134938154,
        0.13244270823028217,
        0.41688856357727516,
        0.13259062226991608,
        0.2673331552454742,
        0.11121942925313023,
        0.17618232117622457,
        0.26123289396573296,
        0.11190174240369963,
        0.11205442786396691,
        0.25954381106152624,
        0.11029615936057649,
        0.11190412811401629,
        0.2595485824821596,
        0.11105720095159623,
        0.11113831510236323,
        0.2597823820931938,
        0.1117538283640657,
        0.11114070081267992,
        0.2605434236842135,
        0.11060391599142776,
        0.11167987134424874,
        0.25947701117265926,
        0.10961146049969042,
        0.10999317415035864,
        0.2610754370848324,
        0.1112122721221802,
        0.11266994112566939,
        0.26000425315264475,
        0.11205681357428361,
        0.7428767926685517,
        0.10075808951450486,
        0.13556798874512804,
        0.743177392168453,
        0.10129487433575703,
        0.10205591592677676,
        0.7418867228871309,
        0.10137360277620733,
        0.10037637586383664,
        0.7383701858803502,
        0.09984197675290114,
        0.10228732982749432,
        0.7402024114035575,
        0.10107061756598944,
        0.12748043077159554
    ],
    "multiply": [],
    "add": [],
    "squeeze": [],
    "reshape": [],
    "transpose": [
        0.04641399421093649,
        0.045805638080184057,
        0.045805638080184057,
        0.045879595100001024,
        0.03252200303693068,
        0.031756190025277596,
        0.03167984729514396,
        0.03167984729514396,
        0.03191126119586156,
        0.03160589027532699,
        0.03167984729514396,
        0.031529547545193354,
        0.02183163510790439,
        0.020765222596350105,
        0.021070593516884666,
        0.020154480755280986
    ],
    "latency": 21.848626136779785,
    "batch_size": 2,
    "model_name": "shufflenet_v2_x1_5",
    "sm_partition": 10
}