{
    "nn.conv2d": [
        0.12497864612650134,
        0.08505310229902723,
        0.0657694913453969,
        0.08880884612158395,
        0.08067845880059386,
        0.08286415186645296,
        0.07473376454546289,
        0.05044683831737714,
        0.07806930806176653,
        0.07359042882844867,
        0.047319766270842493,
        0.07338195735867968,
        0.07317022852219557,
        0.042736651302640156,
        0.07150245676404375,
        0.07192265707029685,
        0.08536906687039583,
        0.16823321873684882,
        0.06410497695396024,
        0.08130387320990079,
        0.07432007897264009,
        0.046173173187113135,
        0.07400411440127147,
        0.07192265707029685,
        0.039814793359159356,
        0.07432007897264009,
        0.0693135063314695,
        0.03606230690331778,
        0.07202689280518133,
        0.07473376454546289,
        0.03585709280026393,
        0.07348619309356418,
        0.07233634264311967,
        0.03929361468473691,
        0.07004315647566092,
        0.07389987866638699,
        0.03689619278239368,
        0.07452529307569392,
        0.06920927059658502,
        0.041068879544488346,
        0.07389987866638699,
        0.06869134928887771,
        0.09078606771767408,
        0.10089693400146943,
        0.055036468019009764,
        0.08255144466179952,
        0.07692271497803714,
        0.0459679590840593,
        0.07609208646567638,
        0.07921915851221104,
        0.03773007866146959,
        0.08275991613156848,
        0.08130387320990079,
        0.03783431439635408,
        0.07963284408503385,
        0.34898124039326645
    ],
    "nn.conv2d_transpose": [],
    "nn.dense": [
        0.04878232392594048
    ],
    "nn.layer_norm": [],
    "nn.relu": [
        0.0494077383352474,
        0.05169766713599102,
        0.04304935850729363,
        0.035332656759126356,
        0.031479191935115426,
        0.035961328535148426,
        0.03387661383745866,
        0.02991565591184811,
        0.03200037060953788,
        0.03064204868932439,
        0.035332656759126356,
        0.03501994955447289,
        0.02887329856300323,
        0.027205526804851415,
        0.026889562233482815,
        0.02365825445206368,
        0.02928698413582604,
        0.026159912089291398,
        0.026993797968367306,
        0.02501331900556203,
        0.026159912089291398,
        0.029186005767656696,
        0.026576855028829352,
        0.025120812107161657,
        0.025221790475330998,
        0.027101291069966935,
        0.02449214033113959,
        0.03168440603816927,
        0.024912340637392675,
        0.025120812107161657,
        0.0247038691676237,
        0.025329283576930633,
        0.02991565591184811,
        0.024912340637392675,
        0.02376574755366331,
        0.02376574755366331,
        0.028456355623465282
    ],
    "nn.bias_add": [
        0.03293523485678313
    ],
    "nn.max_pool2d": [
        0.05274328185155103
    ],
    "nn.adaptive_avg_pool2d": [],
    "nn.batch_matmul": [],
    "nn.softmax": [],
    "nn.batch_norm": [
        0.4212003178346412,
        0.4108809800810768,
        0.4063988434810438,
        0.38971786853281054,
        0.3454144238401879,
        0.2906906630258316,
        0.2855961414833522,
        0.32967482787263014,
        0.2963291648097394,
        0.28381761925688564,
        0.32217311232766216,
        0.2732898100335523,
        0.27537126736452694,
        0.32675622729586445,
        0.28037784000569754,
        0.3651345219336469,
        0.2913160774351385,
        0.2870456696715897,
        0.32385391355267457,
        0.242950696448736,
        0.22533811461997266,
        0.2683842157605511,
        0.22805475846039963,
        0.2225204924113763,
        0.2760064538739793,
        0.22669969390690126,
        0.22826648729688373,
        0.2725634172560761,
        0.22128269305962298,
        0.22607427949759434,
        0.2727751460925602,
        0.2236670854951057,
        0.23524376680071413,
        0.26952755147756535,
        0.22929255781215288,
        0.22597004376270988,
        0.27985666133127507,
        0.22096347112153927,
        0.24347513248987357,
        0.2641138079970023,
        0.2227289638811453,
        0.3168538324818381,
        0.21491128376480867,
        0.2305531587309122,
        0.27808139647152363,
        0.20919460517973754,
        0.21481682013006959,
        0.26474247977302434,
        0.22159540026427652,
        0.21533799880449203,
        0.27442337365042113,
        0.2137712054145096,
        0.21022719042843702,
        0.26974905241419483,
        0.21356924867817087,
        0.19938993136716537
    ],
    "multiply": [],
    "add": [],
    "squeeze": [],
    "reshape": [],
    "transpose": [
        0.035961328535148426,
        0.03429355677699662,
        0.03376912073585903,
        0.03449877088005045,
        0.03481473545141906,
        0.03043683458627055,
        0.026371640925775514,
        0.028140391052096668,
        0.027101291069966935,
        0.027518234009504882,
        0.026993797968367306,
        0.023866725921832654,
        0.029186005767656696,
        0.025221790475330998,
        0.025954697986237556,
        0.023449782982294706
    ],
    "latency": 21.620025634765625,
    "batch_size": 1,
    "model_name": "shufflenet_v2_x1_0",
    "sm_partition": 60
}