{
    "nn.conv2d": [
        0.12555988666161358,
        0.11803863301867469,
        0.05233212549911153,
        0.05787186830816852,
        0.07040729104639996,
        0.05076846208983735,
        0.052753237356724,
        0.05410797705369432,
        0.04909380795840174,
        0.04418410071926109,
        0.05316782034832696,
        0.03917319605697327,
        0.041993666173075345,
        0.03948331719242431,
        0.04272489916613884,
        0.04418410071926109,
        0.06884036320412103,
        0.07354114673095781,
        0.03666284707632223,
        0.0706162147587038,
        0.06371846781967176,
        0.03917319605697327,
        0.06027449099966286,
        0.05818198944361954,
        0.035095919234043295,
        0.05807752758746762,
        0.06121138327202548,
        0.0353081073793519,
        0.05609601675358573,
        0.06017002914351093,
        0.03499145737789137,
        0.055155860048218354,
        0.05410797705369432,
        0.03123409498942668,
        0.05588382860827712,
        0.052126466219812415,
        0.030920709420970895,
        0.05379785591824329,
        0.053693394062091365,
        0.03248763726324983,
        0.05599155489743379,
        0.10184704531512577,
        0.11052064380874058,
        0.1148003154779649,
        0.0835662204885382,
        0.10164138603582663,
        0.10466751543122783,
        0.0654975838072593,
        0.10498090099968362,
        0.10164138603582663,
        0.046381064131456345,
        0.10268600459734593,
        0.1000744581935477,
        0.04533318113693232,
        0.09996999633739576,
        0.123056066546972
    ],
    "nn.conv2d_transpose": [],
    "nn.dense": [
        0.05055627394452875
    ],
    "nn.layer_norm": [],
    "nn.relu": [
        0.043560594015354274,
        0.045019795568476524,
        0.03875534863236555,
        0.03959104348158098,
        0.03854316048705695,
        0.04157581874846763,
        0.04251597545383499,
        0.030708521275662294,
        0.028518086729476543,
        0.027365741878800573,
        0.0323831754070979,
        0.03248763726324983,
        0.03227544911794123,
        0.030708521275662294,
        0.028100239304868824,
        0.029454979001839146,
        0.026321123317281286,
        0.02914159343338336,
        0.03102190684411808,
        0.02893593415408426,
        0.02914159343338336,
        0.023817303202639747,
        0.023918500625786928,
        0.028413624873324612,
        0.024757459908007103,
        0.022664958351963783,
        0.024235150627247463,
        0.03081624756481897,
        0.026738970741889002,
        0.023500653201179212,
        0.026428849606437967,
        0.02788805115956022,
        0.02360837949033589,
        0.023500653201179212,
        0.0274702037349525,
        0.023190532065728173,
        0.03206978983864212
    ],
    "nn.bias_add": [
        0.030708521275662294
    ],
    "nn.max_pool2d": [
        0.05599155489743379
    ],
    "nn.adaptive_avg_pool2d": [],
    "nn.batch_matmul": [],
    "nn.softmax": [],
    "nn.batch_norm": [
        0.4238866256664982,
        0.3584935037153909,
        0.3368666350589368,
        0.3299852102849286,
        0.3454423005624093,
        0.344087560865439,
        0.34408103199942947,
        0.3508743170823095,
        0.3422007185886947,
        0.3572399614415677,
        0.2858990425558099,
        0.24975197589423778,
        0.2556051042717506,
        0.2754430636416028,
        0.25654526097711794,
        0.3331190659694864,
        0.2616606274955577,
        0.27148330640684376,
        0.29550626888878256,
        0.27022323526701114,
        0.252363522298036,
        0.2872603111187897,
        0.24703596763428765,
        0.28966946267629357,
        0.281394125009258,
        0.24599134907276837,
        0.24431995937433754,
        0.2780611389114105,
        0.24963772073907164,
        0.25664645840026507,
        0.2538325171501725,
        0.23272469334147344,
        0.23721655315600634,
        0.26761168886321285,
        0.2237377092794028,
        0.2278182505353375,
        0.24746034392490487,
        0.23586507789204078,
        0.2335571237576841,
        0.2398280995598046,
        0.21057877983726458,
        0.3697819130458086,
        0.2148584515064889,
        0.2259281438255886,
        0.2972788560103606,
        0.1997114823644592,
        0.22823609795994523,
        0.29884251941963474,
        0.21633397522463493,
        0.21631765305961118,
        0.2998904024141589,
        0.2170488860526746,
        0.21882473760725743,
        0.29122006835354874,
        0.21736880048713988,
        0.31358143443607095
    ],
    "multiply": [],
    "add": [],
    "squeeze": [],
    "reshape": [],
    "transpose": [
        0.0409457831785513,
        0.044288562575413026,
        0.031126368700270007,
        0.03551376665865101,
        0.03269329654254894,
        0.033528991391764365,
        0.03081624756481897,
        0.028619284152623714,
        0.02893593415408426,
        0.028723746008775648,
        0.028305898584167932,
        0.024652998051855175,
        0.02976836457029493,
        0.025384231044918677,
        0.027577930024109177,
        0.026428849606437967
    ],
    "latency": 21.523102124532063,
    "batch_size": 1,
    "model_name": "shufflenet_v2_x0_5",
    "sm_partition": 60
}