{
    "nn.conv2d": [
        0.046129733246871495,
        0.056388167788432156,
        0.03956329514127663,
        0.04575706693995476,
        0.0633214944287435,
        0.07043970977946315,
        0.057407944581777955,
        0.03521841044668151,
        0.05685327845055304,
        0.05334039295279529,
        0.03161596947981974,
        0.05509394681557404,
        0.05509394681557404,
        0.03142819188331131,
        0.05703527827486121,
        0.0573155002265738,
        0.06285927265272274,
        0.09013035743794738,
        0.05065661776577478,
        0.05944172039626928,
        0.05759283329218626,
        0.03438930013594428,
        0.05657594538494058,
        0.05999349764139405,
        0.02810019509596186,
        0.053895059084020196,
        0.05260083811116208,
        0.027918195271653685,
        0.05342994842189931,
        0.05426194761873668,
        0.02643619670228714,
        0.05528172441208248,
        0.05222817180424534,
        0.027175751543920348,
        0.05056417341057063,
        0.05490905810516574,
        0.027175751543920348,
        0.0521357274490412,
        0.051861283269528886,
        0.028932194292799224,
        0.05287528229067441,
        0.04233662579740116,
        0.12794009871644524,
        0.11998988416888823,
        0.0377144080371936,
        0.12507721259121668,
        0.12443010210478764,
        0.03337241222869861,
        0.12562898983634146,
        0.12276321482501278,
        0.031982858014536215,
        0.12285565918021693,
        0.12405743579787087,
        0.03133574752810715,
        0.12396499144266675,
        0.45214534130350403
    ],
    "nn.conv2d_transpose": [],
    "nn.dense": [
        0.03207530236974037
    ],
    "nn.layer_norm": [],
    "nn.relu": [
        0.026623974298795566,
        0.026901307364408024,
        0.026901307364408024,
        0.02357042169095845,
        0.021262201696954797,
        0.021721534586875424,
        0.023940199111775057,
        0.02246397831460876,
        0.021536645876467118,
        0.020337758144913287,
        0.024127976708283486,
        0.02430997653259166,
        0.02301864444583367,
        0.02467975395340826,
        0.022094200893792156,
        0.019967980724096678,
        0.017653982957892767,
        0.018301093444321827,
        0.017469094247484464,
        0.016174873274626345,
        0.018951092816851013,
        0.018670870865138432,
        0.018301093444321827,
        0.017653982957892767,
        0.016639983936747232,
        0.01950575894807592,
        0.017469094247484464,
        0.018951092816851013,
        0.023388421866650275,
        0.018766204106442714,
        0.016359761985034648,
        0.01950575894807592,
        0.018670870865138432,
        0.01858131539603441,
        0.018116204733913524,
        0.018116204733913524,
        0.01368176457021439
    ],
    "nn.bias_add": [
        0.013771320039318415
    ],
    "nn.max_pool2d": [
        0.026531529943591422
    ],
    "nn.adaptive_avg_pool2d": [],
    "nn.batch_matmul": [],
    "nn.softmax": [],
    "nn.batch_norm": [
        0.16952561412781264,
        0.21603090256770102,
        0.212801127907756,
        0.21067201885196035,
        0.24580376271563797,
        0.2340546629464104,
        0.1949507006950544,
        0.23017488891393614,
        0.19254136968754623,
        0.20087002831422027,
        0.22638178146446586,
        0.1963402549092168,
        0.1967071434439333,
        0.2279533355029364,
        0.1919953702146217,
        0.246627095254175,
        0.30772992515801884,
        0.2321133314871232,
        0.23304355281136502,
        0.19762869810987463,
        0.19393670167390892,
        0.22739866937171152,
        0.19227270328023416,
        5.4589258413881385,
        0.19800425330289154,
        0.16001251220008547,
        0.16231206553578875,
        0.1931018135909714,
        0.1596340681209685,
        0.15759451453427695,
        0.19634025490921683,
        0.16305162037742194,
        0.16361206428084718,
        0.1919924813285216,
        0.15935962394145617,
        0.1590736242175433,
        0.1945722566159374,
        0.15806540296859803,
        0.17544783063307862,
        0.19568447776448736,
        0.16324517574613065,
        0.2862857236367558,
        0.15621651586451502,
        0.15844384704771505,
        0.2664072983817632,
        0.14873430086517905,
        0.14844541225516608,
        0.2672392975786006,
        0.149557633403716,
        0.15150185374910335,
        0.265488632601922,
        0.14697496923020004,
        0.14780119065483718,
        0.26677418691647975,
        0.15112918744218654,
        0.1255221010506367
    ],
    "multiply": [],
    "add": [],
    "squeeze": [],
    "reshape": [],
    "transpose": [
        0.025237308970733303,
        0.02458730959820411,
        0.023940199111775057,
        0.023758199287466884,
        0.029027527534103505,
        0.02311108880103782,
        0.019040648285955038,
        0.018670870865138432,
        0.019135981527259316,
        0.018211537975217802,
        0.021909312183383857,
        0.0204273136140173,
        0.021262201696954797,
        0.01858131539603441,
        0.018485982154730126,
        0.018951092816851013
    ],
    "latency": 21.11799716949463,
    "batch_size": 1,
    "model_name": "shufflenet_v2_x1_5",
    "sm_partition": 100
}