{
    "nn.conv2d": [
        0.14148647972889028,
        0.04661513325511916,
        0.09129602861583505,
        0.21034837101635723,
        0.08607358630094619,
        0.21837243603142087,
        0.21247301045349085,
        0.029303704100209764,
        0.19777280245602585,
        0.20376893992867606,
        0.04051926164103881,
        0.2128598580323715,
        0.20870124655940445,
        0.03955516494054718,
        0.22514529090854238,
        0.066537783567473,
        0.17059978228636977,
        0.6760161440939481,
        0.045648014307917525,
        0.16537431772477085,
        0.16431350912955905,
        0.04061597353575898,
        0.16266940691931625,
        0.16063543488348284,
        0.03829488806247503,
        0.16025160955131215,
        0.16363350361980789,
        0.0383915999571952,
        0.22649623518791465,
        0.16276611881403644,
        0.03655407395751208,
        0.1625696727778861,
        0.16363350361980789,
        0.03790804048359437,
        0.160732146778203,
        0.16402035119868855,
        0.03684420964167257,
        0.16382692740924823,
        0.1639236393039684,
        0.04061597353575898,
        0.16489075825117003,
        0.06933940626764776,
        0.1985495198604972,
        0.3107353177358877,
        0.05406194914857181,
        0.18965202554624208,
        0.18791121144127915,
        0.040906109219919475,
        0.18984544933568243,
        0.19023229691456306,
        0.03394285280006765,
        0.18936188986208158,
        0.18791121144127915,
        0.03336560367845666,
        0.19071585638816388,
        0.3434239381513033
    ],
    "nn.conv2d_transpose": [],
    "nn.dense": [
        0.054158661043291985
    ],
    "nn.layer_norm": [],
    "nn.relu": [
        0.039651876835267344,
        0.017501830697639723,
        0.032105326800384526,
        0.017114983118759065,
        0.017021293470748905,
        0.01663444589186825,
        0.030654648379582063,
        0.03723105722055323,
        0.02891685652132911,
        0.029784241327100582,
        0.02901356841604927,
        0.022824007153958763,
        0.026692482942765335,
        0.023401256275569746,
        0.024271663328051224,
        0.027079330521645992,
        0.02591878778500402,
        0.024658510906931875,
        0.025045358485812536,
        0.02553194020612336,
        0.025432206064693184,
        0.024468109364201553,
        0.024177973680041064,
        0.026402347258604842,
        0.025819053643573845,
        0.0278530256794073,
        0.02572234174885368,
        0.027559867748536804,
        0.0251450926272427,
        0.019145932907882517,
        0.020499899433964817,
        0.020306475644524487,
        0.02079003511812531,
        0.01885881947043203,
        0.02059963357539498,
        0.020113051855084156,
        0.018662373434281693
    ],
    "nn.bias_add": [
        0.015084033329635614
    ],
    "nn.max_pool2d": [
        0.0346198360631088
    ],
    "nn.adaptive_avg_pool2d": [],
    "nn.batch_matmul": [],
    "nn.softmax": [],
    "nn.batch_norm": [
        0.21081984150311803,
        0.20075575995880096,
        0.1388571250911858,
        0.17715503540037086,
        0.3329609200412655,
        0.13374046141114712,
        0.13122292990171286,
        0.3127541785381711,
        0.13035252284923138,
        0.15916964522913032,
        0.41236138560652025,
        0.203750806448416,
        0.3068517307135311,
        0.4345990768987381,
        0.20055931392265058,
        0.393892435961679,
        0.20820257585225363,
        0.15229705621057865,
        0.316229762254677,
        0.2027987987347644,
        0.20395329697798642,
        0.3719388358602017,
        0.2018165685540127,
        0.19988233065960942,
        0.36168435277315425,
        0.24757338374349044,
        0.2024965740637639,
        0.43035886476460095,
        0.1995045498208588,
        0.20046562427464043,
        0.35965944747745077,
        0.19941086017284865,
        0.1991116577485581,
        0.35916682126371996,
        0.20085549410023112,
        0.204343166803577,
        0.3625517375789257,
        0.20037193462663025,
        0.26024264195183194,
        0.3659457206342614,
        0.1981475610480665,
        0.40917895982088487,
        0.21052366132553751,
        0.16042689986049247,
        0.3489183826700926,
        0.1361522142857312,
        0.14195492796894107,
        0.3435115833058934,
        0.13499167154908928,
        0.13682315305535236,
        0.34911180645953294,
        0.13905357112733616,
        0.13451113432219847,
        0.3437050070953337,
        0.13112017351357266,
        0.14398890000477454
    ],
    "multiply": [],
    "add": [],
    "squeeze": [],
    "reshape": [],
    "transpose": [
        0.032492174379265173,
        0.032205060941814696,
        0.04226309799271178,
        0.04167980437768079,
        0.03820119841446488,
        0.03259190852069535,
        0.032105326800384526,
        0.03259190852069535,
        0.03143136578405338,
        0.03336560367845666,
        0.03636367241478176,
        0.03520312967813979,
        0.027756313784687136,
        0.024081261785320895,
        0.023207832486129416,
        0.023981527643890724
    ],
    "latency": 21.284278233846027,
    "batch_size": 2,
    "model_name": "shufflenet_v2_x1_0",
    "sm_partition": 20
}