{
    "nn.conv2d": [
        0.08084754831499652,
        0.026349821536887415,
        0.09665845998143738,
        0.2387936658900603,
        0.06905728085239285,
        0.44699783601308896,
        0.44699783601308896,
        0.02243954129979406,
        0.44672447295700035,
        0.44210616542556574,
        0.02118988161481764,
        0.44362918816663083,
        0.4588424365054743,
        0.020753519469384293,
        0.456830416496375,
        0.04536807986762238,
        0.3448517400237117,
        1.4933976565766094,
        0.042488429289198444,
        0.353325994762458,
        0.3426240858026668,
        0.017602203742052444,
        0.3526213632824781,
        0.3427327518622299,
        0.016625907113164605,
        0.36533359434418805,
        0.366909252207854,
        0.016189544967731263,
        0.38223116660626055,
        0.3649549610428976,
        0.01624557590469352,
        0.3657139255526591,
        0.37859085361089445,
        0.01597221284860493,
        0.36533359434418805,
        0.34414371272937044,
        0.016625907113164605,
        0.3669652831448162,
        0.36593125767178547,
        0.016082576815348772,
        0.3652809592215871,
        0.048247730446046314,
        0.4544940962157668,
        0.7132296819428491,
        0.0427040635011441,
        0.4540594319775142,
        0.43846755033738033,
        0.025045828822129405,
        0.46128572493846476,
        0.436998860626097,
        0.02184187797219665,
        0.47367365572866593,
        0.45666741740703015,
        0.0312958251541922,
        0.4543310971264221,
        0.46373071127863613
    ],
    "nn.conv2d_transpose": [],
    "nn.dense": [
        0.0666122945122216
    ],
    "nn.layer_norm": [],
    "nn.relu": [
        0.02243954129979406,
        0.013311592296488005,
        0.026460185503631255,
        0.01249659684976425,
        0.012657898031928324,
        0.012605262909327416,
        0.012549231972365156,
        0.012549231972365156,
        0.01249659684976425,
        0.012387930790201078,
        0.010267244721538641,
        0.018147231947048953,
        0.00994124654284914,
        0.009615248364159638,
        0.009615248364159638,
        0.00994124654284914,
        0.009562613241558727,
        0.009832580483285974,
        0.009615248364159638,
        0.009779945360685063,
        0.009615248364159638,
        0.009615248364159638,
        0.009615248364159638,
        0.009671279301121896,
        0.009615248364159638,
        0.009671279301121896,
        0.009671279301121896,
        0.008856283854398142,
        0.012929563180836245,
        0.008421619616145471,
        0.008530285675708639,
        0.008421619616145471,
        0.008365588679183212,
        0.008856283854398142,
        0.008421619616145471,
        0.0173322365003252,
        0.013746256534740674
    ],
    "nn.bias_add": [
        0.008747617794834975
    ],
    "nn.max_pool2d": [
        0.019940221929841212
    ],
    "nn.adaptive_avg_pool2d": [],
    "nn.batch_matmul": [],
    "nn.softmax": [],
    "nn.batch_norm": [
        0.11913875105356762,
        0.15967458708499038,
        0.09018433990152554,
        0.12685743709691388,
        0.5203949676192858,
        0.08524003419140143,
        0.08567639633683477,
        0.5195239412355999,
        0.08507194138051466,
        0.08507194138051466,
        0.5170280176800084,
        0.08480536995314877,
        0.0858937284559611,
        0.5293599175332472,
        0.08518739906880053,
        0.41509585799539606,
        0.07540235998657344,
        0.10392889852908554,
        0.41905707544790965,
        0.07480639456615669,
        0.07546008883071638,
        0.4191182001064138,
        0.07649071848938578,
        0.07594738819156995,
        0.4306334066057483,
        0.07431400148376108,
        0.07562308792006112,
        0.4479096121691112,
        0.0751850278674471,
        0.07502202877810235,
        0.43237206355875896,
        0.07523766299004801,
        0.0758370242248261,
        0.4306334066057483,
        0.07524275671159003,
        0.07497109156268211,
        0.43221076237659484,
        0.07431739729812245,
        0.07600172122135153,
        0.43014271143053323,
        0.07502372668528302,
        0.5204476027418867,
        0.0710047803886265,
        0.08779368659113589,
        0.5162045326973812,
        0.07149547556384143,
        0.0706261470873361,
        0.5250676081805019,
        0.07062275127297474,
        0.07073481314689926,
        0.5357644234187514,
        0.07132908066013532,
        0.07100817620298785,
        0.581621500554408,
        0.0793720669749904,
        0.09273459648689862
    ],
    "multiply": [],
    "add": [],
    "squeeze": [],
    "reshape": [],
    "transpose": [
        0.02434119734214949,
        0.02450249852431357,
        0.02428516640518723,
        0.024123865223023157,
        0.018690562244864786,
        0.018417199188776198,
        0.01863453130790253,
        0.018310231036393707,
        0.018147231947048953,
        0.018254200099431447,
        0.018254200099431447,
        0.018310231036393707,
        0.012822595028453749,
        0.012170598671074746,
        0.0199945549596228,
        0.02021188707874913
    ],
    "latency": 22.057941754659016,
    "batch_size": 2,
    "model_name": "shufflenet_v2_x2_0",
    "sm_partition": 20
}