{
    "nn.conv2d": [
        0.23088665562423472,
        0.08064325362726042,
        0.06024258699705916,
        0.07570162009338657,
        0.07160111567166147,
        0.05141073131949738,
        0.05635565051396556,
        0.0571967796261143,
        0.050362605589905796,
        0.05004389651225568,
        0.052777566126739076,
        0.04994204103383142,
        0.045627968673474795,
        0.045105548638976166,
        0.044471416144270276,
        0.04836492394855254,
        0.06350524796722984,
        0.07097026883754992,
        0.045627968673474795,
        0.06224355429900674,
        0.05656593279200275,
        0.04068962080019528,
        0.05793276759924445,
        0.05698321168748278,
        0.035011999293191286,
        0.05887903785041177,
        0.05730192076513289,
        0.03553770498828425,
        0.05320141634340779,
        0.061714562943319444,
        0.033014317651838036,
        0.05740706190415148,
        0.0558299448188726,
        0.03227832967870788,
        0.05456496549005514,
        0.05172944039714749,
        0.03585312840534003,
        0.053306557482426374,
        0.05730192076513289,
        0.03290589085222511,
        0.0571967796261143,
        0.10619255040877837,
        0.12732591935151547,
        0.11565196725985737,
        0.08663301289072585,
        0.11985761282060109,
        0.12091230987138132,
        0.07128240659401136,
        0.11870106029139657,
        0.11796835797886074,
        0.04636724230719928,
        0.11817535459630357,
        0.11533654384280159,
        0.04910091192168268,
        0.12006789509863823,
        0.16633328192741326
    ],
    "nn.conv2d_transpose": [],
    "nn.dense": [
        0.0766478903445539
    ],
    "nn.layer_norm": [],
    "nn.relu": [
        0.06486879711387722,
        0.04079147627861954,
        0.044471416144270276,
        0.0390073625758978,
        0.038691939158842024,
        0.03827137460276765,
        0.0391125037149164,
        0.03953306827099077,
        0.031016636010484776,
        0.027441837283852633,
        0.03290589085222511,
        0.033855446763986774,
        0.030596071454410404,
        0.02775726070090841,
        0.030803068071853266,
        0.029754942342261663,
        0.02775726070090841,
        0.03248532629615074,
        0.031223632627927624,
        0.02649228137209097,
        0.025020305425830676,
        0.023653470618588975,
        0.026071716816016596,
        0.026180143615629523,
        0.026387140233072374,
        0.025549296781517968,
        0.0247048820087749,
        0.02859838981305715,
        0.030803068071853266,
        0.027336696144834038,
        0.025440869981905045,
        0.02702127272777826,
        0.02228663581134727,
        0.024603026530350635,
        0.024392744252313452,
        0.02355161514016471,
        0.029754942342261663
    ],
    "nn.bias_add": [
        0.030280648037354623
    ],
    "nn.max_pool2d": [
        0.06108700176980222
    ],
    "nn.adaptive_avg_pool2d": [],
    "nn.batch_matmul": [],
    "nn.softmax": [],
    "nn.batch_norm": [
        0.43852726254357755,
        0.35525219478025793,
        0.3235061421178317,
        0.34536892771251027,
        0.3335964058030222,
        0.31551541555241863,
        0.3311781596055946,
        0.3327618480120622,
        0.3318122921003005,
        0.32970618365933435,
        0.3358043697224127,
        0.3205523332435281,
        0.25569010745083953,
        0.26945702534108656,
        0.256846659980044,
        0.30951579930717027,
        0.2524241608200745,
        0.3554657627188894,
        0.27945529052963575,
        0.2539027080875234,
        0.2487475066150181,
        0.26842204225387223,
        0.23739554926160442,
        0.24569512792288456,
        0.2766033371337564,
        0.255476539512208,
        0.2501176270828541,
        0.2707285759910926,
        0.24769609522483216,
        0.249480208927554,
        0.2706168635308853,
        0.2233000653119244,
        0.22224536826114416,
        0.2524241608200745,
        0.22098367459292106,
        0.22866883472306127,
        0.24390772855956855,
        0.2329664787804462,
        0.2325557712061549,
        0.24842879753736805,
        0.2123555298722078,
        0.3496928570546498,
        0.22004069000234805,
        0.35725316208220553,
        0.3166719680816232,
        0.2263524440040579,
        0.21236538685399076,
        0.3078401124040614,
        0.21710330943101613,
        0.2139425039392697,
        0.31298545689478374,
        0.21162939888086063,
        0.21710659509161043,
        0.312242897600465,
        0.21342994088655404,
        0.2548555496598795
    ],
    "multiply": [],
    "add": [],
    "squeeze": [],
    "reshape": [],
    "transpose": [
        0.05141073131949738,
        0.039953632827065134,
        0.04426441952682742,
        0.03595826954435862,
        0.037321818691005995,
        0.033641878825355256,
        0.032173188539689285,
        0.03132877376694622,
        0.029860083481280254,
        0.03112177714950337,
        0.030596071454410404,
        0.031016636010484776,
        0.03248532629615074,
        0.03311945879085663,
        0.027862401839927,
        0.02796425731835126
    ],
    "latency": 21.93869749704997,
    "batch_size": 2,
    "model_name": "shufflenet_v2_x0_5",
    "sm_partition": 20
}