{
    "nn.conv2d": [
        0.3546941539195871,
        0.07730257853984253,
        0.06134333651871376,
        0.09056558143044856,
        0.07042015541823073,
        0.05635295634765375,
        0.05774939002450253,
        0.0593453142266154,
        0.0552588754981584,
        0.05635295634765375,
        0.056851682660814036,
        0.057353526013431556,
        0.0502684953270984,
        0.044483270094439226,
        0.04927104270077785,
        0.051867536568668535,
        0.06732805227663703,
        0.0807905456925072,
        0.048077216588650454,
        0.06822575964032554,
        0.05755301653869567,
        0.04029396906389292,
        0.058749959690280316,
        0.05815148811448798,
        0.040496576628614285,
        0.05844760686292692,
        0.06662983543821265,
        0.03590829454753976,
        0.0625402796702984,
        0.05774939002450253,
        0.04179014800337374,
        0.05535550372133321,
        0.05705117318607814,
        0.03550931349701154,
        0.05884970495291237,
        0.061143845993449644,
        0.03999473327599676,
        0.053260853206060055,
        0.059445059489247457,
        0.04298709115495839,
        0.059445059489247457,
        0.10462966346156831,
        0.12119049409794667,
        0.11181443941053351,
        0.08169137009565293,
        0.11420520867424558,
        0.11081386974475571,
        0.06463181314611431,
        0.10941743606790694,
        0.11321087308738229,
        0.04458301535707128,
        0.1155018970884623,
        0.1139059728863494,
        0.0460791942965521,
        0.11021851520842063,
        0.22971333984162237
    ],
    "nn.conv2d_transpose": [],
    "nn.dense": [
        0.10572997838997816
    ],
    "nn.layer_norm": [],
    "nn.relu": [
        0.10413405418786528,
        0.04228887431653401,
        0.048077216588650454,
        0.03909702591230826,
        0.04039371432652497,
        0.0409921859023173,
        0.03760084697282743,
        0.039299633477029625,
        0.03530670593229017,
        0.032314348053328536,
        0.03540645119492223,
        0.040496576628614285,
        0.031020776678569065,
        0.028227909324871528,
        0.02643249459749454,
        0.0288232638612066,
        0.02832765458750358,
        0.027230456698550985,
        0.0276294377490792,
        0.029222244911734824,
        0.02692810387119756,
        0.023839117769061113,
        0.024437589344853444,
        0.024733708093292353,
        0.02603351354696632,
        0.03111740490174387,
        0.0255316701943488,
        0.02862689037539974,
        0.030921031415937012,
        0.022838548103283313,
        0.024733708093292353,
        0.026529122820669344,
        0.024038608294325227,
        0.024733708093292353,
        0.022040586002226872,
        0.026229887032773177,
        0.03750421874965263
    ],
    "nn.bias_add": [
        0.02194395777905207
    ],
    "nn.max_pool2d": [
        0.08717735954041597
    ],
    "nn.adaptive_avg_pool2d": [],
    "nn.batch_matmul": [],
    "nn.softmax": [],
    "nn.batch_norm": [
        0.6367581714457521,
        0.4091394821194029,
        0.32176263205372274,
        0.35846577166286164,
        0.33183690357956036,
        0.31647925017368106,
        0.33053398108642906,
        0.33313359199377696,
        0.3211579263990159,
        0.31986123798479926,
        0.33344217890004496,
        0.33114180378059316,
        0.2600140804055664,
        0.26331502519079586,
        0.25283553853551566,
        0.30540752602152305,
        0.23608145145278767,
        0.3169842105657559,
        0.29323860398041235,
        0.24994915999810052,
        0.2371817663811975,
        0.2700010748266008,
        0.23278674074647257,
        0.23977202617017365,
        0.26770069970714905,
        0.2423716370775216,
        0.2384722207164997,
        0.2742870040803219,
        0.23937616215910268,
        0.23847222071649973,
        0.2683957995061162,
        0.21363876736057527,
        0.21065576059998536,
        0.24604974363707863,
        0.20765716864210929,
        0.21553704439004157,
        0.23577598158597696,
        0.21493233873533474,
        0.22470737447327613,
        0.24295764049548488,
        0.20286627899631338,
        0.3407173489932705,
        0.2130465298636975,
        0.2228215656016388,
        0.29792663132411895,
        0.19488977502520619,
        0.21383825788583932,
        0.3023123058404721,
        0.2093434869884824,
        0.21004793790582127,
        0.3064984898315611,
        0.20745456107738783,
        0.21213635434217995,
        0.29014650083881866,
        0.21683684984371557,
        0.24086922405912625
    ],
    "multiply": [],
    "add": [],
    "squeeze": [],
    "reshape": [],
    "transpose": [
        0.05475703214554087,
        0.051764674266579234,
        0.05067059341708388,
        0.04438664187126442,
        0.04159377451756688,
        0.034508743831233736,
        0.0360080398101718,
        0.03700549243649236,
        0.033215172456474276,
        0.032314348053328536,
        0.03261358384122469,
        0.032417210355417836,
        0.03301256489175291,
        0.0288232638612066,
        0.03161613121490415,
        0.02812504702278222
    ],
    "latency": 21.967217127482098,
    "batch_size": 4,
    "model_name": "shufflenet_v2_x0_5",
    "sm_partition": 20
}