{
    "nn.conv2d": [
        0.14996516762166454,
        0.07770922322213526,
        0.12167628372939598,
        0.06327720602559012,
        0.06884764513540052,
        0.051351708912873,
        0.04896234911624942,
        0.052146978741169706,
        0.04533038021291224,
        0.04975761894454612,
        0.04567121013932512,
        0.04589487977853356,
        0.040782430882340445,
        0.041577700710637155,
        0.0435126206053769,
        0.0535102984468212,
        0.06918492475007994,
        0.07645951349195472,
        0.043626230580847865,
        0.06827604494631229,
        0.06521212592032988,
        0.041918530637050026,
        0.06180382665620114,
        0.06259909648449785,
        0.036806081740856915,
        0.061573056393525755,
        0.0641860858293578,
        0.03476465249411314,
        0.06475413570671257,
        0.06032689697507869,
        0.03805579147103745,
        0.06236832622182246,
        0.06441685609203317,
        0.037945731807299966,
        0.0622547162463515,
        0.05634699752186168,
        0.03294334257484434,
        0.057373037612833785,
        0.06805237530710381,
        0.03635164183897309,
        0.058164757129397004,
        0.11690466475961575,
        0.1373544603443882,
        0.11928692393277238,
        0.08736252082543321,
        0.1276940621176233,
        0.12553902289540858,
        0.06668550528971887,
        0.12246800324595922,
        0.1279212820685652,
        0.04714458950871409,
        0.13042425184065976,
        0.12621713243650085,
        0.051916208478494326,
        0.12690234260106004,
        0.14280773916699416
    ],
    "nn.conv2d_transpose": [],
    "nn.dense": [
        0.074410983621744
    ],
    "nn.layer_norm": [],
    "nn.relu": [
        0.06566301551048025,
        0.03282973259937339,
        0.041013201145015825,
        0.03498832213332159,
        0.03408299264128739,
        0.03294334257484434,
        0.029875873237128474,
        0.029762263261657512,
        0.033738612403141056,
        0.03260606296016494,
        0.03760135156915362,
        0.037036852003532295,
        0.029875873237128474,
        0.031239192942779975,
        0.03294334257484434,
        0.03282973259937339,
        0.03362855273940356,
        0.029197763696036202,
        0.03294334257484434,
        0.03396938266581643,
        0.03396938266581643,
        0.031125582967309013,
        0.023172884684341956,
        0.0256758544564365,
        0.024539754701726917,
        0.029197763696036202,
        0.02703562385035453,
        0.028512553531476983,
        0.02771728370318028,
        0.023744484873430213,
        0.029875873237128474,
        0.025903074407378417,
        0.026584734260204166,
        0.02760722403944279,
        0.024649814365464408,
        0.02749006375223836,
        0.031469963205455365
    ],
    "nn.bias_add": [
        0.01738232624705657
    ],
    "nn.max_pool2d": [
        0.056804987735478985
    ],
    "nn.adaptive_avg_pool2d": [],
    "nn.batch_matmul": [],
    "nn.softmax": [],
    "nn.batch_norm": [
        0.41148112990887586,
        0.373414687502638,
        0.28536340620091216,
        0.30649841195024385,
        0.29900725419262747,
        0.28251960650240476,
        0.2814012583063625,
        0.2844616270206114,
        0.27582371857308513,
        0.2714035804649182,
        0.28729477578391843,
        0.2666284111834045,
        0.27833023865691314,
        0.2877492156858023,
        0.27877402762359665,
        0.34740865405498905,
        0.34864771284996915,
        0.29923092383183597,
        0.31070198104266933,
        0.27389944961354584,
        0.28707465645644353,
        0.30945937193595563,
        0.2682154005282644,
        0.2829740464042885,
        0.3090013817223383,
        0.280258057928186,
        0.2672000113724928,
        0.31729490993171827,
        0.27013256886433684,
        0.27888763759906754,
        0.30967594095169715,
        0.2862793866281468,
        0.26776096062638066,
        0.3036652631869367,
        0.2857113367507919,
        0.23209452895196675,
        0.25231000396233033,
        0.2318673090010248,
        0.24447446596656763,
        0.2500307038294442,
        0.223566680168178,
        0.35296489191786556,
        0.21687079223885838,
        0.22685426883336876,
        0.3168333694063675,
        0.2153974128694694,
        0.21447078150703436,
        0.32808785760145925,
        0.21322462208858728,
        0.2052754741173537,
        0.3371802059508694,
        0.20903170393136228,
        0.21732168182900874,
        0.36444660006389934,
        0.21095242257916813,
        0.24072533677602603
    ],
    "multiply": [],
    "add": [],
    "squeeze": [],
    "reshape": [],
    "transpose": [
        0.041577700710637155,
        0.036465251814444044,
        0.03533270237146793,
        0.034878262469584094,
        0.040558761243132,
        0.03158002286919284,
        0.030671143065425184,
        0.03396938266581643,
        0.031693632844663804,
        0.028626163506947945,
        0.032265233033752054,
        0.03033031313901231,
        0.029762263261657512,
        0.028171723605064106,
        0.031125582967309013,
        0.024649814365464408
    ],
    "latency": 22.10883140563965,
    "batch_size": 4,
    "model_name": "shufflenet_v2_x0_5",
    "sm_partition": 80
}