{
    "nn.conv2d": [
        0.09970655436299451,
        0.08158729219956709,
        0.06113985668553165,
        0.06427782946243808,
        0.07713023207591672,
        0.0716640859484023,
        0.07237266044641344,
        0.046563467012159875,
        0.07014571202409274,
        0.06933591259779431,
        0.04069242117149624,
        0.06791876360177206,
        0.06943713752608162,
        0.037655673322877115,
        0.0662991647491752,
        0.07257511030298805,
        0.0823970916258655,
        0.13948795117990498,
        0.061949656111830086,
        0.07632043264961828,
        0.07621920772133099,
        0.04504509308785032,
        0.0769309454983511,
        0.07278072343857163,
        0.04109732088464546,
        0.07632043264961828,
        0.07774074492464954,
        0.03836424782088824,
        0.07561185815160715,
        0.07500450858188333,
        0.04008190832276343,
        0.07429909736288118,
        0.07632043264961828,
        0.04089170774906187,
        0.07743707013978762,
        0.07055377501625093,
        0.0366402607609951,
        0.0698452005182398,
        0.06751702716763183,
        0.03613729939856756,
        0.0688297879563578,
        0.06407221632685449,
        0.08624363890078307,
        0.09555633230321506,
        0.05283941256597273,
        0.0823970916258655,
        0.07338490972928649,
        0.046256628948288976,
        0.07531134664575423,
        0.07632043264961828,
        0.03512188683668554,
        0.07672849564177649,
        0.07621920772133099,
        0.03623536104784588,
        0.07682972057006379,
        0.34264321897351535
    ],
    "nn.conv2d_transpose": [],
    "nn.dense": [
        0.04817990258574776
    ],
    "nn.layer_norm": [],
    "nn.relu": [
        0.04777816615160753,
        0.036947098824865986,
        0.04069242117149624,
        0.0343120874103871,
        0.028646654705307046,
        0.03289810169337383,
        0.0316802392749172,
        0.03178462748221348,
        0.03067115327105313,
        0.030367478486191216,
        0.033907187697237884,
        0.03421402576110878,
        0.03542556162154745,
        0.03067115327105313,
        0.03229075212365,
        0.03370790111967226,
        0.03279371348607755,
        0.03330300140652304,
        0.032692488557790236,
        0.03370790111967226,
        0.033198613199226755,
        0.02894716621115998,
        0.021456521517899486,
        0.023379795155358263,
        0.02408836965336939,
        0.026318481354699063,
        0.022772445585634443,
        0.02530623207182602,
        0.025404293721104348,
        0.023889083075803764,
        0.025809193434253565,
        0.023784694868507476,
        0.021864584510057683,
        0.02560990685668793,
        0.0269226676454139,
        0.026618992860551995,
        0.030367478486191216
    ],
    "nn.bias_add": [
        0.029756965637458423
    ],
    "nn.max_pool2d": [
        0.05233012464552723
    ],
    "nn.adaptive_avg_pool2d": [],
    "nn.batch_matmul": [],
    "nn.softmax": [],
    "nn.batch_norm": [
        0.4226014224834585,
        0.40639910739947194,
        0.3617684038617978,
        0.30952685102852195,
        0.3148886089487401,
        0.28502725510398547,
        0.2780522248891884,
        0.32299292976974237,
        0.2792574341916091,
        0.28787420621206583,
        0.31822586830321214,
        0.2775366104107249,
        0.2733927149089634,
        0.31236431229957545,
        0.2827148981484224,
        0.3452560874349314,
        0.2812850960363642,
        0.2767394641004624,
        0.36165768909648355,
        0.28594144273758015,
        0.27440180091282745,
        0.32704192690123457,
        0.3375629928850962,
        0.2875768579852218,
        0.3238944642873012,
        0.28858594398908594,
        0.28421429239867807,
        0.3258272277617869,
        0.27663191261415715,
        0.28189560888509696,
        0.35993686531559943,
        0.2798711103193509,
        0.27176995277735755,
        0.3202503668689583,
        0.21873125363381923,
        0.22541842545879928,
        0.2514332320286363,
        0.21428052006818682,
        0.22339076361404417,
        0.25304650432321535,
        0.2060781375979062,
        0.2934320874308406,
        0.21205357164586613,
        0.21629869207591496,
        0.2705584169169189,
        0.2161025687773583,
        0.218323190641661,
        0.2625679741402398,
        0.2164979786534806,
        0.213670007219454,
        0.2743005759845402,
        0.22328637540674795,
        0.2232863754067479,
        0.2677241189248744,
        0.21711165478122238,
        0.16346560606796015
    ],
    "multiply": [],
    "add": [],
    "squeeze": [],
    "reshape": [],
    "transpose": [
        0.03704516047414431,
        0.031480952697351565,
        0.03400841262552519,
        0.029756965637458423,
        0.03734883525900623,
        0.03067115327105313,
        0.03289810169337383,
        0.031885852410500785,
        0.032388813772928335,
        0.026517767932264683,
        0.024395207717240283,
        0.02510061893624243,
        0.02591041836254087,
        0.026318481354699063,
        0.024493269366518612,
        0.024395207717240283
    ],
    "latency": 21.922190984090168,
    "batch_size": 1,
    "model_name": "shufflenet_v2_x1_0",
    "sm_partition": 80
}