{
    "nn.conv2d": [
        0.08063811761736957,
        0.03509746045623511,
        0.08911527854847444,
        0.21080807637764115,
        0.08638078113035717,
        0.41229609229977787,
        0.41019650621172793,
        0.0240281098189246,
        0.4098440209560699,
        0.4110372163867134,
        0.02269698537519739,
        0.4107569796617183,
        0.42876218924266013,
        0.022977222100192592,
        0.4102643760435627,
        0.03944112969366075,
        0.3348828863692672,
        1.3554349796205465,
        0.03559006407439074,
        0.3417464967822356,
        0.31463359363894977,
        0.02234887881836741,
        0.32094110930075587,
        0.327874778894973,
        0.019616570749664188,
        0.3195399256757798,
        0.3219919970194879,
        0.02080538748147977,
        0.32752448298872905,
        0.3376830642698052,
        0.019684440581498958,
        0.32114909749508824,
        0.3205207542132631,
        0.02017704419965459,
        0.317017795150823,
        0.3216395117638299,
        0.02017704419965459,
        0.31988803223260975,
        0.3341801052073652,
        0.020667458468396196,
        0.3210089791325906,
        0.05975829225581295,
        0.4078123046998546,
        0.6278681930023376,
        0.05051266968038528,
        0.4215439042246196,
        0.4042414758055798,
        0.03103402794380467,
        0.40760431650552226,
        0.4172002349871939,
        0.02563947098764702,
        0.40515224516181425,
        0.40627319206179513,
        0.024518524087666208,
        0.4060608251686347,
        0.5664963502283882
    ],
    "nn.conv2d_transpose": [],
    "nn.dense": [
        0.09640143339834971
    ],
    "nn.layer_norm": [],
    "nn.relu": [
        0.03537988653064433,
        0.015413019874736146,
        0.044975805012316,
        0.01428988362534131,
        0.014009646900346109,
        0.01386952853784851,
        0.014430001987838911,
        0.014222013793506535,
        0.01428988362534131,
        0.01428988362534131,
        0.011840001631047313,
        0.019194026312757358,
        0.011487516375389284,
        0.011487516375389284,
        0.012190297537291317,
        0.012258167369126091,
        0.011559764906052112,
        0.011559764906052112,
        0.011627634737886887,
        0.011559764906052112,
        0.011559764906052112,
        0.011559764906052112,
        0.011627634737886887,
        0.011487516375389284,
        0.011559764906052112,
        0.011487516375389284,
        0.011559764906052112,
        0.010999291456061705,
        0.015060534619078116,
        0.009876155206666869,
        0.010436628656657275,
        0.009876155206666869,
        0.009876155206666869,
        0.009876155206666869,
        0.009948403737329692,
        0.009948403737329692,
        0.014222013793506535
    ],
    "nn.bias_add": [
        0.011487516375389284
    ],
    "nn.max_pool2d": [
        0.024798760812661413
    ],
    "nn.adaptive_avg_pool2d": [],
    "nn.batch_matmul": [],
    "nn.softmax": [],
    "nn.batch_norm": [
        0.16231617620640099,
        0.16798659118872583,
        0.10746202663800412,
        0.1918745826451528,
        0.5010479388455241,
        0.10136030982111639,
        0.10142817965295114,
        0.49810326388366055,
        0.10128806129045356,
        0.10199522115118365,
        0.4974048614205866,
        0.10065971800862837,
        0.10241338688926242,
        0.4973348022393378,
        0.10009924455863796,
        0.42188544273320755,
        0.09260072281560228,
        0.11908528267706296,
        0.4232099991286926,
        0.09260510151443031,
        0.09435658104565037,
        0.4033219490516893,
        0.09491705449564075,
        0.09351149217183671,
        0.399529995866598,
        0.09267953939450718,
        0.09289190628766762,
        0.4106759737333993,
        0.09302545660192313,
        0.09225699495760034,
        0.4016317713040621,
        0.09092368116445912,
        0.0932400128444976,
        0.3986257945586057,
        0.09308894773492986,
        0.09330788267633235,
        0.40170401983472476,
        0.09190232035252828,
        0.09266859264743706,
        0.40345768871535886,
        0.09463681777064555,
        0.49116959428944323,
        0.08945243835823428,
        0.10542374233354683,
        0.49964675522054824,
        0.08895764539066464,
        0.08895983474007867,
        0.4857794160321137,
        0.0886117281832487,
        0.08818480504751382,
        0.483885628788982,
        0.08762652094693743,
        0.08825705357817663,
        0.48633988948210416,
        0.08902989392132746,
        0.10857640548974286
    ],
    "multiply": [],
    "add": [],
    "squeeze": [],
    "reshape": [],
    "transpose": [
        0.029142430050087046,
        0.02641012198138383,
        0.02655242969329545,
        0.026129885256388624,
        0.01765272432528374,
        0.017302428419039735,
        0.017024381043458558,
        0.017024381043458558,
        0.017372487600288537,
        0.017234558587204966,
        0.017582665144034944,
        0.017302428419039735,
        0.015761126431566123,
        0.013171126074774527,
        0.013311244437272126,
        0.013801658706013731
    ],
    "latency": 21.95988178253174,
    "batch_size": 4,
    "model_name": "shufflenet_v2_x2_0",
    "sm_partition": 60
}