{
    "nn.conv2d": [
        0.09741588681946597,
        0.08081528865214359,
        0.05995532648136351,
        0.0710986145192557,
        0.08769921268657807,
        0.08736815634977087,
        0.08070607419051648,
        0.05394853109187186,
        0.07033411328786585,
        0.07240577510685528,
        0.040081707417153355,
        0.06836484002665182,
        0.06912934125804165,
        0.0399690800036004,
        0.07054912925919424,
        0.07382897605993372,
        0.08693471145518822,
        0.13476723269594132,
        0.05700994896935709,
        0.08649444065675388,
        0.07415320649288921,
        0.048163577577560304,
        0.07327949079987225,
        0.07710540990874734,
        0.037569774799729574,
        0.07928628618936391,
        0.07742964034170285,
        0.03909536431058343,
        0.07524876406108627,
        0.07644671018705877,
        0.04215336923614281,
        0.07852519790989991,
        0.07786991114013718,
        0.040733581234990233,
        0.07808492711146559,
        0.07742964034170285,
        0.04215336923614281,
        0.07327949079987225,
        0.07906785726610967,
        0.037457147386176615,
        0.07699619544712022,
        0.06858668190183191,
        0.09468893823071381,
        0.09381522253769684,
        0.059412667125153765,
        0.08038184375756095,
        0.08070607419051648,
        0.04663116216285477,
        0.08398250803933009,
        0.07753885480332998,
        0.03822164861756645,
        0.07841257049634694,
        0.08136477391220505,
        0.034617571383871476,
        0.08267534745173051,
        0.37132916953221096
    ],
    "nn.conv2d_transpose": [],
    "nn.dense": [
        0.04892807880895015
    ],
    "nn.layer_norm": [],
    "nn.relu": [
        0.04040593785010888,
        0.04324551385241403,
        0.040081707417153355,
        0.04303049788108563,
        0.037457147386176615,
        0.02697255906997301,
        0.029378690177695517,
        0.02915684830251542,
        0.031781408333492175,
        0.02992134953390527,
        0.03396569756603459,
        0.031781408333492175,
        0.02915684830251542,
        0.030358207380413754,
        0.03025240587071248,
        0.02708177353160013,
        0.027740473253288708,
        0.03549470002881429,
        0.03134455048698369,
        0.02992134953390527,
        0.02784627476298998,
        0.028068116638170066,
        0.030358207380413754,
        0.030795065226922238,
        0.024132983067667868,
        0.025119326174237806,
        0.025556184020746282,
        0.027631258791661582,
        0.029378690177695517,
        0.024900897250983562,
        0.02468246832772932,
        0.023262680326576742,
        0.02697255906997301,
        0.02784627476298998,
        0.02566198553044756,
        0.022494766143261055,
        0.026644915685091645
    ],
    "nn.bias_add": [
        0.02992134953390527
    ],
    "nn.max_pool2d": [
        0.046958805547736134
    ],
    "nn.adaptive_avg_pool2d": [],
    "nn.batch_matmul": [],
    "nn.softmax": [],
    "nn.batch_norm": [
        0.37786155951828315,
        0.3735987825628996,
        0.36815171128924684,
        0.35231561435331443,
        0.3917283831930017,
        0.387155027612366,
        0.3382201228995641,
        0.2980326139727095,
        0.24877347882695208,
        0.2600259813264714,
        0.3415921194023015,
        0.26078365665400954,
        0.25063353762653906,
        0.2935479951421458,
        0.25629903782344593,
        0.3367969219464857,
        0.2531454702439628,
        0.25860278037339296,
        0.3973017336879107,
        0.26559250591752875,
        0.25609767365982095,
        0.3024933421397922,
        0.2615481578853993,
        0.25282123981100724,
        0.31374925759123734,
        0.25859936742146716,
        0.26012836988424687,
        0.30119642040797007,
        0.2589270108063485,
        0.25413181335053275,
        0.29868448779054635,
        0.24921374962538642,
        0.254350242273787,
        0.29573228437468824,
        0.25226492864709416,
        0.24854481104792028,
        0.2687528994008635,
        0.21229243569156792,
        0.23282475447746656,
        0.26635018124506693,
        0.2176439443112968,
        0.33472867307942217,
        0.21568149695393446,
        0.22922067724377163,
        0.2717153416724992,
        0.21645282408917602,
        0.22005348837094524,
        0.2801180293139358,
        0.21666784006050438,
        0.22715242837670802,
        0.26723754874578726,
        0.22539475813489657,
        0.2097770901222183,
        0.27071875971015175,
        0.2115347603640297,
        0.16948719263758824
    ],
    "multiply": [],
    "add": [],
    "squeeze": [],
    "reshape": [],
    "transpose": [
        0.04772671973105183,
        0.030143191409085366,
        0.03166878091993921,
        0.030580049255593846,
        0.03232748064162778,
        0.028719990456006934,
        0.03287013999783754,
        0.030795065226922238,
        0.02915684830251542,
        0.02883261786955991,
        0.027409416916481494,
        0.025225127683939075,
        0.028395760023051428,
        0.026426486761837405,
        0.026102256328881888,
        0.02566198553044756
    ],
    "latency": 21.798189481099445,
    "batch_size": 1,
    "model_name": "shufflenet_v2_x1_0",
    "sm_partition": 100
}