{
    "nn.conv2d": [
        0.06439072755585905,
        0.04431800799101728,
        0.056341516702789675,
        0.1385381640023687,
        0.07746181738600885,
        0.23257484535456935,
        0.22831053916366015,
        0.044980884178917116,
        0.22907107121852738,
        0.22745826977921751,
        0.04488618758064571,
        0.22793175277057454,
        0.22546964121551802,
        0.0336143331176526,
        0.22158708068639046,
        0.06155278887641289,
        0.18314322105689623,
        0.68977002180891,
        0.04194763376553619,
        0.17783725228500158,
        0.17641680331093054,
        0.039488481479175656,
        0.17376825782802716,
        0.17480696114031663,
        0.03153396722437768,
        0.17452287134550246,
        0.17206075979044594,
        0.03636349373621931,
        0.17433643741765556,
        0.17433643741765556,
        0.03247797393839574,
        0.17490165773858807,
        0.17622741011438772,
        0.03371198898461998,
        0.17357590536278839,
        0.17348120876451698,
        0.034371905903823836,
        0.17727203196406913,
        0.17518870680209828,
        0.03920439168436144,
        0.17859778433986878,
        0.06495890714548748,
        0.2183703556138587,
        0.34043131151700307,
        0.05018919708384437,
        0.21041288209036474,
        0.20975296517116088,
        0.038730908693004426,
        0.21221507672621742,
        0.21003409569727907,
        0.032386236608820326,
        0.21022348889382195,
        0.21022348889382195,
        0.03105752496432468,
        0.21230977332448878,
        0.6637284572842739
    ],
    "nn.conv2d_transpose": [],
    "nn.dense": [
        0.07783764451039848
    ],
    "nn.layer_norm": [],
    "nn.relu": [
        0.02083325161970898,
        0.0356976582796235,
        0.039012039219122656,
        0.03399311951073822,
        0.033519636519381196,
        0.031155180831292068,
        0.031720401152224506,
        0.03096282836605327,
        0.024621115550565162,
        0.02603860525594024,
        0.027459054230011312,
        0.018368180795956483,
        0.02357945296957971,
        0.023103010709526705,
        0.023958239362665328,
        0.022632486986865666,
        0.02282188018340847,
        0.02348179710261232,
        0.02386058349569794,
        0.02234839719205145,
        0.02234839719205145,
        0.02338710050434092,
        0.02234839719205145,
        0.02357945296957971,
        0.023295363174765497,
        0.023765886897426536,
        0.0229136175129839,
        0.021493168538912828,
        0.016287814902681566,
        0.01884462305600949,
        0.017326518214971033,
        0.018084091001142263,
        0.021303775342370018,
        0.020072719564841763,
        0.01960219584218072,
        0.017705304608056652,
        0.016287814902681566
    ],
    "nn.bias_add": [
        0.015435545518238928
    ],
    "nn.max_pool2d": [
        0.021969610798965835
    ],
    "nn.adaptive_avg_pool2d": [],
    "nn.batch_matmul": [],
    "nn.softmax": [],
    "nn.batch_norm": [
        0.14723841396855403,
        0.16068237165439747,
        0.15281663546047894,
        0.30831436835951703,
        0.4786735486497737,
        0.25822578641133603,
        0.2641887128337385,
        0.47830659933147196,
        0.27043868831965123,
        0.2597320541775905,
        0.47043494460016144,
        0.2618272164143453,
        0.24391476299757003,
        0.40215277870908694,
        0.18501643814145247,
        0.3784934254847157,
        0.18302485030905696,
        0.13179103137553116,
        0.35471866078120123,
        0.1899495390576534,
        0.18890195793927597,
        0.3541475219228768,
        0.19344739465630342,
        0.19231399474574254,
        0.3586012213103288,
        0.18654046151988285,
        0.1910799796995183,
        0.35093375611904104,
        0.1927904370057955,
        0.17991169964088458,
        0.3522565492261447,
        0.18881317987839652,
        0.19288217433537094,
        0.35225950849484067,
        0.18768273923653167,
        0.18056569802269645,
        0.35793834512242906,
        0.19061241524555325,
        0.2238450027014242,
        0.3533958676740975,
        0.18966248999414323,
        0.40074120754110376,
        0.1477030191538231,
        0.12867492143866277,
        0.3603945381400935,
        0.13454906980018583,
        0.13511429012111828,
        0.3630549206977808,
        0.13956207097117826,
        0.14258940284716726,
        0.35623676562223966,
        0.13995269443904784,
        0.13037354167015608,
        0.3564261588187824,
        0.13502255279154285,
        0.13502551206023883
    ],
    "multiply": [],
    "add": [],
    "squeeze": [],
    "reshape": [],
    "transpose": [
        0.0378756800398658,
        0.03626879713794791,
        0.035984707343133686,
        0.029829428455492402,
        0.030678738571239067,
        0.027743144024825528,
        0.026985571238654287,
        0.02623095772117904,
        0.02708026783692569,
        0.025473384935007802,
        0.029450642062406784,
        0.025281032469769007,
        0.025565122264583223,
        0.02206134812854126,
        0.020262112761384572,
        0.020072719564841763
    ],
    "latency": 22.021433512369793,
    "batch_size": 2,
    "model_name": "shufflenet_v2_x2_0",
    "sm_partition": 80
}