{
    "nn.conv2d": [
        0.09462796279866163,
        0.050479211568142446,
        0.04038605449749917,
        0.0761501345067124,
        0.06176058865973942,
        0.13544365617379375,
        0.14102560502929087,
        0.0470421005470787,
        0.13673257280669265,
        0.13597734821710347,
        0.045108725597730326,
        0.13533624645438552,
        0.13748108428881886,
        0.04317870720211347,
        0.13662516308728442,
        0.0707830050900318,
        0.09312422672694622,
        0.21889765160026667,
        0.05724602389086173,
        0.08807596991475881,
        0.08366881486528936,
        0.039738239627318206,
        0.08238325478612198,
        0.08313512282197967,
        0.0328673741389222,
        0.08366881486528936,
        0.0842058634623306,
        0.03608630916743796,
        0.08002024095914063,
        0.0864648241236352,
        0.037485992073476616,
        0.08581700925345424,
        0.08302771310257143,
        0.0326491981463742,
        0.08442068290114707,
        0.08560554636836926,
        0.035015568527087045,
        0.08474626861310332,
        0.08442068290114707,
        0.03694894347643541,
        0.08517255093700478,
        0.07518344703203822,
        0.2621837685217884,
        0.2359757969861772,
        0.0698163176153576,
        0.26379827086664354,
        0.2630464028307858,
        0.0662684403211541,
        0.2630464028307858,
        0.2617541296441554,
        0.06046831547310901,
        0.2613244907665224,
        0.26401309030546005,
        0.05853829707749215,
        0.2598241112485386,
        0.5265224445392047
    ],
    "nn.conv2d_transpose": [],
    "nn.dense": [
        0.041027156260217114
    ],
    "nn.layer_norm": [],
    "nn.relu": [
        0.03200473982992475,
        0.019548568932300128,
        0.031145462074658806,
        0.017937423141176495,
        0.02899726768649396,
        0.029215443679041955,
        0.03404552449868136,
        0.0298565454417599,
        0.02996395516116814,
        0.030396950592532616,
        0.030608413477617592,
        0.032756607865782446,
        0.0227675039608159,
        0.02470423546389577,
        0.024163830313123046,
        0.02320049939218037,
        0.02266345079513916,
        0.027604297887918315,
        0.02470423546389577,
        0.021804173039873226,
        0.02320049939218037,
        0.023415318830996856,
        0.025023108068388988,
        0.02470423546389577,
        0.023415318830996856,
        0.026422790974427648,
        0.02320049939218037,
        0.0627272761344136,
        0.027926527046143044,
        0.02363013826981334,
        0.02190822620554996,
        0.021589353601056734,
        0.0227675039608159,
        0.024489416025079282,
        0.020944895284607284,
        0.021263767889100504,
        0.017722603702360007
    ],
    "nn.bias_add": [
        0.1633701832199368
    ],
    "nn.max_pool2d": [
        0.034367753656906086
    ],
    "nn.adaptive_avg_pool2d": [],
    "nn.batch_matmul": [],
    "nn.softmax": [],
    "nn.batch_norm": [
        0.19503926767671081,
        0.15959406027199077,
        0.1500345952446572,
        0.18333160826121236,
        0.26044507368886743,
        0.14079064626808532,
        0.259152800502237,
        0.36098728416244535,
        0.2530438727108932,
        0.2625932680770323,
        0.36335365454315827,
        0.2556183494229595,
        0.25862582156639036,
        0.36249102023416085,
        0.2620696456949171,
        0.3311173125057595,
        0.25561163631549655,
        0.24605888439562595,
        0.2630329766158598,
        0.20234312859647124,
        0.20019157765457493,
        0.2592702798828398,
        0.19568036943942868,
        0.19600595515138494,
        0.2628181571770433,
        0.2516408332511231,
        0.20180943655316158,
        0.25776654381112435,
        0.1997585822232104,
        0.1987986078559993,
        0.25991473819928923,
        0.19761710094250856,
        0.21211069995515827,
        0.26045178679633046,
        0.1961167214245247,
        0.2062065219414365,
        0.26033766396945923,
        0.20674692709220924,
        0.21362114913433675,
        0.33080179645499774,
        0.20180272344569855,
        0.4567866842134032,
        0.20244046865468507,
        0.19170620982132378,
        0.43521075682727245,
        0.1661460531558936,
        0.167001974357428,
        0.43649296035270835,
        0.17344320096819105,
        0.17021755283221227,
        0.4306894789509317,
        0.16764643267387747,
        0.16324934728560253,
        0.4344622453451463,
        0.16216182387659406,
        0.14939013692820774
    ],
    "multiply": [],
    "add": [],
    "squeeze": [],
    "reshape": [],
    "transpose": [
        0.027926527046143044,
        0.040597517382584145,
        0.04038605449749917,
        0.03930860074968524,
        0.030933999189573836,
        0.029215443679041955,
        0.02975249227608317,
        0.030286184319392867,
        0.02728206872969359,
        0.02899726768649396,
        0.03125622834779856,
        0.0293228533984502,
        0.0293228533984502,
        0.024919054902712255,
        0.022982323399632385,
        0.02470423546389577
    ],
    "latency": 20.72487990061442,
    "batch_size": 1,
    "model_name": "shufflenet_v2_x1_5",
    "sm_partition": 20
}