{
    "nn.conv2d": [
        0.03478376258493742,
        0.022084403684926368,
        0.016242295984434423,
        0.027697888416090676,
        0.0345091274456822,
        0.05254446017698187,
        0.04757514582480363,
        0.02042940344784386,
        0.04564263468784542,
        0.0455045981780627,
        0.018496892310885662,
        0.04605818209750384,
        0.04587413341779353,
        0.018174807121392623,
        0.04734652285547598,
        0.030780703801238287,
        0.036993784621771324,
        0.07615014123013872,
        0.026042888179008166,
        0.03556740735401646,
        0.031562910690007086,
        0.018449442260647847,
        0.031148801160658896,
        0.0317944094199552,
        0.014999967396389865,
        0.03105821470111398,
        0.03165637291017247,
        0.014631870036969252,
        0.03124082550051405,
        0.031012202531186403,
        0.014400371307021136,
        0.03188499587950012,
        0.03220708106899316,
        0.015412639045427813,
        0.0317944094199552,
        0.030826715971165864,
        0.01591877291463115,
        0.031194813330586473,
        0.031608922859934656,
        0.015506101265593202,
        0.031608922859934656,
        0.025581328599422165,
        0.0937713644320902,
        0.08429285742700948,
        0.023786853972246693,
        0.09386338877194535,
        0.09285112103353868,
        0.02456906086101549,
        0.09147219381602162,
        0.0932206562732695,
        0.02296007279386056,
        0.09156421815587679,
        0.09271308452375593,
        0.02194636717514364,
        0.0926210601839008,
        0.23144121473570864
    ],
    "nn.conv2d_transpose": [],
    "nn.dense": [
        0.017944746271754745
    ],
    "nn.layer_norm": [],
    "nn.relu": [
        0.010535349033104727,
        0.007315935018484626,
        0.012421848000135354,
        0.013757638808345305,
        0.013205492769214388,
        0.01297399403926627,
        0.013757638808345305,
        0.012009176351097406,
        0.012927981869338693,
        0.013067456259431658,
        0.01518401607610017,
        0.01564269989506569,
        0.010351300353394424,
        0.010030653044211626,
        0.01021470172392193,
        0.009432494835153134,
        0.00929302044506017,
        0.011041482902308069,
        0.010490774743487388,
        0.00989117865411866,
        0.009800592194573745,
        0.009569093464625627,
        0.009800592194573745,
        0.01058279908334254,
        0.010996908612690726,
        0.010075227333828965,
        0.009616543514863438,
        0.011225531582018373,
        0.012331261540590438,
        0.010811422052670185,
        0.009983202993973813,
        0.009385044784915322,
        0.010766847763052848,
        0.00929302044506017,
        0.008972373135877372,
        0.009661117804480781,
        0.007223910678629474
    ],
    "nn.bias_add": [
        0.007131886338774321
    ],
    "nn.max_pool2d": [
        0.011503042481894068
    ],
    "nn.adaptive_avg_pool2d": [],
    "nn.batch_matmul": [],
    "nn.softmax": [],
    "nn.batch_norm": [
        0.07338078375262273,
        0.06739776378172757,
        0.061188996602125255,
        0.07181493209477491,
        0.1538517553150229,
        0.11272406480132091,
        0.11295124989033832,
        0.14516264460026218,
        0.1121215929513317,
        0.11300013782088635,
        0.14722744072576216,
        0.11668254929540271,
        0.11396207974843477,
        0.14930230201343378,
        0.11286210131110362,
        0.14451703634096588,
        0.11364143243925194,
        0.11875022118152315,
        0.1357761619350366,
        0.10572590133139857,
        0.08883943496797811,
        0.10697110568006366,
        0.09045417455637401,
        0.08792494309066755,
        0.1093162884660598,
        0.08488526411482701,
        0.08750651992038865,
        0.10765841246835682,
        0.08718874837182632,
        0.08571060741290293,
        0.10913511554696996,
        0.08465664114549938,
        0.08622393068365745,
        0.10650667033985717,
        0.08617360487279917,
        0.08929811878694364,
        0.10811709628732234,
        0.08957994332775004,
        0.09735168640457971,
        0.10825657067741529,
        0.08654457799284024,
        0.17874865288677236,
        0.08000797410250395,
        0.08409874358512752,
        0.17295399523651825,
        0.08110795253983506,
        0.08032862141168674,
        0.1701947029211739,
        0.08074273094103492,
        0.0789065577848626,
        0.16885891211296394,
        12.753965280552912,
        0.07140369832604718,
        0.16250204326140727,
        0.06942373713885117,
        0.06293602117906291
    ],
    "multiply": [],
    "add": [],
    "squeeze": [],
    "reshape": [],
    "transpose": [
        0.017944746271754745,
        0.01587419862501381,
        0.015552113435520779,
        0.01720711367260329,
        0.012927981869338693,
        0.011641078991676795,
        0.01219322503080771,
        0.011731665451221713,
        0.0118251276713871,
        0.011731665451221713,
        0.012283811490352625,
        0.011503042481894068,
        0.012699358900011051,
        0.011503042481894068,
        0.009845166484191085,
        0.009753142144335933
    ],
    "latency": 21.386035283406574,
    "batch_size": 2,
    "model_name": "shufflenet_v2_x1_5",
    "sm_partition": 60
}