{
    "nn.conv2d": [
        0.22254074637039883,
        0.03875826772695984,
        0.06477087780867195,
        0.1975967906106809,
        0.15951620611230274,
        0.3878954541443283,
        0.3878954541443283,
        0.033649578773036405,
        0.3880257778421325,
        0.38320298650026696,
        0.033700893729046805,
        0.38466342643878493,
        0.3862264962893237,
        0.033571384554353906,
        0.3868789293014558,
        0.06701244541090366,
        0.20523294477889395,
        0.6413750463734368,
        0.06547462577681447,
        0.20507737086464017,
        0.2042164199360214,
        0.026403581175124615,
        0.20471164998767727,
        0.2053111389975764,
        0.025647703727860436,
        0.20557260091629603,
        0.2037480691470377,
        0.025881471860796666,
        0.20507737086464017,
        0.2047377147272381,
        0.025543444769617105,
        0.2081008806536969,
        0.2057021100909889,
        0.02556950950917794,
        0.2052068800393331,
        0.20559866565585688,
        0.025543444769617105,
        0.20484278820859267,
        0.20995066263940487,
        0.025543444769617105,
        0.2078394187349773,
        0.14223446926035868,
        0.8720732417032654,
        0.7190479702647216,
        0.1409059820658674,
        0.8510389968776724,
        0.860213785203086,
        0.13837770232846652,
        0.839961482564318,
        0.8703016539362399,
        0.1284731012953497,
        0.871735214612086,
        0.8583118737382563,
        0.13611006998667402,
        0.8522648541601431,
        0.5900014446990335
    ],
    "nn.conv2d_transpose": [],
    "nn.dense": [
        0.08025251858469594
    ],
    "nn.layer_norm": [],
    "nn.relu": [
        0.06612542974272403,
        0.020277552855217405,
        0.06213752458991646,
        0.02030361759477824,
        0.020565079513497855,
        0.020433941292582407,
        0.020251488115656573,
        0.02035656159701118,
        0.020512135511264913,
        0.020460006032143242,
        0.01178126228149687,
        0.029244637787255508,
        0.01141554140453392,
        0.011441606144094753,
        0.011441606144094753,
        0.011286032229841026,
        0.011598809104571032,
        0.011677003323253533,
        0.011311282446290583,
        0.0115727443650102,
        0.011598809104571032,
        0.0115727443650102,
        0.0115727443650102,
        0.011598809104571032,
        0.011390291188084363,
        0.011650124060581427,
        0.01141554140453392,
        0.007506644993520128,
        0.02077359742998453,
        0.007323377293483017,
        0.00737632129571596,
        0.007323377293483017,
        0.0071409241165571805,
        0.007323377293483017,
        0.00734944203304385,
        0.0071409241165571805,
        0.014699698589198977
    ],
    "nn.bias_add": [
        0.0042485525484159065
    ],
    "nn.max_pool2d": [
        0.05160736980733962
    ],
    "nn.adaptive_avg_pool2d": [],
    "nn.batch_matmul": [],
    "nn.softmax": [],
    "nn.batch_norm": [
        0.22662720881967083,
        0.10292558391017623,
        0.08678988107579756,
        0.20689945906456475,
        0.4538343580945701,
        0.0860600683680942,
        0.08632153028681383,
        0.4535753397451844,
        0.08653086272641176,
        0.08541007892529591,
        0.4496908790275088,
        0.08561778231867133,
        0.08634596598015211,
        0.45104624548467215,
        0.08642416019883462,
        0.2555598842553076,
        0.05965730171608088,
        0.11572174198832305,
        0.2530568547343562,
        0.05898043301061047,
        0.059370589580911695,
        0.2524060507684467,
        0.0591360069248642,
        0.05963205149963131,
        0.2537606027024988,
        0.059606801283181764,
        0.05900731227328259,
        0.25292734555966334,
        0.05900568322706002,
        0.05963286602274259,
        0.25561201373442927,
        0.05900649775017131,
        0.05937303315024552,
        0.2525363744662509,
        0.05906025627551551,
        0.05965811623919215,
        0.2525363744662508,
        0.0584078232633834,
        0.059707802148979985,
        0.2561308649563121,
        0.059004868703948735,
        0.9123652564487581,
        0.04584461879506153,
        0.08723298164833174,
        0.8887766671462034,
        0.045140870826919005,
        0.04550496265765941,
        0.8775443934417064,
        0.04537300991363268,
        0.0448248358597439,
        0.909393876138823,
        0.04500973260600356,
        0.04534775969718313,
        0.8902631718242823,
        0.044748270687283945,
        0.07347242820643406
    ],
    "multiply": [],
    "add": [],
    "squeeze": [],
    "reshape": [],
    "transpose": [
        0.04892270163257373,
        0.04858386001828289,
        0.04853173053916122,
        0.04860992475784373,
        0.02846269560043049,
        0.028019595027896315,
        0.02812303946302838,
        0.02804565976745715,
        0.028019595027896315,
        0.02822729842127171,
        0.028019595027896315,
        0.028019595027896315,
        0.017958605557414475,
        0.017593699203562803,
        0.01756763446400197,
        0.017593699203562803
    ],
    "latency": 21.92387104034424,
    "batch_size": 4,
    "model_name": "shufflenet_v2_x1_5",
    "sm_partition": 5
}