{
    "nn.conv2d": [
        0.05046399063344836,
        0.041919822907150225,
        0.040940803688511905,
        0.08000978938229768,
        0.06665952730995686,
        0.16750128813430304,
        0.16358521125974973,
        0.040048004912424114,
        0.16313742121940664,
        0.16571847188672587,
        0.03604292629072186,
        0.17096957496851325,
        0.1630484194722577,
        0.034087669158043614,
        0.1639412182483455,
        0.058741153118299694,
        0.1278037276012779,
        0.4529271099363518,
        0.047170925988937636,
        0.11757130798374832,
        0.11427546203463917,
        0.03346465692800103,
        0.11418646028749023,
        0.11124940263157525,
        0.026700524144681673,
        0.11481225382213121,
        0.11098239739012843,
        0.02892556782340515,
        0.1136524498045966,
        0.11507647775897963,
        0.029014569570554087,
        0.11516547950612856,
        0.11418646028749023,
        0.030616601019234985,
        0.11400845679319235,
        0.11516547950612856,
        0.029726583547745596,
        0.11588027478791847,
        0.11454524858068439,
        0.030705602766383924,
        0.11507647775897963,
        0.05482229493914797,
        0.14400204558238475,
        0.21876629449209187,
        0.046011121971403016,
        0.1353716574135361,
        0.16278141423081088,
        0.05473607449659743,
        0.15424002780911114,
        0.1499679439459621,
        0.04316306606263697,
        0.15112496665889827,
        0.15415102606196224,
        0.04450087357446947,
        0.15156997539464298,
        0.6218524260250379
    ],
    "nn.conv2d_transpose": [],
    "nn.dense": [
        0.07191063039174425
    ],
    "nn.layer_norm": [],
    "nn.relu": [
        0.017174555895146812,
        0.013439263819489776,
        0.03479968313523512,
        0.026878527638979553,
        0.02589950842034123,
        0.026700524144681673,
        0.026255515408936975,
        0.027590541616171065,
        0.025718723621444946,
        0.028744783024508867,
        0.030168810978891892,
        0.024472699161359798,
        0.021713644999742692,
        0.019132594332423463,
        0.01975838786706444,
        0.01824535816553248,
        0.018509582102380892,
        0.019666604815317096,
        0.019844608309614976,
        0.018067354671234603,
        0.019224377384170807,
        0.01975838786706444,
        0.020114394855660196,
        0.02082640883285171,
        0.02020061529821073,
        0.020470401844255953,
        0.01886558909097665,
        0.019132594332423463,
        0.022517442028681545,
        0.020556622286806485,
        0.04325484911438431,
        0.036757721572511774,
        0.03897998394663685,
        0.038356971716594274,
        0.037733959486551706,
        0.03604292629072186,
        0.03978099967097729
    ],
    "nn.bias_add": [
        0.04022878971132039
    ],
    "nn.max_pool2d": [
        0.019224377384170807
    ],
    "nn.adaptive_avg_pool2d": [],
    "nn.batch_matmul": [],
    "nn.softmax": [],
    "nn.batch_norm": [
        0.1301038665041583,
        0.13803058460961068,
        0.1164865991903706,
        0.16089847101769117,
        0.36774409400102204,
        0.22747455918969584,
        0.22150309821692177,
        0.363733452770123,
        0.2129672744044188,
        0.3406820002585477,
        0.3684505453690167,
        0.2174229243710626,
        0.2224042409068048,
        0.3618755412983889,
        0.2134150644447619,
        0.33748628127498115,
        0.22729377439079962,
        0.12938907122236837,
        0.2670831179755721,
        0.17906317134986993,
        0.16481732919684286,
        0.2680565745850136,
        0.16009745529335073,
        0.1715814619801622,
        0.27152486141922383,
        0.1673928172549653,
        0.16775994946195466,
        0.2699283925797397,
        0.1612572593108853,
        0.15992501440824963,
        0.26752256410211994,
        0.15974422960935333,
        0.1985517726708891,
        0.26084743306594954,
        0.1628592907595662,
        0.16152704585693053,
        0.2732131133104553,
        0.17076932103742817,
        0.18297646691982483,
        0.26307803935386986,
        0.15796419466637454,
        0.3194133639945497,
        0.16508989704748647,
        0.1483547872788876,
        0.2851504726468067,
        0.1665167063064679,
        0.3748558898591418,
        0.4543427939769396,
        0.3312478150607603,
        0.331067030261864,
        0.44589040930238877,
        0.32839975915199426,
        0.3361429111539519,
        0.44063652491600297,
        0.3253764810535287,
        0.2632560428481677
    ],
    "multiply": [],
    "add": [],
    "squeeze": [],
    "reshape": [],
    "transpose": [
        0.03266364120366058,
        0.029726583547745596,
        0.029726583547745596,
        0.0281217707944663,
        0.02411669217276404,
        0.02314045425872412,
        0.019043592585274525,
        0.020114394855660196,
        0.02091262927540224,
        0.022161435040085792,
        0.021894429798638974,
        0.020556622286806485,
        0.09193602350025551,
        0.03916076874553313,
        0.040940803688511905,
        0.036757721572511774
    ],
    "latency": 21.172717412312824,
    "batch_size": 1,
    "model_name": "shufflenet_v2_x2_0",
    "sm_partition": 60
}