{
    "nn.conv2d": [
        4.3361660431552025,
        0.007877306501448618,
        0.004543805089486008,
        0.016319461668772857,
        0.008233086234511912,
        0.0038399799653825346,
        0.016284657129668843,
        0.011334557385781064,
        0.0108860863975345,
        0.07188672108474918,
        0.008198402544502005,
        0.0033180327279163768,
        0.017885665928453667,
        0.029351827977721796,
        0.010530306664471207,
        0.0739712471090728,
        0.019664443744676026,
        0.01042976021817071,
        0.07394030974098034,
        0.031111390787980482,
        0.018179570925332036,
        0.1589910017981655,
        0.19001731482389175,
        0.005189622648416119,
        0.05695944098013702,
        2.3983729344667593
    ],
    "nn.conv2d_transpose": [],
    "nn.dense": [],
    "nn.layer_norm": [],
    "nn.relu": [
        0.009474568978315995,
        0.0009086643386219128,
        0.001833039059478278,
        0.0018135823553263792,
        0.0008931956545756827,
        0.0018019808422917066,
        0.0018135823553263792,
        0.001287767946848664,
        0.003731820026153035,
        0.003631152730758427,
        0.0007153057880440354,
        0.0012761664338139913,
        0.0012452290657215307,
        0.0008507776225426608,
        0.0015196773584480055,
        0.0015120638655190019,
        0.000804250721309859,
        0.0014849936684380987,
        0.0014811264974265413,
        0.0009242538717622542,
        0.0018406525524072822,
        0.0018369062304898357,
        0.0006340951968013267,
        0.0009202658516565855,
        0.0008353089384964306,
        0.0017363597841893396
    ],
    "nn.bias_add": [
        0.012003577970780523,
        0.0011020228891997902,
        0.001910261630615318,
        0.0019065153086978714,
        0.0010093316340165203,
        0.001968269195788681,
        0.0019450661697193357,
        0.0014268652541706245,
        0.0038399799653825346,
        0.003824511281336305,
        0.0008274537473792043,
        0.0014268652541706245,
        0.0013417874919163582,
        0.0009397225558084845,
        0.0017170239291315521,
        0.001689953732050649,
        0.0009126523587275815,
        0.001689953732050649,
        0.0017091687380143257,
        0.0010594840080726572,
        0.001968269195788681,
        0.002030143931973602,
        0.0006883564400572437,
        0.00099386294997029,
        0.0009434688777259309,
        0.0020069409059042566
    ],
    "nn.max_pool2d": [
        0.01107158975699515,
        0.006001728560843204,
        0.003283228188812359
    ],
    "nn.adaptive_avg_pool2d": [
        0.001527532549565232
    ],
    "nn.batch_matmul": [],
    "nn.softmax": [],
    "nn.batch_norm": [],
    "multiply": [],
    "add": [],
    "squeeze": [],
    "reshape": [],
    "transpose": [],
    "latency": 7.753262519836426,
    "batch_size": 4,
    "model_name": "squeezenet1_0",
    "sm_partition": 20
}