{
    "nn.conv2d": [
        4.218346523921218,
        0.00906368551381242,
        0.004921800822036819,
        0.016923422826541985,
        0.008912008863479459,
        0.0045505361350283696,
        0.016892898196443778,
        0.012190922036121968,
        0.012554378096826226,
        0.08179252103594774,
        0.010032665050650917,
        0.004573488763861906,
        0.021958567042509362,
        0.030022985014424595,
        0.011615449940006892,
        0.07616652409629641,
        0.027834676648934378,
        0.011410769280821227,
        0.07610594808617904,
        0.031771880681524305,
        0.018816423142709992,
        0.1714755406397628,
        0.1871420112563692,
        0.005958928370257366,
        0.056486892809413825,
        2.3743219119331105
    ],
    "nn.conv2d_transpose": [],
    "nn.dense": [],
    "nn.layer_norm": [],
    "nn.relu": [
        0.009881461650396998,
        0.0014386802402876855,
        0.0024911884160770978,
        0.0024303757809202003,
        0.0013702956038661165,
        0.0024303757809202003,
        0.002445519783449545,
        0.001824852304785959,
        0.003679992614630606,
        0.0035586039693563326,
        0.0012493802086708848,
        0.001779183672158406,
        0.0017186076620410297,
        0.0013702956038661165,
        0.0022789357556267597,
        0.0021880717404506953,
        0.00130971959374874,
        0.0021956437417153677,
        0.0021956437417153677,
        0.0014235362377583412,
        0.002559336427459146,
        0.0024303757809202003,
        0.0011433721909654764,
        0.0013702956038661165,
        0.00130971959374874,
        0.0024530917847142165
    ],
    "nn.bias_add": [
        0.010426645741453383,
        0.0016050276430709491,
        0.002672916446429226,
        0.002635056440105866,
        0.001552260259257766,
        0.0026047684350471775,
        0.00261234043631185,
        0.002127495730333319,
        0.0038766280224725577,
        0.0037933360085611652,
        0.0014083922352289974,
        0.002127495730333319,
        0.0019911997075692223,
        0.0014460156165128366,
        0.002574243804948969,
        0.0025666718036842966,
        0.0013702956038661165,
        0.0024303757809202003,
        0.0024000877758615126,
        0.001499019625365541,
        0.002763780461605291,
        0.002740827832771754,
        0.0011888041985535086,
        0.0016506962756985023,
        0.0014916842491403898,
        0.002771115837830442
    ],
    "nn.max_pool2d": [
        0.01164550132002606,
        0.008109613354463743,
        0.004020732671540848
    ],
    "nn.adaptive_avg_pool2d": [
        0.002347320392048329
    ],
    "nn.batch_matmul": [],
    "nn.softmax": [],
    "nn.batch_norm": [],
    "multiply": [],
    "add": [],
    "squeeze": [],
    "reshape": [],
    "transpose": [],
    "latency": 7.692322731018066,
    "batch_size": 2,
    "model_name": "squeezenet1_0",
    "sm_partition": 20
}