{
    "nn.conv2d": [
        0.22957400348652604,
        0.013997846727299765,
        0.022158256583270156,
        0.11559593642129319,
        0.03236607260823243,
        0.022108512430301975,
        0.11435785972519627,
        0.016928014214044433,
        0.013466452839242865,
        0.05816433784520588,
        0.027540889770319033,
        0.009752222750952133,
        0.04990128132438052,
        0.14619332803510146,
        0.013366174943576854,
        0.08709411594998566,
        0.061398497377867206,
        0.012987171873343103,
        0.08767604358074042,
        0.06134796363516937,
        0.015184600090969188,
        0.13019939847123732,
        0.4197830110011698,
        0.014653995792641941,
        0.12903791197891679,
        5.3878571127002655
    ],
    "nn.conv2d_transpose": [],
    "nn.dense": [],
    "nn.layer_norm": [],
    "nn.relu": [
        0.029385371378789944,
        0.004345901872013645,
        0.006947600031222395,
        0.006619130703686481,
        0.0043206350006647284,
        0.006619130703686481,
        0.006594653422067219,
        0.003890308598003494,
        0.005381843597319224,
        0.005052584680053655,
        0.0036889632169418147,
        0.005052584680053655,
        0.005280776111923557,
        0.0037134404985610784,
        0.004118500029873397,
        0.0039163650590820645,
        0.0034868282461504832,
        0.0039163650590820645,
        0.0039163650590820645,
        0.0037134404985610784,
        0.004294578539586159,
        0.004193511054190492,
        0.0034868282461504832,
        0.004092443568794827,
        0.004092443568794827,
        0.006442262604244065
    ],
    "nn.bias_add": [
        0.029713051116596202,
        0.004825182837913406,
        0.007528738072247476,
        0.007048667516618062,
        0.004471446639028574,
        0.0071244681306648116,
        0.00742767058685181,
        0.004598570585502811,
        0.005811380410250805,
        0.005457644211365973,
        0.003940842340701327,
        0.005381843597319224,
        0.0055326552356830695,
        0.0039163650590820645,
        0.004572514124424241,
        0.00414297731149266,
        0.0035113055277697456,
        0.004118500029873397,
        0.004118500029873397,
        0.003890308598003494,
        0.004521980381726408,
        0.004294578539586159,
        0.0035113055277697456,
        0.004294578539586159,
        0.004294578539586159,
        0.007630595147372797
    ],
    "nn.max_pool2d": [
        0.024710210589510728,
        0.015032998862875692,
        0.007225535616060477
    ],
    "nn.adaptive_avg_pool2d": [
        0.007276858948487964
    ],
    "nn.batch_matmul": [],
    "nn.softmax": [],
    "nn.batch_norm": [],
    "multiply": [],
    "add": [],
    "squeeze": [],
    "reshape": [],
    "transpose": [],
    "latency": 7.727150917053223,
    "batch_size": 4,
    "model_name": "squeezenet1_1",
    "sm_partition": 60
}