{
    "nn.conv2d": [
        3.8154334079169656,
        0.02046503117830819,
        0.011579118642974489,
        0.022198522044495562,
        0.014380720042873265,
        0.007923695864058946,
        0.0217449294368929,
        0.019983922842670813,
        0.02019821199736545,
        0.13453023103132972,
        0.023826119048246275,
        0.01336680715529085,
        0.046293127893565475,
        0.03465897779452154,
        0.017823521286975064,
        0.08799613206497534,
        0.06822483075711828,
        0.017075593770394942,
        0.08503527296645139,
        0.06966648814414954,
        0.02294561575113523,
        0.15742331675621687,
        0.16916252690775702,
        0.010191658902072239,
        0.06158186696158449,
        2.1900776852861674
    ],
    "nn.conv2d_transpose": [],
    "nn.dense": [],
    "nn.layer_norm": [],
    "nn.relu": [
        0.022758842324475313,
        0.003895560041764011,
        0.005175458300348719,
        0.004642653748403683,
        0.003682104697009819,
        0.00501620060172352,
        0.004828593365123156,
        0.004455880321743766,
        0.0066704795235685115,
        0.006136841161683031,
        0.0038680443137292914,
        0.004455880321743766,
        0.004214909248954852,
        0.003948923877952559,
        0.00501620060172352,
        0.004642653748403683,
        0.003707952805163646,
        0.004455880321743766,
        0.004481728429897593,
        0.003974771986106387,
        0.00501620060172352,
        0.00501620060172352,
        0.003682104697009819,
        0.003895560041764011,
        0.003707952805163646,
        0.005148776382254444
    ],
    "nn.bias_add": [
        0.021078715294476497,
        0.0041356973046124765,
        0.0053630655369490835,
        0.005095412546065896,
        0.004108181576577756,
        0.005069564437912068,
        0.005175458300348719,
        0.00501620060172352,
        0.006909782976476532,
        0.0066437976054742375,
        0.004242424976989573,
        0.004642653748403683,
        0.004428364593709044,
        0.0040823334684239295,
        0.005202974028383438,
        0.004802745256969328,
        0.0038680443137292914,
        0.004988684873688799,
        0.004802745256969328,
        0.0040823334684239295,
        0.0054422774812914595,
        0.005175458300348719,
        0.0038680443137292914,
        0.004054817740389209,
        0.0038146804775407417,
        0.005148776382254444
    ],
    "nn.max_pool2d": [
        0.017823521286975064,
        0.011846771633857675,
        0.006750525277851333
    ],
    "nn.adaptive_avg_pool2d": [
        0.006509554205062421
    ],
    "nn.batch_matmul": [],
    "nn.softmax": [],
    "nn.batch_norm": [],
    "multiply": [],
    "add": [],
    "squeeze": [],
    "reshape": [],
    "transpose": [],
    "latency": 7.548944155375163,
    "batch_size": 2,
    "model_name": "squeezenet1_0",
    "sm_partition": 80
}