{
    "nn.conv2d": [
        5.56726526030592,
        0.009218896539170447,
        0.004401603208441476,
        0.019654538127640314,
        0.010141952551455303,
        0.004192669546154441,
        0.01954497819829069,
        0.013665287908935828,
        0.0134687954025721,
        0.08916817497630102,
        0.009786135492048723,
        0.003426294341278733,
        0.019734083768324955,
        0.03566871627489649,
        0.012757161283758943,
        0.09242775782820745,
        0.023180361716305505,
        0.01278694230075036,
        0.09248755313386384,
        0.039888834121306734,
        0.022190045704810268,
        0.1932782559737182,
        0.23894981712540253,
        0.0058373126019910975,
        0.06957343215431709,
        3.0665360014328753
    ],
    "nn.conv2d_transpose": [],
    "nn.dense": [],
    "nn.layer_norm": [],
    "nn.relu": [
        0.010542557772185783,
        0.0008559515275235178,
        0.0020204437219450483,
        0.0019780660345812837,
        0.0008459208455603516,
        0.001985608485359788,
        0.001985608485359788,
        0.0013062436147227084,
        0.004095550772728125,
        0.004192669546154441,
        0.0005946872531340721,
        0.001296368447208584,
        0.0012689201469527878,
        0.0007166105811824801,
        0.001609807819251398,
        0.0015749725826661389,
        0.0006967047317051891,
        0.0015626091839673526,
        0.0015575549643735086,
        0.0008584397587081792,
        0.00200551433483708,
        0.0019880189593199293,
        0.0004628110003470183,
        0.0008061091466057695,
        0.0007588327540972031,
        0.0019059850874506242
    ],
    "nn.bias_add": [
        0.013222382758066102,
        0.0009753088671627438,
        0.0020850599755217235,
        0.0020577671897149684,
        0.0009753088671627438,
        0.0020577671897149684,
        0.0020850599755217235,
        0.0014705446301348808,
        0.004309616411833526,
        0.0042996634870948805,
        0.0006617917378954088,
        0.00139830816855518,
        0.0013585742268251183,
        0.0008559515275235178,
        0.0017965029153255226,
        0.0017814957709930339,
        0.0008135738401597535,
        0.0017665663838850655,
        0.001816408764802814,
        0.001015120566117326,
        0.002134902356439472,
        0.0021646833734308875,
        0.0005174743291850483,
        0.0009430396189866664,
        0.0009057161512167456,
        0.002134902356439472
    ],
    "nn.max_pool2d": [
        0.01314781357975078,
        0.00702178840311444,
        0.0037098749391056107
    ],
    "nn.adaptive_avg_pool2d": [
        0.0014158035440723304
    ],
    "nn.batch_matmul": [],
    "nn.softmax": [],
    "nn.batch_norm": [],
    "multiply": [],
    "add": [],
    "squeeze": [],
    "reshape": [],
    "transpose": [],
    "latency": 9.861879348754883,
    "batch_size": 4,
    "model_name": "squeezenet1_0",
    "sm_partition": 10
}