{
    "nn.conv2d": [
        0.23494429742889547,
        0.00913177832239354,
        0.019571253935723305,
        0.11156330983213547,
        0.02987615479574962,
        0.019562300937582537,
        0.11111565992509695,
        0.010295947861885544,
        0.007251648712831833,
        0.041586676363876834,
        0.018675954121646302,
        0.006759233815089481,
        0.03986770072084899,
        0.16221909353142044,
        0.010134793895351683,
        0.07893858460716943,
        0.028846560009561067,
        0.009928595156922074,
        0.07756849611043971,
        0.03435265386613464,
        0.012444387634478455,
        0.13066900786453872,
        0.44068419470379105,
        0.01111067069269562,
        0.12165333873678327,
        5.56687548117007
    ],
    "nn.conv2d_transpose": [],
    "nn.dense": [],
    "nn.layer_norm": [],
    "nn.relu": [
        0.014637872178967115,
        0.0021036747818890603,
        0.00473613601646735,
        0.004610794042496571,
        0.00204995679304444,
        0.00473613601646735,
        0.00461946725944544,
        0.001656024874850558,
        0.0030261133715802735,
        0.0029631626034029843,
        0.0015578216764939867,
        0.0030171603734395038,
        0.0029544893864541133,
        0.0013605759362051472,
        0.0018619438320882694,
        0.0017366018581174887,
        0.0012441869603751364,
        0.0017366018581174887,
        0.0017276488599767186,
        0.0014235267043824365,
        0.0020412835760955693,
        0.001987565587250949,
        0.0013605759362051472,
        0.0019156618209328893,
        0.0019783328079182793,
        0.00450307828361543
    ],
    "nn.bias_add": [
        0.016187020638512233,
        0.0025244656945052515,
        0.005416563875165874,
        0.005344939890039713,
        0.0023901707223937013,
        0.005353892888180483,
        0.005291221901195092,
        0.001871176611420938,
        0.003572246258167246,
        0.0035274812674633955,
        0.0017366018581174887,
        0.003572246258167246,
        0.003455577501145336,
        0.0014235267043824365,
        0.0020412835760955693,
        0.0019783328079182793,
        0.0013605759362051472,
        0.002005471583532489,
        0.0019783328079182793,
        0.0014951506895085965,
        0.002345405731689851,
        0.0022916877428452312,
        0.0014859179101759277,
        0.002345405731689851,
        0.0022740615277555896,
        0.0053357071107070445
    ],
    "nn.max_pool2d": [
        0.016607811551128424,
        0.007547377432669142,
        0.004324298101991929
    ],
    "nn.adaptive_avg_pool2d": [
        0.003473483497426876
    ],
    "nn.batch_matmul": [],
    "nn.softmax": [],
    "nn.batch_norm": [],
    "multiply": [],
    "add": [],
    "squeeze": [],
    "reshape": [],
    "transpose": [],
    "latency": 7.588942845662435,
    "batch_size": 2,
    "model_name": "squeezenet1_1",
    "sm_partition": 10
}