{
    "nn.conv2d": [
        0.23553370298344992,
        0.011155562689861785,
        0.021268554590967725,
        0.11467284173177121,
        0.03141745910535885,
        0.020967993642857934,
        0.11419548022594979,
        0.013453969940113133,
        0.010325152570359911,
        0.05120088901154877,
        0.023620554510275418,
        0.009087548666378417,
        0.04826655225527836,
        0.14929039093171081,
        0.011810277255137709,
        0.09096333444089716,
        0.04329845658358121,
        0.01131468319180226,
        0.09494134698940909,
        0.04586151216865718,
        0.013702043222652283,
        0.1327059461166159,
        0.436608424767158,
        0.013241809270859163,
        0.13079650009333016,
        5.526414152894746
    ],
    "nn.conv2d_transpose": [],
    "nn.dense": [],
    "nn.layer_norm": [],
    "nn.relu": [
        0.01665461253643671,
        0.00337633815054952,
        0.005975858850653513,
        0.005727785568114364,
        0.003182410038809562,
        0.005727785568114364,
        0.005816738348713033,
        0.0029343367562704144,
        0.004101772938910103,
        0.004031052715825446,
        0.0027221760870164424,
        0.004031052715825446,
        0.004031052715825446,
        0.0025812881425899777,
        0.0030763297041825764,
        0.0028282564216434284,
        0.0025459280310476495,
        0.0028282564216434284,
        0.0028282564216434284,
        0.0025812881425899777,
        0.003182410038809562,
        0.0033238504849788762,
        0.002421615138906651,
        0.0030763297041825764,
        0.0030763297041825764,
        0.005622257735230227
    ],
    "nn.bias_add": [
        0.01785685632887588,
        0.0036597715446309966,
        0.006718421193042411,
        0.006435540300703781,
        0.0035536912100040115,
        0.006630020914186588,
        0.006470347910503262,
        0.0030232895368690845,
        0.0047559350024431795,
        0.004649302166073345,
        0.002952569313784427,
        0.004649302166073345,
        0.004649302166073345,
        0.0027050485329881274,
        0.0033238504849788762,
        0.003058097146668564,
        0.00245697525044898,
        0.0030763297041825764,
        0.0030763297041825764,
        0.0028282564216434284,
        0.0036244114330886684,
        0.0035354586524899982,
        0.0025984156966182936,
        0.003305617927464863,
        0.003305617927464863,
        0.006682508579757233
    ],
    "nn.max_pool2d": [
        0.018493338336637792,
        0.00889251555115276,
        0.005869226014283677
    ],
    "nn.adaptive_avg_pool2d": [
        0.005533304954631557
    ],
    "nn.batch_matmul": [],
    "nn.softmax": [],
    "nn.batch_norm": [],
    "multiply": [],
    "add": [],
    "squeeze": [],
    "reshape": [],
    "transpose": [],
    "latency": 7.729078928629558,
    "batch_size": 2,
    "model_name": "squeezenet1_1",
    "sm_partition": 20
}