{
    "nn.conv2d": [
        3.9468499973673334,
        0.01661937894331152,
        0.010013830749757417,
        0.0201106310001163,
        0.013463271404684299,
        0.007797173147074295,
        0.019881321592942185,
        0.018125242714070317,
        0.01580405660669244,
        0.10471665600320443,
        0.019693170284491628,
        0.010786688381344254,
        0.0364170777324979,
        0.03353209100292269,
        0.015574747199518325,
        0.0784584423207279,
        0.05355975250243754,
        0.014613084956326588,
        0.07743471627787367,
        0.054626596553478374,
        0.021093198944246987,
        0.15275730345775895,
        0.17780233318262198,
        0.009176949409045048,
        0.06497426521510466,
        2.3038912129729767
    ],
    "nn.conv2d_transpose": [],
    "nn.dense": [],
    "nn.layer_norm": [],
    "nn.relu": [
        0.018438828228154583,
        0.003218824641444076,
        0.004369291496240711,
        0.004222298286513714,
        0.0030724847348714214,
        0.0040766116830954005,
        0.0040766116830954005,
        0.0034912520568047794,
        0.005560263146606563,
        0.005246677632522301,
        0.0030522323370868127,
        0.0034912520568047794,
        0.0033860702489556826,
        0.0030306733329935197,
        0.004055052679002107,
        0.0038048375708890398,
        0.002926798131453109,
        0.0037832785667957472,
        0.003908712772429452,
        0.003218824641444076,
        0.004369291496240711,
        0.0040766116830954005,
        0.002926798131453109,
        0.003218824641444076,
        0.002926798131453109,
        0.004202045888729106
    ],
    "nn.bias_add": [
        0.01789462670058752,
        0.0034912520568047794,
        0.0046613180062316795,
        0.0044731666977811235,
        0.003218824641444076,
        0.004515631402813367,
        0.004369291496240711,
        0.0037630261690111385,
        0.006083558973234674,
        0.005916313365723068,
        0.003198572243659468,
        0.0038466489727669423,
        0.0036375919633774337,
        0.0032606360433219783,
        0.004347732492147419,
        0.0040766116830954005,
        0.0030522323370868127,
        0.004222298286513714,
        0.0040766116830954005,
        0.0033442588470777813,
        0.004786752211865385,
        0.004515631402813367,
        0.0030522323370868127,
        0.0034494406549268773,
        0.003094043738964714,
        0.004494072398720074
    ],
    "nn.max_pool2d": [
        0.01578315090575349,
        0.011247267105155516,
        0.005873848660690824
    ],
    "nn.adaptive_avg_pool2d": [
        0.005560263146606563
    ],
    "nn.batch_matmul": [],
    "nn.softmax": [],
    "nn.batch_norm": [],
    "multiply": [],
    "add": [],
    "squeeze": [],
    "reshape": [],
    "transpose": [],
    "latency": 7.624632517496745,
    "batch_size": 2,
    "model_name": "squeezenet1_0",
    "sm_partition": 60
}