{
    "nn.conv2d": [
        0.23070500276116732,
        0.013397311170019292,
        0.0228926875434543,
        0.1162375548334163,
        0.031747232282260146,
        0.02235371525500525,
        0.11634021622169233,
        0.01637449143002358,
        0.013678827945682412,
        0.058362999234911624,
        0.027872566916936688,
        0.010085679356022066,
        0.05017495147780393,
        0.14885821095811846,
        0.013499170516199395,
        0.08905875432943859,
        0.06272530619454612,
        0.01293453288068134,
        0.08626042945682141,
        0.06151983692439893,
        0.015707192406229514,
        0.13761678894189536,
        0.4265829315917943,
        0.014962897341228442,
        0.13461474537691798,
        5.395266599457424
    ],
    "nn.conv2d_transpose": [],
    "nn.dense": [],
    "nn.layer_norm": [],
    "nn.relu": [
        0.01960752311862198,
        0.004568431778282441,
        0.006878313014492663,
        0.006903978361561667,
        0.004080790183971394,
        0.006878313014492663,
        0.0067235188899827415,
        0.0039003307123924706,
        0.005234928759980599,
        0.005004742678455483,
        0.003618011894633442,
        0.005158734760869498,
        0.0050296059834285785,
        0.003695809977936356,
        0.004105653488944489,
        0.0038754674074193735,
        0.0035153505063574325,
        0.0039003307123924706,
        0.0039003307123924706,
        0.0037206732829094527,
        0.004259645571358503,
        0.004080790183971394,
        0.0035153505063574325,
        0.004080790183971394,
        0.004080790183971394,
        0.006749184237051744
    ],
    "nn.bias_add": [
        0.019222542912586942,
        0.004927746637248475,
        0.007904124855156855,
        0.00754480999619082,
        0.004644625777393542,
        0.007442148607914811,
        0.007750934814838747,
        0.004132120878109398,
        0.0058765624367056605,
        0.005773901048429651,
        0.0039003307123924706,
        0.00580036843759456,
        0.00559504566104254,
        0.003926798101557378,
        0.004439303000841522,
        0.004517101084144435,
        0.003618011894633442,
        0.004439303000841522,
        0.004259645571358503,
        0.0038754674074193735,
        0.004644625777393542,
        0.0045419643891175315,
        0.0037206732829094527,
        0.004286112960523413,
        0.004439303000841522,
        0.007596942732424732
    ],
    "nn.max_pool2d": [
        0.020249958837442954,
        0.010240473480531987,
        0.007031503054810771
    ],
    "nn.adaptive_avg_pool2d": [
        0.007494281344148723
    ],
    "nn.batch_matmul": [],
    "nn.softmax": [],
    "nn.batch_norm": [],
    "multiply": [],
    "add": [],
    "squeeze": [],
    "reshape": [],
    "transpose": [],
    "latency": 7.725741068522136,
    "batch_size": 2,
    "model_name": "squeezenet1_1",
    "sm_partition": 30
}