{
    "nn.conv2d": [
        4.13545072240515,
        0.010685395856479499,
        0.007553719458922414,
        0.0181371727243356,
        0.0108299277967024,
        0.005944385754622243,
        0.018325653248262644,
        0.015324916445452955,
        0.015788868504350302,
        0.09874884295774945,
        0.013208135176733816,
        0.008263692970926457,
        0.03359257568635343,
        0.03279515808512362,
        0.012816222548856662,
        0.08116216022517193,
        0.03808711125692148,
        0.012395765995480944,
        0.08124915123621516,
        0.038957021367354,
        0.019630518413911432,
        0.14736277270726947,
        0.180636381353131,
        0.007524269377058811,
        0.06102419424684152,
        2.317672510221691
    ],
    "nn.conv2d_transpose": [],
    "nn.dense": [],
    "nn.layer_norm": [],
    "nn.relu": [
        0.011061903826151073,
        0.002334258796327272,
        0.003436144936208468,
        0.003247664412281421,
        0.00223231620526096,
        0.0032327128322583616,
        0.003247664412281421,
        0.0027257183460219067,
        0.004755055525515277,
        0.004755055525515277,
        0.002130826692377166,
        0.0026387273349786546,
        0.0025367847439123434,
        0.0023922528036894397,
        0.0031457218212151096,
        0.0028272078589057013,
        0.002145778272400225,
        0.0029282442936069786,
        0.0029572412972880633,
        0.0023483042199852963,
        0.003450190359866493,
        0.0032766614159625055,
        0.002029790257675888,
        0.002334258796327272,
        0.00223231620526096,
        0.003247664412281421
    ],
    "nn.bias_add": [
        0.010250440801263236,
        0.002435295231028549,
        0.003784108980381478,
        0.003653169385634082,
        0.0023193072163042124,
        0.003653169385634082,
        0.003653169385634082,
        0.0029282442936069786,
        0.005059977142349179,
        0.004943989127624842,
        0.00223231620526096,
        0.0030301868846732897,
        0.002754715349702991,
        0.002334258796327272,
        0.0033346554233246737,
        0.0031747188248961934,
        0.00223231620526096,
        0.0032327128322583616,
        0.003247664412281421,
        0.0025367847439123434,
        0.003740160396677334,
        0.003653169385634082,
        0.002189273777921851,
        0.0025367847439123434,
        0.002305261792646187,
        0.003812652905880044
    ],
    "nn.max_pool2d": [
        0.010945915811426737,
        0.007568217960762956,
        0.004828001112900507
    ],
    "nn.adaptive_avg_pool2d": [
        0.003784108980381478
    ],
    "nn.batch_matmul": [],
    "nn.softmax": [],
    "nn.batch_norm": [],
    "multiply": [],
    "add": [],
    "squeeze": [],
    "reshape": [],
    "transpose": [],
    "latency": 7.663057645161946,
    "batch_size": 1,
    "model_name": "squeezenet1_0",
    "sm_partition": 20
}