{
    "nn.conv2d": [
        4.129049763196836,
        0.009956979111350477,
        0.006213720348164552,
        0.018102881051877153,
        0.010528194017473154,
        0.005412304119514354,
        0.01709287703768786,
        0.013579819597029454,
        0.0128442731953916,
        0.07628823798479765,
        0.013063839285432753,
        0.005994154258123403,
        0.025326948486246684,
        0.03168338679293799,
        0.012833637962905233,
        0.07694693625492112,
        0.042683647903999616,
        0.012350249492799016,
        0.07766018297553916,
        0.037370148525003775,
        0.0183447468229381,
        0.16151281583427013,
        0.18171255304604028,
        0.006531748106708531,
        0.05630772379105298,
        2.3032918546776586
    ],
    "nn.conv2d_transpose": [],
    "nn.dense": [],
    "nn.layer_norm": [],
    "nn.relu": [
        0.017686048552814655,
        0.0018333768518436048,
        0.002953163911053471,
        0.0027112981399925163,
        0.0017781422573176278,
        0.0027335978210123206,
        0.002821424257028781,
        0.002371313772444423,
        0.006751657268765371,
        0.006806548791275658,
        0.0016796805888147992,
        0.0022611876554081583,
        0.0022066392049135603,
        0.001822055475325858,
        0.0025136886589554814,
        0.0023599923959266756,
        0.0017455504158271446,
        0.0024697754409472514,
        0.0023599923959266756,
        0.0018333768518436048,
        0.0029970771290617013,
        0.0027335978210123206,
        0.0016028324573003972,
        0.0018333768518436048,
        0.0017235938068230297,
        0.00268968460300409
    ],
    "nn.bias_add": [
        0.018563969840963566,
        0.0020419646373826972,
        0.003073925260576104,
        0.0029860988245596436,
        0.0018989036068402605,
        0.002963799143539839,
        0.003172386929078932,
        0.002481096817464998,
        0.006520769802206474,
        0.006290225407663265,
        0.0018659686933340878,
        0.0024152269904526525,
        0.0022831442644122737,
        0.0019541382013662373,
        0.0027884893435226083,
        0.0027006629075061487,
        0.001822055475325858,
        0.00264577138499586,
        0.00264577138499586,
        0.0020419646373826972,
        0.003084560493062472,
        0.003150773392090506,
        0.0017342290393093976,
        0.0019647734338526057,
        0.0018659686933340878,
        0.0033041265831036224
    ],
    "nn.max_pool2d": [
        0.015028955791301047,
        0.008957953401663244,
        0.004906959040404019
    ],
    "nn.adaptive_avg_pool2d": [
        0.0031394520155727597
    ],
    "nn.batch_matmul": [],
    "nn.softmax": [],
    "nn.batch_norm": [],
    "multiply": [],
    "add": [],
    "squeeze": [],
    "reshape": [],
    "transpose": [],
    "latency": 7.623078028361003,
    "batch_size": 4,
    "model_name": "squeezenet1_0",
    "sm_partition": 60
}