{
    "nn.conv2d": [
        4.036442068378045,
        0.01232706264084695,
        0.007645731267906907,
        0.01868276793382435,
        0.011944487927319747,
        0.006241775163920059,
        0.01814326222540882,
        0.01627117298412797,
        0.0174060411957498,
        0.09937189778013637,
        0.015291905843708974,
        0.007872704910231272,
        0.0328398055659115,
        0.03160563638577277,
        0.013675161950043035,
        0.08257540494023814,
        0.04858654531005955,
        0.01313609954952267,
        0.08260377664552872,
        0.04462824911413326,
        0.019392060566088,
        0.14663871548629037,
        0.17814593751933658,
        0.007432943478227813,
        0.06028987374240965,
        2.3145349025895343
    ],
    "nn.conv2d_transpose": [],
    "nn.dense": [],
    "nn.layer_norm": [],
    "nn.relu": [
        0.02231390290311904,
        0.002510452610318132,
        0.0033620470769296674,
        0.0033194895189938498,
        0.002326036525929584,
        0.0033194895189938498,
        0.003432533032260868,
        0.0028367272211594075,
        0.008227351226363096,
        0.008085492699910365,
        0.002099506191500383,
        0.0027662412658282075,
        0.00258182518143966,
        0.0023122939811794766,
        0.003035329158193227,
        0.0027946129711187537,
        0.0022125497047674014,
        0.0028797280869903913,
        0.0028229846764092994,
        0.0024257808023416586,
        0.0034897197507371236,
        0.0033620470769296674,
        0.002028133620378854,
        0.0023122939811794766,
        0.0022692931153484924,
        0.0033332320637439574
    ],
    "nn.bias_add": [
        0.02262643496921021,
        0.002623939431480314,
        0.0036457641298351254,
        0.0034755338980918507,
        0.002439966654986932,
        0.003447162192801305,
        0.003730435937811597,
        0.002851356381699845,
        0.007532687754639889,
        0.008014563436684002,
        0.0023974090970511133,
        0.0028367272211594075,
        0.002723683707892389,
        0.002510452610318132,
        0.00324811694787232,
        0.0031346301267101374,
        0.0022839222758889305,
        0.0031630018320006822,
        0.0031776309925411208,
        0.00275161210528777,
        0.003659506674585233,
        0.0037592509509973083,
        0.0023974090970511133,
        0.0025250817708585686,
        0.0022976648206390385,
        0.003900666169554872
    ],
    "nn.max_pool2d": [
        0.017107694982303905,
        0.01161821331647847,
        0.005617154339632888
    ],
    "nn.adaptive_avg_pool2d": [
        0.0039294811827405825
    ],
    "nn.batch_matmul": [],
    "nn.softmax": [],
    "nn.batch_norm": [],
    "multiply": [],
    "add": [],
    "squeeze": [],
    "reshape": [],
    "transpose": [],
    "latency": 7.65775998433431,
    "batch_size": 4,
    "model_name": "squeezenet1_0",
    "sm_partition": 80
}