{
    "nn.conv2d": [
        0.2205526500085563,
        0.020592819113702122,
        0.024148884746400565,
        0.11790352378229584,
        0.03375359692419253,
        0.023873440968668103,
        0.11628421081096288,
        0.023320083065420834,
        0.02090902362984343,
        0.07047284636110093,
        0.03762710224692345,
        0.012330740955619502,
        0.04999860394095179,
        0.14711291596084836,
        0.016006618455762102,
        0.0882605855679402,
        0.09241076984229474,
        0.014861612258641074,
        0.08904986168440225,
        0.09157949781353267,
        0.01735048764936263,
        0.12754776152460548,
        0.39371291298654426,
        0.016915706439668343,
        0.1242671396696395,
        5.120734511085756
    ],
    "nn.conv2d_transpose": [],
    "nn.dense": [],
    "nn.layer_norm": [],
    "nn.relu": [
        0.04422910669526426,
        0.006521718145414301,
        0.009169930968097683,
        0.009090879839062357,
        0.006401906277970135,
        0.008892016842582867,
        0.008695624193885733,
        0.005729971681169875,
        0.0071146016131792365,
        0.0066007692744496265,
        0.005691681290543389,
        0.006915738616699749,
        0.0066007692744496265,
        0.005729971681169875,
        0.005968360242167026,
        0.00565092055213455,
        0.00537547677440209,
        0.005691681290543389,
        0.005729971681169875,
        0.00565092055213455,
        0.0066007692744496265,
        0.006243804019899486,
        0.005888073939240525,
        0.006047411371202351,
        0.006006650632793512,
        0.008853726451956383
    ],
    "nn.bias_add": [
        0.04438720895333491,
        0.006877448226073262,
        0.010790479113321844,
        0.009761579261971442,
        0.006836687487664423,
        0.010039493387486257,
        0.010235886036183394,
        0.006560008536040786,
        0.007707485080944172,
        0.0071936527422145615,
        0.0058090228102052,
        0.007390045390911697,
        0.0071936527422145615,
        0.005968360242167026,
        0.006560008536040786,
        0.006401906277970135,
        0.005691681290543389,
        0.006126462500237677,
        0.006006650632793512,
        0.005968360242167026,
        0.007272703871249886,
        0.006322855148934811,
        0.005691681290543389,
        0.0066007692744496265,
        0.006284564758308325,
        0.010235886036183394
    ],
    "nn.max_pool2d": [
        0.03545443137234319,
        0.01877464314588965,
        0.009446609919721318
    ],
    "nn.adaptive_avg_pool2d": [
        0.010909055806874828
    ],
    "nn.batch_matmul": [],
    "nn.softmax": [],
    "nn.batch_norm": [],
    "multiply": [],
    "add": [],
    "squeeze": [],
    "reshape": [],
    "transpose": [],
    "latency": 7.732329368591309,
    "batch_size": 4,
    "model_name": "squeezenet1_1",
    "sm_partition": 100
}