{
    "nn.conv2d": [
        0.29896989097553905,
        0.009905370805936111,
        0.023567063812828835,
        0.14153873342682863,
        0.03731851340684506,
        0.02348624676506672,
        0.1410965422727604,
        0.011454078276514896,
        0.0065621636815288535,
        0.044727314674762264,
        0.022142516611158326,
        0.006004390604404187,
        0.04346169261729436,
        0.1861966989477571,
        0.011260568853772761,
        0.0937917507138397,
        0.028014168600802393,
        0.01109577431503996,
        0.09310692781973039,
        0.03985842616601014,
        0.012971091016630548,
        0.15542870073175782,
        0.5506178337004538,
        0.012794918882346878,
        0.1543769955303217,
        7.123290982179968
    ],
    "nn.conv2d_transpose": [],
    "nn.dense": [],
    "nn.layer_norm": [],
    "nn.relu": [
        0.01686340257393324,
        0.0016846065285474779,
        0.0043805548838387245,
        0.004354458652773639,
        0.0016931848743993224,
        0.004354458652773639,
        0.004357348200850051,
        0.000999693336060738,
        0.0026062820665451246,
        0.0025976134223158927,
        0.0009622195094447858,
        0.0025861455283876372,
        0.002577386585781017,
        0.0005951566053632303,
        0.0012280579324745764,
        0.001216499740168933,
        0.0005662611245991227,
        0.0012280579324745764,
        0.0012280579324745764,
        0.0006761542498801196,
        0.0014938060571269792,
        0.0014389949420525626,
        0.0006442789226622133,
        0.0014706896725156927,
        0.0014302359994459424,
        0.0038834623163186838
    ],
    "nn.bias_add": [
        0.017686833477332922,
        0.0019966777207998405,
        0.0046289657200326625,
        0.0045625964126526026,
        0.001956133749352702,
        0.004559706864576192,
        0.004588512046962911,
        0.0011413714901822533,
        0.0027710766052779267,
        0.0027190647399025322,
        0.0011008275187351147,
        0.002727733384131764,
        0.002733422181907199,
        0.0006530378652688336,
        0.0014504628359808174,
        0.001444774038205384,
        0.0006327207303565702,
        0.0014331255475223531,
        0.0014331255475223531,
        0.0007569712976422332,
        0.0017684034227633898,
        0.0017365280955454838,
        0.000736744461107358,
        0.0017365280955454838,
        0.0017365280955454838,
        0.004825545287605983
    ],
    "nn.max_pool2d": [
        0.020348197554084627,
        0.010384945488242911,
        0.00455103822034696
    ],
    "nn.adaptive_avg_pool2d": [
        0.0025976134223158927
    ],
    "nn.batch_matmul": [],
    "nn.softmax": [],
    "nn.batch_norm": [],
    "multiply": [],
    "add": [],
    "squeeze": [],
    "reshape": [],
    "transpose": [],
    "latency": 9.512974421183268,
    "batch_size": 4,
    "model_name": "squeezenet1_1",
    "sm_partition": 5
}