{
    "nn.conv2d": [
        4.278085143014349,
        0.008099805535108019,
        0.004833591150297026,
        0.01614848740483423,
        0.00847049664193566,
        0.0043376737829697014,
        0.016821110960519567,
        0.011548604439139737,
        0.01165673010076606,
        0.07279137107301369,
        0.009091818401000928,
        0.003591125763404755,
        0.016781387694386665,
        0.02806760481956335,
        0.011178091463550355,
        0.07517993284689733,
        0.023952060690709005,
        0.010927282680074472,
        0.0751343312499017,
        0.03280447070748295,
        0.018656753370831374,
        0.17170693515612906,
        0.20594251223182605,
        0.005409489443604941,
        0.05957848647477222,
        2.366625980678852
    ],
    "nn.conv2d_transpose": [],
    "nn.dense": [],
    "nn.layer_norm": [],
    "nn.relu": [
        0.009980871411177174,
        0.0011571405237637547,
        0.002091973262173881,
        0.0020461935339400016,
        0.0011571405237637547,
        0.002120474260296141,
        0.0020860949313111655,
        0.00157325509634875,
        0.004138166796113883,
        0.003995661805502582,
        0.0009859564037919307,
        0.0015333536989775864,
        0.0015160749688659658,
        0.0010716375293969747,
        0.0017782841515907577,
        0.0016984813568484299,
        0.0010260359324013588,
        0.0016984813568484299,
        0.001727160486208954,
        0.0011854633906477504,
        0.002097673461798333,
        0.002091973262173881,
        0.0008607301432922509,
        0.0012141425200082746,
        0.0011056605959054223,
        0.0020121704674315533
    ],
    "nn.bias_add": [
        0.012836671423027624,
        0.0013110459136239584,
        0.0021831764561651133,
        0.002177298125302397,
        0.0012996455143750546,
        0.0021831764561651133,
        0.0021375748591694974,
        0.0016416574918421737,
        0.004172367993860594,
        0.004069942531858723,
        0.0010657591985342584,
        0.0016587580907155297,
        0.0016188566933443658,
        0.0011968637898966544,
        0.001977791138446577,
        0.00194376807193813,
        0.0011457401245148506,
        0.0019665688704359374,
        0.002017692535817741,
        0.0012709663850145303,
        0.0022628011196691774,
        0.002319981247151961,
        0.0009405329380345788,
        0.0012654443166283424,
        0.0011740629913988465,
        0.0023882055114071207
    ],
    "nn.max_pool2d": [
        0.011765033893630648,
        0.006726235556853351,
        0.0038020331495094793
    ],
    "nn.adaptive_avg_pool2d": [
        0.0019948917373199333
    ],
    "nn.batch_matmul": [],
    "nn.softmax": [],
    "nn.batch_norm": [],
    "multiply": [],
    "add": [],
    "squeeze": [],
    "reshape": [],
    "transpose": [],
    "latency": 7.729320526123047,
    "batch_size": 4,
    "model_name": "squeezenet1_0",
    "sm_partition": 30
}