{
    "nn.conv2d": [
        0.230610826352554,
        0.014597599585067516,
        0.023863403788332637,
        0.1123895387532733,
        0.03276361702089788,
        0.023231170970056787,
        0.11218955736759131,
        0.0179639529107142,
        0.018964901408841193,
        0.07492531759913178,
        0.028996259354170145,
        0.01319772988529365,
        0.06489395965380282,
        0.1417191004169134,
        0.014230967044650553,
        0.0852910194236478,
        0.07289217351136497,
        0.013697683349498602,
        0.08502541914578893,
        0.07749278695176763,
        0.01729734829177426,
        0.13961929586725264,
        0.41552694764649234,
        0.016730734365675314,
        0.13925370489655275,
        5.326669817224581
    ],
    "nn.conv2d_transpose": [],
    "nn.dense": [],
    "nn.layer_norm": [],
    "nn.relu": [
        0.016665115473498415,
        0.0056650976912723675,
        0.00789926473443825,
        0.007831562702827161,
        0.00536616718246649,
        0.007665953117809272,
        0.007665953117809272,
        0.004898502379491441,
        0.0065660554965583755,
        0.005898409307901345,
        0.004666232332579557,
        0.005898409307901345,
        0.005898409307901345,
        0.004732892794473549,
        0.005166185796784509,
        0.0046318605319154655,
        0.004399590485003582,
        0.005065153534226425,
        0.0046318605319154655,
        0.00469852099380946,
        0.005398455843696391,
        0.005131813996120417,
        0.004399590485003582,
        0.005131813996120417,
        0.005198474458014412,
        0.007764902240933169
    ],
    "nn.bias_add": [
        0.017165068937703365,
        0.005732799722883454,
        0.008665860046219174,
        0.008832511200954159,
        0.005398455843696391,
        0.008699190277166174,
        0.008432548429590198,
        0.005166185796784509,
        0.006665004619682272,
        0.006399404341823391,
        0.004898502379491441,
        0.006431693003053294,
        0.006399404341823391,
        0.0048662137182615365,
        0.005398455843696391,
        0.004898502379491441,
        0.004831841917597448,
        0.004898502379491441,
        0.004898502379491441,
        0.005432827644360484,
        0.005898409307901345,
        0.005131813996120417,
        0.0046318605319154655,
        0.005398455843696391,
        0.005632809030042465,
        0.008665860046219174
    ],
    "nn.max_pool2d": [
        0.01656512478065742,
        0.01119791602847384,
        0.007931553395668152
    ],
    "nn.adaptive_avg_pool2d": [
        0.008898130093131057
    ],
    "nn.batch_matmul": [],
    "nn.softmax": [],
    "nn.batch_norm": [],
    "multiply": [],
    "add": [],
    "squeeze": [],
    "reshape": [],
    "transpose": [],
    "latency": 7.756021817525228,
    "batch_size": 1,
    "model_name": "squeezenet1_1",
    "sm_partition": 20
}