{
    "nn.conv2d": [
        0.22279471274658025,
        0.017283751319877586,
        0.02384226808919384,
        0.11298095143989612,
        0.03295311404459868,
        0.023972509570604216,
        0.11272248772484919,
        0.019094006949093113,
        0.017768370785590615,
        0.07482423588220388,
        0.030951029876871747,
        0.012663712413413436,
        0.06367899779469126,
        0.13905347869525678,
        0.014279110632456848,
        0.08555048005665211,
        0.07498577570410822,
        0.013536027451696875,
        0.08561509598541386,
        0.07508370922113772,
        0.017283751319877586,
        0.13669398767156649,
        0.40543163539162824,
        0.016249896459689803,
        0.13514320538128483,
        5.2196101094443055
    ],
    "nn.conv2d_transpose": [],
    "nn.dense": [],
    "nn.layer_norm": [],
    "nn.relu": [
        0.036701847536666284,
        0.005556969873509332,
        0.008206222952740524,
        0.0077216034870275,
        0.005136966336558046,
        0.007495447736361424,
        0.007591362005617127,
        0.004878502621511099,
        0.0062344275016206615,
        0.005880049517318013,
        0.004489797425053779,
        0.005782116000288508,
        0.005782116000288508,
        0.0045877309420832854,
        0.005072350407796308,
        0.004619029282577253,
        0.004360565567530306,
        0.0047169627996067574,
        0.004619029282577253,
        0.004619029282577253,
        0.005330814122843254,
        0.005103648748290273,
        0.004360565567530306,
        0.004943118550272836,
        0.005072350407796308,
        0.007203666433046708
    ],
    "nn.bias_add": [
        0.03612030417781066,
        0.0059759637865737176,
        0.0090462300266431,
        0.008044683130836186,
        0.005717500071526771,
        0.008432378703406605,
        0.00826982925761536,
        0.005232880605813748,
        0.006525199181048476,
        0.006364668983031038,
        0.004812877068862462,
        0.006169811572858926,
        0.0062344275016206615,
        0.004846194657130231,
        0.005297496534575483,
        0.005039032819528538,
        0.0047169627996067574,
        0.004878502621511099,
        0.004846194657130231,
        0.004846194657130231,
        0.005782116000288508,
        0.005201582265319782,
        0.0045877309420832854,
        0.005297496534575483,
        0.0054913443208606935,
        0.008851372616470987
    ],
    "nn.max_pool2d": [
        0.02839769106689625,
        0.01563604513645331,
        0.008108289435711019
    ],
    "nn.adaptive_avg_pool2d": [
        0.008495985008281436
    ],
    "nn.batch_matmul": [],
    "nn.softmax": [],
    "nn.batch_norm": [],
    "multiply": [],
    "add": [],
    "squeeze": [],
    "reshape": [],
    "transpose": [],
    "latency": 7.6959943771362305,
    "batch_size": 4,
    "model_name": "squeezenet1_1",
    "sm_partition": 80
}