{
    "nn.conv2d": [
        0.23286798364330286,
        0.010362654712648594,
        0.01996680709755528,
        0.112920756242159,
        0.03060505780421899,
        0.020019554698783693,
        0.11189974259667566,
        0.011566444929830357,
        0.008308769433808918,
        0.0388222345041119,
        0.020764972350251883,
        0.007353179169694181,
        0.03713390236866913,
        0.14631244119654568,
        0.010716349868172445,
        0.0841209748675791,
        0.035681912198420346,
        0.01042848699015072,
        0.08389853537092594,
        0.038403115967219466,
        0.012208002963375937,
        0.13799058708646306,
        0.4399456614549802,
        0.012273017448610958,
        0.1378208951910383,
        5.467222626151362
    ],
    "nn.conv2d_transpose": [],
    "nn.dense": [],
    "nn.layer_norm": [],
    "nn.relu": [
        0.016931162202053436,
        0.0027608666937538294,
        0.005011431012832781,
        0.004854414897548202,
        0.0026165263586094122,
        0.004893260030235794,
        0.004880175353962079,
        0.0022767336716263803,
        0.003545538374043166,
        0.0034543545362607153,
        0.0021066328800680876,
        0.003388522258758588,
        0.0034543545362607153,
        0.001988461897471101,
        0.002381411081816099,
        0.002289409451766542,
        0.0018445304584602375,
        0.0023940868619562604,
        0.002289409451766542,
        0.0020281248224257985,
        0.0026688650637042718,
        0.0025776812259218213,
        0.0018968691635550968,
        0.002472594919598549,
        0.0026165263586094122,
        0.004566552019526475
    ],
    "nn.bias_add": [
        0.017664312969515022,
        0.003101068276870415,
        0.005574072092602517,
        0.005403971301044225,
        0.0029571368378595517,
        0.005089530174341515,
        0.005377393052363242,
        0.0024464255670511195,
        0.003768386766829871,
        0.003689469813054028,
        0.002381411081816099,
        0.003846485928338607,
        0.003741808518148888,
        0.002001955469878369,
        0.002642695711156842,
        0.0025515118733743917,
        0.0018968691635550968,
        0.002538018300967123,
        0.0025776812259218213,
        0.0020804635275206576,
        0.002878628780217263,
        0.002773542473893991,
        0.002001955469878369,
        0.0027608666937538294,
        0.0026823586361115403,
        0.005652580150244806
    ],
    "nn.max_pool2d": [
        0.01937799666523811,
        0.010703265191898731,
        0.00558674787274268
    ],
    "nn.adaptive_avg_pool2d": [
        0.004514213314431617
    ],
    "nn.batch_matmul": [],
    "nn.softmax": [],
    "nn.batch_norm": [],
    "multiply": [],
    "add": [],
    "squeeze": [],
    "reshape": [],
    "transpose": [],
    "latency": 7.5694529215494795,
    "batch_size": 4,
    "model_name": "squeezenet1_1",
    "sm_partition": 30
}