{
    "nn.conv2d": [
        4.059028779470979,
        0.014338306575896716,
        0.010314738017761825,
        0.02048121491411845,
        0.014232405774893,
        0.007730758473271182,
        0.01971806726688543,
        0.01821427589263268,
        0.016604583717376217,
        0.10524355415748554,
        0.01842607749464011,
        0.011267183346788986,
        0.037637144676720254,
        0.03401533728239321,
        0.015016071702320492,
        0.07946729919318135,
        0.05498303400112247,
        0.014000085892691102,
        0.07921379915077871,
        0.05434762919510019,
        0.021221858641138184,
        0.15370442257679168,
        0.18047548319052453,
        0.008979726045108747,
        0.06730988723795488,
        2.290125339985528
    ],
    "nn.conv2d_transpose": [],
    "nn.dense": [],
    "nn.layer_norm": [],
    "nn.relu": [
        0.012326853236832408,
        0.003218722470506658,
        0.004341932841152308,
        0.004066590758542651,
        0.0030704613491014574,
        0.004150649519339349,
        0.004150649519339349,
        0.0035576050337185455,
        0.0058027020149973,
        0.005697463093999859,
        0.0030704613491014574,
        0.0036429875545277907,
        0.003367645471918132,
        0.0030704613491014574,
        0.004002388397934147,
        0.0036853478749292764,
        0.0029010200674955133,
        0.0036853478749292764,
        0.0037058661551237467,
        0.003218722470506658,
        0.0042995725207508224,
        0.004150649519339349,
        0.0030704613491014574,
        0.0032405645107136745,
        0.003049943068906987,
        0.0041724915595463645
    ],
    "nn.bias_add": [
        0.011478984948796418,
        0.003367645471918132,
        0.004744355884966425,
        0.004595432883554951,
        0.0030704613491014574,
        0.004744355884966425,
        0.004469013802356767,
        0.0036853478749292764,
        0.006056863937406216,
        0.006056863937406216,
        0.003134663709709959,
        0.003854789156535221,
        0.0035370867535240757,
        0.003198204190312188,
        0.004320090800945292,
        0.00408710903873712,
        0.003303443111309629,
        0.004002388397934147,
        0.004002388397934147,
        0.003388163752112602,
        0.004637793203956436,
        0.004511374122758253,
        0.003218722470506658,
        0.0035999653541200316,
        0.0030704613491014574,
        0.004744355884966425
    ],
    "nn.max_pool2d": [
        0.012135569915019448,
        0.008556122841093885,
        0.005866904375605803
    ],
    "nn.adaptive_avg_pool2d": [
        0.005400278971183184
    ],
    "nn.batch_matmul": [],
    "nn.softmax": [],
    "nn.batch_norm": [],
    "multiply": [],
    "add": [],
    "squeeze": [],
    "reshape": [],
    "transpose": [],
    "latency": 7.706302007039388,
    "batch_size": 1,
    "model_name": "squeezenet1_0",
    "sm_partition": 30
}