{
    "nn.conv2d": [
        0.657509641412069,
        12.404613678726907,
        6.219251476326048,
        12.414127010751372,
        7.764959446734419,
        12.545164441966687,
        12.491654379836975,
        12.509739519133156,
        7.47954522702071,
        14.962172986205768,
        14.978973953145287,
        14.940423721208202,
        5.168892252167376,
        5.164453820657393,
        5.1654074439384035,
        5.264076126976546
    ],
    "nn.conv2d_transpose": [],
    "nn.dense": [
        5.486896450289284,
        0.6621697352433749,
        0.16423536066854422
    ],
    "nn.layer_norm": [],
    "nn.relu": [
        0.32157196768751667,
        0.3209497576627526,
        0.15947891070145875,
        0.16014303348483547,
        0.0813850712391419,
        0.08200728126390598,
        0.08164778213848672,
        0.08208981051024619,
        0.043360693191041924,
        0.04185356224216893,
        0.04295971339730507,
        0.04354044275375155,
        0.01244376840498666,
        0.012333153289473046,
        0.01245759529442586,
        0.012346980178912247,
        0.002502234898200554,
        0.0022118702199773158
    ],
    "nn.bias_add": [
        0.32144752568256385,
        0.31898633936238596,
        0.17084504591077765,
        0.17012561556964417,
        0.08504919694053038,
        0.08452377514184072,
        0.08491049595584338,
        0.08545017673426723,
        0.045808484712075624,
        0.04464659390888769,
        0.04540750491833877,
        0.045753177154318814,
        0.016993247120779036,
        0.01706194947768007,
        0.017020468809362463,
        0.016896026804409645,
        0.002792599576423792,
        0.0026271089934483452,
        0.0023367443152251073
    ],
    "nn.max_pool2d": [
        0.22952593260045517,
        0.11809546270022271,
        0.061861503350988924,
        0.03225813306165785,
        0.008738162035280574
    ],
    "nn.adaptive_avg_pool2d": [
        0.006014264815757815
    ],
    "nn.batch_matmul": [],
    "nn.softmax": [],
    "nn.batch_norm": [
        0.9716414463104103,
        0.9696503742311651,
        0.5138880124458998,
        0.5118973724569498,
        0.2662350277906511,
        0.26557047291697944,
        0.2651690610329476,
        0.2634955753205092,
        0.14812444193010427,
        0.14558072636358613,
        0.146327378393303,
        0.14697594592606053,
        0.0523187891864648,
        0.051903982503288745,
        0.052068608905674246,
        0.051971388589304855
    ],
    "multiply": [],
    "add": [],
    "squeeze": [],
    "reshape": [],
    "transpose": [],
    "latency": 163.3413585027059,
    "batch_size": 4,
    "model_name": "vgg19_bn",
    "sm_partition": 5
}