{
    "nn.conv2d": [
        0.031702728881650225,
        0.5443259476616524,
        0.283031241937403,
        0.5503275369366457,
        0.38447083184654784,
        0.5628775573340119,
        0.5581747174465457,
        0.3919625651556509,
        0.7766790486133264,
        0.7752025756254008,
        0.5972875805803852,
        0.5961255416547032,
        0.5973285937189389
    ],
    "nn.conv2d_transpose": [],
    "nn.dense": [
        0.42146425560159756,
        0.06798568545529945,
        0.018633635949466435
    ],
    "nn.layer_norm": [],
    "nn.relu": [
        0.029993848108588364,
        0.03015832788299557,
        0.015871657400005217,
        0.01626811773935557,
        0.009022890481766578,
        0.008817824788999158,
        0.008571745957678251,
        0.003923590254950013,
        0.0037454394343583147,
        0.003786879793105065,
        0.002419347954462318,
        0.002337748897548614,
        0.002337748897548614,
        0.0020233148353052334,
        0.0018866043734602853
    ],
    "nn.bias_add": [
        0.031416064131969096,
        0.03107428797735673,
        0.016186518682441867,
        0.015516637419401619,
        0.008380351311095324,
        0.008461950368009027,
        0.008338910952348573,
        0.004210255004631139,
        0.004155570819893159,
        0.004251695363377889,
        0.0027337820167056986,
        0.002610742601045245,
        0.002528716323938276,
        0.002173696343334676,
        0.0020233148353052334,
        0.002214282261694895
    ],
    "nn.max_pool2d": [
        0.02021905008667457,
        0.011278185882014962,
        0.005769181489856814,
        0.0032673800380942615,
        0.002337748897548614
    ],
    "nn.adaptive_avg_pool2d": [
        0.002132255984587926
    ],
    "nn.batch_matmul": [],
    "nn.softmax": [],
    "nn.batch_norm": [
        0.10503251173450737,
        0.10408878232758395,
        0.06076438252853334,
        0.061052328938794274,
        0.03941106282873897,
        0.03893385787286145,
        0.03781283208573288,
        0.02435924097961017,
        0.023307424863790602,
        0.023224544146297103,
        0.01919115830167787,
        0.01819359915040301,
        0.018522558699217415
    ],
    "multiply": [],
    "add": [],
    "squeeze": [],
    "reshape": [],
    "transpose": [],
    "latency": 7.954332033793132,
    "batch_size": 2,
    "model_name": "vgg16_bn",
    "sm_partition": 60
}