{
    "nn.conv2d": [
        0.02702674607091011,
        0.3249383713720876,
        0.1721640531569599,
        0.35780163264508147,
        0.2411896363439902,
        0.40056330821350095,
        0.2960585481561466,
        0.5863463076327554,
        0.5355791416182346,
        0.5327660464532663
    ],
    "nn.conv2d_transpose": [],
    "nn.dense": [
        0.3944248617984717,
        0.06512183853856451,
        0.016379049418460113
    ],
    "nn.layer_norm": [],
    "nn.relu": [
        0.02895910583376214,
        0.02820982347673788,
        0.015156536099104743,
        0.015287989144196719,
        0.007887182705518513,
        0.007913062523770997,
        0.0033516418590794563,
        0.0030234200371154303,
        0.0023135735936187637,
        0.0021291285397240863,
        0.0019319489720861236,
        0.0018267865360125433
    ],
    "nn.bias_add": [
        0.029419191491584055,
        0.028683054439068996,
        0.01495935653146678,
        0.014525561482663263,
        0.00726935339358623,
        0.007137900348494256,
        0.0035360869129741337,
        0.0034436589906438383,
        0.0023924454206739492,
        0.0024051799344172345,
        0.002116394025980801,
        0.0020112315899072208,
        0.002142684634999196
    ],
    "nn.max_pool2d": [
        0.01866592161229457,
        0.010213490812880562,
        0.005047796931531848,
        0.0027999498604590724,
        0.002142684634999196
    ],
    "nn.adaptive_avg_pool2d": [
        0.0020502567126689008
    ],
    "nn.batch_matmul": [],
    "nn.softmax": [],
    "nn.batch_norm": [],
    "multiply": [],
    "add": [],
    "squeeze": [],
    "reshape": [],
    "transpose": [],
    "latency": 4.23094113667806,
    "batch_size": 2,
    "model_name": "vgg13",
    "sm_partition": 100
}