{
    "nn.conv2d": [
        0.3523486149281781,
        3.3160862027164084,
        4.142487512290858,
        6.686541920851627,
        4.007115003293319,
        7.952461461608904,
        3.0698915924237573,
        3.071021681088251
    ],
    "nn.conv2d_transpose": [],
    "nn.dense": [
        2.955515424220333,
        0.3548299464334898,
        0.0895036645844435
    ],
    "nn.layer_norm": [],
    "nn.relu": [
        0.17626263148679108,
        0.08708152164499441,
        0.04751190064839833,
        0.04682228503218465,
        0.024636667007713574,
        0.02443111291851615,
        0.007561453995476668,
        0.007458676950877956,
        0.00233450715588503,
        0.0021142706317449325
    ],
    "nn.bias_add": [
        0.1731054491480244,
        0.09530322638679942,
        0.04843689404978673,
        0.048099656872197215,
        0.026178322676694257,
        0.0258557679340474,
        0.010248339589985854,
        0.01014556254538714,
        0.002539602418990495,
        0.0023193658948503977,
        0.0023638720257703767
    ],
    "nn.max_pool2d": [
        0.12531412340962333,
        0.06542447127845957,
        0.034577134289995246,
        0.01867605724708024,
        0.005740832062585199
    ],
    "nn.adaptive_avg_pool2d": [
        0.004228541263489865
    ],
    "nn.batch_matmul": [],
    "nn.softmax": [],
    "nn.batch_norm": [
        0.5375225667729879,
        0.2918707477471235,
        0.1573489023240763,
        0.15616008391981176,
        0.08975097184800918,
        0.08903153253581819,
        0.036953394620248506,
        0.036468415441048334
    ],
    "multiply": [],
    "add": [],
    "squeeze": [],
    "reshape": [],
    "transpose": [],
    "latency": 38.115132649739586,
    "batch_size": 4,
    "model_name": "vgg11_bn",
    "sm_partition": 10
}