{
    "nn.conv2d": [
        0.0512672274222337,
        0.5960132121733173,
        0.31333313325100665,
        0.6215957202933001,
        0.3915654929254531,
        0.6780479862950821,
        0.6392303185735139,
        0.43752051204136316,
        0.8694380289245239,
        0.8684618725171273,
        0.5688583157493744,
        0.5665890690360758,
        0.5669182841231484
    ],
    "nn.conv2d_transpose": [],
    "nn.dense": [
        0.7549111915279854,
        0.12198151885675881,
        0.03000730151049139
    ],
    "nn.layer_norm": [],
    "nn.relu": [
        0.054639404102331174,
        0.0541319136973494,
        0.027307024695225366,
        0.02714221906800256,
        0.014376121636204997,
        0.014667304655456835,
        0.014553604619368025,
        0.007606413564129629,
        0.0072637287863706644,
        0.007327115566071744,
        0.00240869762864105,
        0.0023072787811193205,
        0.002319559969686405,
        0.0019265619355397078,
        0.0017494751197498148
    ],
    "nn.bias_add": [
        0.05335899115236934,
        0.05294063840634222,
        0.02770002272937207,
        0.02790246425704239,
        0.014819829094112561,
        0.01395776889017787,
        0.014096823638147113,
        0.007302157021564443,
        0.007238374074490232,
        0.0070355363794467754,
        0.002548148543983426,
        0.002509720308789646,
        0.002585784444430942,
        0.0020026260711810038,
        0.0018001845435106788,
        0.002104044918702732
    ],
    "nn.max_pool2d": [
        0.033696015921721126,
        0.018343737878119486,
        0.009901014989308735,
        0.0049568461726244755,
        0.002319559969686405
    ],
    "nn.adaptive_avg_pool2d": [
        0.002015699594494352
    ],
    "nn.batch_matmul": [],
    "nn.softmax": [],
    "nn.batch_norm": [],
    "multiply": [],
    "add": [],
    "squeeze": [],
    "reshape": [],
    "transpose": [],
    "latency": 8.62814744313558,
    "batch_size": 4,
    "model_name": "vgg16",
    "sm_partition": 100
}