{
    "nn.conv2d": [
        0.05451114144130791,
        0.9707513370303804,
        0.49331023598182455,
        0.9770459553613121,
        0.6152383862270548,
        1.0311264790495984,
        0.9902815144410838,
        1.022514123989169,
        0.7847628591975654,
        1.5665620550361001,
        1.562787817083147,
        1.559836423163771,
        0.6249906118101886,
        0.6323875007681099,
        0.6255482776318863,
        0.6212037086292055
    ],
    "nn.conv2d_transpose": [],
    "nn.dense": [
        0.4741730764284286,
        0.06841756181829584,
        0.01921315092157623
    ],
    "nn.layer_norm": [],
    "nn.relu": [
        0.031397100286478234,
        0.030066855554947702,
        0.016667440087537455,
        0.016692770543597545,
        0.009321607830112134,
        0.009283216357646062,
        0.009485860006126761,
        0.009245616461931871,
        0.005129021563791743,
        0.005129021563791743,
        0.005104086896107595,
        0.005294065316558249,
        0.0027610197105495176,
        0.002684632553993317,
        0.002684632553993317,
        0.0025457108340387756,
        0.0018744537484464612,
        0.0017478014681460248
    ],
    "nn.bias_add": [
        0.03576660395684329,
        0.03628548251769915,
        0.01781997583827143,
        0.017528279805204484,
        0.00982782116293794,
        0.009257885901585976,
        0.009346542497796281,
        0.009422929654352482,
        0.005711622053173751,
        0.0056233612453393846,
        0.005559639316813228,
        0.005686687385489603,
        0.003127915535044845,
        0.002862341534789867,
        0.002849280518383884,
        0.003039258938834539,
        0.0020897626249572034,
        0.001861392732040479,
        0.002127362520671396
    ],
    "nn.max_pool2d": [
        0.022391727368741246,
        0.012538179961367283,
        0.007231449416778991,
        0.004242455601688688,
        0.002495049921918601
    ],
    "nn.adaptive_avg_pool2d": [
        0.002140423537077378
    ],
    "nn.batch_matmul": [],
    "nn.softmax": [],
    "nn.batch_norm": [],
    "multiply": [],
    "add": [],
    "squeeze": [],
    "reshape": [],
    "transpose": [],
    "latency": 15.100167592366537,
    "batch_size": 2,
    "model_name": "vgg19",
    "sm_partition": 30
}