{
    "nn.conv2d": [
        0.09016342980181363,
        1.6352966464712728,
        0.8289616556276547,
        1.6513629199786706,
        1.048585806350622,
        1.6885766071389956,
        1.6992445337827278,
        1.6855907362631901,
        0.9795841475072247,
        1.9456010899936385,
        1.9527658340981828,
        1.9478408296498406,
        0.7786392998905569,
        0.7794002370814462,
        0.7786971777783074,
        0.776902065926452
    ],
    "nn.conv2d_transpose": [],
    "nn.dense": [
        0.744928795269419,
        0.0944279981976866,
        0.02608677540675884
    ],
    "nn.layer_norm": [],
    "nn.relu": [
        0.046546384393629306,
        0.04624488097837138,
        0.025885773129920218,
        0.025196622466473514,
        0.014385571433653382,
        0.013682063464718208,
        0.014055802073215022,
        0.013825636519602938,
        0.007824731491217759,
        0.007724230352798449,
        0.007637637854071095,
        0.007637637854071095,
        0.003531897150164346,
        0.00340268140076809,
        0.0033021802623487786,
        0.00340268140076809,
        0.0021100752410090095,
        0.0020100227683862134
    ],
    "nn.bias_add": [
        0.054069612469589134,
        0.05566282471301313,
        0.026531851876901498,
        0.026905141819601793,
        0.014285518961030589,
        0.014543950459823098,
        0.014170211851326288,
        0.014443000655607278,
        0.008384666405268203,
        0.008341594488802784,
        0.008441646961425582,
        0.008542148099844892,
        0.004033954176464386,
        0.003905187092864643,
        0.004005239565487439,
        0.0041349039806802095,
        0.0022253823507133075,
        0.002124881212293997,
        0.0023115261836441454
    ],
    "nn.max_pool2d": [
        0.034198653007746056,
        0.019195717438088337,
        0.01055261953402762,
        0.005900403889965869,
        0.003086372014225169
    ],
    "nn.adaptive_avg_pool2d": [
        0.002426384627551929
    ],
    "nn.batch_matmul": [],
    "nn.softmax": [],
    "nn.batch_norm": [
        0.16997389634904872,
        0.1678342091654697,
        0.09283164529368701,
        0.09018900375221497,
        0.05617699571581905,
        0.05497098205478732,
        0.05501360530545624,
        0.0546120494175755,
        0.03714055463549347,
        0.03604850208677649,
        0.03584749980993787,
        0.03597626689353762,
        0.023082957899092395,
        0.02285413834286985,
        0.02294117950739372,
        0.02292592487031221
    ],
    "multiply": [],
    "add": [],
    "squeeze": [],
    "reshape": [],
    "transpose": [],
    "latency": 22.50329335530599,
    "batch_size": 2,
    "model_name": "vgg19_bn",
    "sm_partition": 20
}