{
    "nn.conv2d": [
        0.028742876166639734,
        0.4149750299810349,
        0.22036959022036534,
        0.42445449396050766,
        0.2870712101869715,
        0.4650152729793612,
        0.46529322358198055,
        0.3086182540857997,
        0.6101789987388941,
        0.6056830716204693,
        0.5831621131688013,
        0.5812268984097193,
        0.580336064553437
    ],
    "nn.conv2d_transpose": [],
    "nn.dense": [
        0.4197354234005435,
        0.06881648042033887,
        0.018373448285822463
    ],
    "nn.layer_norm": [],
    "nn.relu": [
        0.030148723346085246,
        0.02981509562744827,
        0.016062847971090245,
        0.015979332297063775,
        0.00886658072580978,
        0.008699114400287958,
        0.008198455333598052,
        0.0034102233560806845,
        0.0035907390056691387,
        0.003298869124045396,
        0.0023941159887586843,
        0.0022544882212456865,
        0.00218532680369252,
        0.002129649687674876,
        0.001962183362153057
    ],
    "nn.bias_add": [
        0.0309838800863499,
        0.030705929483730566,
        0.01565875390249344,
        0.016215960040138765,
        0.008128858938575997,
        0.007683442010434849,
        0.007766522706992426,
        0.003813447469739714,
        0.00391088242277059,
        0.003786043889199781,
        0.0027142594058601364,
        0.0024632774063118516,
        0.0024632774063118516,
        0.002170972547219221,
        0.0020735375941883447,
        0.0022823267792545085
    ],
    "nn.max_pool2d": [
        0.02005768104535619,
        0.010731329134931961,
        0.005428518811720273,
        0.0030622413809704104,
        0.0022823267792545085
    ],
    "nn.adaptive_avg_pool2d": [
        0.0020735375941883447
    ],
    "nn.batch_matmul": [],
    "nn.softmax": [],
    "nn.batch_norm": [
        0.10386348504357011,
        0.10176080395896628,
        0.06095034787297113,
        0.059835935597680474,
        0.0396673352977579,
        0.03863817860636926,
        0.03802399042029963,
        0.023325231791641657,
        0.022434832912828245,
        0.022212559426226557,
        0.018830174628154697,
        0.018355614209598064,
        0.01838562765495132
    ],
    "multiply": [],
    "add": [],
    "squeeze": [],
    "reshape": [],
    "transpose": [],
    "latency": 6.867194175720215,
    "batch_size": 2,
    "model_name": "vgg16_bn",
    "sm_partition": 80
}