{
    "nn.conv2d": [
        0.050510384730705044,
        0.31092386733138977,
        0.3993727784116044,
        0.6516552183933603,
        0.4473202358495353,
        0.8867938840670095,
        0.5814757626645892,
        0.5786664156178998
    ],
    "nn.conv2d_transpose": [],
    "nn.dense": [
        0.7695870998336464,
        0.12492348559119308,
        0.031114034445510846
    ],
    "nn.layer_norm": [],
    "nn.relu": [
        0.05616873257758746,
        0.028278791070002765,
        0.014605124823599897,
        0.01496767342706147,
        0.007897975659560779,
        0.0074836343984618385,
        0.002317316799134412,
        0.0022396278126783605,
        0.001942224661401288,
        0.0017475975651233674
    ],
    "nn.bias_add": [
        0.053825519449634374,
        0.028537754358189595,
        0.01536906652375107,
        0.01408760287736401,
        0.007315308261140395,
        0.0071858266170469745,
        0.002602581046277726,
        0.002408358580137598,
        0.0020195090177195477,
        0.0019029755380354709,
        0.0020195090177195477
    ],
    "nn.max_pool2d": [
        0.03424749023257159,
        0.018981604393957466,
        0.010047370951511538,
        0.00492030247554993,
        0.002420902114409147
    ],
    "nn.adaptive_avg_pool2d": [
        0.001942224661401288
    ],
    "nn.batch_matmul": [],
    "nn.softmax": [],
    "nn.batch_norm": [
        0.17531571832166284,
        0.09661839356223383,
        0.05667209246900064,
        0.0559716777004828,
        0.03570941892041385,
        0.034711196370481145,
        0.017788754747746844,
        0.017515629404737283
    ],
    "multiply": [],
    "add": [],
    "squeeze": [],
    "reshape": [],
    "transpose": [],
    "latency": 5.553531646728516,
    "batch_size": 4,
    "model_name": "vgg11_bn",
    "sm_partition": 100
}