{
    "nn.conv2d": [
        0.07250370728734523,
        0.21573282490684503,
        0.20079354271810484,
        0.31790709933851885,
        0.2510447215884883,
        0.44010309216747334,
        0.24469207326909737,
        0.24047496906107374
    ],
    "nn.conv2d_transpose": [],
    "nn.dense": [
        0.7760487912452074,
        0.13032217480812036,
        0.04003708573400704
    ],
    "nn.layer_norm": [],
    "nn.relu": [
        0.05812331842737927,
        0.031602877317959875,
        0.01326101443727898,
        0.011836789107987885,
        0.010363343059401332,
        0.009601215792891044,
        0.007924535806568413,
        0.007365642477794206,
        0.0073164217584987465,
        0.006959174602322051
    ],
    "nn.bias_add": [
        0.05934430981893429,
        0.028910027642956856,
        0.015039311392469648,
        0.01442960957926142,
        0.01132870426364769,
        0.010464960028269368,
        0.008026152775436451,
        0.007875315087272957,
        0.007721301868832338,
        0.007875315087272957,
        0.007875315087272957
    ],
    "nn.max_pool2d": [
        0.03866366888914996,
        0.019204019350920653,
        0.010822207184446066,
        0.009145527198123437,
        0.00919474791741889
    ],
    "nn.adaptive_avg_pool2d": [
        0.007519655696234824
    ],
    "nn.batch_matmul": [],
    "nn.softmax": [],
    "nn.batch_norm": [],
    "multiply": [],
    "add": [],
    "squeeze": [],
    "reshape": [],
    "transpose": [],
    "latency": 3.373751640319824,
    "batch_size": 1,
    "model_name": "vgg11",
    "sm_partition": 80
}