{
    "nn.conv2d": [
        0.36634166604361734,
        6.84265493653453,
        3.431339282807308,
        6.855218063779555,
        4.294218793206734,
        6.941192281635427,
        4.1283613399856645,
        8.211131676028629,
        3.1109236247433776,
        3.099228938361282
    ],
    "nn.conv2d_transpose": [],
    "nn.dense": [
        3.0392931947950372,
        0.3665853053432443,
        0.09201951797786669
    ],
    "nn.layer_norm": [],
    "nn.relu": [
        0.17618166854276313,
        0.17599846321003582,
        0.0909988025526716,
        0.09052675140964432,
        0.04665692587856752,
        0.0463519008960267,
        0.025596878059052967,
        0.02568871865442017,
        0.008786242242798127,
        0.00857258199761743,
        0.002375007313356014,
        0.0022379602073158353
    ],
    "nn.bias_add": [
        0.18731246318646386,
        0.18644497403954985,
        0.09453157239726287,
        0.09227838473372034,
        0.05055467881459219,
        0.05037242519787903,
        0.027637357193428965,
        0.027637357193428965,
        0.011344454888881462,
        0.011267841749740945,
        0.002573440102310023,
        0.002496826963169506,
        0.002360255715136412
    ],
    "nn.max_pool2d": [
        0.1280776584646533,
        0.06640646074657286,
        0.03421609414136463,
        0.01710043334256897,
        0.006105734088894213
    ],
    "nn.adaptive_avg_pool2d": [
        0.00427843934169183
    ],
    "nn.batch_matmul": [],
    "nn.softmax": [],
    "nn.batch_norm": [
        0.5636733195692339,
        0.5622547868501167,
        0.29310902218542517,
        0.29085631037988974,
        0.16326593051449045,
        0.16149859387618062,
        0.0937682961539002,
        0.09245873491840517,
        0.04310702514572122,
        0.04234470061837273
    ],
    "multiply": [],
    "add": [],
    "squeeze": [],
    "reshape": [],
    "transpose": [],
    "latency": 54.116832415262856,
    "batch_size": 2,
    "model_name": "vgg13_bn",
    "sm_partition": 5
}