{
    "nn.conv2d": [
        0.6852262984125516,
        6.500005673962272,
        8.107245522067647,
        13.042197333427927,
        7.8070777797976785,
        15.497661350011958,
        5.391071086410337,
        5.300563234555205
    ],
    "nn.conv2d_transpose": [],
    "nn.dense": [
        5.708101672988295,
        0.6911740423260854,
        0.17148659051920404
    ],
    "nn.layer_norm": [],
    "nn.relu": [
        0.3345715359532356,
        0.16641907480678553,
        0.08603181700978825,
        0.0851944497410695,
        0.04407682937363984,
        0.04391846950762677,
        0.012820381631417676,
        0.012921443198332005,
        0.0024832270727520723,
        0.0023672769714262578
    ],
    "nn.bias_add": [
        0.33270866448096204,
        0.17835877706937836,
        0.08858768208375997,
        0.08893372771689965,
        0.048740549986110444,
        0.04824967951824086,
        0.017858571442722616,
        0.017815259342616477,
        0.0028152865068991517,
        0.0026704616721692433,
        0.0023821655058377444
    ],
    "nn.max_pool2d": [
        0.23896684248457137,
        0.12354054686941561,
        0.06456390389155389,
        0.0338840484819947,
        0.009398725723032554
    ],
    "nn.adaptive_avg_pool2d": [
        0.006265365980978929
    ],
    "nn.batch_matmul": [],
    "nn.softmax": [],
    "nn.batch_norm": [
        1.014280504447058,
        0.5338189268019288,
        0.2760397443368807,
        0.2752890012683742,
        0.1534669522042117,
        0.15241257326725283,
        0.054224042326631645,
        0.053790921325570236
    ],
    "multiply": [],
    "add": [],
    "squeeze": [],
    "reshape": [],
    "transpose": [],
    "latency": 72.744460105896,
    "batch_size": 4,
    "model_name": "vgg11_bn",
    "sm_partition": 5
}