{
    "nn.conv2d": [
        0.36408932391678833,
        6.8426830892252095,
        3.426300461860178,
        6.849881777767891,
        4.289273093173237,
        6.925017347825307,
        4.120594440844332,
        8.221094540234748,
        3.1126199936203656,
        3.167054647162378
    ],
    "nn.conv2d_transpose": [],
    "nn.dense": [
        3.0613302276819527,
        0.36808379630916754,
        0.09284490393389484
    ],
    "nn.layer_norm": [],
    "nn.relu": [
        0.1813455343640531,
        0.18123921760836237,
        0.09033886612118543,
        0.09068819260416917,
        0.04904192596095182,
        0.0471586005744308,
        0.02574336835673218,
        0.02481689377142749,
        0.007882153400694173,
        0.00777583664500347,
        0.0024452853808861552,
        0.0022018010252195025
    ],
    "nn.bias_add": [
        0.1833812154585059,
        0.17885515928767307,
        0.09847969198550206,
        0.09940569194243314,
        0.04969548923142547,
        0.0496342621712286,
        0.027429722968201228,
        0.02668503104999268,
        0.010403379321359403,
        0.010494982597467908,
        0.002551127508203239,
        0.0023384939968218335,
        0.002368870212733463
    ],
    "nn.max_pool2d": [
        0.12928070029152053,
        0.06790555604207359,
        0.035859122883678346,
        0.01942511544711329,
        0.005999302642546779
    ],
    "nn.adaptive_avg_pool2d": [
        0.004374175091274613
    ],
    "nn.batch_matmul": [],
    "nn.softmax": [],
    "nn.batch_norm": [
        0.5542871520772134,
        0.5529349358407721,
        0.30172457950834536,
        0.30151194599696396,
        0.16348099700939975,
        0.16006462197608867,
        0.09322223349092211,
        0.09202142370566552,
        0.03808845235456776,
        0.03755544469099339
    ],
    "multiply": [],
    "add": [],
    "squeeze": [],
    "reshape": [],
    "transpose": [],
    "latency": 54.16922569274902,
    "batch_size": 4,
    "model_name": "vgg13_bn",
    "sm_partition": 10
}