{
    "nn.conv2d": [
        0.17656029612157215,
        1.6491496118575184,
        2.0535536545236557,
        3.3465455385989444,
        1.9775675931676997,
        3.941765977263825,
        1.7366743360293588,
        1.6942420830932567
    ],
    "nn.conv2d_transpose": [],
    "nn.dense": [
        1.4627077264221742,
        0.17735999643322442,
        0.04596392205803267
    ],
    "nn.layer_norm": [],
    "nn.relu": [
        0.08650704762532538,
        0.04551343783931657,
        0.024601796924339236,
        0.023846600093971427,
        0.013630326436253663,
        0.013456399565519524,
        0.005071580397803794,
        0.005042062782666147,
        0.002179762348626273,
        0.0021066494865161003
    ],
    "nn.bias_add": [
        0.09564751774056489,
        0.047852595309686136,
        0.025619473470854123,
        0.026040894191588542,
        0.014618485367630905,
        0.014603953618640064,
        0.006146475705970126,
        0.006146475705970126,
        0.002252421093580482,
        0.0021506988506445894,
        0.002353689219360411
    ],
    "nn.max_pool2d": [
        0.06343063022786857,
        0.0339171021446248,
        0.018062963995616382,
        0.009169079496065224,
        0.003937649859362169
    ],
    "nn.adaptive_avg_pool2d": [
        0.0030802766689025022
    ],
    "nn.batch_matmul": [],
    "nn.softmax": [],
    "nn.batch_norm": [],
    "multiply": [],
    "add": [],
    "squeeze": [],
    "reshape": [],
    "transpose": [],
    "latency": 18.86092185974121,
    "batch_size": 2,
    "model_name": "vgg11",
    "sm_partition": 10
}