{
    "nn.conv2d": [
        0.11370773571305016,
        0.3162926820793357,
        0.30328319906817214,
        0.4978348105983206,
        0.4263657492551249,
        0.7957233963638211,
        0.3516051607793371,
        0.34701400052174425
    ],
    "nn.conv2d_transpose": [],
    "nn.dense": [
        0.7233743626379202,
        0.10678273565784759,
        0.03271082122069881
    ],
    "nn.layer_norm": [],
    "nn.relu": [
        0.0518023959585225,
        0.027966622287852835,
        0.015761787936418453,
        0.015302671910659163,
        0.010597928261276885,
        0.009869798939174263,
        0.006847285102925621,
        0.006580663035883118,
        0.005738950321991091,
        0.0052033149586052565
    ],
    "nn.bias_add": [
        0.05321800370461364,
        0.029077348298088196,
        0.017483473033015777,
        0.015954281895135234,
        0.012778729383633497,
        0.012088859730344152,
        0.007421180135124732,
        0.007076843115805264,
        0.00600676800368401,
        0.005699495038527403,
        0.00600676800368401
    ],
    "nn.max_pool2d": [
        0.036384945041423526,
        0.020889779172047575,
        0.011208887347638852,
        0.008570165814173364,
        0.006542403367069845
    ],
    "nn.adaptive_avg_pool2d": [
        0.005738950321991091
    ],
    "nn.batch_matmul": [],
    "nn.softmax": [],
    "nn.batch_norm": [
        0.19213288309235926,
        0.1214278195107786,
        0.08259664689460638,
        0.0794187031538038,
        0.06683605457283832,
        0.06281639811814375,
        0.051950652175173945,
        0.050842317394239424
    ],
    "multiply": [],
    "add": [],
    "squeeze": [],
    "reshape": [],
    "transpose": [],
    "latency": 5.045229593912761,
    "batch_size": 1,
    "model_name": "vgg11_bn",
    "sm_partition": 30
}