{
    "nn.conv2d": [
        0.17397062009344536,
        3.2096383942902613,
        1.6116108302938685,
        3.2308607199348507,
        2.0454081456693802,
        3.3306832145198193,
        3.2783534799756384,
        1.9284317712796981,
        3.8435216360446205,
        3.840605760953437,
        1.7124147657631867,
        1.675404932269722,
        1.6719343297221685
    ],
    "nn.conv2d_transpose": [],
    "nn.dense": [
        1.4335579850727675,
        0.17361547006328457,
        0.045074717282247205
    ],
    "nn.layer_norm": [],
    "nn.relu": [
        0.0846314965489549,
        0.08473061852232891,
        0.04417861908349357,
        0.04434930445468474,
        0.023696374540553226,
        0.023085196453605676,
        0.02405196906386816,
        0.013341462021622274,
        0.013185444924517847,
        0.013171221143585248,
        0.0050067708882743055,
        0.004864533078948331,
        0.0049640995454765125,
        0.002118898865802878,
        0.0019913293305636446
    ],
    "nn.bias_add": [
        0.09290929255857246,
        0.09269638033773765,
        0.04592814413820306,
        0.04591392035727045,
        0.025431675814330115,
        0.025275658717225685,
        0.025275658717225685,
        0.01446514071529747,
        0.014238004713530055,
        0.014294455344106302,
        0.006073109965064972,
        0.005959319717604191,
        0.0058597532510760095,
        0.0023322555797918396,
        0.002118898865802878,
        0.002261581168282996
    ],
    "nn.max_pool2d": [
        0.062114806839498965,
        0.03302717483233716,
        0.017651712137353448,
        0.009116999084640828,
        0.003868868413666509
    ],
    "nn.adaptive_avg_pool2d": [
        0.002901206817095738
    ],
    "nn.batch_matmul": [],
    "nn.softmax": [],
    "nn.batch_norm": [],
    "multiply": [],
    "add": [],
    "squeeze": [],
    "reshape": [],
    "transpose": [],
    "latency": 34.14391676584879,
    "batch_size": 2,
    "model_name": "vgg16",
    "sm_partition": 10
}