{
    "nn.conv2d": [
        0.17096402343531913,
        3.168827818372235,
        1.594738003526491,
        3.181962756091627,
        1.975833432383882,
        3.2286289328983018,
        3.2403200087339177,
        3.2330025727792515,
        1.90462160355303,
        3.794959225175156,
        3.7920439033194153,
        3.7916229229582776,
        1.6536279430773593,
        1.6446143198611705,
        1.6896548378539225,
        1.6783282320083852
    ],
    "nn.conv2d_transpose": [],
    "nn.dense": [
        1.4134282015386486,
        0.17100651572983558,
        0.04447891880130761
    ],
    "nn.layer_norm": [],
    "nn.relu": [
        0.08410845924903791,
        0.084388820779868,
        0.04397426804581339,
        0.04442284649514159,
        0.023844748197102243,
        0.02332564130017459,
        0.0237882378260443,
        0.023045279769344458,
        0.01327468041991456,
        0.01268635927006322,
        0.013331190790972506,
        0.01275644965277075,
        0.004990435248776248,
        0.00486383449501077,
        0.004849816418469263,
        0.004751689882678719,
        0.002074675328142935,
        0.0019625307158108846
    ],
    "nn.bias_add": [
        0.09153760175114432,
        0.0914118771271627,
        0.04530598531725649,
        0.04522187685800745,
        0.025456388934483546,
        0.024601286265451664,
        0.024713868942675632,
        0.02479753933703275,
        0.014269963854361509,
        0.014214329613087407,
        0.013962004235340292,
        0.01403209461804782,
        0.005999298694872781,
        0.005999298694872781,
        0.00590161022397416,
        0.00585955599434964,
        0.0021728018639334793,
        0.0021027114812259473,
        0.00228494647626553
    ],
    "nn.max_pool2d": [
        0.06124453834494917,
        0.03235372065779658,
        0.017087597239204274,
        0.00913978590506212,
        0.00388300720199725
    ],
    "nn.adaptive_avg_pool2d": [
        0.00292977799717482
    ],
    "nn.batch_matmul": [],
    "nn.softmax": [],
    "nn.batch_norm": [],
    "multiply": [],
    "add": [],
    "squeeze": [],
    "reshape": [],
    "transpose": [],
    "latency": 42.38732496897379,
    "batch_size": 2,
    "model_name": "vgg19",
    "sm_partition": 10
}