{
    "nn.conv2d": [
        0.33004402787018877,
        6.207777931970967,
        3.1134630431881614,
        6.2160710601092966,
        3.9124411923025435,
        6.28051543318465,
        6.280735848550452,
        3.730116787401311,
        7.448358696969997,
        7.460274902683711,
        2.795210806889661,
        2.88726177403305,
        2.8719429061097563
    ],
    "nn.conv2d_transpose": [],
    "nn.dense": [
        2.7687609629933267,
        0.3329094276256251,
        0.08414313539645309
    ],
    "nn.layer_norm": [],
    "nn.relu": [
        0.16597233995073823,
        0.16514621282773911,
        0.0816359106104464,
        0.08171899687138376,
        0.04344937898387463,
        0.04303610017299442,
        0.04306365209371976,
        0.02307430310871806,
        0.023143182910531437,
        0.023363598276334222,
        0.0072319486916426565,
        0.007039085246565217,
        0.007135516969103936,
        0.002121067397090503,
        0.0020112902129504426
    ],
    "nn.bias_add": [
        0.1630518363538513,
        0.16481515928027357,
        0.0893366724531813,
        0.08948863851593204,
        0.04479942309941671,
        0.0458046377071306,
        0.04460612915557794,
        0.024452329643746825,
        0.024327915501721423,
        0.024327915501721423,
        0.009725828016048033,
        0.009519188610607916,
        0.009271221324079782,
        0.0024103625647066635,
        0.002176171238541201,
        0.0022312750799918977
    ],
    "nn.max_pool2d": [
        0.11743963159303678,
        0.0614954565602166,
        0.03249749049554859,
        0.017536797541684343,
        0.00546862576522035
    ],
    "nn.adaptive_avg_pool2d": [
        0.003802165060098098
    ],
    "nn.batch_matmul": [],
    "nn.softmax": [],
    "nn.batch_norm": [],
    "multiply": [],
    "add": [],
    "squeeze": [],
    "reshape": [],
    "transpose": [],
    "latency": 64.42946275075276,
    "batch_size": 4,
    "model_name": "vgg16",
    "sm_partition": 10
}