{
    "nn.conv2d": [
        0.6670919612316104,
        12.586169949272508,
        6.317229762242631,
        12.615733446536462,
        7.885293133510191,
        12.71402429945813,
        12.685991332693694,
        7.5802990699543,
        15.18317094240606,
        15.206809720573863,
        5.24056406675155,
        5.255739085831454,
        5.238458435797787
    ],
    "nn.conv2d_transpose": [],
    "nn.dense": [
        5.527688342279834,
        0.671598011472664,
        0.1667514953252496
    ],
    "nn.layer_norm": [],
    "nn.relu": [
        0.32597930804883357,
        0.32553010677869737,
        0.16298943468785912,
        0.16242837177330424,
        0.08436561354745127,
        0.0831579464608449,
        0.08304564614331086,
        0.0431509583393414,
        0.042715794608896976,
        0.044049360879613766,
        0.012675898341655324,
        0.012493410325662497,
        0.012394708874704842,
        0.002414456826981966,
        0.002245567677565531
    ],
    "nn.bias_add": [
        0.32432331703832173,
        0.32447729130181574,
        0.17301267670088796,
        0.1715242588204465,
        0.08670944400285908,
        0.08710249511422824,
        0.0866392563044003,
        0.046955570268922546,
        0.047165694691183514,
        0.04639406868125231,
        0.01713939729051824,
        0.0172797726874358,
        0.017349960385894578,
        0.0027088064873934665,
        0.0025267571445160113,
        0.002329792915716065
    ],
    "nn.max_pool2d": [
        0.23159089116146875,
        0.120259163866155,
        0.06267717605057346,
        0.03277765518024937,
        0.009011661808991739
    ],
    "nn.adaptive_avg_pool2d": [
        0.005909804210229115
    ],
    "nn.batch_matmul": [],
    "nn.softmax": [],
    "nn.batch_norm": [
        0.9864863471456644,
        0.9844781016235127,
        0.5214217798115702,
        0.520537853484105,
        0.2717093022542756,
        0.2692509781157569,
        0.2678467854734659,
        0.14951164189131225,
        0.14911771343371236,
        0.1502130802027847,
        0.05287765732638194,
        0.0521604267827563,
        0.0522034167480623
    ],
    "multiply": [],
    "add": [],
    "squeeze": [],
    "reshape": [],
    "transpose": [],
    "latency": 131.919207572937,
    "batch_size": 4,
    "model_name": "vgg16_bn",
    "sm_partition": 5
}