{
    "nn.conv2d": [
        0.6785801883972252,
        6.414393400271825,
        7.9834877106755995,
        12.894717698213226,
        7.719036098421912,
        15.375587386631327,
        5.42257525405088,
        5.311175047989093
    ],
    "nn.conv2d_transpose": [],
    "nn.dense": [
        5.657606517641112,
        0.681826470421939,
        0.1692854863212434
    ],
    "nn.layer_norm": [],
    "nn.relu": [
        0.3301261893686019,
        0.16512695232248417,
        0.08444293772825756,
        0.08450034285247801,
        0.04410137543210724,
        0.043688414538490476,
        0.012815582731971026,
        0.012701662485456055,
        0.002449285300071826,
        0.0023349200525939083
    ],
    "nn.bias_add": [
        0.329670508382542,
        0.17563654006445292,
        0.08804566552429345,
        0.0878320650620779,
        0.047846058535323886,
        0.04771789825799455,
        0.017714598333077626,
        0.017628713147228452,
        0.0028475611619112676,
        0.002662440761324444,
        0.0022926449611137445
    ],
    "nn.max_pool2d": [
        0.23609971090227252,
        0.12183725864679602,
        0.06378065301660513,
        0.03333546713547975,
        0.009113174720234542
    ],
    "nn.adaptive_avg_pool2d": [
        0.006208653435065792
    ],
    "nn.batch_matmul": [],
    "nn.softmax": [],
    "nn.batch_norm": [],
    "multiply": [],
    "add": [],
    "squeeze": [],
    "reshape": [],
    "transpose": [],
    "latency": 70.38257916768391,
    "batch_size": 4,
    "model_name": "vgg11",
    "sm_partition": 5
}