{
    "nn.conv2d": [
        0.051582884002878235,
        0.7854484447096763,
        0.4018471021052654,
        0.8009705099351174,
        0.5191189345991293,
        0.8206866344873287,
        0.45935063919112107,
        0.9081010800054089,
        0.6179018431798047,
        0.6160812708032325
    ],
    "nn.conv2d_transpose": [],
    "nn.dense": [
        0.8079291421300157,
        0.130055874865002,
        0.03325536731659415
    ],
    "nn.layer_norm": [],
    "nn.relu": [
        0.05913488793532576,
        0.05864898053944899,
        0.029155708038979777,
        0.029182679481595655,
        0.015495093782825379,
        0.015508579504133322,
        0.008306782896901411,
        0.00802358274943463,
        0.0026836585402804625,
        0.0025753513410260525,
        0.0020228581961913034,
        0.001914972425727767
    ],
    "nn.bias_add": [
        0.05672052239241327,
        0.056100600641038806,
        0.02931795812346595,
        0.029155708038979777,
        0.015360236569745963,
        0.01513097930751095,
        0.007605525388888428,
        0.007497639618424891,
        0.0028454871959757663,
        0.002642779947565763,
        0.002130322537863966,
        0.0020494082100163138,
        0.002130322537863966
    ],
    "nn.max_pool2d": [
        0.03641144753144346,
        0.019594753060439757,
        0.01030266965047683,
        0.005259431310097388,
        0.002454401278045448
    ],
    "nn.adaptive_avg_pool2d": [
        0.002130322537863966
    ],
    "nn.batch_matmul": [],
    "nn.softmax": [],
    "nn.batch_norm": [],
    "multiply": [],
    "add": [],
    "squeeze": [],
    "reshape": [],
    "transpose": [],
    "latency": 7.491467793782552,
    "batch_size": 4,
    "model_name": "vgg13",
    "sm_partition": 80
}