{
    "nn.conv2d": [
        0.5839709953813037,
        3.308748174110472,
        1.6039895091856768,
        2.5508619707269027,
        1.4915245966087456,
        2.536456928946998,
        2.520417033855141,
        2.154469797685372,
        3.8946116079245603,
        3.9666054889039817,
        1.7480886593048803,
        1.7426666085406843,
        1.7496840626433718
    ],
    "nn.conv2d_transpose": [],
    "nn.dense": [
        3.711193597491572,
        0.45000816785487036,
        0.11595507493488122
    ],
    "nn.layer_norm": [],
    "nn.relu": [
        0.220733044153627,
        0.21921073929537202,
        0.11469267578413321,
        0.11517535781236038,
        0.06174500993295413,
        0.06096645310377039,
        0.059999928753978964,
        0.0331553821071909,
        0.033118252720404195,
        0.033118252720404195,
        0.013439677723450297,
        0.012882736921649715,
        0.013142642629156655,
        0.0054951492444324105,
        0.005308342017161798
    ],
    "nn.bias_add": [
        0.23075913887937455,
        0.22827030967132822,
        0.12508890408441076,
        0.12456793237605977,
        0.06731441795095994,
        0.06746293549810677,
        0.06835520107432477,
        0.04251198757744068,
        0.04284731235185812,
        0.04295754021888115,
        0.015593182157079215,
        0.014850594421345106,
        0.015407535223145686,
        0.006200607593379815,
        0.005606537404792527,
        0.005865282818962381
    ],
    "nn.max_pool2d": [
        0.13886390658227848,
        0.07284785687551615,
        0.036868320785861455,
        0.022870541967273485,
        0.011547239290665402
    ],
    "nn.adaptive_avg_pool2d": [
        0.008019947545928382
    ],
    "nn.batch_matmul": [],
    "nn.softmax": [],
    "nn.batch_norm": [
        0.7174093703193749,
        0.7114303787533781,
        0.3957203631993586,
        0.3931213061242892,
        0.22633494038507115,
        0.22217760935829722,
        0.21991155647097113,
        0.1435700563574934,
        0.1395995325579901,
        0.13848565095438892,
        0.07354635346444104,
        0.07194862953927562,
        0.07239418218071608
    ],
    "multiply": [],
    "add": [],
    "squeeze": [],
    "reshape": [],
    "transpose": [],
    "latency": 39.13530190785726,
    "batch_size": 1,
    "model_name": "vgg16_bn",
    "sm_partition": 5
}