{
    "nn.conv2d": [
        0.055911338014125345,
        0.9983332202306784,
        0.5138901222732228,
        1.0169791123337488,
        0.6530207478516787,
        1.0492528435191055,
        1.0561506403999856,
        0.8028366171444505,
        1.4490373673868895,
        1.4454322625963596,
        0.637266395344564,
        0.6356326106401226,
        0.6338432273924008
    ],
    "nn.conv2d_transpose": [],
    "nn.dense": [
        0.793695202726742,
        0.12542539242906955,
        0.03290909190375049
    ],
    "nn.layer_norm": [],
    "nn.relu": [
        0.056910167204712744,
        0.05678050175197928,
        0.028759392211740186,
        0.028565299237179802,
        0.015093058698173983,
        0.015300523422547509,
        0.015313489967820858,
        0.008401916132587992,
        0.008078157705294154,
        0.008168923522207569,
        0.002800773779042595,
        0.0026188369406759684,
        0.0026188369406759684,
        0.0019449817910018022,
        0.0017634501571749677
    ],
    "nn.bias_add": [
        0.054498389783870504,
        0.054666549667884194,
        0.0304191100067284,
        0.029485923951587324,
        0.014807389497620596,
        0.014755928521067005,
        0.015157891424540711,
        0.007676194801820445,
        0.007818421595287454,
        0.007844759890373936,
        0.003150870501422919,
        0.002891134391416221,
        0.0029045061412293583,
        0.0020357476079152195,
        0.001996442767555392,
        0.0020876137890086014
    ],
    "nn.max_pool2d": [
        0.03554089538969981,
        0.01903488846127097,
        0.011021563482343545,
        0.005549276172452017,
        0.002606275599942415
    ],
    "nn.adaptive_avg_pool2d": [
        0.0021520413108355356
    ],
    "nn.batch_matmul": [],
    "nn.softmax": [],
    "nn.batch_norm": [],
    "multiply": [],
    "add": [],
    "squeeze": [],
    "reshape": [],
    "transpose": [],
    "latency": 12.482417424519857,
    "batch_size": 4,
    "model_name": "vgg16",
    "sm_partition": 60
}