{
    "nn.conv2d": [
        0.05304126683974198,
        0.6322521863698274,
        0.3291510718540721,
        0.6563539101818182,
        0.414749429614778,
        0.7205385015119393,
        0.465398460591556,
        0.9214816933521919,
        0.603580640968164,
        0.6010271024587771
    ],
    "nn.conv2d_transpose": [],
    "nn.dense": [
        0.7991063322070738,
        0.1294050480927392,
        0.03201815525596259
    ],
    "nn.layer_norm": [],
    "nn.relu": [
        0.060139003341322876,
        0.05947993080945444,
        0.029195779002537607,
        0.02973345449061381,
        0.015686682364623106,
        0.01564635670301739,
        0.007889967728543161,
        0.008105037923773642,
        0.0024056777501659313,
        0.002298562711525751,
        0.0020162830802857466,
        0.0018818642082666967
    ],
    "nn.bias_add": [
        0.056428622414622036,
        0.05636183303758756,
        0.02931675598735475,
        0.029544848010812075,
        0.01604961331907454,
        0.014866727245306905,
        0.00764843381788393,
        0.007580804322899345,
        0.0026749355531790905,
        0.0025539585683619455,
        0.0021502818933297366,
        0.0019625155314781264,
        0.0021771656677335464
    ],
    "nn.max_pool2d": [
        0.03590328071628819,
        0.019356317570743162,
        0.010255739876078434,
        0.005268799724171691,
        0.0025132128477811707
    ],
    "nn.adaptive_avg_pool2d": [
        0.002191027613910511
    ],
    "nn.batch_matmul": [],
    "nn.softmax": [],
    "nn.batch_norm": [
        0.18433910067409942,
        0.18256519162242305,
        0.10019414696709944,
        0.09969679714062898,
        0.05943834497092357,
        0.058658715513213076,
        0.03709666826443231,
        0.03642499396331213,
        0.01846663266156708,
        0.018441009064088448
    ],
    "multiply": [],
    "add": [],
    "squeeze": [],
    "reshape": [],
    "transpose": [],
    "latency": 7.484170595804851,
    "batch_size": 4,
    "model_name": "vgg13_bn",
    "sm_partition": 100
}