{
    "nn.conv2d": [
        0.055441196701443145,
        0.9805717015351437,
        0.5061364648693136,
        1.005748173872492,
        0.619864626056644,
        1.0365516873230278,
        1.0341541760350357,
        1.0416275211626522,
        0.791430694060047,
        1.5786828684467362,
        1.5876560101093973,
        1.5866052712441667,
        0.6341062837526679,
        0.632606487217623,
        0.6315809853133189,
        0.6291450177039151
    ],
    "nn.conv2d_transpose": [],
    "nn.dense": [
        0.48029381688084904,
        0.06895218429065034,
        0.01938158540466708
    ],
    "nn.layer_norm": [],
    "nn.relu": [
        0.03168760825631688,
        0.03046982474495571,
        0.018356083500362927,
        0.016741318587765258,
        0.00993454969794646,
        0.00965213608758145,
        0.009395760611505412,
        0.009626899126655215,
        0.005294153580970178,
        0.005294153580970178,
        0.005139927708643187,
        0.005294153580970178,
        0.0027556357811360363,
        0.002588991721686612,
        0.002576573534564179,
        0.002588991721686612,
        0.0018715409753550752,
        0.0017433532373170564
    ],
    "nn.bias_add": [
        0.03714840589673649,
        0.035777197686411064,
        0.017420313012685394,
        0.017420313012685394,
        0.009472673254328224,
        0.009382941837701608,
        0.009434617519598185,
        0.009332067329167772,
        0.005819322720244687,
        0.005819322720244687,
        0.005562947244168648,
        0.005601804152261423,
        0.0031405995819314613,
        0.0030252306176972448,
        0.0029863737096044703,
        0.0030252306176972448,
        0.002012547487196896,
        0.0018715409753550752,
        0.002050603221926933
    ],
    "nn.max_pool2d": [
        0.02248372866518714,
        0.01299823663705511,
        0.007729320017011167,
        0.00428147045046983,
        0.002576573534564179
    ],
    "nn.adaptive_avg_pool2d": [
        0.002140735225234915
    ],
    "nn.batch_matmul": [],
    "nn.softmax": [],
    "nn.batch_norm": [
        0.11578877907629144,
        0.11377743334913867,
        0.06491186702236454,
        0.06151449137767566,
        0.04133854258385423,
        0.04004264466962613,
        0.04027338259809457,
        0.04068478511986033,
        0.027969362679851603,
        0.027071647926904103,
        0.02673795922132389,
        0.026749976821764953,
        0.019237774786055678,
        0.01878991887628535,
        0.018918106614323367,
        0.018777500689162917
    ],
    "multiply": [],
    "add": [],
    "squeeze": [],
    "reshape": [],
    "transpose": [],
    "latency": 15.896382331848145,
    "batch_size": 2,
    "model_name": "vgg19_bn",
    "sm_partition": 30
}