{
    "nn.conv2d": [
        0.6528439447321016,
        12.306730984996305,
        6.167725021117103,
        12.326608433285188,
        7.736206913938668,
        12.380456183663808,
        12.37919456544806,
        12.386364583810368,
        7.403526544114594,
        14.772274836409434,
        14.836581808770234,
        14.842791797787378,
        5.202640635229192,
        5.136345918039504,
        5.118264722782417,
        5.1130417518872
    ],
    "nn.conv2d_transpose": [],
    "nn.dense": [
        5.42573414795561,
        0.6560787424051484,
        0.16322812191430897
    ],
    "nn.layer_norm": [],
    "nn.relu": [
        0.3212743986884811,
        0.3187246018734932,
        0.15811439130602417,
        0.15788177375385035,
        0.08086651467991086,
        0.08100402892346112,
        0.08119594911383657,
        0.08088065165821978,
        0.04261956245509168,
        0.042373236317891076,
        0.04193456159703294,
        0.042139761979153104,
        0.012323589545826316,
        0.012351006715879949,
        0.0121595149187866,
        0.012227629450638596,
        0.0023711568163572376,
        0.002234499359371157
    ],
    "nn.bias_add": [
        0.3169973201601143,
        0.3174634120510261,
        0.16860188724482117,
        0.16754632619775628,
        0.08343002007992563,
        0.08458154122217824,
        0.08347157422828819,
        0.08433478669169556,
        0.04569071389438077,
        0.045128233514999186,
        0.04477181030430195,
        0.04582779974464893,
        0.01725910854876249,
        0.01695709128489043,
        0.01699864543325297,
        0.01664222222255573,
        0.0026046311550952128,
        0.0026453285168935754,
        0.002234499359371157
    ],
    "nn.max_pool2d": [
        0.22708271096922214,
        0.11742731094643158,
        0.0611265806345766,
        0.03194100311248341,
        0.008677105928693018
    ],
    "nn.adaptive_avg_pool2d": [
        0.005922108731584906
    ],
    "nn.batch_matmul": [],
    "nn.softmax": [],
    "nn.batch_norm": [],
    "multiply": [],
    "add": [],
    "squeeze": [],
    "reshape": [],
    "transpose": [],
    "latency": 158.52637926737467,
    "batch_size": 4,
    "model_name": "vgg19",
    "sm_partition": 5
}