{
    "nn.conv2d": [
        0.06053229913401898,
        1.0840707409337544,
        0.5593157416635525,
        1.1071306644133805,
        0.6875583063088272,
        1.144433481806894,
        0.8752734309576231,
        1.7452062182555097,
        0.7041750158750285,
        0.6955562458382863
    ],
    "nn.conv2d_transpose": [],
    "nn.dense": [
        0.5279196452486501,
        0.07558015322911289,
        0.020855224530220373
    ],
    "nn.layer_norm": [],
    "nn.relu": [
        0.03466053449480592,
        0.03403837931360967,
        0.018509668588052502,
        0.01862314898660995,
        0.010766508007883879,
        0.010498482319462207,
        0.005806928877155431,
        0.005849760000346373,
        0.00305204869583289,
        0.0029531397103197865,
        0.0021194782609950625,
        0.0019781797102620584
    ],
    "nn.bias_add": [
        0.03977554203134067,
        0.04032660637919939,
        0.019837874964942742,
        0.019357459892450527,
        0.010752378152810575,
        0.010498482319462207,
        0.006357993225014146,
        0.006217136232252183,
        0.003377035362518799,
        0.0032498666668590963,
        0.002274906666801367,
        0.0020201277175109188,
        0.002232075543610425
    ],
    "nn.max_pool2d": [
        0.0250376616319173,
        0.014143984928373713,
        0.008449653333833648,
        0.004535241920558394,
        0.0028255294566890423
    ],
    "nn.adaptive_avg_pool2d": [
        0.0023168546740502272
    ],
    "nn.batch_matmul": [],
    "nn.softmax": [],
    "nn.batch_norm": [
        0.12949835551491412,
        0.1273497344278304,
        0.07104226196072824,
        0.06844281018521202,
        0.04546722427805449,
        0.04395577134318238,
        0.03051651293658953,
        0.030123084784392323,
        0.021206704675168723,
        0.020626939059192367
    ],
    "multiply": [],
    "add": [],
    "squeeze": [],
    "reshape": [],
    "transpose": [],
    "latency": 10.125800768534342,
    "batch_size": 2,
    "model_name": "vgg13_bn",
    "sm_partition": 30
}