{
    "nn.conv2d": [
        0.2945580543215398,
        1.6552944991622363,
        0.8090550390980782,
        1.2663676981067777,
        0.7567257298582768,
        1.2667652047084434,
        1.2762600632507963,
        1.2710052751262118,
        1.0866165718304446,
        1.982213667850156,
        1.951264777792258,
        2.0284920432646008,
        0.8910671062571386,
        0.8648282730548756,
        0.8618203598525273,
        0.8614228532508615
    ],
    "nn.conv2d_transpose": [],
    "nn.dense": [
        1.822613068535188,
        0.22468749222361553,
        0.06120922167188495
    ],
    "nn.layer_norm": [],
    "nn.relu": [
        0.11484316796330737,
        0.11647509677527425,
        0.0597222525323204,
        0.05997706445646511,
        0.032651033711184774,
        0.032760885962927165,
        0.031563836168167284,
        0.03297832547153068,
        0.018917237248504408,
        0.018917237248504408,
        0.018444985815756182,
        0.019134676757107907,
        0.008841407519101648,
        0.008480140835536458,
        0.008515248256196397,
        0.008480140835536458,
        0.00529102804268514,
        0.004963736282339249
    ],
    "nn.bias_add": [
        0.11933691780777969,
        0.11824972026476219,
        0.06417976245869213,
        0.06399856286818921,
        0.03620367818248257,
        0.03573255924717499,
        0.03620367818248257,
        0.035840146504036094,
        0.023302267338674968,
        0.023808493694642486,
        0.02326489492313374,
        0.023555946765379053,
        0.010002217395760953,
        0.009783645389716806,
        0.010182284488823223,
        0.009712298050956287,
        0.005724774562451495,
        0.005544707469389223,
        0.005544707469389223
    ],
    "nn.max_pool2d": [
        0.0738920605096484,
        0.04011758933734555,
        0.020910432744036474,
        0.013697556544579789,
        0.00804526181832946
    ],
    "nn.adaptive_avg_pool2d": [
        0.006558292678764908
    ],
    "nn.batch_matmul": [],
    "nn.softmax": [],
    "nn.batch_norm": [
        0.3839913772091352,
        0.3871080101657854,
        0.22177923879604375,
        0.2190261375178401,
        0.13335610362550213,
        0.13056562993175724,
        0.12925872788525497,
        0.13085441677912127,
        0.09305957969253496,
        0.09110375661254412,
        0.09066548010301519,
        0.09095653194526049,
        0.05764864971850266,
        0.05641875749796411,
        0.056782289176410594,
        0.056599957088467025
    ],
    "multiply": [],
    "add": [],
    "squeeze": [],
    "reshape": [],
    "transpose": [],
    "latency": 24.481687545776367,
    "batch_size": 1,
    "model_name": "vgg19_bn",
    "sm_partition": 10
}