{
    "nn.conv2d": [
        0.35466865064095643,
        6.6830302053536,
        3.35118075167368,
        6.686304252984561,
        4.209234690638137,
        6.773274863690576,
        4.008699273241911,
        8.05519891458671,
        3.0411735521895236,
        3.1169379907768473
    ],
    "nn.conv2d_transpose": [],
    "nn.dense": [
        2.96478406814538,
        0.35746600809837364,
        0.09021489426760146
    ],
    "nn.layer_norm": [],
    "nn.relu": [
        0.17225955149249203,
        0.1713963934806938,
        0.08780400464844088,
        0.08819047248669751,
        0.045776673631094715,
        0.045271149515348656,
        0.025522689486792555,
        0.024674413509680502,
        0.008452995701748204,
        0.008467877736434381,
        0.002321132347459578,
        0.0022169581046563433
    ],
    "nn.bias_add": [
        0.18284021309077952,
        0.18432841655939716,
        0.0919853913316725,
        0.09072041838334749,
        0.04997340741259647,
        0.049705995851829235,
        0.027799640793777544,
        0.02724854044680508,
        0.011191290084004667,
        0.011116414846989841,
        0.0025448279313361674,
        0.0023364794457296973,
        0.002425771653846756
    ],
    "nn.max_pool2d": [
        0.12408594014975502,
        0.06501914448032081,
        0.03326134752360429,
        0.016652996813831412,
        0.005848174568083389
    ],
    "nn.adaptive_avg_pool2d": [
        0.004255796856662513
    ],
    "nn.batch_matmul": [],
    "nn.softmax": [],
    "nn.batch_norm": [],
    "multiply": [],
    "add": [],
    "squeeze": [],
    "reshape": [],
    "transpose": [],
    "latency": 51.3596773147583,
    "batch_size": 2,
    "model_name": "vgg13",
    "sm_partition": 5
}