{
    "nn.conv2d": [
        0.05585549872464921,
        0.9896079618514014,
        0.5106733093483984,
        1.015184497757326,
        0.6279655373321956,
        1.0466906369701543,
        1.0451925936811681,
        1.0521422873656703,
        0.8705330986845906,
        1.4432369453433629,
        1.5912210971495586,
        1.4420356042417666,
        0.6351735839417726,
        0.6299806901477764,
        0.6328480039396572,
        0.6295798394374655
    ],
    "nn.conv2d_transpose": [],
    "nn.dense": [
        0.7895648882898144,
        0.12479738045720984,
        0.03266832369921793
    ],
    "nn.layer_norm": [],
    "nn.relu": [
        0.056436792806066706,
        0.056333451636036924,
        0.027992135755370507,
        0.028057127663084547,
        0.014855293191780488,
        0.015281575518153324,
        0.015151995379170669,
        0.015319924780469061,
        0.008357313449712812,
        0.008138117139844964,
        0.00816354875590698,
        0.008409387711173132,
        0.0026997880670279325,
        0.0026089608668064487,
        0.0025189410194758222,
        0.0025189410194758222,
        0.0019376469380583247,
        0.0018343057680285475
    ],
    "nn.bias_add": [
        0.05443455763673979,
        0.054021596633066105,
        0.029968535632189996,
        0.029684751091053535,
        0.014881128484287933,
        0.014648610851720935,
        0.014906963776795379,
        0.014881128484287933,
        0.0074405642421439665,
        0.0074405642421439665,
        0.007724752459725854,
        0.007518070119666301,
        0.003099831424447891,
        0.0029193880533412097,
        0.0029319020231495033,
        0.002867717468326321,
        0.00202807046183438,
        0.0018984903228517298,
        0.00202807046183438
    ],
    "nn.max_pool2d": [
        0.034800139007527514,
        0.01909187748655593,
        0.010863740499380341,
        0.005373337165102992,
        0.0026089608668064487
    ],
    "nn.adaptive_avg_pool2d": [
        0.0021439256016724507
    ],
    "nn.batch_matmul": [],
    "nn.softmax": [],
    "nn.batch_norm": [
        0.17618095151939864,
        0.1755605008227745,
        0.09899922618274497,
        0.09784794096038196,
        0.05733941333804555,
        0.056835221457704956,
        0.056240606053588306,
        0.05711900599884142,
        0.03744543075442256,
        0.03668450065478924,
        0.03612823451298833,
        0.036451983022222245,
        0.018831909855699776,
        0.018870259118015514,
        0.018521886345610444,
        0.018638145161893944
    ],
    "multiply": [],
    "add": [],
    "squeeze": [],
    "reshape": [],
    "transpose": [],
    "latency": 16.548178990681965,
    "batch_size": 4,
    "model_name": "vgg19_bn",
    "sm_partition": 60
}