{
    "nn.conv2d": [
        0.02550736572561851,
        0.38235874328509384,
        0.20288882620394183,
        0.3932501350961812,
        0.2673607100371473,
        0.43342543440880243,
        0.43138893747844526,
        0.4301261966009395,
        0.2854060223347997,
        0.5645478832255895,
        0.5619700390099475,
        0.5611064611977074,
        0.5397872867461898,
        0.5370680638868461,
        0.5377121221525979,
        0.5368618363495948
    ],
    "nn.conv2d_transpose": [],
    "nn.dense": [
        0.3910331890707291,
        0.06398209343223349,
        0.016910255266452567
    ],
    "nn.layer_norm": [],
    "nn.relu": [
        0.027866093182930908,
        0.027414970445193566,
        0.014886647557173633,
        0.015003053335036211,
        0.007965135838174963,
        0.007939357396018545,
        0.007810867973395142,
        0.007965135838174963,
        0.0032094160484742408,
        0.0030547453955357237,
        0.0030285641652206103,
        0.0030547453955357237,
        0.002178278362217457,
        0.0020751645935917786,
        0.0020876510265112943,
        0.0020876510265112943,
        0.0018818262774186315,
        0.0017787125087929533
    ],
    "nn.bias_add": [
        0.02847228936176546,
        0.02821410215204257,
        0.014410149165438564,
        0.014590598260533497,
        0.007720643425847673,
        0.007217963803797491,
        0.007166004131325958,
        0.007114850035171813,
        0.0035703142386641165,
        0.003454311248960228,
        0.0035956898926618416,
        0.0034027543646473887,
        0.0023716166783906045,
        0.00238410311131012,
        0.002345838236234185,
        0.002255210900528022,
        0.001984537257885616,
        0.0018818262774186315,
        0.0020751645935917786
    ],
    "nn.max_pool2d": [
        0.018328472373214343,
        0.009924297442062857,
        0.0048979040097197266,
        0.0028223366279692534,
        0.0020751645935917786
    ],
    "nn.adaptive_avg_pool2d": [
        0.0018818262774186315
    ],
    "nn.batch_matmul": [],
    "nn.softmax": [],
    "nn.batch_norm": [
        0.09582934477569643,
        0.09441112766893468,
        0.05607818139418,
        0.05522829837933554,
        0.036744752565023985,
        0.035700725657688996,
        0.03508164025777623,
        0.03557102787058951,
        0.021419065914873834,
        0.020466069131403697,
        0.020813675312356675,
        0.020505139582797025,
        0.017294917958005394,
        0.017089898785230123,
        0.01702464710352168,
        0.016998465873206567
    ],
    "multiply": [],
    "add": [],
    "squeeze": [],
    "reshape": [],
    "transpose": [],
    "latency": 7.978690465291341,
    "batch_size": 2,
    "model_name": "vgg19_bn",
    "sm_partition": 80
}