{
    "nn.conv2d": [
        0.049841754199648376,
        0.7650185375420366,
        0.3873601488073672,
        0.7702165665440027,
        0.5044571566463874,
        0.7948164791611788,
        0.8004596443736245,
        0.4457642289379994,
        0.8834640462539793,
        0.8800993401924153,
        0.6000824793179783,
        0.5980928677448526,
        0.5977651525751891
    ],
    "nn.conv2d_transpose": [],
    "nn.dense": [
        0.7848663756328185,
        0.12641827464356936,
        0.032389796300563635
    ],
    "nn.layer_norm": [],
    "nn.relu": [
        0.056793734428015975,
        0.055615841826940744,
        0.02826574023288794,
        0.02803048901871001,
        0.015095354431841495,
        0.01471527029623924,
        0.014990207367417624,
        0.008313573342774805,
        0.007645869027055882,
        0.00793389833971895,
        0.0026315405384216314,
        0.00243515691615136,
        0.00243515691615136,
        0.00193765173973334,
        0.0019114672567639706
    ],
    "nn.bias_add": [
        0.05500050647716056,
        0.054437130960772726,
        0.029051274721969028,
        0.028855300232245154,
        0.014793823745147353,
        0.014571255639907712,
        0.014780731503662667,
        0.007318562989938766,
        0.007396707306300478,
        0.007462168513723901,
        0.0028013305451761368,
        0.0026315405384216314,
        0.00264422364735992,
        0.00212053398797253,
        0.0019638362227027096,
        0.00212053398797253
    ],
    "nn.max_pool2d": [
        0.035073705804924006,
        0.01911467256763971,
        0.010080616810660845,
        0.005092472804995964,
        0.0023304189842738823
    ],
    "nn.adaptive_avg_pool2d": [
        0.0020292974301261337
    ],
    "nn.batch_matmul": [],
    "nn.softmax": [],
    "nn.batch_norm": [],
    "multiply": [],
    "add": [],
    "squeeze": [],
    "reshape": [],
    "transpose": [],
    "latency": 9.593222935994467,
    "batch_size": 4,
    "model_name": "vgg16",
    "sm_partition": 80
}