{
    "nn.conv2d": [
        0.35637622591932716,
        3.3536651233309285,
        4.2076920488368525,
        6.787530631404793,
        4.046784724164775,
        8.048379515969582,
        3.026269063812947,
        3.0319997891518535
    ],
    "nn.conv2d_transpose": [],
    "nn.dense": [
        2.983474686282149,
        0.3579838060143971,
        0.08986075031423545
    ],
    "nn.layer_norm": [],
    "nn.relu": [
        0.17230830503381514,
        0.08799966004792323,
        0.04617327273062089,
        0.04514620766988175,
        0.025572431512316793,
        0.024753291307624027,
        0.00863283535428346,
        0.008335600492955418,
        0.002307175136443017,
        0.0021876299731232885
    ],
    "nn.bias_add": [
        0.18347252085030083,
        0.09245074046740373,
        0.0502815329735775,
        0.05066854299646471,
        0.027418171621471213,
        0.02715024160562622,
        0.011252595509212303,
        0.011044670653165927,
        0.002529984993369671,
        0.0024109049863274513,
        0.002336945138203572
    ],
    "nn.max_pool2d": [
        0.12454280236528209,
        0.06495814384153115,
        0.033282861968300555,
        0.016671200985910836,
        0.00578980018615045
    ],
    "nn.adaptive_avg_pool2d": [
        0.004375725102524085
    ],
    "nn.batch_matmul": [],
    "nn.softmax": [],
    "nn.batch_norm": [],
    "multiply": [],
    "add": [],
    "squeeze": [],
    "reshape": [],
    "transpose": [],
    "latency": 37.42588520050049,
    "batch_size": 2,
    "model_name": "vgg11",
    "sm_partition": 5
}