{
    "nn.conv2d": [
        0.676323852891114,
        12.737794142300196,
        6.390782823541591,
        12.750314276207622,
        8.000677074688747,
        12.840751694362634,
        7.667371214337385,
        15.333934635218274,
        5.299919131579858,
        5.404379720068201
    ],
    "nn.conv2d_transpose": [],
    "nn.dense": [
        5.611685753244049,
        0.6790742500301472,
        0.16846769600183079
    ],
    "nn.layer_norm": [],
    "nn.relu": [
        0.33008665055354086,
        0.32916453416135005,
        0.16346230111178398,
        0.16424217850258443,
        0.08355987441488837,
        0.08364495194843025,
        0.043403721695278515,
        0.042964154438645506,
        0.012832527975899071,
        0.012647750207737816,
        0.0024247097059433608,
        0.0023396321724014884
    ],
    "nn.bias_add": [
        0.32847017741624523,
        0.3278316528025274,
        0.1751741984505612,
        0.17395519691528155,
        0.08782837379305951,
        0.08761523684705096,
        0.047700137139143055,
        0.04795492662761482,
        0.017440894376083822,
        0.017426714787160173,
        0.0027362175501096948,
        0.0026511400165678224,
        0.0022966502934766877
    ],
    "nn.max_pool2d": [
        0.23488489052018577,
        0.12107906670685406,
        0.06355291755577862,
        0.03319397455809998,
        0.008961057087590017
    ],
    "nn.adaptive_avg_pool2d": [
        0.006266935192097395
    ],
    "nn.batch_matmul": [],
    "nn.softmax": [],
    "nn.batch_norm": [],
    "multiply": [],
    "add": [],
    "squeeze": [],
    "reshape": [],
    "transpose": [],
    "latency": 96.62102699279785,
    "batch_size": 4,
    "model_name": "vgg13",
    "sm_partition": 5
}