{
    "nn.conv2d": [
        0.03364091957505953,
        0.5659649272283336,
        0.2982910073408844,
        0.5830516929688537,
        0.40521644619563074,
        0.5899176182399564,
        0.412816962043141,
        0.8193006107211603,
        0.630036250185053,
        0.6281217263067976
    ],
    "nn.conv2d_transpose": [],
    "nn.dense": [
        0.4445150177483262,
        0.07138394047667246,
        0.01992211442582185
    ],
    "nn.layer_norm": [],
    "nn.relu": [
        0.03175518552955983,
        0.03155320685913298,
        0.016855997237337602,
        0.016640073491669703,
        0.009212296640693785,
        0.009341850888094529,
        0.004116496242931238,
        0.003958152162774775,
        0.002605030023255907,
        0.002619874780770575,
        0.0021443926991643776,
        0.0020292333681414944
    ],
    "nn.bias_add": [
        0.0333957561554991,
        0.03267646017774289,
        0.0169716064094973,
        0.016539758918161493,
        0.00891000339675872,
        0.008665289818335097,
        0.004490764068755606,
        0.004404844411625253,
        0.002893378191949921,
        0.002735034111793458,
        0.002231212038568347,
        0.0021592374566790453,
        0.002417896110343723
    ],
    "nn.max_pool2d": [
        0.021044917903294956,
        0.012106124673780515,
        0.005973440455675218,
        0.003469174847064333,
        0.0026338198560116274
    ],
    "nn.adaptive_avg_pool2d": [
        0.0023891062775880023
    ],
    "nn.batch_matmul": [],
    "nn.softmax": [],
    "nn.batch_norm": [
        0.11062223331703558,
        0.10994522240613935,
        0.06375328527299605,
        0.06277398111816473,
        0.04152573502103252,
        0.04037594107535091,
        0.02600891484797272,
        0.02438138961500089,
        0.019948205211756727,
        0.019647261491232082
    ],
    "multiply": [],
    "add": [],
    "squeeze": [],
    "reshape": [],
    "transpose": [],
    "latency": 6.234340667724609,
    "batch_size": 2,
    "model_name": "vgg13_bn",
    "sm_partition": 60
}