{
    "nn.conv2d": [
        0.2893910904576,
        1.641475335224402,
        0.8024253549300595,
        1.2644135972028046,
        0.7527153565271597,
        1.2716603434801308,
        1.0771100451621825,
        1.9613279935485,
        0.8868122677826619,
        0.8830283690191706
    ],
    "nn.conv2d_transpose": [],
    "nn.dense": [
        1.8163795500546198,
        0.22450494315867334,
        0.06109999554420976
    ],
    "nn.layer_norm": [],
    "nn.relu": [
        0.11347753555828775,
        0.11488452857871066,
        0.06099185196537822,
        0.06174998351281185,
        0.03233493007063177,
        0.03218961213657689,
        0.019033269874351815,
        0.018276264822531006,
        0.008578264091689694,
        0.008435199148860465,
        0.005297908867132847,
        0.004937430271027698
    ],
    "nn.bias_add": [
        0.11888471449986497,
        0.11874052306142292,
        0.06466986014126354,
        0.06448962084321097,
        0.035686254518796826,
        0.0350745674010309,
        0.02386255656654797,
        0.023898604426158484,
        0.010020178476110286,
        0.0099852571121126,
        0.0057316096780718525,
        0.005443226801187735,
        0.0056944353228485095
    ],
    "nn.max_pool2d": [
        0.07397020792077638,
        0.039904980588839886,
        0.0209438064337091,
        0.013336581560277649,
        0.008074720552755316
    ],
    "nn.adaptive_avg_pool2d": [
        0.006488614729892664
    ],
    "nn.batch_matmul": [],
    "nn.softmax": [],
    "nn.batch_norm": [
        0.3847320466493475,
        0.3824272366255002,
        0.22262482198086245,
        0.22237473995481447,
        0.1324679985993521,
        0.12965964503657043,
        0.09270833594456711,
        0.0900058729693913,
        0.05673369854888615,
        0.05605104220751203
    ],
    "multiply": [],
    "add": [],
    "squeeze": [],
    "reshape": [],
    "transpose": [],
    "latency": 15.454360644022623,
    "batch_size": 1,
    "model_name": "vgg13_bn",
    "sm_partition": 10
}