{
    "nn.conv2d": [
        0.027072305402596645,
        0.2115845429682407,
        0.2755778194993406,
        0.4480754573888986,
        0.2973480514967619,
        0.5865357443639697,
        0.5615496299933483,
        0.55938328071547
    ],
    "nn.conv2d_transpose": [],
    "nn.dense": [
        0.402036797284693,
        0.06537548711330453,
        0.017383540840797178
    ],
    "nn.layer_norm": [],
    "nn.relu": [
        0.028640998121643127,
        0.015203901076551481,
        0.008160358629554006,
        0.00812007184275297,
        0.0033757835373073577,
        0.0032424633459348603,
        0.0023391256006539173,
        0.0021663492778783437,
        0.0020729005456079012,
        0.0018203813046282168
    ],
    "nn.bias_add": [
        0.029690946544663928,
        0.01512457348604635,
        0.007655320147594636,
        0.007694776278997715,
        0.0039069876643024505,
        0.003455526455511469,
        0.00257793902756727,
        0.0023254197865875854,
        0.002086606359674233,
        0.0019404110096333629,
        0.0021260624910773083
    ],
    "nn.max_pool2d": [
        0.018938943073476315,
        0.011150302734509182,
        0.0052759077601396845,
        0.0030165250776898796,
        0.0021397683051436397
    ],
    "nn.adaptive_avg_pool2d": [
        0.0019404110096333629
    ],
    "nn.batch_matmul": [],
    "nn.softmax": [],
    "nn.batch_norm": [],
    "multiply": [],
    "add": [],
    "squeeze": [],
    "reshape": [],
    "transpose": [],
    "latency": 3.6498387654622397,
    "batch_size": 2,
    "model_name": "vgg11",
    "sm_partition": 80
}