{
    "nn.conv2d": [
        0.17320093737572256,
        1.6056022632525186,
        2.0165413523141855,
        3.2570643518840403,
        1.9181591282363923,
        3.818852604632757,
        1.6631243428880516,
        1.6709841282993907
    ],
    "nn.conv2d_transpose": [],
    "nn.dense": [
        1.4630349902693816,
        0.18220115533456602,
        0.04766268594039911
    ],
    "nn.layer_norm": [],
    "nn.relu": [
        0.08935383642267865,
        0.045141498124072074,
        0.02492974104904804,
        0.025676678151755263,
        0.013859490565730761,
        0.0136904723880999,
        0.004704339277392352,
        0.0045630506445290524,
        0.002112727220385787,
        0.0019718787390267346
    ],
    "nn.bias_add": [
        0.0923402643789948,
        0.053874544119837574,
        0.026733041761948156,
        0.026071053899560614,
        0.014028508743361626,
        0.01440835949152682,
        0.005873381672672488,
        0.0058588566730323356,
        0.002295830246152555,
        0.002084557524113976,
        0.002295830246152555
    ],
    "nn.max_pool2d": [
        0.06426916204413564,
        0.034239825666881406,
        0.019098613920783266,
        0.01052094140601697,
        0.0038451635411021327
    ],
    "nn.adaptive_avg_pool2d": [
        0.0029437332604041965
    ],
    "nn.batch_matmul": [],
    "nn.softmax": [],
    "nn.batch_norm": [],
    "multiply": [],
    "add": [],
    "squeeze": [],
    "reshape": [],
    "transpose": [],
    "latency": 18.42494487762451,
    "batch_size": 4,
    "model_name": "vgg11",
    "sm_partition": 20
}