{
    "nn.conv2d": [
        0.06108183248882806,
        1.0767831188052819,
        0.5548149988310346,
        1.1073597405598903,
        0.6817185155239505,
        1.1357064108189199,
        0.8655677208805932,
        1.5682030938121925,
        0.6866953817301937,
        0.6853214862704421
    ],
    "nn.conv2d_transpose": [],
    "nn.dense": [
        0.8594837648061123,
        0.13569276755820234,
        0.03538437965490038
    ],
    "nn.layer_norm": [],
    "nn.relu": [
        0.060969677757419745,
        0.06122202590308843,
        0.03096872521011797,
        0.030912647844413818,
        0.01655684222415089,
        0.01662650082686152,
        0.008887824359688535,
        0.008887824359688535,
        0.002915584912196343,
        0.0028034301807880386,
        0.0020884437680601,
        0.001892172988095568
    ],
    "nn.bias_add": [
        0.05921769818358456,
        0.058656924526543044,
        0.03239825993115427,
        0.031431363477177225,
        0.016346552102760318,
        0.016332532761334284,
        0.008313031361220979,
        0.008299450124214503,
        0.0032805258936928947,
        0.0031819523992910642,
        0.002201036603887968,
        0.0020884437680601,
        0.0021449592381838157
    ],
    "nn.max_pool2d": [
        0.03828682143450981,
        0.02081872201766645,
        0.011804285480724003,
        0.0060703748374744595,
        0.0028034301807880386
    ],
    "nn.adaptive_avg_pool2d": [
        0.00229873388945067
    ],
    "nn.batch_matmul": [],
    "nn.softmax": [],
    "nn.batch_norm": [
        0.19152917583159434,
        0.18958092547779462,
        0.10877344149811155,
        0.106840086694577,
        0.06251005289660569,
        0.06124743595942311,
        0.03989685517640636,
        0.03928000415366068,
        0.020703500555321195,
        0.020198804263983825
    ],
    "multiply": [],
    "add": [],
    "squeeze": [],
    "reshape": [],
    "transpose": [],
    "latency": 10.646686553955078,
    "batch_size": 4,
    "model_name": "vgg13_bn",
    "sm_partition": 60
}