{
    "nn.conv2d": [
        0.058205190670793105,
        1.0286543078187778,
        0.531617744287429,
        1.0580060634543864,
        0.6527478855822739,
        1.0874376512266566,
        0.8320958226221218,
        1.499378199106481,
        0.664915983886055,
        0.6623071536937837
    ],
    "nn.conv2d_transpose": [],
    "nn.dense": [
        0.82064033118033,
        0.13040705574405692,
        0.03394924636903307
    ],
    "nn.layer_norm": [],
    "nn.relu": [
        0.05854132598305225,
        0.057169473739894616,
        0.028800073554363325,
        0.029068561635030316,
        0.015690796376256772,
        0.01595928445692376,
        0.008578173168853315,
        0.008551282343872585,
        0.002944125166249764,
        0.0027294187355442366,
        0.001989921048574123,
        0.0018554669236704668
    ],
    "nn.bias_add": [
        0.05730392786479829,
        0.05680644760265476,
        0.031448819814965376,
        0.03002360609098661,
        0.01598617528190449,
        0.015502560601391652,
        0.008121029144180883,
        0.007731112181960276,
        0.0031054701161341526,
        0.0030785792911534205,
        0.0021239550043374565,
        0.0018953829920012398,
        0.0020840389360066835
    ],
    "nn.max_pool2d": [
        0.03653076556718328,
        0.019912235729091274,
        0.011307591904397554,
        0.005727745720895788,
        0.0026756370855827746
    ],
    "nn.adaptive_avg_pool2d": [
        0.0021916022359296087
    ],
    "nn.batch_matmul": [],
    "nn.softmax": [],
    "nn.batch_norm": [],
    "multiply": [],
    "add": [],
    "squeeze": [],
    "reshape": [],
    "transpose": [],
    "latency": 9.607450167338053,
    "batch_size": 4,
    "model_name": "vgg13",
    "sm_partition": 60
}