{
    "nn.conv2d": [
        0.36059303620260996,
        3.3981761725803583,
        4.245685404053108,
        6.865263411052646,
        4.072032621895673,
        8.14250060094536,
        3.064235207122492,
        3.148616344075057
    ],
    "nn.conv2d_transpose": [],
    "nn.dense": [
        3.0071236269551824,
        0.36188726436977425,
        0.09089648470979435
    ],
    "nn.layer_norm": [],
    "nn.relu": [
        0.17383290184785055,
        0.08913620272225944,
        0.047118934783622196,
        0.04684757953200381,
        0.025402990071783545,
        0.02534279341284567,
        0.008773663040195383,
        0.008307138933426848,
        0.0023326205338426833,
        0.0021369813922945875
    ],
    "nn.bias_add": [
        0.1842916010519085,
        0.09279267946633744,
        0.05000790412624228,
        0.051031247328186174,
        0.02738947981673345,
        0.02802107444918318,
        0.01106113607983466,
        0.010955791926693378,
        0.0025433088401252486,
        0.0023471994121792,
        0.0023471994121792
    ],
    "nn.max_pool2d": [
        0.12606638269424825,
        0.0652381291239228,
        0.03336352792991965,
        0.016855064502605197,
        0.005853654795310459
    ],
    "nn.adaptive_avg_pool2d": [
        0.004258913619854705
    ],
    "nn.batch_matmul": [],
    "nn.softmax": [],
    "nn.batch_norm": [
        0.5565463290645379,
        0.2891668786544327,
        0.16109848676410213,
        0.15997073998181285,
        0.09182812206413758,
        0.09112081132161752,
        0.04219409562426726,
        0.04135134239913699
    ],
    "multiply": [],
    "add": [],
    "squeeze": [],
    "reshape": [],
    "transpose": [],
    "latency": 38.928847312927246,
    "batch_size": 2,
    "model_name": "vgg11_bn",
    "sm_partition": 5
}