{
    "nn.conv2d": [
        0.32522435910799663,
        6.086699490859797,
        3.060418395291742,
        6.108979002578502,
        3.8299284755855107,
        6.171785559877675,
        6.175818806716311,
        6.177510782317206,
        3.6818061635806387,
        7.322017644976642,
        7.351119625312059,
        7.3288528034103635,
        2.8281304489958803,
        2.8267362611007423,
        2.830931937597065,
        2.919740775930814
    ],
    "nn.conv2d_transpose": [],
    "nn.dense": [
        2.731999163255352,
        0.3276206195527661,
        0.08270334437791438
    ],
    "nn.layer_norm": [],
    "nn.relu": [
        0.16241569888734422,
        0.16186115388415043,
        0.08124190045264015,
        0.08132311528148319,
        0.04250200410061661,
        0.04242121226567381,
        0.04380144136210502,
        0.042813750605081774,
        0.02348462134044163,
        0.02230658332831753,
        0.022956301959061738,
        0.022361149541446437,
        0.007092338725057362,
        0.006889301652949798,
        0.00690283745775697,
        0.006929909067371311,
        0.002070978135497158,
        0.0020164119223682504
    ],
    "nn.bias_add": [
        0.16029100052651862,
        0.15985785477268913,
        0.08777927118060351,
        0.0887678079254272,
        0.04501966379475041,
        0.04458651804092094,
        0.04377436975249068,
        0.04409922906786279,
        0.023795521857106334,
        0.02421555480002886,
        0.024188060196514292,
        0.024364025659007513,
        0.009704749052841362,
        0.009298674908626231,
        0.009339705316947966,
        0.009312633707333625,
        0.0023146226220262358,
        0.002152192964340184,
        0.002152192964340184
    ],
    "nn.max_pool2d": [
        0.1152032347138321,
        0.060329082025561004,
        0.03202571417376651,
        0.01721754371472147,
        0.005400786118061216
    ],
    "nn.adaptive_avg_pool2d": [
        0.0037760665473004756
    ],
    "nn.batch_matmul": [],
    "nn.softmax": [],
    "nn.batch_norm": [],
    "multiply": [],
    "add": [],
    "squeeze": [],
    "reshape": [],
    "transpose": [],
    "latency": 80.00004450480144,
    "batch_size": 4,
    "model_name": "vgg19",
    "sm_partition": 10
}