{
    "nn.conv2d": [
        0.17882820121079526,
        1.6769534570323974,
        2.1076863928801752,
        3.348522666161721,
        2.0061121033252087,
        3.9749730822502167,
        1.711777968809217,
        1.7613580140333298
    ],
    "nn.conv2d_transpose": [],
    "nn.dense": [
        1.4794406144774879,
        0.1796226662758206,
        0.046269774119840665
    ],
    "nn.layer_norm": [],
    "nn.relu": [
        0.08784723894937545,
        0.04582840463927104,
        0.024790252491994246,
        0.02486335431221359,
        0.013490734029536112,
        0.013505906105430694,
        0.005104713898713133,
        0.005090001582694144,
        0.002250984350905115,
        0.0020302996106203
    ],
    "nn.bias_add": [
        0.09508569843071739,
        0.048388347626574894,
        0.026187922513798072,
        0.025804942537428797,
        0.014697603702968695,
        0.01490357612723452,
        0.006311583572145716,
        0.006135035779917863,
        0.002368682879057017,
        0.002250984350905115,
        0.002412360067238386
    ],
    "nn.max_pool2d": [
        0.06392455334262587,
        0.03413211340417583,
        0.018169250523574192,
        0.009489443832247056,
        0.00400174995716465
    ],
    "nn.adaptive_avg_pool2d": [
        0.003016024783892475
    ],
    "nn.batch_matmul": [],
    "nn.softmax": [],
    "nn.batch_norm": [
        0.29412632305222375,
        0.1549629855884949,
        0.09055200629749122,
        0.08937318197646982,
        0.05482866396388675,
        0.05437304192717373,
        0.029598881030825246,
        0.029216360814331564
    ],
    "multiply": [],
    "add": [],
    "squeeze": [],
    "reshape": [],
    "transpose": [],
    "latency": 19.669349988301594,
    "batch_size": 2,
    "model_name": "vgg11_bn",
    "sm_partition": 10
}