{
    "nn.conv2d": [
        0.08120305154533942,
        0.4825280155020722,
        0.2403060253601411,
        0.3726094605148782,
        0.22956673566455685,
        0.37102755370520646,
        0.29639031423069223,
        0.5803665548517726,
        0.26997876218398464,
        0.26638351943473054
    ],
    "nn.conv2d_transpose": [],
    "nn.dense": [
        0.7503496320365045,
        0.12367635057433954,
        0.037534334302212355
    ],
    "nn.layer_norm": [],
    "nn.relu": [
        0.05541317689069033,
        0.05541317689069033,
        0.03029441421590199,
        0.03130258020350532,
        0.013900107279303495,
        0.013133122159462628,
        0.010210489407881518,
        0.00948994284021852,
        0.007668353180596465,
        0.007334295208478274,
        0.006949304630745653,
        0.00656581207082522
    ],
    "nn.bias_add": [
        0.057332137708104684,
        0.0568033374204019,
        0.02962330223604123,
        0.029864483103803696,
        0.01500264838907474,
        0.01500264838907474,
        0.011121284237692548,
        0.010737791677772114,
        0.008387401730447275,
        0.007572480040616355,
        0.007284860620676033,
        0.007334295208478274,
        0.007334295208478274
    ],
    "nn.max_pool2d": [
        0.037676645994370324,
        0.020802973357871287,
        0.011071849649890305,
        0.00948994284021852,
        0.008005407188339033
    ],
    "nn.adaptive_avg_pool2d": [
        0.007284860620676033
    ],
    "nn.batch_matmul": [],
    "nn.softmax": [],
    "nn.batch_norm": [
        0.20994869439612718,
        0.20879971473417808,
        0.13823708370881843,
        0.13440515414523851,
        0.08469642908336461,
        0.08080907286073367,
        0.07386276426561239,
        0.0696907846586655,
        0.06278791858009772,
        0.061303382928218235
    ],
    "multiply": [],
    "add": [],
    "squeeze": [],
    "reshape": [],
    "transpose": [],
    "latency": 5.673823356628418,
    "batch_size": 1,
    "model_name": "vgg13_bn",
    "sm_partition": 60
}