{
    "nn.conv2d": [
        0.08698643224794816,
        0.26421348429342206,
        0.25341207224568013,
        0.40180040280446455,
        0.32676729290000495,
        0.6239650648938282,
        0.29436305675677926,
        0.290432142390497
    ],
    "nn.conv2d_transpose": [],
    "nn.dense": [
        0.8258885493397217,
        0.13486034847957362,
        0.04100341855016585
    ],
    "nn.layer_norm": [],
    "nn.relu": [
        0.06124295762991523,
        0.03397561875150611,
        0.0152583053684121,
        0.013998249867090267,
        0.01127167983562144,
        0.010485169249620814,
        0.008492675765085902,
        0.007706165179085279,
        0.007655369703739404,
        0.0072866928665516134
    ],
    "nn.bias_add": [
        0.06396788909766324,
        0.032089631908825446,
        0.016567517781358974,
        0.01609724999347943,
        0.013108509766677061,
        0.012269565141609732,
        0.00917431827295311,
        0.008597543843219318,
        0.008127276055339779,
        0.007811033257218695,
        0.008492675765085902
    ],
    "nn.max_pool2d": [
        0.04184236317523319,
        0.020921181587616595,
        0.01263660341507669,
        0.010067335500807984,
        0.008861352602273696
    ],
    "nn.adaptive_avg_pool2d": [
        0.007706165179085279
    ],
    "nn.batch_matmul": [],
    "nn.softmax": [],
    "nn.batch_norm": [
        0.2325875659175928,
        0.14968935015312707,
        0.09295571988294873,
        0.08922798741804994,
        0.08016181435067188,
        0.07675196324761503,
        0.06815114227695404,
        0.06700087054492815
    ],
    "multiply": [],
    "add": [],
    "squeeze": [],
    "reshape": [],
    "transpose": [],
    "latency": 4.781908988952637,
    "batch_size": 1,
    "model_name": "vgg11_bn",
    "sm_partition": 60
}