{
    "nn.conv2d": [
        0.09393330009525691,
        0.8761911145814837,
        1.0884479923422152,
        1.7663687866141122,
        1.0225027981004282,
        2.035455891831832,
        0.8123446535049277,
        0.8138732620580857
    ],
    "nn.conv2d_transpose": [],
    "nn.dense": [
        0.7756767869181104,
        0.09855051305876461,
        0.026998234608351383
    ],
    "nn.layer_norm": [],
    "nn.relu": [
        0.048630645628632854,
        0.02659394739370983,
        0.01475109596133623,
        0.014076034691001958,
        0.00807965421891406,
        0.00809464517009428,
        0.0036727830391538375,
        0.003582837332072519,
        0.002218660774672522,
        0.002218660774672522
    ],
    "nn.bias_add": [
        0.05683022745698867,
        0.027882700727984346,
        0.014975960229039525,
        0.015080428420076682,
        0.008919147485006367,
        0.00870974263570767,
        0.0044223305981648245,
        0.00413750252574065,
        0.0023081380145294587,
        0.002158696969951643,
        0.0023235974329340607
    ],
    "nn.max_pool2d": [
        0.03594830093016695,
        0.019728091753169186,
        0.011033340068641732,
        0.006115839614305275,
        0.0031630906990263662
    ],
    "nn.adaptive_avg_pool2d": [
        0.002638407407718675
    ],
    "nn.batch_matmul": [],
    "nn.softmax": [],
    "nn.batch_norm": [],
    "multiply": [],
    "add": [],
    "squeeze": [],
    "reshape": [],
    "transpose": [],
    "latency": 9.770480791727701,
    "batch_size": 2,
    "model_name": "vgg11",
    "sm_partition": 20
}