{
    "nn.conv2d": [
        0.2895056102135145,
        1.6313554777499537,
        0.7969975470060465,
        1.2555120625210303,
        0.747122271888857,
        1.2623791273696503,
        1.2538208609832833,
        1.0713284159798684,
        1.9429051414956848,
        1.9389148048441631,
        0.8831903918896483,
        0.88851233905428,
        0.8846287559881973
    ],
    "nn.conv2d_transpose": [],
    "nn.dense": [
        1.816257182618438,
        0.22334198540220876,
        0.06080571854421046
    ],
    "nn.layer_norm": [],
    "nn.relu": [
        0.11165188942792051,
        0.11283853980922354,
        0.06037420931464574,
        0.06084167764667418,
        0.0322912740124269,
        0.03261378221264845,
        0.032255314909963174,
        0.018518937768819438,
        0.018159346744182164,
        0.018267224051573345,
        0.008738061898685675,
        0.008233510742241506,
        0.00819867536172977,
        0.005250028959704149,
        0.00489043793506688
    ],
    "nn.bias_add": [
        0.11877291543769049,
        0.11740534582211684,
        0.06490617994702733,
        0.06400720238543417,
        0.0364265707957555,
        0.035706265024528984,
        0.03531183861937997,
        0.023768966728523588,
        0.023228456469615688,
        0.023012701854833322,
        0.00992471227998867,
        0.00988762945557295,
        0.009743793045718041,
        0.005680414467316883,
        0.005393865369559058,
        0.0056455790868051485
    ],
    "nn.max_pool2d": [
        0.07400383287035028,
        0.039267339890389955,
        0.02092819763388915,
        0.013520622526361374,
        0.007982920746947406
    ],
    "nn.adaptive_avg_pool2d": [
        0.006184965623761053
    ],
    "nn.batch_matmul": [],
    "nn.softmax": [],
    "nn.batch_norm": [
        0.38245314775053707,
        0.37752562699105446,
        0.22211263358673008,
        0.21919994628716824,
        0.13243400320805077,
        0.1299146185916859,
        0.1286920091079192,
        0.09291157843455877,
        0.08956962934933614,
        0.08960558845179985,
        0.05716935430756607,
        0.05580066097004047,
        0.05591190944328761
    ],
    "multiply": [],
    "add": [],
    "squeeze": [],
    "reshape": [],
    "transpose": [],
    "latency": 19.812240600585938,
    "batch_size": 1,
    "model_name": "vgg16_bn",
    "sm_partition": 10
}