{
    "nn.conv2d": [
        0.328801304001541,
        6.158230025076678,
        3.095264396521783,
        6.175904742659575,
        3.880448677007791,
        6.234058941146333,
        6.200487494332593,
        6.272226481437573,
        3.722251746567687,
        7.383530762019358,
        7.419523162917657,
        7.412696782055532,
        2.7851223513810366,
        2.858980902383461,
        2.9478884425585137,
        2.863933534039756
    ],
    "nn.conv2d_transpose": [],
    "nn.dense": [
        2.759471695186875,
        0.33068958833696216,
        0.08339359601425085
    ],
    "nn.layer_norm": [],
    "nn.relu": [
        0.16462616026133983,
        0.16221888629875056,
        0.08102736241756617,
        0.0816699006462594,
        0.04328390590734077,
        0.042148028280169815,
        0.04387172364816126,
        0.04220274876804255,
        0.02305100551639355,
        0.02243540002782517,
        0.023693971248898296,
        0.023173699110295716,
        0.007058515431772511,
        0.006962754577995209,
        0.006962754577995209,
        0.006962754577995209,
        0.002106311279289151,
        0.0020379106694482204
    ],
    "nn.bias_add": [
        0.1614254392245958,
        0.16228685940478,
        0.08897551328108226,
        0.08924868821663448,
        0.04447407651857295,
        0.04491184042155491,
        0.044966560909427654,
        0.0452264832268232,
        0.02437754984349609,
        0.024254428745782416,
        0.023940213444325644,
        0.024282216493530295,
        0.009658166109539373,
        0.009343523304271094,
        0.009603018117855125,
        0.009535045011825699,
        0.002243112498971012,
        0.0022157522550346393,
        0.0022157522550346393
    ],
    "nn.max_pool2d": [
        0.11674616087650004,
        0.060876115254616545,
        0.03212049887748941,
        0.017523808737434865,
        0.005416900795590182
    ],
    "nn.adaptive_avg_pool2d": [
        0.0038714745169966605
    ],
    "nn.batch_matmul": [],
    "nn.softmax": [],
    "nn.batch_norm": [
        0.5010592623058826,
        0.49663930039872395,
        0.271862498850893,
        0.27086342244340383,
        0.14634652478516266,
        0.14458136154745513,
        0.1451144588004029,
        0.1441589877816874,
        0.08447218813068001,
        0.08277713551805944,
        0.08395277099970044,
        0.08378689952083619,
        0.03419731239378466,
        0.03408787141803917,
        0.03422424513390954,
        0.034088726425662186
    ],
    "multiply": [],
    "add": [],
    "squeeze": [],
    "reshape": [],
    "transpose": [],
    "latency": 82.60314146677653,
    "batch_size": 4,
    "model_name": "vgg19_bn",
    "sm_partition": 10
}