{
    "nn.conv2d": [
        0.15504469137025578,
        0.43002751558980856,
        0.40600490739580014,
        0.6796418476992309,
        0.5806404440565127,
        1.0561724652154643,
        0.459139495790689,
        0.45601500072465356
    ],
    "nn.conv2d_transpose": [],
    "nn.dense": [
        0.9494285378122358,
        0.12455275424271839,
        0.03678067910523228
    ],
    "nn.layer_norm": [],
    "nn.relu": [
        0.06429236357799788,
        0.03576303185726142,
        0.019588573756421104,
        0.019443195578139554,
        0.012284456064791015,
        0.011811976985375977,
        0.007087186191225587,
        0.006542018022669773,
        0.005451681685558143,
        0.005088236239854268
    ],
    "nn.bias_add": [
        0.06643669170765075,
        0.03688971273894344,
        0.0217340376530918,
        0.021260422806658935,
        0.014827438417700326,
        0.014646851461866214,
        0.007703907681904352,
        0.0072677731470597,
        0.005668613185962644,
        0.005378992596417369,
        0.005668613185962644
    ],
    "nn.max_pool2d": [
        0.043976898930169026,
        0.024313364550571495,
        0.013338447857332259,
        0.009811891266986832,
        0.006687396200951322
    ],
    "nn.adaptive_avg_pool2d": [
        0.005633404408410082
    ],
    "nn.batch_matmul": [],
    "nn.softmax": [],
    "nn.batch_norm": [],
    "multiply": [],
    "add": [],
    "squeeze": [],
    "reshape": [],
    "transpose": [],
    "latency": 5.836477279663086,
    "batch_size": 1,
    "model_name": "vgg11",
    "sm_partition": 20
}