{
    "nn.conv2d": [
        0.08901036528894533,
        1.6095769178807835,
        0.8204978132007249,
        1.6298897215610655,
        1.0400661708593042,
        1.6695223846076492,
        1.6641179305558422,
        1.667067950381529,
        0.9679500438267944,
        1.9317589779298376,
        1.9286094826839315,
        1.937021582793933,
        0.7694179207058257,
        0.7662551270985716,
        0.7687516728022936,
        0.7675601396255173
    ],
    "nn.conv2d_transpose": [],
    "nn.dense": [
        0.7361263596286562,
        0.09337932027045849,
        0.02548985575303896
    ],
    "nn.layer_norm": [],
    "nn.relu": [
        0.04529244563627131,
        0.045746363036948005,
        0.025121047864989143,
        0.025050123271133415,
        0.013901220395723732,
        0.014028441385952451,
        0.013617078741589201,
        0.013829852523156402,
        0.007943554511842133,
        0.007545933507538428,
        0.007673597776478749,
        0.007560118426309575,
        0.0035032316577616276,
        0.003304642794965575,
        0.0034606769014481884,
        0.0034039372263636016,
        0.0020563699431046683,
        0.0019428905929354948
    ],
    "nn.bias_add": [
        0.054171761508297514,
        0.054100836914441786,
        0.026142362016511708,
        0.026454430229476935,
        0.014269585005061947,
        0.013957960070808318,
        0.013957960070808318,
        0.014099809258519787,
        0.008369102074976532,
        0.008369102074976532,
        0.008241437806036212,
        0.008283992562349653,
        0.004014332012234507,
        0.0039292224996076265,
        0.0039004093833537343,
        0.0039004093833537343,
        0.0022124040495872816,
        0.002113109618189255,
        0.002354253237298748
    ],
    "nn.max_pool2d": [
        0.0338305879904732,
        0.01869572294037131,
        0.010368732342996614,
        0.005801631777398986,
        0.00302138769825424
    ],
    "nn.adaptive_avg_pool2d": [
        0.002496545703721813
    ],
    "nn.batch_matmul": [],
    "nn.softmax": [],
    "nn.batch_norm": [],
    "multiply": [],
    "add": [],
    "squeeze": [],
    "reshape": [],
    "transpose": [],
    "latency": 21.47583802541097,
    "batch_size": 2,
    "model_name": "vgg19",
    "sm_partition": 20
}