{
    "nn.conv2d": [
        0.07385324313994586,
        0.45650765094715917,
        0.23000512511039328,
        0.32971720751110734,
        0.2158835607248688,
        0.32716865588425204,
        0.2611717877138114,
        0.44987079775222355,
        0.2560763436733995,
        0.2504466329507953
    ],
    "nn.conv2d_transpose": [],
    "nn.dense": [
        0.8145791545203306,
        0.13629275799790103,
        0.04152015358751781
    ],
    "nn.layer_norm": [],
    "nn.relu": [
        0.06057953675007444,
        0.06004858849447958,
        0.03307807632355958,
        0.03243927920354702,
        0.013857749471025763,
        0.012369435142061432,
        0.01040492659636046,
        0.009714693864087147,
        0.008174943922862062,
        0.007433275578327998,
        0.00775184453168491,
        0.007378521539469777
    ],
    "nn.bias_add": [
        0.06259879933463362,
        0.06132286430790723,
        0.02999691722781068,
        0.03084809365006118,
        0.015608219501190058,
        0.01459941781555983,
        0.011413728281990687,
        0.011203008193051478,
        0.00870589217845692,
        0.00801731865948234,
        0.00812350831060131,
        0.007803280143945663,
        0.008174943922862062
    ],
    "nn.max_pool2d": [
        0.040509692688588846,
        0.019485800980331244,
        0.011574671971967881,
        0.009396124910730231,
        0.008548266915077195
    ],
    "nn.adaptive_avg_pool2d": [
        0.007803280143945663
    ],
    "nn.batch_matmul": [],
    "nn.softmax": [],
    "nn.batch_norm": [
        0.23036517439621854,
        0.2262818504680343,
        0.1483950597988663,
        0.14270893582410513,
        0.08913625683458405,
        0.08424821445651393,
        0.07814396873047179,
        0.0733654344301181,
        0.06805429266087078,
        0.06662736922395959
    ],
    "multiply": [],
    "add": [],
    "squeeze": [],
    "reshape": [],
    "transpose": [],
    "latency": 5.525903701782227,
    "batch_size": 1,
    "model_name": "vgg13_bn",
    "sm_partition": 80
}