{
    "nn.conv2d": [
        0.6852594977679529,
        12.893364696584316,
        6.455179727136912,
        12.911364585754578,
        8.085943379260991,
        12.995560396151141,
        7.754073116203237,
        15.521606644339863,
        5.375660436252962,
        5.3602175943870165
    ],
    "nn.conv2d_transpose": [],
    "nn.dense": [
        5.68918559079758,
        0.6875296853062114,
        0.17103441178339088
    ],
    "nn.layer_norm": [],
    "nn.relu": [
        0.3390098839018237,
        0.33468588817935885,
        0.16652366541510524,
        0.16570528458017442,
        0.08511519819137699,
        0.08482788950549892,
        0.043900318282346765,
        0.04375666393940774,
        0.012986352601688575,
        0.012785236521573927,
        0.002499585567139172,
        0.0023128349213184297
    ],
    "nn.bias_add": [
        0.33217148825810405,
        0.3313813893719394,
        0.1778584419928166,
        0.176464994866308,
        0.08830432460462352,
        0.08807402873609937,
        0.048741469639392174,
        0.048354051833278476,
        0.017583291575737625,
        0.01743963723279859,
        0.0028012596873111415,
        0.002714618161726037,
        0.0022980205672028416
    ],
    "nn.max_pool2d": [
        0.23820718254168266,
        0.1226659945158185,
        0.06371070109346108,
        0.03357201994485199,
        0.009136416210922493
    ],
    "nn.adaptive_avg_pool2d": [
        0.0060622132720271876
    ],
    "nn.batch_matmul": [],
    "nn.softmax": [],
    "nn.batch_norm": [
        1.0152748241225065,
        1.011138027965684,
        0.534434558517154,
        0.5319066910012487,
        0.27483769323167095,
        0.2742617291004498,
        0.15250030802532555,
        0.1513667854755722,
        0.05399697399185237,
        0.05349418379156575
    ],
    "multiply": [],
    "add": [],
    "squeeze": [],
    "reshape": [],
    "transpose": [],
    "latency": 100.47435601552327,
    "batch_size": 4,
    "model_name": "vgg13_bn",
    "sm_partition": 5
}