{
    "nn.conv2d": [
        0.04971436913873956,
        0.7510038004866589,
        0.386156915548124,
        0.7669669036103667,
        0.49842944619597085,
        0.79073637521471,
        0.7912412908852896,
        0.7876554995484731,
        0.44035079294380014,
        0.8719505234239496,
        0.8716527526438643,
        0.8723518666492822,
        0.5944022632730568,
        0.591074998469494,
        0.5909062886661031,
        0.5912040594461886
    ],
    "nn.conv2d_transpose": [],
    "nn.dense": [
        0.773867417774954,
        0.12542623119422752,
        0.032327144892884116
    ],
    "nn.layer_norm": [],
    "nn.relu": [
        0.057016631108523744,
        0.056744753439750134,
        0.028158758551552934,
        0.027653438301109123,
        0.014823401646125695,
        0.014823401646125695,
        0.014694340669431073,
        0.014746126892054621,
        0.00787110125891469,
        0.00787110125891469,
        0.007909940925882349,
        0.007896994370226463,
        0.0026406927739365807,
        0.0024598455746184175,
        0.0025371203286894896,
        0.0024464944390982847,
        0.0019027391015510556,
        0.0017607315692005515
    ],
    "nn.bias_add": [
        0.05398713708504632,
        0.053663473193649155,
        0.028339605750871102,
        0.028028888415129825,
        0.014707287225086957,
        0.014447951532104984,
        0.014590363644319735,
        0.014681394113775186,
        0.0074179718109586654,
        0.007379132143991008,
        0.007327750501231707,
        0.007288506254399802,
        0.0027183721078718995,
        0.0025245783528978494,
        0.0025889065513130353,
        0.0026281507981449413,
        0.002019258102454033,
        0.0018643040144476427,
        0.002058502349285939
    ],
    "nn.max_pool2d": [
        0.034502570822937284,
        0.018655986700132313,
        0.009890763941232969,
        0.005035805570275566,
        0.002291135771227648
    ],
    "nn.adaptive_avg_pool2d": [
        0.0020710443250775788
    ],
    "nn.batch_matmul": [],
    "nn.softmax": [],
    "nn.batch_norm": [],
    "multiply": [],
    "add": [],
    "squeeze": [],
    "reshape": [],
    "transpose": [],
    "latency": 11.79367701212565,
    "batch_size": 4,
    "model_name": "vgg19",
    "sm_partition": 80
}