{
    "nn.conv2d": [
        0.17107169304083553,
        3.161692961127558,
        1.5894859011391462,
        3.182767686631454,
        2.0119936065925006,
        3.2564749242057913,
        3.216585644715645,
        1.906450313553845,
        3.7969764931614742,
        3.7830613036402445,
        1.6752795171244288,
        1.6639324267726137,
        1.7335925529011293
    ],
    "nn.conv2d_transpose": [],
    "nn.dense": [
        1.4489936919411808,
        0.18043644461462954,
        0.04767688320446167
    ],
    "nn.layer_norm": [],
    "nn.relu": [
        0.08830588691188374,
        0.08755264179205036,
        0.04530461904304089,
        0.04496964958616073,
        0.024341113866624558,
        0.02517810135067796,
        0.024242978283554196,
        0.013552305942942914,
        0.014166416613889865,
        0.013663962428569633,
        0.004675179177471843,
        0.004550001789288765,
        0.004591872971398784,
        0.0020791658866506466,
        0.001967509401023928
    ],
    "nn.bias_add": [
        0.09088837930014856,
        0.08921309585760082,
        0.052687904155107636,
        0.05462793559287185,
        0.026392365631868524,
        0.02579221202162491,
        0.026504458275642215,
        0.014026409848709488,
        0.014026409848709488,
        0.013719790671382993,
        0.0059317507989194015,
        0.005973185822882442,
        0.005861529337255723,
        0.002176865311574024,
        0.0020656449840942854,
        0.0022047794329807043
    ],
    "nn.max_pool2d": [
        0.06369958889189571,
        0.03390170044841229,
        0.01916260818753852,
        0.010467795527504827,
        0.0037963205113084168
    ],
    "nn.adaptive_avg_pool2d": [
        0.0030705533547347487
    ],
    "nn.batch_matmul": [],
    "nn.softmax": [],
    "nn.batch_norm": [],
    "multiply": [],
    "add": [],
    "squeeze": [],
    "reshape": [],
    "transpose": [],
    "latency": 33.79350662231445,
    "batch_size": 4,
    "model_name": "vgg16",
    "sm_partition": 20
}