{
    "nn.conv2d": [
        0.6591155430121491,
        12.44056952721289,
        6.2356364344777395,
        12.46759623743185,
        7.811773683453643,
        12.56704565162566,
        12.566379695727042,
        7.512079221428718,
        14.976765448535774,
        15.026642770526115,
        5.192985356620745,
        5.185104878487085,
        5.28370754016136
    ],
    "nn.conv2d_transpose": [],
    "nn.dense": [
        5.525546649928699,
        0.6639719050046193,
        0.16503219612658435
    ],
    "nn.layer_norm": [],
    "nn.relu": [
        0.3221145437134013,
        0.3217260694392068,
        0.16063411237945302,
        0.15991222659091067,
        0.08248097929520093,
        0.08149635309353144,
        0.08280008316328932,
        0.04285703689239336,
        0.042080088344004236,
        0.042676240271479156,
        0.012611106265063997,
        0.012389120965524244,
        0.012653162073765862,
        0.002427530648677874,
        0.0022614752390612233
    ],
    "nn.bias_add": [
        0.32007505377387996,
        0.32015786469616914,
        0.17109473605522565,
        0.1711090437014851,
        0.08531172542937093,
        0.08513136237349488,
        0.08488162891151266,
        0.04593708292350742,
        0.046228005064115195,
        0.046325557197702,
        0.017065119902118432,
        0.01718998663310955,
        0.017009623577233495,
        0.0026495159482176254,
        0.002510775136005281,
        0.0022337270766187548
    ],
    "nn.max_pool2d": [
        0.22928306626212133,
        0.1184148496581983,
        0.0616837315445704,
        0.03234048332669762,
        0.008795733929224508
    ],
    "nn.adaptive_avg_pool2d": [
        0.005937673197650203
    ],
    "nn.batch_matmul": [],
    "nn.softmax": [],
    "nn.batch_norm": [],
    "multiply": [],
    "add": [],
    "squeeze": [],
    "reshape": [],
    "transpose": [],
    "latency": 127.55414485931396,
    "batch_size": 4,
    "model_name": "vgg16",
    "sm_partition": 5
}