{
    "nn.conv2d": [
        0.03316084928415555,
        0.3924744563590246,
        0.20930251333474675,
        0.42986589840557127,
        0.2918308811695109,
        0.5323066802948979,
        0.35862971425989615,
        0.7121391786797837,
        0.6485053379191571,
        0.6445446243708144
    ],
    "nn.conv2d_transpose": [],
    "nn.dense": [
        0.4763552023547928,
        0.07804280631213965,
        0.01988010807129703
    ],
    "nn.layer_norm": [],
    "nn.relu": [
        0.0347194887229312,
        0.03435318857421384,
        0.018400991052867074,
        0.018115207354749724,
        0.00960630837776017,
        0.009430862037872476,
        0.0038165791614662844,
        0.0038165791614662844,
        0.0026078383722116932,
        0.0024970039988548784,
        0.002385672610370903,
        0.0021466083342066523
    ],
    "nn.bias_add": [
        0.03540288452277703,
        0.034909845516633724,
        0.01789204756265461,
        0.01744672200871871,
        0.008683848301750086,
        0.008667943817680948,
        0.004341924150875043,
        0.00445325553935902,
        0.0029100235695253412,
        0.0026714563084882506,
        0.0024806024996585786,
        0.002416984563382021,
        0.0026078383722116932
    ],
    "nn.max_pool2d": [
        0.022679794282592716,
        0.012214643765099025,
        0.00612272935149149,
        0.0034030625756686617,
        0.0026078383722116932
    ],
    "nn.adaptive_avg_pool2d": [
        0.002385672610370903
    ],
    "nn.batch_matmul": [],
    "nn.softmax": [],
    "nn.batch_norm": [
        0.11869267953235119,
        0.11699089973695329,
        0.06970537755402051,
        0.06794196788285468,
        0.04414786568516789,
        0.04597688135311891,
        0.02652520032143432,
        0.025491905872067417,
        0.021515784854782585,
        0.021054554816777538
    ],
    "multiply": [],
    "add": [],
    "squeeze": [],
    "reshape": [],
    "transpose": [],
    "latency": 5.609676043192546,
    "batch_size": 2,
    "model_name": "vgg13_bn",
    "sm_partition": 100
}