{
    "nn.conv2d": [
        0.17550422391512202,
        3.268098830593092,
        1.6466089686238496,
        3.274353441655795,
        2.0621289266601535,
        3.3353399621253756,
        3.327539302932638,
        1.9599033215004424,
        3.902443506848542,
        3.9073985346801883,
        1.7388247585183003,
        1.716349055615366,
        1.6926301945956104
    ],
    "nn.conv2d_transpose": [],
    "nn.dense": [
        1.4550560880175982,
        0.1763853584990132,
        0.045515656948216375
    ],
    "nn.layer_norm": [],
    "nn.relu": [
        0.08629295850344813,
        0.0854840480657775,
        0.045140091387869306,
        0.04421562231624575,
        0.024945768703678216,
        0.024122864837677355,
        0.02413730966692148,
        0.013101008723501312,
        0.013202122528210139,
        0.0131881290998799,
        0.005041245406197245,
        0.004824572967535472,
        0.004925686772244299,
        0.0022240523026803207,
        0.0019784902055303122
    ],
    "nn.bias_add": [
        0.09449762151410725,
        0.09367426624719251,
        0.046830136409431136,
        0.04684458123867525,
        0.025826903287569425,
        0.025956906750766496,
        0.02561023084890765,
        0.014762164086574903,
        0.014502157160180777,
        0.014502157160180777,
        0.006254611062703172,
        0.006109711369348111,
        0.006167490686324583,
        0.00229672784981479,
        0.002181169215861845,
        0.002281831619656794
    ],
    "nn.max_pool2d": [
        0.06313789722512668,
        0.03359867282181889,
        0.018142705530612434,
        0.009418028667165054,
        0.004087886676085444
    ],
    "nn.adaptive_avg_pool2d": [
        0.003032962740350939
    ],
    "nn.batch_matmul": [],
    "nn.softmax": [],
    "nn.batch_norm": [
        0.28773874153826473,
        0.2869284768978525,
        0.15175376483139455,
        0.15067085403899957,
        0.0893674501278759,
        0.08728739471672288,
        0.08731583297429725,
        0.05404984262600696,
        0.05309648389589516,
        0.05322693876000611,
        0.029161853239305213,
        0.028482946264831655,
        0.028467598633759778
    ],
    "multiply": [],
    "add": [],
    "squeeze": [],
    "reshape": [],
    "transpose": [],
    "latency": 35.66495418548584,
    "batch_size": 2,
    "model_name": "vgg16_bn",
    "sm_partition": 10
}