{
    "nn.conv2d": [
        0.05901725703385129,
        0.35747551189310683,
        0.17983708555680328,
        0.2539749918933831,
        0.16563405849072965,
        0.25455515757907576,
        0.2481603559383424,
        0.24990344881504323,
        0.20380169231436368,
        0.3558557204484883,
        0.35182700839392445,
        0.3532378363589086,
        0.2013525365002651,
        0.1957870992290119,
        0.19582733443316508,
        0.1994835463718592
    ],
    "nn.conv2d_transpose": [],
    "nn.dense": [
        0.6387377596612164,
        0.10723850025653558,
        0.032852693145979724
    ],
    "nn.layer_norm": [],
    "nn.relu": [
        0.04705701812186477,
        0.04688958775619507,
        0.025375434722544624,
        0.02512753394856856,
        0.011544907772340771,
        0.010175612921321154,
        0.010092546693392001,
        0.010132781897545184,
        0.008388391111032987,
        0.00793152685742265,
        0.007808225425340314,
        0.00793152685742265,
        0.006394801640733331,
        0.0057718049312646905,
        0.006063834638828115,
        0.0057718049312646905,
        0.0061040698429812995,
        0.005731569727111508
    ],
    "nn.bias_add": [
        0.04925697525217591,
        0.04813558117513235,
        0.02466937178514684,
        0.023300076934127216,
        0.012167904481809414,
        0.011961536821797927,
        0.01200177202595111,
        0.01200177202595111,
        0.00909445404843078,
        0.008637589794820445,
        0.00859735459066726,
        0.008431222134808956,
        0.007102162487942519,
        0.006394801640733331,
        0.006520698892438454,
        0.006394801640733331,
        0.006354566436580149,
        0.006063834638828115,
        0.006354566436580149
    ],
    "nn.max_pool2d": [
        0.03156516661307786,
        0.01578258330653893,
        0.008928321592572477,
        0.007433129489847736,
        0.00676989757622591
    ],
    "nn.adaptive_avg_pool2d": [
        0.006063834638828115
    ],
    "nn.batch_matmul": [],
    "nn.softmax": [],
    "nn.batch_norm": [],
    "multiply": [],
    "add": [],
    "squeeze": [],
    "reshape": [],
    "transpose": [],
    "latency": 5.213942527770996,
    "batch_size": 1,
    "model_name": "vgg19",
    "sm_partition": 80
}