{
    "nn.conv2d": [
        0.347777820248084,
        3.2693383670282694,
        4.082979196926559,
        6.588937553361297,
        3.952173860749176,
        7.807975184353047,
        2.956512830481164,
        3.0225872148330333
    ],
    "nn.conv2d_transpose": [],
    "nn.dense": [
        2.9173102587369866,
        0.34997546626042986,
        0.08824915210110795
    ],
    "nn.layer_norm": [],
    "nn.relu": [
        0.17378027006937208,
        0.08584913293079066,
        0.04575033720131097,
        0.04517257990433454,
        0.02432814463327841,
        0.02399522271938346,
        0.007487355119143449,
        0.007371713314588353,
        0.002269470414393767,
        0.0021393733842692835
    ],
    "nn.bias_add": [
        0.17096195280914064,
        0.09446489909594438,
        0.04706621445392424,
        0.046907206972660986,
        0.0259037642203416,
        0.025441197002121208,
        0.01023384797732699,
        0.010017019593786185,
        0.0025292127488436905,
        0.0023272913166713155,
        0.002283473914164111
    ],
    "nn.max_pool2d": [
        0.12297060391877565,
        0.06434020900934176,
        0.033940417911121755,
        0.018372591698690943,
        0.005796093727525164
    ],
    "nn.adaptive_avg_pool2d": [
        0.003974735305782396
    ],
    "nn.batch_matmul": [],
    "nn.softmax": [],
    "nn.batch_norm": [],
    "multiply": [],
    "add": [],
    "squeeze": [],
    "reshape": [],
    "transpose": [],
    "latency": 36.49128278096517,
    "batch_size": 4,
    "model_name": "vgg11",
    "sm_partition": 10
}