{
    "nn.conv2d": [
        0.12145549244977247,
        2.207889968612049,
        1.110770995160922,
        2.2338077744583793,
        1.428954497768711,
        2.2543526548849826,
        1.4063074460122833,
        2.956498868818788,
        1.0278924227756976,
        1.0257605919849575
    ],
    "nn.conv2d_transpose": [],
    "nn.dense": [
        1.087788107047049,
        0.15187104146911867,
        0.04056273504770366
    ],
    "nn.layer_norm": [],
    "nn.relu": [
        0.06810177265762614,
        0.06817432426201993,
        0.03543803650087021,
        0.035350427016319234,
        0.019274086601214945,
        0.019536458755469173,
        0.010659153953702205,
        0.01076136501901168,
        0.003956572086153759,
        0.003913223643276975,
        0.0021751792336172264,
        0.0020583665875492574
    ],
    "nn.bias_add": [
        0.07059818666793027,
        0.07183977733180116,
        0.04171671622702356,
        0.041833072573692835,
        0.019960360896864267,
        0.019741337185486825,
        0.010732161857494683,
        0.011038338754024404,
        0.004409677389065843,
        0.004350814766633156,
        0.002306593460443692,
        0.002190237113774426,
        0.002394202944994669
    ],
    "nn.max_pool2d": [
        0.048476791818808596,
        0.026282389065894408,
        0.014951562397301377,
        0.008629534228271236,
        0.0033433056942969207
    ],
    "nn.adaptive_avg_pool2d": [
        0.002817648786991058
    ],
    "nn.batch_matmul": [],
    "nn.softmax": [],
    "nn.batch_norm": [],
    "multiply": [],
    "add": [],
    "squeeze": [],
    "reshape": [],
    "transpose": [],
    "latency": 17.7427339553833,
    "batch_size": 4,
    "model_name": "vgg13",
    "sm_partition": 30
}