{
    "nn.conv2d": [
        0.030276308476606797,
        0.5152037975259911,
        0.2674602077006809,
        0.525607625535327,
        0.36377030094565704,
        0.5315299981353668,
        0.533192938341135,
        0.5336605261168355,
        0.374239071701618,
        0.7384899489723006,
        0.736853391757349,
        0.738931559649351,
        0.5703008178705327,
        0.5661964362838282,
        0.5663782759743785,
        0.5658461513442192
    ],
    "nn.conv2d_transpose": [],
    "nn.dense": [
        0.4015405964906303,
        0.06478647814100164,
        0.01778091813377727
    ],
    "nn.layer_norm": [],
    "nn.relu": [
        0.02863975126165508,
        0.02857440262286361,
        0.015326488203516097,
        0.015001368578224351,
        0.008468534159908895,
        0.008390196971792404,
        0.008182786074758593,
        0.008221345830567228,
        0.0036623650174874398,
        0.0035848396137037647,
        0.0036367938110038202,
        0.0035848396137037647,
        0.0024418472731025645,
        0.0022340304839023463,
        0.0022600075825523736,
        0.0022340304839023463,
        0.0019482823987520463,
        0.0018183969055019101
    ],
    "nn.bias_add": [
        0.030380216871206903,
        0.029691417864814777,
        0.0149498202730907,
        0.015495339344741274,
        0.007871060890958266,
        0.007871060890958266,
        0.007793129595008185,
        0.007922609196091914,
        0.004065010046562863,
        0.0038965647975040926,
        0.0038965647975040926,
        0.0038701818066876584,
        0.0026366755129777694,
        0.002480407028911199,
        0.0024284528316111443,
        0.0024158701744525376,
        0.002025807802535721,
        0.0019348879572606262,
        0.0020132251453771144
    ],
    "nn.max_pool2d": [
        0.01917069291155373,
        0.010715147300969848,
        0.005350876429739214,
        0.00309086884718684,
        0.0022600075825523736
    ],
    "nn.adaptive_avg_pool2d": [
        0.002025807802535721
    ],
    "nn.batch_matmul": [],
    "nn.softmax": [],
    "nn.batch_norm": [],
    "multiply": [],
    "add": [],
    "squeeze": [],
    "reshape": [],
    "transpose": [],
    "latency": 8.988091150919596,
    "batch_size": 2,
    "model_name": "vgg19",
    "sm_partition": 60
}