{
    "nn.conv2d": [
        0.08555720413525707,
        0.2609344625767208,
        0.23980033215173102,
        0.36444366954456864,
        0.2898137714813234,
        0.5079996520620421,
        0.29569770552009894,
        0.28530888448288577
    ],
    "nn.conv2d_transpose": [],
    "nn.dense": [
        0.9180719542242711,
        0.15388101090248044,
        0.04797019820452011
    ],
    "nn.layer_norm": [],
    "nn.relu": [
        0.06958464977553241,
        0.03752321327853083,
        0.01554852084800165,
        0.014647918699209471,
        0.0115277075045399,
        0.011465791106810435,
        0.008765860914910547,
        0.008343703657664212,
        0.008765860914910547,
        0.008343703657664212
    ],
    "nn.bias_add": [
        0.0704852519243246,
        0.03548372466241187,
        0.01710956457257476,
        0.017291561256809848,
        0.012726634115119487,
        0.012726634115119487,
        0.009604546665973265,
        0.009006021487921796,
        0.00924430580645639,
        0.009186141917680232,
        0.009186141917680232
    ],
    "nn.max_pool2d": [
        0.04538847204464919,
        0.022693297895086277,
        0.012668470226343325,
        0.010625229101271068,
        0.010146784209725224
    ],
    "nn.adaptive_avg_pool2d": [
        0.008765860914910547
    ],
    "nn.batch_matmul": [],
    "nn.softmax": [],
    "nn.batch_norm": [
        0.26026276347408,
        0.1664200195699349,
        0.10193878197089146,
        0.09575089470689853,
        0.08747098370144044,
        0.08453089293652928,
        0.0766018415182048,
        0.0748025134750971
    ],
    "multiply": [],
    "add": [],
    "squeeze": [],
    "reshape": [],
    "transpose": [],
    "latency": 4.816788037618001,
    "batch_size": 1,
    "model_name": "vgg11_bn",
    "sm_partition": 80
}