{
    "nn.conv2d": [
        0.157728689334322,
        0.8810835565329319,
        0.44093167669926037,
        0.6814926369506819,
        0.4155332408988069,
        0.6943227865683107,
        0.6847937383920821,
        0.587314495442431,
        1.0793396678103409,
        1.064583779127915,
        0.46673681190509536,
        0.46558739364259305,
        0.4648099141525335
    ],
    "nn.conv2d_transpose": [],
    "nn.dense": [
        0.9733336416008566,
        0.12732588107847798,
        0.038190348721849836
    ],
    "nn.layer_norm": [],
    "nn.relu": [
        0.06718419265591682,
        0.06670217854583524,
        0.03674314770384041,
        0.036261133593758814,
        0.01976141982558097,
        0.019983887876387867,
        0.018724394276246763,
        0.012308740123550082,
        0.012012116055807561,
        0.011975038047339747,
        0.007266130971927194,
        0.006599885507271137,
        0.00697066559194929,
        0.0054875452532366755,
        0.005152684489261717
    ],
    "nn.bias_add": [
        0.06714827333521364,
        0.06725834867285246,
        0.03774425393247143,
        0.037299317830857645,
        0.021986100333649894,
        0.021726554274375188,
        0.021356932877461654,
        0.015423292834846575,
        0.01483004469936153,
        0.01490535940406178,
        0.008044769149751316,
        0.008044769149751316,
        0.00745267970203089,
        0.005969559363318275,
        0.005523464573939872,
        0.005783010633214578
    ],
    "nn.max_pool2d": [
        0.044751997532888534,
        0.026027603256641774,
        0.014014328513069593,
        0.010046981607013348,
        0.00689650957501366
    ],
    "nn.adaptive_avg_pool2d": [
        0.005783010633214578
    ],
    "nn.batch_matmul": [],
    "nn.softmax": [],
    "nn.batch_norm": [],
    "multiply": [],
    "add": [],
    "squeeze": [],
    "reshape": [],
    "transpose": [],
    "latency": 10.028816858927408,
    "batch_size": 1,
    "model_name": "vgg16",
    "sm_partition": 20
}