{
    "nn.conv2d": [
        0.024521247632018912,
        0.2874285436720166,
        0.15792935713392978,
        0.3259848579403214,
        0.21944387599930065,
        0.3652503480217918,
        0.3650462767623594,
        0.2719867758864572,
        0.5379243234270138,
        0.5358193452979514,
        0.48967443642474934,
        0.4876183151349617,
        0.4875938867153243
    ],
    "nn.conv2d_transpose": [],
    "nn.dense": [
        0.3610892486029418,
        0.059397890259250616,
        0.014840077018798272
    ],
    "nn.layer_norm": [],
    "nn.relu": [
        0.02620530529963699,
        0.026169226402941764,
        0.013733657520144483,
        0.013637822950797771,
        0.007335666506189973,
        0.007143245723815403,
        0.007203753040148029,
        0.0028742854367201655,
        0.0028859359137780012,
        0.002717943551040826,
        0.0020324445138314145,
        0.0019121815248473069,
        0.002008391916034593,
        0.0018159711336600208,
        0.0016472271272416955
    ],
    "nn.bias_add": [
        0.026289489391925866,
        0.026181252701840175,
        0.013950130900315877,
        0.013396921150988983,
        0.006566359198532263,
        0.006542306600735441,
        0.006433694088809167,
        0.0034996529794375235,
        0.003235074403672488,
        0.0031505144895430364,
        0.002164733801713932,
        0.002092576008323468,
        0.002092576008323468,
        0.0019121815248473069,
        0.0018276216107178567,
        0.0019362341226441286
    ],
    "nn.max_pool2d": [
        0.017064942315004255,
        0.00956053180239596,
        0.004569993581396079,
        0.0025852784413177327,
        0.002008391916034593
    ],
    "nn.adaptive_avg_pool2d": [
        0.00180394483476161
    ],
    "nn.batch_matmul": [],
    "nn.softmax": [],
    "nn.batch_norm": [],
    "multiply": [],
    "add": [],
    "squeeze": [],
    "reshape": [],
    "transpose": [],
    "latency": 5.271202723185222,
    "batch_size": 2,
    "model_name": "vgg16",
    "sm_partition": 100
}