{
    "nn.conv2d": [
        0.09107192406798902,
        1.6517953846908053,
        0.8366386512602428,
        1.6728721541387017,
        1.090805659324015,
        1.7106949058070882,
        1.703988002539476,
        0.9902021103098295,
        1.9652380907482487,
        1.9692800682912095,
        0.7864165483902384,
        0.783084825384729,
        0.782896963285913
    ],
    "nn.conv2d_transpose": [],
    "nn.dense": [
        0.7508255079198358,
        0.0952868252778121,
        0.025827643489040448
    ],
    "nn.layer_norm": [],
    "nn.relu": [
        0.04635395435341781,
        0.046860955680343146,
        0.025813157736842583,
        0.025697724399015832,
        0.014282951667096734,
        0.013645578570390593,
        0.014225008658305267,
        0.007909220700035314,
        0.00788024919563958,
        0.00788024919563958,
        0.003592013865314801,
        0.0035200377840816505,
        0.003433123270894448,
        0.002157924397725981,
        0.001970062298909895
    ],
    "nn.bias_add": [
        0.05600191799695333,
        0.05414774171562637,
        0.027247699884187588,
        0.027580419504982343,
        0.014630609719845544,
        0.014442294941273272,
        0.01426846591489887,
        0.008299883329621534,
        0.008473712355995937,
        0.008473712355995937,
        0.004142472448833742,
        0.004099467871996324,
        0.004084529440042275,
        0.0022882961675067823,
        0.0020710098845387794,
        0.0023322061038565664
    ],
    "nn.max_pool2d": [
        0.03467889076169329,
        0.019338479184152272,
        0.01082040421205037,
        0.005982615657719017,
        0.003113984042785194
    ],
    "nn.adaptive_avg_pool2d": [
        0.0026504399724534547
    ],
    "nn.batch_matmul": [],
    "nn.softmax": [],
    "nn.batch_norm": [],
    "multiply": [],
    "add": [],
    "squeeze": [],
    "reshape": [],
    "transpose": [],
    "latency": 17.46309757232666,
    "batch_size": 2,
    "model_name": "vgg16",
    "sm_partition": 20
}