{
    "nn.conv2d": [
        0.33344942276733724,
        6.269904618764086,
        3.138589380906118,
        6.272809039647617,
        3.9337448519441804,
        6.36526178325276,
        6.353532391223108,
        6.364842440033245,
        3.7692820194141468,
        7.540700463805124,
        7.516180449038376,
        7.571447790835825,
        2.9253657900813916,
        2.923564926952434,
        2.8420735794702403,
        2.868157513174274
    ],
    "nn.conv2d_transpose": [],
    "nn.dense": [
        2.7856044986233246,
        0.33555835698159703,
        0.08449351329930689
    ],
    "nn.layer_norm": [],
    "nn.relu": [
        0.1626192059926355,
        0.16090168787400805,
        0.08231476127534679,
        0.08249628758056758,
        0.044361799922261996,
        0.04362216750074941,
        0.042658245365574596,
        0.042057812202151997,
        0.02338852988829093,
        0.023262857830830385,
        0.023361039125721437,
        0.023752018860043137,
        0.008029048115534862,
        0.007833558248374015,
        0.007986721068404055,
        0.007735813314793591,
        0.002164352100709398,
        0.0020666071671289732
    ],
    "nn.bias_add": [
        0.1711230152141324,
        0.17130497788066384,
        0.08520521859693934,
        0.08679706465810627,
        0.04617749933578051,
        0.04607931804088946,
        0.04655451550816215,
        0.04593968242148885,
        0.026027643094962388,
        0.02565106328389138,
        0.026125824389853444,
        0.02580422610392142,
        0.010430344407914663,
        0.010291145149824685,
        0.010388890083405109,
        0.010179436654304201,
        0.0023598419678702467,
        0.002164352100709398,
        0.0022202063484696405
    ],
    "nn.max_pool2d": [
        0.11681872282923662,
        0.060448259638522475,
        0.03143154156576586,
        0.015764425069017828,
        0.005389498547552778
    ],
    "nn.adaptive_avg_pool2d": [
        0.00392332454384641
    ],
    "nn.batch_matmul": [],
    "nn.softmax": [],
    "nn.batch_norm": [
        0.5181576746652167,
        0.514666347818891,
        0.26590461913408964,
        0.2662960352297219,
        0.14951876672499487,
        0.1482345553878199,
        0.1476210313850785,
        0.1473400147010348,
        0.08499314699997466,
        0.08365264505372885,
        0.08408638819649199,
        0.08422646017720321,
        0.03933229945597642,
        0.03859266703446383,
        0.039066555417804634,
        0.03863499408159463
    ],
    "multiply": [],
    "add": [],
    "squeeze": [],
    "reshape": [],
    "transpose": [],
    "latency": 83.96834373474121,
    "batch_size": 2,
    "model_name": "vgg19_bn",
    "sm_partition": 5
}