{
    "nn.conv2d": [
        0.030837290925747694,
        0.5269435629134129,
        0.2751027049984474,
        0.5382484752363021,
        0.37374075923727895,
        0.5466365545736765,
        0.5456383402609447,
        0.38159623568999435,
        0.7583466173215998,
        0.754551821768405,
        0.5820950077158473,
        0.5816955555523532,
        0.5812694732446263
    ],
    "nn.conv2d_transpose": [],
    "nn.dense": [
        0.4101441664037159,
        0.06590919088053741,
        0.018254547775680762
    ],
    "nn.layer_norm": [],
    "nn.relu": [
        0.029279427488120353,
        0.02919953705542152,
        0.01585783479471563,
        0.015338963078176827,
        0.008681427019940355,
        0.008734271212402608,
        0.008401394409490785,
        0.003807694529307621,
        0.003541393086978162,
        0.0038347407695442067,
        0.0023829818128450167,
        0.0023700828367321826,
        0.0022631461637967597,
        0.0019835296493508287,
        0.001784219663607374
    ],
    "nn.bias_add": [
        0.030890551214213576,
        0.03010496195934168,
        0.015831204650482683,
        0.015285702789710934,
        0.008001942245996598,
        0.008095147750811906,
        0.008121777895044854,
        0.004100626115870026,
        0.003994521634941882,
        0.004087727139757192,
        0.002635968183058002,
        0.0024362421013109084,
        0.002529863702129859,
        0.002183255731097922,
        0.0018770090724190445,
        0.002117096466519197
    ],
    "nn.max_pool2d": [
        0.019746251948729372,
        0.010998249568206648,
        0.00575211115431631,
        0.0032755077406523433,
        0.002276877331916873
    ],
    "nn.adaptive_avg_pool2d": [
        0.002117096466519197
    ],
    "nn.batch_matmul": [],
    "nn.softmax": [],
    "nn.batch_norm": [],
    "multiply": [],
    "add": [],
    "squeeze": [],
    "reshape": [],
    "transpose": [],
    "latency": 7.296554247538249,
    "batch_size": 2,
    "model_name": "vgg16",
    "sm_partition": 60
}