{
    "nn.conv2d": [
        0.06213376739829589,
        0.3642550112127644,
        0.18269801241093678,
        0.26739039097579376,
        0.16714276547672755,
        0.2586983837956249,
        0.24634455223835236,
        0.2031976516512858,
        0.3284288996966741,
        0.3187274243360151,
        0.21971375215106068,
        0.21271324760193958,
        0.20928162772491943
    ],
    "nn.conv2d_transpose": [],
    "nn.dense": [
        0.6936433346333886,
        0.11937461678860722,
        0.035184112630764396
    ],
    "nn.layer_norm": [],
    "nn.relu": [
        0.05261817144764212,
        0.05174739790384826,
        0.027497284106239292,
        0.02681096013083526,
        0.011162773491623427,
        0.010979753764849018,
        0.010935428674770842,
        0.008601927158397147,
        0.008235887704848333,
        0.00828021279492651,
        0.006863239754040277,
        0.006588710163878666,
        0.0065415253905696386,
        0.00690899468573388,
        0.006222670710329852
    ],
    "nn.bias_add": [
        0.053028535991269124,
        0.05417383912522458,
        0.02658361531398267,
        0.025943046270272243,
        0.01381798937146776,
        0.01294864566928932,
        0.01294864566928932,
        0.009562780723962785,
        0.008922211680252362,
        0.009013721543639565,
        0.007366544002669898,
        0.006863239754040277,
        0.006863239754040277,
        0.007044829639199258,
        0.0065415253905696386,
        0.007227849365973667
    ],
    "nn.max_pool2d": [
        0.034223259065198755,
        0.016700550068164673,
        0.009607105814040963,
        0.008371722658313714,
        0.008005683204764899
    ],
    "nn.adaptive_avg_pool2d": [
        0.00718352427589549
    ],
    "nn.batch_matmul": [],
    "nn.softmax": [],
    "nn.batch_norm": [],
    "multiply": [],
    "add": [],
    "squeeze": [],
    "reshape": [],
    "transpose": [],
    "latency": 4.497443834940593,
    "batch_size": 1,
    "model_name": "vgg16",
    "sm_partition": 100
}