{
    "nn.conv2d": [
        0.14954125880720862,
        0.8351539831996001,
        0.41342291433931805,
        0.64521181026479,
        0.3946914609331725,
        0.6597041388302736,
        0.6443988879399523,
        0.5570285147583772,
        1.0175313395545003,
        1.0077055827586354,
        0.4414510623217668,
        0.4386599553722221,
        0.43901229534725367
    ],
    "nn.conv2d_transpose": [],
    "nn.dense": [
        0.9218174674030553,
        0.12006509293364259,
        0.03633409347535608
    ],
    "nn.layer_norm": [],
    "nn.relu": [
        0.06156892548020349,
        0.061711407789855746,
        0.034425493234432704,
        0.03516772666145846,
        0.018449802328925947,
        0.018767902369079846,
        0.017884291146430132,
        0.011486945894446232,
        0.011380912547728265,
        0.011239534752104312,
        0.006855718573733437,
        0.006574067496513843,
        0.006574067496513843,
        0.00505315167952803,
        0.004806845051214423
    ],
    "nn.bias_add": [
        0.06390276362202704,
        0.06421975914815262,
        0.03548472218758405,
        0.03527376000817642,
        0.020463331402538976,
        0.02081788040562717,
        0.020427986953632987,
        0.014349846255831293,
        0.013925712868959432,
        0.014243812909113326,
        0.0074212297562292525,
        0.0071749231279156465,
        0.007209163062793322,
        0.005654007310929832,
        0.005160289540274307,
        0.005407700682616225
    ],
    "nn.max_pool2d": [
        0.04269609427843398,
        0.023892847460448164,
        0.013572268379899548,
        0.009259141099340649,
        0.006325551840143612
    ],
    "nn.adaptive_avg_pool2d": [
        0.005583318413117856
    ],
    "nn.batch_matmul": [],
    "nn.softmax": [],
    "nn.batch_norm": [
        0.22149813872368776,
        0.21849386056667874,
        0.13624843247647203,
        0.13688352804275156,
        0.08966334430435102,
        0.08789501734502328,
        0.08616424386265817,
        0.06803254157388612,
        0.0653474679710593,
        0.06580473677878054,
        0.050252074746117315,
        0.04869912802231046,
        0.049084603418191396
    ],
    "multiply": [],
    "add": [],
    "squeeze": [],
    "reshape": [],
    "transpose": [],
    "latency": 10.56975523630778,
    "batch_size": 1,
    "model_name": "vgg16_bn",
    "sm_partition": 20
}