{
    "nn.conv2d": [
        0.17385097304995095,
        3.213068061945078,
        1.6243748860770046,
        3.226212342473693,
        2.05758282166787,
        3.286834835389084,
        3.2783369485619773,
        3.2771001898447167,
        1.9353293334863153,
        3.849244311904864,
        3.860583857271199,
        3.8594758813288057,
        1.7019216560026336,
        1.7015379721492354,
        1.6747085234375647,
        1.6984973664267644
    ],
    "nn.conv2d_transpose": [],
    "nn.dense": [
        1.4735445001523897,
        0.1838125427252058,
        0.047604774768974935
    ],
    "nn.layer_norm": [],
    "nn.relu": [
        0.08969675861656017,
        0.09050631378408822,
        0.0465252198527595,
        0.045800483685230264,
        0.025137953575568465,
        0.025791637177653665,
        0.025038924062480834,
        0.025592689994410344,
        0.013755332591432743,
        0.013741566156877962,
        0.01388322720923202,
        0.014182092062631024,
        0.0046894693193068535,
        0.004575785214596384,
        0.004575785214596384,
        0.004575785214596384,
        0.0021742085025877223,
        0.0020178928586108273
    ],
    "nn.bias_add": [
        0.09083315558513085,
        0.09215473330239005,
        0.05445468615631472,
        0.05367266385789623,
        0.026133133570319097,
        0.026502162832094098,
        0.02687163617240312,
        0.026431110266650057,
        0.014664805429116497,
        0.01409638490556415,
        0.014395249758963155,
        0.014067963879386533,
        0.005953760905676796,
        0.0059679714187656045,
        0.006024813471120841,
        0.005925783958033204,
        0.0022448169894977404,
        0.0021315769633212965,
        0.0023447346596534267
    ],
    "nn.max_pool2d": [
        0.06504151840747716,
        0.034715839397425494,
        0.01936892934004618,
        0.010813756382049351,
        0.0040357857172216545
    ],
    "nn.adaptive_avg_pool2d": [
        0.003126312879537902
    ],
    "nn.batch_matmul": [],
    "nn.softmax": [],
    "nn.batch_norm": [
        0.28389629825261703,
        0.2899632991844703,
        0.16958559873063822,
        0.16640377603434714,
        0.09048943879979528,
        0.0904756723652405,
        0.08994988338095458,
        0.09135716825528063,
        0.05580246450708142,
        0.05554667527148286,
        0.05512080395735264,
        0.05575938888928097,
        0.02707013927711242,
        0.02705415244988751,
        0.026670468596489676,
        0.02677127442371341
    ],
    "multiply": [],
    "add": [],
    "squeeze": [],
    "reshape": [],
    "transpose": [],
    "latency": 44.387098948160805,
    "batch_size": 4,
    "model_name": "vgg19_bn",
    "sm_partition": 20
}