{
    "nn.conv2d": [
        0.30650095579683523,
        1.7360429384283904,
        0.8443934590832202,
        1.3330960737965138,
        0.787586521534466,
        1.3316181389206387,
        1.3230169842704147,
        1.1388056655107193,
        2.0671370621477383,
        2.0374646773320952,
        0.9318568871221785,
        0.9077551799156025,
        0.9301515776500152
    ],
    "nn.conv2d_transpose": [],
    "nn.dense": [
        1.9111959848599072,
        0.2359769351813667,
        0.06430793074089526
    ],
    "nn.layer_norm": [],
    "nn.relu": [
        0.11975062071191885,
        0.11811991852916258,
        0.06339961659843045,
        0.06339961659843045,
        0.03383973483824249,
        0.0341429009666271,
        0.03330919411356943,
        0.020008964473383906,
        0.01936355220787762,
        0.019516319514758924,
        0.008981296553393912,
        0.008716026191057385,
        0.008981296553393912,
        0.005569493366378108,
        0.005684364907211337
    ],
    "nn.bias_add": [
        0.1250169479499123,
        0.12448759146792829,
        0.067680653919174,
        0.06654378093773174,
        0.03671981305789624,
        0.037706287217835206,
        0.03706087495232892,
        0.02523858018801834,
        0.024214210262031292,
        0.024442769101008753,
        0.010571734484724085,
        0.010268568356339481,
        0.01004237800274003,
        0.005834763728714638,
        0.005456990310922883,
        0.005834763728714638
    ],
    "nn.max_pool2d": [
        0.07692840507759342,
        0.042101011836722976,
        0.022055335839979987,
        0.014248808034076419,
        0.008449571586031853
    ],
    "nn.adaptive_avg_pool2d": [
        0.0065938632923651505
    ],
    "nn.batch_matmul": [],
    "nn.softmax": [],
    "nn.batch_norm": [],
    "multiply": [],
    "add": [],
    "squeeze": [],
    "reshape": [],
    "transpose": [],
    "latency": 19.241846402486164,
    "batch_size": 1,
    "model_name": "vgg16",
    "sm_partition": 10
}