{
    "nn.conv2d": [
        0.1770023569859984,
        3.294720224863961,
        1.654199571621456,
        3.2987226239016,
        2.075858972564423,
        3.3592174687581977,
        1.979797757529927,
        3.9385966767956795,
        1.6907996258139613,
        1.7105182966777306
    ],
    "nn.conv2d_transpose": [],
    "nn.dense": [
        1.4636201639288653,
        0.1773516175769434,
        0.046015082857002954
    ],
    "nn.layer_norm": [],
    "nn.relu": [
        0.08650020635737683,
        0.08722783258851224,
        0.046015082857002954,
        0.04527244933485038,
        0.024710186809358322,
        0.023792922991733256,
        0.013999073920650714,
        0.013766233526687387,
        0.005223901573157742,
        0.004976963420966165,
        0.0022847463657651684,
        0.0020082483979337157
    ],
    "nn.bias_add": [
        0.0948970130646794,
        0.09534814132798336,
        0.04707696238806619,
        0.04685912928512003,
        0.026063571599270172,
        0.025990354209762173,
        0.014712602393557869,
        0.014610279954804458,
        0.006199375489273642,
        0.00614116539078281,
        0.002327949173238833,
        0.002211528976257169,
        0.0022556413165197528
    ],
    "nn.max_pool2d": [
        0.06373960308106694,
        0.03361587711206121,
        0.017942808093404608,
        0.009269958184665047,
        0.004001489504850262
    ],
    "nn.adaptive_avg_pool2d": [
        0.0029541624984097408
    ],
    "nn.batch_matmul": [],
    "nn.softmax": [],
    "nn.batch_norm": [],
    "multiply": [],
    "add": [],
    "squeeze": [],
    "reshape": [],
    "transpose": [],
    "latency": 25.740234057108562,
    "batch_size": 2,
    "model_name": "vgg13",
    "sm_partition": 10
}