{
    "nn.conv2d": [
        0.0933787746066227,
        1.6942701880764033,
        0.8549154212593609,
        1.7134087351238245,
        1.0903000156048515,
        1.7496228917887238,
        1.0135806439412451,
        2.0145850719353113,
        0.803585584734985,
        0.8057682337836689
    ],
    "nn.conv2d_transpose": [],
    "nn.dense": [
        0.7716777983551272,
        0.0983672227193781,
        0.027290537084905787
    ],
    "nn.layer_norm": [],
    "nn.relu": [
        0.04840386184304079,
        0.048315238125290226,
        0.02644420378031404,
        0.0264882836399282,
        0.014595537516029593,
        0.014610385468741726,
        0.008092134228114067,
        0.007973350606416978,
        0.0036818282740874488,
        0.0035189647927762087,
        0.0022118809555859956,
        0.0020490174742747547
    ],
    "nn.bias_add": [
        0.05631828463713148,
        0.05560558290694896,
        0.027186137417398587,
        0.027052969841511613,
        0.014892032571750055,
        0.015011280191969395,
        0.008641508478463093,
        0.008700436290789383,
        0.004261362428383003,
        0.00418665866630007,
        0.0023455125299952184,
        0.0023158166245709462,
        0.0024346002462680336
    ],
    "nn.max_pool2d": [
        0.03573855817958886,
        0.01967307334505782,
        0.010749453765064138,
        0.006043116753839312,
        0.003266549596669898
    ],
    "nn.adaptive_avg_pool2d": [
        0.0026276236315258003
    ],
    "nn.batch_matmul": [],
    "nn.softmax": [],
    "nn.batch_norm": [],
    "multiply": [],
    "add": [],
    "squeeze": [],
    "reshape": [],
    "transpose": [],
    "latency": 13.246011734008789,
    "batch_size": 2,
    "model_name": "vgg13",
    "sm_partition": 20
}