{
    "nn.conv2d": [
        0.15722125458270375,
        0.8771788517242745,
        0.4367658815988491,
        0.6794431754093025,
        0.41463106538670924,
        0.6861769773684766,
        0.680112835272646,
        0.6796675579676797,
        0.5851711105847959,
        1.0703757222988084,
        1.0707489181601506,
        1.062563023893137,
        0.4664552981443303,
        0.4644835218800417,
        0.46217691568408165,
        0.46254778633756516
    ],
    "nn.conv2d_transpose": [],
    "nn.dense": [
        0.9766233414307502,
        0.1266773241491023,
        0.03738817976606994
    ],
    "nn.layer_norm": [],
    "nn.relu": [
        0.06681717303136203,
        0.06648118049576099,
        0.036346486645313744,
        0.03657086920369091,
        0.019604990061731938,
        0.0198282100161797,
        0.019085306105283254,
        0.019902616667662285,
        0.012461951519403701,
        0.012052714936249482,
        0.012201528239214651,
        0.012015511610508189,
        0.007290689241363992,
        0.006994225239363065,
        0.006994225239363065,
        0.006994225239363065,
        0.005393319628558054,
        0.005357278906746176
    ],
    "nn.bias_add": [
        0.06830530606101375,
        0.06782166282637693,
        0.037240529067034185,
        0.03753699306903511,
        0.02165233558143246,
        0.021912758861621515,
        0.02179998628046822,
        0.021762782954726927,
        0.014955736947999744,
        0.014658110342069399,
        0.014731354389622569,
        0.014658110342069399,
        0.007997552430448555,
        0.007365095892846577,
        0.007737129150259506,
        0.00766272249877692,
        0.005951369514677446,
        0.00546772628004064,
        0.00591532879286557
    ],
    "nn.max_pool2d": [
        0.0445323809123276,
        0.025075041549631413,
        0.014024491200538003,
        0.009894922043254492,
        0.006994225239363065
    ],
    "nn.adaptive_avg_pool2d": [
        0.00591532879286557
    ],
    "nn.batch_matmul": [],
    "nn.softmax": [],
    "nn.batch_norm": [],
    "multiply": [],
    "add": [],
    "squeeze": [],
    "reshape": [],
    "transpose": [],
    "latency": 12.284906705220541,
    "batch_size": 1,
    "model_name": "vgg19",
    "sm_partition": 20
}