{
    "nn.conv2d": [
        0.17617960005258612,
        3.2555209566424748,
        1.6385739494266431,
        3.2695450601445355,
        2.0673021502727775,
        3.3244032062870947,
        1.966167792218114,
        3.9132000263723277,
        1.7115165657936258,
        1.6999258026322712
    ],
    "nn.conv2d_transpose": [],
    "nn.dense": [
        1.4945600670027737,
        0.18575412836432756,
        0.04853722064214349
    ],
    "nn.layer_norm": [],
    "nn.relu": [
        0.09065227658700396,
        0.09119941820207411,
        0.04732774970356739,
        0.04642064649963531,
        0.02583084361673255,
        0.025557272809197475,
        0.014369666627368499,
        0.014096095819833426,
        0.004823035338763868,
        0.004693899118759649,
        0.002159769533171618,
        0.0020297334091952434
    ],
    "nn.bias_add": [
        0.09269730836372583,
        0.09248088145842259,
        0.05382145676663671,
        0.05477175536123224,
        0.026651556039337762,
        0.0272846384837487,
        0.01442681052960033,
        0.014239630503392125,
        0.005974912423122065,
        0.006004159302217099,
        0.0022457103625124052,
        0.002130972606062663,
        0.0022457103625124052
    ],
    "nn.max_pool2d": [
        0.06581537690751642,
        0.03478668794761752,
        0.019538265091439824,
        0.010884788495198876,
        0.0040455183068220865
    ],
    "nn.adaptive_avg_pool2d": [
        0.0031240166393355297
    ],
    "nn.batch_matmul": [],
    "nn.softmax": [],
    "nn.batch_norm": [],
    "multiply": [],
    "add": [],
    "squeeze": [],
    "reshape": [],
    "transpose": [],
    "latency": 25.65527280171712,
    "batch_size": 4,
    "model_name": "vgg13",
    "sm_partition": 20
}