{
    "nn.conv2d": [
        0.12163980142586163,
        1.12952289735579,
        1.4090744167766458,
        2.26541276370995,
        1.4883822682049386,
        2.9598574639801933,
        1.0298246435946181,
        1.029853919118427
    ],
    "nn.conv2d_transpose": [],
    "nn.dense": [
        1.089181225547165,
        0.15319881609182529,
        0.04073689138004489
    ],
    "nn.layer_norm": [],
    "nn.relu": [
        0.06933862071125296,
        0.03542338380873468,
        0.019906898759973198,
        0.018926168712376,
        0.01141745428545994,
        0.010758754999760324,
        0.003951738284138157,
        0.00383463618890267,
        0.0022103020475698083,
        0.0019756404270393217
    ],
    "nn.bias_add": [
        0.06993922637939434,
        0.041307764094317884,
        0.019512136618612945,
        0.0201118274266353,
        0.010744117237855889,
        0.0109929591902313,
        0.004435241857044052,
        0.004229855760322437,
        0.0024879620936945753,
        0.0021663887618565006,
        0.0023708599984590887
    ],
    "nn.max_pool2d": [
        0.04913850928313153,
        0.02596738961846914,
        0.014915421950560583,
        0.008533815190286082,
        0.0035418809508139543
    ],
    "nn.adaptive_avg_pool2d": [
        0.0028836390951738566
    ],
    "nn.batch_matmul": [],
    "nn.softmax": [],
    "nn.batch_norm": [
        0.22332513136556068,
        0.13343692266071788,
        0.07365447332276394,
        0.07160518665614295,
        0.04713176361204528,
        0.04515612318500595,
        0.024545239563441297,
        0.024163285463747426
    ],
    "multiply": [],
    "add": [],
    "squeeze": [],
    "reshape": [],
    "transpose": [],
    "latency": 13.676501909891764,
    "batch_size": 4,
    "model_name": "vgg11_bn",
    "sm_partition": 30
}