{
    "nn.conv2d": [
        0.026573208536065384,
        0.3276163594752201,
        0.1747438209446826,
        0.35951752962252664,
        0.24268823514503485,
        0.40280680146686043,
        0.40279348156283235,
        0.4053246795751727,
        0.30045665891491735,
        0.5955728688085673,
        0.5942275585017288,
        0.5939345206131106,
        0.542612514145829,
        0.5404680095973043,
        0.5400555088194341,
        0.540161651804658
    ],
    "nn.conv2d_transpose": [],
    "nn.dense": [
        0.3982647141932773,
        0.06540072877798547,
        0.01628982637936903
    ],
    "nn.layer_norm": [],
    "nn.relu": [
        0.02901075097320822,
        0.02905071068529253,
        0.015184274345036483,
        0.015064395208783558,
        0.00789828684166417,
        0.008031485881945199,
        0.007845423472552638,
        0.007924926649720377,
        0.003156817254660399,
        0.003076481583490903,
        0.003156817254660399,
        0.0030369381184074725,
        0.0022373276297204176,
        0.002144504548524575,
        0.0020645851243559572,
        0.002144504548524575,
        0.002037945316299751,
        0.0018914263719906185
    ],
    "nn.bias_add": [
        0.029516907326276137,
        0.02929005271079751,
        0.015783670026301114,
        0.014478735678547907,
        0.0076722647201872985,
        0.007339267119484725,
        0.007246027791288004,
        0.00721897173623092,
        0.0037025170728117417,
        0.003822812456065546,
        0.0037695328399531343,
        0.0035959578405869177,
        0.002450862341170943,
        0.0022244239726931926,
        0.0022244239726931926,
        0.002317663300889913,
        0.0022777035888056044,
        0.0019447059881030305,
        0.002171144356580781
    ],
    "nn.max_pool2d": [
        0.01902082295213101,
        0.010229686293583066,
        0.005167706515903065,
        0.0028234034069569472,
        0.0022373276297204176
    ],
    "nn.adaptive_avg_pool2d": [
        0.002050848973326976
    ],
    "nn.batch_matmul": [],
    "nn.softmax": [],
    "nn.batch_norm": [
        0.09904472511796913,
        0.09855147242192844,
        0.058272498887946,
        0.05670033396562897,
        0.0363491855986912,
        0.03613481839323891,
        0.03566945424625706,
        0.035722733862369474,
        0.02212186310867373,
        0.021135773963593233,
        0.021523716168411734,
        0.021056270786425493,
        0.018059708627103207,
        0.017792894299540275,
        0.017885301133735237,
        0.01748736900089566
    ],
    "multiply": [],
    "add": [],
    "squeeze": [],
    "reshape": [],
    "transpose": [],
    "latency": 7.910833358764648,
    "batch_size": 2,
    "model_name": "vgg19_bn",
    "sm_partition": 100
}