{
    "nn.conv2d": [
        0.03427715376980677,
        0.30482130701336524,
        0.3815445376117069,
        0.6011063832765128,
        0.4220066937715837,
        0.8353899212162209,
        0.6445510778912849,
        0.6420685370314299
    ],
    "nn.conv2d_transpose": [],
    "nn.dense": [
        0.4544771528338761,
        0.07269707916500155,
        0.01990761774412039
    ],
    "nn.layer_norm": [],
    "nn.relu": [
        0.03261646386965955,
        0.016969156212203823,
        0.009270386998582411,
        0.009329615363835106,
        0.004113846144683196,
        0.004055076914044865,
        0.0026588485517701327,
        0.002453615379150335,
        0.0022185384565970093,
        0.001998153841703267
    ],
    "nn.bias_add": [
        0.03410038694327741,
        0.01699854082752299,
        0.009064694691348251,
        0.008874153826388037,
        0.0044370769131940185,
        0.004451769220853601,
        0.002923769224256986,
        0.002879233166663875,
        0.002336076917873672,
        0.0021156923029799295,
        0.002336076917873672
    ],
    "nn.max_pool2d": [
        0.02155315620199367,
        0.01241454083773314,
        0.006273156236027512,
        0.0036285408573026004,
        0.00258584614808658
    ],
    "nn.adaptive_avg_pool2d": [
        0.002336076917873672
    ],
    "nn.batch_matmul": [],
    "nn.softmax": [],
    "nn.batch_norm": [
        0.11278963196031692,
        0.06493586764382692,
        0.0450874782649592,
        0.04103194221629998,
        0.02589932446154402,
        0.02526847350141068,
        0.02009678120523752,
        0.01949393745658026
    ],
    "multiply": [],
    "add": [],
    "squeeze": [],
    "reshape": [],
    "transpose": [],
    "latency": 4.930367469787598,
    "batch_size": 2,
    "model_name": "vgg11_bn",
    "sm_partition": 60
}