{
    "nn.conv2d": [
        0.0952194661586992,
        0.8735453596698348,
        1.1099159230386972,
        1.780994100836701,
        1.0340904845988073,
        2.0542933097894913,
        0.8215329430759951,
        0.8202767895084246
    ],
    "nn.conv2d_transpose": [],
    "nn.dense": [
        0.7856779613053727,
        0.09975807144611974,
        0.027685019481881293
    ],
    "nn.layer_norm": [],
    "nn.relu": [
        0.04903159301704932,
        0.027125730934483533,
        0.01444742072690467,
        0.014175104409659436,
        0.008274917536012711,
        0.008169016745972897,
        0.0037514409328835547,
        0.003554768037095331,
        0.002239045275127475,
        0.002087758432213457
    ],
    "nn.bias_add": [
        0.05800337557323473,
        0.02827551094063007,
        0.015143812975693258,
        0.01552203008297831,
        0.009016223066291403,
        0.008895193591960187,
        0.004417575813089343,
        0.004159915408751404,
        0.0024054608023328958,
        0.0021931864508691634,
        0.002420116715240191
    ],
    "nn.max_pool2d": [
        0.03645965637089438,
        0.020090419967597563,
        0.011179624919961866,
        0.006172030419507851,
        0.003192152385485792
    ],
    "nn.adaptive_avg_pool2d": [
        0.0027680764539424344
    ],
    "nn.batch_matmul": [],
    "nn.softmax": [],
    "nn.batch_norm": [
        0.17859033588892612,
        0.09710866060958803,
        0.058802359212374394,
        0.05786485355769159,
        0.03890908491194916,
        0.0377886167316172,
        0.024551017976640582,
        0.024096684676514418
    ],
    "multiply": [],
    "add": [],
    "squeeze": [],
    "reshape": [],
    "transpose": [],
    "latency": 10.275400479634603,
    "batch_size": 2,
    "model_name": "vgg11_bn",
    "sm_partition": 20
}