{
    "nn.conv2d": [
        0.14918055918413403,
        0.8367359957453444,
        0.4140476444329237,
        0.6507084742101188,
        0.39507819663422183,
        0.657584017557232,
        0.6428445715068583,
        0.6417173790638939,
        0.559528191668403,
        1.0109869455988478,
        1.005768584494372,
        1.0202248551216357,
        0.437883963219478,
        0.4372140384830926,
        0.437883963219478,
        0.4392590718889007
    ],
    "nn.conv2d_transpose": [],
    "nn.dense": [
        0.9138467569730719,
        0.11984600941967997,
        0.03606905632495977
    ],
    "nn.layer_norm": [],
    "nn.relu": [
        0.0627613700403149,
        0.06205618610727767,
        0.034447133278974106,
        0.033989865572395264,
        0.018440559848923985,
        0.01868737422548702,
        0.018405300652272128,
        0.018792049965547238,
        0.011563914651915464,
        0.011528655455263602,
        0.01131710027535243,
        0.01131710027535243,
        0.006769765757157564,
        0.006276137004031491,
        0.006521849530699155,
        0.006276137004031491,
        0.005288879497779346,
        0.0047588896981060405
    ],
    "nn.bias_add": [
        0.06360648891006423,
        0.06307870281018166,
        0.03455401271882506,
        0.03494076203210018,
        0.02080292602459876,
        0.02006248289490965,
        0.02034455646812455,
        0.02044923220818477,
        0.014278872794108863,
        0.014137836007501414,
        0.013714725647679064,
        0.013679466451027201,
        0.007298653706935497,
        0.007121255873780816,
        0.0070165801337205985,
        0.007298653706935497,
        0.005676730660949832,
        0.005288879497779346,
        0.005535693874342382
    ],
    "nn.max_pool2d": [
        0.04245097091894685,
        0.024186707053282172,
        0.012869606777929742,
        0.009413103656151865,
        0.006521849530699155
    ],
    "nn.adaptive_avg_pool2d": [
        0.005499332827795149
    ],
    "nn.batch_matmul": [],
    "nn.softmax": [],
    "nn.batch_norm": [
        0.22188061528069264,
        0.2183183345689592,
        0.13754171873933338,
        0.1332731522446673,
        0.08976550727605996,
        0.08835293571019473,
        0.08651945748429789,
        0.08750671499055002,
        0.06850310984509161,
        0.06596444768615753,
        0.0668481313022448,
        0.06585867009620193,
        0.049709958029649,
        0.04815745152707169,
        0.047909535300613273,
        0.048438423250391216
    ],
    "multiply": [],
    "add": [],
    "squeeze": [],
    "reshape": [],
    "transpose": [],
    "latency": 12.906678517659506,
    "batch_size": 1,
    "model_name": "vgg19_bn",
    "sm_partition": 20
}