{
    "nn.conv2d": [
        0.03331360457491085,
        0.2598521910511133,
        0.3395450428705925,
        0.5488501820741161,
        0.36491742222042567,
        0.721267032655937,
        0.6903918125899712,
        0.6877062945159306
    ],
    "nn.conv2d_transpose": [],
    "nn.dense": [
        0.49859969050464115,
        0.08112519677384675,
        0.021549532014757882
    ],
    "nn.layer_norm": [],
    "nn.relu": [
        0.036179839068427935,
        0.018864013940717097,
        0.010346658592009901,
        0.009885342603831115,
        0.0041024171805899125,
        0.003953622179938497,
        0.002817322642091868,
        0.0026196157900152455,
        0.002421394076344674,
        0.002289589508293592
    ],
    "nn.bias_add": [
        0.03603155892937047,
        0.01843616395614503,
        0.009308182757013686,
        0.008929244623866824,
        0.00469502287522583,
        0.004810866733864476,
        0.0031957459136447777,
        0.002882710064523459,
        0.0025537135059897046,
        0.0024878112219641644,
        0.0026685276414404515
    ],
    "nn.max_pool2d": [
        0.023477688684098896,
        0.012553870245271565,
        0.006227250978819653,
        0.003789381331468594,
        0.002685518074040787
    ],
    "nn.adaptive_avg_pool2d": [
        0.002438384508945008
    ],
    "nn.batch_matmul": [],
    "nn.softmax": [],
    "nn.batch_norm": [
        0.12354670294572491,
        0.07227524083544813,
        0.04640859435542338,
        0.044679174261346905,
        0.027296931988016568,
        0.02643968743409059,
        0.022206495408637495,
        0.021941856549347435
    ],
    "multiply": [],
    "add": [],
    "squeeze": [],
    "reshape": [],
    "transpose": [],
    "latency": 4.805375734965007,
    "batch_size": 2,
    "model_name": "vgg11_bn",
    "sm_partition": 80
}