{
    "nn.conv2d": [
        0.07240179716665698,
        0.4327511782911757,
        0.222603560738476,
        0.32943084946929846,
        0.2116838825225815,
        0.3383784623045865,
        0.33039701075722583,
        0.3274574136471488,
        0.27128164435149976,
        0.5333977756623491,
        0.5204155829239996,
        0.5232236176459333,
        0.24746748165601795,
        0.24202956961276126,
        0.24325885567697522,
        0.2419870859249233
    ],
    "nn.conv2d_transpose": [],
    "nn.dense": [
        0.690483267105458,
        0.11384394943179879,
        0.03425007504664101
    ],
    "nn.layer_norm": [],
    "nn.relu": [
        0.05117776898774656,
        0.05051995704703002,
        0.028766938432460046,
        0.027540393251332337,
        0.012805405779281914,
        0.012454572744233094,
        0.012497056432071035,
        0.012321639914546626,
        0.00894487195220174,
        0.008681747175915126,
        0.008681747175915126,
        0.008990096523126002,
        0.007102998518195437,
        0.006532894836241105,
        0.006532894836241105,
        0.006532894836241105,
        0.006927582000671027,
        0.006227286372116547
    ],
    "nn.bias_add": [
        0.053369105015258524,
        0.0518794350578442,
        0.026838727181234697,
        0.027584247380713443,
        0.014075805089790729,
        0.013156238814330735,
        0.013856534442885217,
        0.013198722502168678,
        0.0107442616983701,
        0.010611328868683632,
        0.010086449757653562,
        0.009998741498891357,
        0.007411347865406314,
        0.007060514830357494,
        0.007060514830357494,
        0.007060514830357494,
        0.00679739005407088,
        0.006490411148403163,
        0.00662197353654647
    ],
    "nn.max_pool2d": [
        0.03525872002240636,
        0.01771569782842223,
        0.009911033240129154,
        0.008287060011485202,
        0.007411347865406314
    ],
    "nn.adaptive_avg_pool2d": [
        0.006578119407165368
    ],
    "nn.batch_matmul": [],
    "nn.softmax": [],
    "nn.batch_norm": [
        0.19374617316416745,
        0.19159046861677761,
        0.12515146260440746,
        0.12054814946093483,
        0.07722026963240562,
        0.07485214664582608,
        0.07476169750397756,
        0.07436838078109079,
        0.06748465290980087,
        0.06379816515870194,
        0.06485614603002106,
        0.06432578515281832,
        0.057351608139679884,
        0.055904421870103506,
        0.055949646441027776,
        0.055949646441027776
    ],
    "multiply": [],
    "add": [],
    "squeeze": [],
    "reshape": [],
    "transpose": [],
    "latency": 7.853809992472331,
    "batch_size": 1,
    "model_name": "vgg19_bn",
    "sm_partition": 60
}