{
    "nn.conv2d": [
        0.0293260352434882,
        0.35414361563375246,
        0.18688507706455051,
        0.38228230408445557,
        0.2600428059597694,
        0.47807159600104,
        0.43318085696071457,
        0.32307277070192075,
        0.6387349059429984,
        0.6368609007640244,
        0.5830869658955988,
        0.580312168627972,
        0.5807551884591654
    ],
    "nn.conv2d_transpose": [],
    "nn.dense": [
        0.42815966751170753,
        0.07048262226569091,
        0.017824507274822585
    ],
    "nn.layer_norm": [],
    "nn.relu": [
        0.03105698659200628,
        0.031142818890279915,
        0.016680076631174264,
        0.01639352192704201,
        0.008697225848507057,
        0.00844017599690636,
        0.00838250742150377,
        0.0034900664199072015,
        0.003432844887724785,
        0.003432844887724785,
        0.0024176097347070762,
        0.002202581945802841,
        0.00221733437206862,
        0.002088585924658184,
        0.0019741428602933525
    ],
    "nn.bias_add": [
        0.031757503318020706,
        0.03131403644360698,
        0.016593797289680464,
        0.015735474306944226,
        0.007838902865770818,
        0.007596158397215724,
        0.007710154418360381,
        0.003990754826503341,
        0.0037909265070850597,
        0.003891064188404288,
        0.002531605755851733,
        0.002431468074532505,
        0.002402857308441297,
        0.002303166670342244,
        0.002188723605977412,
        0.0023456357762588805
    ],
    "nn.max_pool2d": [
        0.0202988914984919,
        0.011072366477297497,
        0.0054789617064663326,
        0.003060904928539081,
        0.0024176097347070762
    ],
    "nn.adaptive_avg_pool2d": [
        0.002202581945802841
    ],
    "nn.batch_matmul": [],
    "nn.softmax": [],
    "nn.batch_norm": [
        0.10681561294220403,
        0.10584284689510295,
        0.062253897711927374,
        0.06152432317660157,
        0.03932236868982417,
        0.03860799362398432,
        0.03817838508939603,
        0.024143910235218155,
        0.022728571400143702,
        0.022942705102607593,
        0.019152225638742706,
        0.018851365551564848,
        0.01880934348886839
    ],
    "multiply": [],
    "add": [],
    "squeeze": [],
    "reshape": [],
    "transpose": [],
    "latency": 6.785120964050293,
    "batch_size": 2,
    "model_name": "vgg16_bn",
    "sm_partition": 100
}