{
    "nn.conv2d": [
        0.06529058605479186,
        0.3791876343951375,
        0.1888105552231723,
        0.27144395319876824,
        0.17085327502377742,
        0.2657582708137356,
        0.21164804613638688,
        0.34284664781747026,
        0.22747467608784888,
        0.21809181950609055
    ],
    "nn.conv2d_transpose": [],
    "nn.dense": [
        0.7198073899451366,
        0.12205264853203475,
        0.036529028677380504
    ],
    "nn.layer_norm": [],
    "nn.relu": [
        0.054677312269397545,
        0.05349131445939464,
        0.02819002784599924,
        0.029327164323005774,
        0.011369884123610913,
        0.011132980690901217,
        0.00914299185613978,
        0.008669184990720395,
        0.007154483667832782,
        0.006822818862039208,
        0.007107102981290842,
        0.006443773369703698
    ],
    "nn.bias_add": [
        0.05548130329415608,
        0.054440408836687854,
        0.028665315357873065,
        0.02691222995582132,
        0.013549395704540102,
        0.013028208152578775,
        0.009569418035017232,
        0.009997324860349118,
        0.007768951946423551,
        0.007533529160168293,
        0.0074387677870844165,
        0.006822818862039208,
        0.007484667827171919
    ],
    "nn.max_pool2d": [
        0.03553551490645421,
        0.016960805135559708,
        0.009948463527352742,
        0.008669184990720395,
        0.007958474692591307
    ],
    "nn.adaptive_avg_pool2d": [
        0.007154483667832782
    ],
    "nn.batch_matmul": [],
    "nn.softmax": [],
    "nn.batch_norm": [],
    "multiply": [],
    "add": [],
    "squeeze": [],
    "reshape": [],
    "transpose": [],
    "latency": 3.794067700703939,
    "batch_size": 1,
    "model_name": "vgg13",
    "sm_partition": 100
}