{
    "nn.conv2d": [
        0.12462908138815039,
        2.2668147518061086,
        1.146258954737235,
        2.3036142844389937,
        1.475924714890443,
        2.31603122127902,
        1.52485626540654,
        3.0404901540530043,
        1.0540497142543455,
        1.052550140797423
    ],
    "nn.conv2d_transpose": [],
    "nn.dense": [
        1.1138976909201355,
        0.15649548596446558,
        0.04216753699196445
    ],
    "nn.layer_norm": [],
    "nn.relu": [
        0.0697901486851881,
        0.07083985010503407,
        0.03606427302228856,
        0.03682952410202449,
        0.020348743193737397,
        0.01940401191587602,
        0.011036860642951965,
        0.010796928889844312,
        0.00401885686455316,
        0.003913886722568563,
        0.0022788830378174,
        0.002129394308830406
    ],
    "nn.bias_add": [
        0.07128925352540565,
        0.07581796536531255,
        0.043592600392746414,
        0.04246745168334901,
        0.020244241668458087,
        0.02087406252036567,
        0.01115682651950579,
        0.01114183078493656,
        0.004648677716460745,
        0.0043482944083708935,
        0.0024288403835096813,
        0.0022493601853842316,
        0.002368857445232769
    ],
    "nn.max_pool2d": [
        0.050085753461222224,
        0.02688735208262618,
        0.015265189174769033,
        0.0088774748649831,
        0.0035539890929070857
    ],
    "nn.adaptive_avg_pool2d": [
        0.0028337252168788435
    ],
    "nn.batch_matmul": [],
    "nn.softmax": [],
    "nn.batch_norm": [
        0.22904203811015997,
        0.2280982440657092,
        0.13566219309746003,
        0.13467341184930157,
        0.07619004702931152,
        0.07316184587973801,
        0.04715924213669628,
        0.04672389721748337,
        0.025370908424312978,
        0.025086458084202935
    ],
    "multiply": [],
    "add": [],
    "squeeze": [],
    "reshape": [],
    "transpose": [],
    "latency": 19.08764362335205,
    "batch_size": 4,
    "model_name": "vgg13_bn",
    "sm_partition": 30
}