{
    "nn.conv2d": [
        0.11882520265592833,
        1.092700660967542,
        1.3788809855179989,
        2.217210657278861,
        1.4543122280247525,
        2.895738745445716,
        1.0110192007333032,
        1.0036104758297857
    ],
    "nn.conv2d_transpose": [],
    "nn.dense": [
        1.0655977610263982,
        0.14964766151641795,
        0.039861228390161214
    ],
    "nn.layer_norm": [],
    "nn.relu": [
        0.06822275341143949,
        0.03401103532415363,
        0.018993349708915284,
        0.01865053527835315,
        0.010612497834768433,
        0.010454722744822625,
        0.003918453862761744,
        0.00368961293910097,
        0.0021167785438621673,
        0.0019876085693739565
    ],
    "nn.bias_add": [
        0.06988185010798008,
        0.04099068349580727,
        0.019436728998508037,
        0.019251242702962683,
        0.01058344576438181,
        0.010898102034415377,
        0.004276464760910729,
        0.004304622921439303,
        0.002287962281678723,
        0.002073423915746747,
        0.002188291332506159
    ],
    "nn.max_pool2d": [
        0.04828543489242349,
        0.025715551841450544,
        0.01440222867797099,
        0.008366549316418054,
        0.003504126643555615
    ],
    "nn.adaptive_avg_pool2d": [
        0.0027313415712714745
    ],
    "nn.batch_matmul": [],
    "nn.softmax": [],
    "nn.batch_norm": [],
    "multiply": [],
    "add": [],
    "squeeze": [],
    "reshape": [],
    "transpose": [],
    "latency": 12.891027132670084,
    "batch_size": 4,
    "model_name": "vgg11",
    "sm_partition": 30
}