{
    "nn.conv2d": [
        0.04926737521908519,
        0.5878943974608217,
        0.29672094804719373,
        0.6036070866225597,
        0.38231695210831135,
        0.6644024402743592,
        0.6638947804984481,
        0.6241115887910689,
        0.4264338248295662,
        0.848608647255585,
        0.8458846191897204,
        0.8476803882598453,
        0.5557141073821608,
        0.5535964077224339,
        0.5533863015804218,
        0.5540545397153293
    ],
    "nn.conv2d_transpose": [],
    "nn.dense": [
        0.7378153835852187,
        0.11941109791510225,
        0.029518171741565825
    ],
    "nn.layer_norm": [],
    "nn.relu": [
        0.05438111881545853,
        0.0537991673650238,
        0.02702978758083057,
        0.027078928428041486,
        0.01407827232221913,
        0.013755954796812126,
        0.014139795115183975,
        0.014053508430711271,
        0.007465926353815363,
        0.007193910483033699,
        0.007379252733537848,
        0.007267815221752473,
        0.002315036920180218,
        0.002240745245656635,
        0.0022159813541487734,
        0.0022159813541487734,
        0.0018197590900229928,
        0.0017334724055502887
    ],
    "nn.bias_add": [
        0.05164470880383987,
        0.05163271379389075,
        0.027140838156811144,
        0.027326954278924905,
        0.014103036213726994,
        0.013594989502011025,
        0.01365728616658549,
        0.013533466709046186,
        0.007008181296724739,
        0.007107236862756184,
        0.006908738794888483,
        0.007008181296724739,
        0.0025878266625715025,
        0.002389328594703802,
        0.002364564703195941,
        0.002364564703195941,
        0.0020182571578906934,
        0.001832527971581734,
        0.0019439654833671098
    ],
    "nn.max_pool2d": [
        0.033035031271486937,
        0.017867147722921903,
        0.00955847518622964,
        0.004940396355818323,
        0.002315036920180218
    ],
    "nn.adaptive_avg_pool2d": [
        0.0019559604933162295
    ],
    "nn.batch_matmul": [],
    "nn.softmax": [],
    "nn.batch_norm": [],
    "multiply": [],
    "add": [],
    "squeeze": [],
    "reshape": [],
    "transpose": [],
    "latency": 10.531845092773438,
    "batch_size": 4,
    "model_name": "vgg19",
    "sm_partition": 100
}