{
    "nn.conv2d": [
        0.050777966059898504,
        0.38858465918766494,
        0.5022777636827548,
        0.7980158244992468,
        0.4443560906679436,
        0.878973762684605,
        0.5980453987728741,
        0.595411984358471
    ],
    "nn.conv2d_transpose": [],
    "nn.dense": [
        0.780702672833269,
        0.1258168327683289,
        0.03231799174903425
    ],
    "nn.layer_norm": [],
    "nn.relu": [
        0.05704821377835082,
        0.02853693989568124,
        0.014861436327816408,
        0.014874473032838207,
        0.007874169833165261,
        0.007808986308056278,
        0.002594304299337561,
        0.002528713377196646,
        0.0019033589331823313,
        0.0018116946009978227
    ],
    "nn.bias_add": [
        0.054193582775609254,
        0.028680343650921012,
        0.014691959162533056,
        0.014509445292227897,
        0.007274074005130678,
        0.007352294235261459,
        0.002737300657545395,
        0.002594304299337561,
        0.0020989095085092837,
        0.0019033589331823313,
        0.0020989095085092837
    ],
    "nn.max_pool2d": [
        0.03492492535636167,
        0.01881196534645277,
        0.010181666622023293,
        0.005084314958500748,
        0.0023205334938798286
    ],
    "nn.adaptive_avg_pool2d": [
        0.002007245176324774
    ],
    "nn.batch_matmul": [],
    "nn.softmax": [],
    "nn.batch_norm": [],
    "multiply": [],
    "add": [],
    "squeeze": [],
    "reshape": [],
    "transpose": [],
    "latency": 5.548191070556641,
    "batch_size": 4,
    "model_name": "vgg11",
    "sm_partition": 80
}