{
    "nn.conv2d": [
        0.415094388370623,
        0.05528233596474762,
        0.797993476929298,
        0.16213969972613812,
        0.10209352610096298,
        0.1566320730610189,
        0.791910795662116,
        0.1612863303335323,
        0.15846245343436385,
        0.7588776422647004,
        0.16033986609809672,
        0.3074922658665946,
        1.514575513803998,
        0.16366073369466344,
        0.2536368992895965,
        0.18393940875543296,
        1.0498455735290182,
        0.1644205233754665,
        0.16310167976871198,
        0.9615611157811316,
        0.16420378694450352,
        0.18459107265524108,
        0.9579609636560757,
        0.16381540689707325,
        0.31019153143968364,
        2.904558611418569,
        0.20290020994739416,
        0.4829760446006336,
        0.19810582554166312,
        1.0931967386733954,
        0.191262869724705,
        0.19784205682031222,
        1.0890079556150305,
        0.20038664919099147,
        0.19833856264873748,
        1.0898918717529398,
        0.20251182989996389,
        0.19725245614905726,
        1.0901866720885673,
        0.2027140202617347,
        0.1985397832725621,
        1.0892096611078284,
        0.20389273673527156,
        0.3988798850421388,
        2.3483329261870503,
        0.18549147433823487,
        0.42548949428430294,
        0.2425426123167473,
        1.1549031036623674,
        0.18577075886672406,
        0.24051004158163156,
        1.1526688274344539,
        0.18476223140273534
    ],
    "nn.conv2d_transpose": [],
    "nn.dense": [
        0.0246541326737668
    ],
    "nn.layer_norm": [],
    "nn.relu": [
        0.019999875401253427,
        0.011869592460790435,
        0.011528244703748096,
        0.020356254096460986,
        0.010984706584934941,
        0.011311023403812064,
        0.019828716653759185,
        0.01172946532757277,
        0.01124847530628584,
        0.019782654101317392,
        0.020201580894051177,
        0.006609733840910753,
        0.011931170820370516,
        0.0060351641078210195,
        0.006113228012485532,
        0.011465696606221872,
        0.006205837986342189,
        0.00628341702203363,
        0.011279991789535487,
        0.0062528702767301264,
        0.006066680591070667,
        0.011792013425098996,
        0.011062770489599453,
        0.004250846286917882,
        0.006966597405091381,
        0.004080172408396712,
        0.004096173084508072,
        0.006656281262325617,
        0.004064656601258424,
        0.003987562434540056,
        0.006733375429043987,
        0.004080172408396712,
        0.003987562434540056,
        0.006748891236182275,
        0.003971561758428696,
        0.003987562434540056,
        0.0070752080550593975,
        0.0041116888916463605,
        0.003987562434540056,
        0.00679543865759714,
        0.006097227336374173,
        0.003319897858620593,
        0.004049625663093208,
        0.0031186772347959186,
        0.0031957714015142884,
        0.003987562434540056,
        0.0030406133301314063,
        0.0030255823919661897,
        0.004002593372705272
    ],
    "nn.bias_add": [
        0.002482044273153033
    ],
    "nn.max_pool2d": [
        0.018587936951669208
    ],
    "nn.adaptive_avg_pool2d": [
        0.005631753122225529
    ],
    "nn.batch_matmul": [],
    "nn.softmax": [],
    "nn.batch_norm": [
        0.07572974542814605,
        0.04927480938839166,
        0.04760055682437577,
        0.1577618177682755,
        0.08309926894985985,
        0.04689992115828744,
        0.047772200440843085,
        0.084076764799572,
        0.04787838674594574,
        0.04690089089623358,
        0.0824636057261631,
        0.07492243858798199,
        0.03344917097631084,
        0.29167874917884057,
        0.052161719254059415,
        0.03206874900997625,
        0.03228645517888536,
        0.05181891689009786,
        0.032098810886306686,
        0.032735443847949575,
        0.052114686963671476,
        0.0322243919503322,
        0.03244161325026824,
        0.05110664436865583,
        0.047538008726849545,
        0.02662221583546404,
        0.5107469150333039,
        0.03507736098788494,
        0.025954551259544576,
        0.0259865526117673,
        0.03461334138065551,
        0.025720844414524113,
        0.02569175227613982,
        0.03534258431615505,
        0.025908003838129707,
        0.025923519645268005,
        0.034923657523421275,
        0.02558168701925259,
        0.025645689723698024,
        0.03461237164270936,
        0.02589394263791064,
        0.025829939933465204,
        0.035435194290011705,
        0.03265786481225814,
        0.023596148574524783,
        0.448823328744396,
        0.027459584551958533,
        0.023037579517546408,
        0.023300863369924235,
        0.027335458094852223,
        0.023006063034296757,
        0.022960000481854967,
        0.027289395542410427
    ],
    "multiply": [],
    "add": [
        0.02799003120849875,
        0.02918523322712002,
        0.028889948022519464,
        0.015049848055166437,
        0.015173974512272741,
        0.015375680005070485,
        0.014740016781373743,
        0.00864181970705343,
        0.008114767133324706,
        0.008549209733196771,
        0.008300471950011089,
        0.007943608385830463,
        0.008843525199851177,
        0.00546156411267743,
        0.005244342812741396,
        0.005150763100938594
    ],
    "squeeze": [],
    "reshape": [],
    "transpose": [],
    "latency": 30.18581708272298,
    "batch_size": 4,
    "model_name": "wide_resnet50_2",
    "sm_partition": 30
}