{
    "nn.conv2d": [
        0.6125576921546773,
        0.07895463636460344,
        1.1802459251092328,
        0.23746995830230516,
        0.1499661493829905,
        0.23405668916006234,
        1.1763361804553911,
        0.23840133472591993,
        0.23463122380971546,
        1.1464080160218169,
        0.23681833419333148,
        0.456834560130353,
        2.0046435121192867,
        0.2197059287422721,
        0.36203925197379555,
        0.20951266589475614,
        1.0560965023293876,
        0.21868146316023243,
        0.21058319121664143,
        1.0543278083193166,
        0.21812292820968363,
        0.20977593367092628,
        1.0543898677582662,
        0.21762693753745146,
        0.4175359052547155,
        3.4996243667021445,
        0.26392279415468656,
        0.6125416924555731,
        0.25613481940584487,
        1.9364557035731185,
        0.26652929059058106,
        0.2550798089436971,
        1.8424361384034345,
        0.2659091810404492,
        0.25615033426558237,
        1.858291840215759,
        0.2632716548850798,
        0.25529701698002166,
        1.8560271555334555,
        0.2628837833916431,
        0.25613481940584487,
        1.862388248025817,
        0.2629608728509636,
        0.5063584772517149,
        2.934682263921121,
        0.2561658491253198,
        0.8883653537076306,
        0.2711372039326088,
        1.3834600427899444,
        0.25729794904678815,
        0.2690582127277882,
        1.3957943562812307,
        0.25639857202138183
    ],
    "nn.conv2d_transpose": [],
    "nn.dense": [
        0.02915193660733395
    ],
    "nn.layer_norm": [],
    "nn.relu": [
        0.02781814350927857,
        0.015359226300725667,
        0.015048929105976322,
        0.027321667997679624,
        0.015111473384292987,
        0.015204562542717789,
        0.027274638579100428,
        0.014924810228076587,
        0.015033414246238854,
        0.027740084371224438,
        0.027957292407548975,
        0.008579717434819325,
        0.015048929105976322,
        0.008144816522803449,
        0.008238390520595048,
        0.015235592262192723,
        0.00825342054096572,
        0.008238390520595048,
        0.014536938734639907,
        0.008160331382540917,
        0.008331479679019852,
        0.01508044366481805,
        0.01522007740245526,
        0.0051664482925765556,
        0.008936559208781067,
        0.004995784835464417,
        0.005042329414676818,
        0.00884298521098947,
        0.004917725697410286,
        0.0049337253965145485,
        0.008921044349043599,
        0.005042329414676818,
        0.0050263297155725565,
        0.008889529790201871,
        0.005042329414676818,
        0.0049797851363601545,
        0.008921044349043599,
        0.0049797851363601545,
        0.0049337253965145485,
        0.00884298521098947,
        0.008284450260440652,
        0.0037851409365751852,
        0.005042329414676818,
        0.0036615068980422427,
        0.0037701109162045126,
        0.0050263297155725565,
        0.0036455071989379808,
        0.0037851409365751852,
        0.005057844274414286
    ],
    "nn.bias_add": [
        0.0025909815761570114
    ],
    "nn.max_pool2d": [
        0.025630548286295702
    ],
    "nn.adaptive_avg_pool2d": [
        0.007043261481443281
    ],
    "nn.batch_matmul": [],
    "nn.softmax": [],
    "nn.batch_norm": [
        0.10041120254215369,
        0.06042795448060051,
        0.059342399138344604,
        0.22052530727215708,
        0.10529595916262184,
        0.05869029019000419,
        0.05912373658391968,
        0.10458179077533157,
        0.058596231352845786,
        0.05910919140291579,
        0.10532941307893076,
        0.09818966856349512,
        0.03949792385539055,
        0.40713852503377856,
        0.06252149086642499,
        0.03850400315345906,
        0.03881623970567558,
        0.06219470913320458,
        0.03876872544772959,
        0.038613092010988115,
        0.06186938191808456,
        0.03889381400436292,
        0.03864315205172946,
        0.06224270823051737,
        0.059389428556923786,
        0.029474354786253192,
        0.6447631470940915,
        0.04128358724329964,
        0.028855214914854883,
        0.029956769956215053,
        0.041267587544195385,
        0.02882321551664636,
        0.029443809906145053,
        0.041484310741153135,
        0.029275085806500088,
        0.029629988222994653,
        0.041685034239006616,
        0.028777155776800758,
        0.02924163189019118,
        0.0411730438676702,
        0.02879267063653822,
        0.0294142347047705,
        0.04165351968016488,
        0.038985933484054124,
        0.02564363894919919,
        0.9141180815143589,
        0.03228545343493551,
        0.025301827195608115,
        0.02508510399865037,
        0.031446681330378694,
        0.025100134019021048,
        0.02485286594195516,
        0.03090366123956734
    ],
    "multiply": [],
    "add": [
        0.03597847489181948,
        0.03489243471019678,
        0.035203216744312926,
        0.018384623949531758,
        0.01745373236528373,
        0.017546821523708532,
        0.017996752456095076,
        0.010534104922373388,
        0.010270352306836445,
        0.01040998604447365,
        0.010503075202898452,
        0.010270352306836445,
        0.010425500904211118,
        0.007074776040285012,
        0.0068265382844855385,
        0.006593815388423531
    ],
    "squeeze": [],
    "reshape": [],
    "transpose": [],
    "latency": 41.036478678385414,
    "batch_size": 4,
    "model_name": "wide_resnet50_2",
    "sm_partition": 20
}