{
    "nn.conv2d": [
        1.125917317333055,
        0.1387319293755139,
        2.102329171473551,
        0.43374639011015725,
        0.2703695892233857,
        0.4234515995741587,
        2.0956100230990167,
        0.4319653565050546,
        0.4275924122063473,
        2.068561932716646,
        0.42986621654213003,
        0.8342622045364914,
        3.7300196746628784,
        0.39656233612151165,
        0.6492084689819246,
        0.3854123236562337,
        1.9739644323740808,
        0.39967552494343894,
        0.38707751767726456,
        1.9670860045714476,
        0.39643201658943095,
        0.3859625616805742,
        1.9707933237601172,
        0.3967356429992439,
        0.7660467169678843,
        6.7796415248308985,
        0.493867134243378,
        1.1197628869308698,
        0.4718435858201182,
        2.9717482372774335,
        0.49295535001718843,
        0.4703087113311679,
        3.0370383228498543,
        0.4936503875216187,
        0.47204630509224366,
        2.9441354289227135,
        0.49220194022234703,
        0.4740151255230876,
        3.0229932257795338,
        0.49220194022234703,
        0.471944945456181,
        2.966245857034027,
        0.49415718570193257,
        0.9325516391229675,
        5.53245509542114,
        0.47951795826486937,
        1.2569459143678,
        0.4706127902393561,
        3.709009722600247,
        0.4801550759772638,
        0.4697725007564609,
        3.7035507822008666,
        0.479169987014279
    ],
    "nn.conv2d_transpose": [],
    "nn.dense": [
        0.04671185977854429
    ],
    "nn.layer_norm": [],
    "nn.relu": [
        0.04568423596828309,
        0.02399327385085423,
        0.023689194942665973,
        0.04619103414859685,
        0.025122709795553463,
        0.024138073330943872,
        0.04497426601746855,
        0.024470659636774778,
        0.023819061976371375,
        0.045104585549549235,
        0.044959786069459586,
        0.013393951908292193,
        0.023790554578728723,
        0.013017020761683833,
        0.01304598065770176,
        0.024224953018997658,
        0.013277659825845193,
        0.013509791492363907,
        0.024543059376819592,
        0.013408431856301157,
        0.012872673779969469,
        0.02394983400682733,
        0.024123140884559628,
        0.007442693276607769,
        0.014754614522759574,
        0.007355813588553983,
        0.007442693276607769,
        0.014277228736839027,
        0.007442693276607769,
        0.007442693276607769,
        0.014277228736839027,
        0.007326853692536052,
        0.007326853692536052,
        0.014609815042669932,
        0.007442693276607769,
        0.007369841038187666,
        0.01411749681036514,
        0.007442693276607769,
        0.007341333640545017,
        0.014233788892812132,
        0.01329259227222944,
        0.00511142164716448,
        0.007587040258322133,
        0.004894222427030011,
        0.004908249876663696,
        0.007341333640545017,
        0.004894222427030011,
        0.004908249876663696,
        0.007326853692536052
    ],
    "nn.bias_add": [
        0.0022584193910231863
    ],
    "nn.max_pool2d": [
        0.04267240678241847
    ],
    "nn.adaptive_avg_pool2d": [
        0.00997668417817656
    ],
    "nn.batch_matmul": [],
    "nn.softmax": [],
    "nn.batch_norm": [
        0.1530792953605213,
        0.0884263275004947,
        0.08676158597783906,
        0.3786633103889303,
        0.1642867751194599,
        0.08828152802040506,
        0.08755753061995683,
        0.16281027292092076,
        0.08792043431693151,
        0.08738286624709873,
        0.16450487933634492,
        0.15122631451374915,
        0.05393690133664232,
        0.7140053313252904,
        0.09201825960346847,
        0.05319706649305928,
        0.05303642956983483,
        0.09198884720907527,
        0.05325408128834458,
        0.05364549238296191,
        0.09224993877161192,
        0.053645944881337185,
        0.052705200759129774,
        0.09285719159123786,
        0.08767337020402854,
        0.037472747952074364,
        1.1615796192856334,
        0.05768539787746301,
        0.036458699093071575,
        0.03784922660030744,
        0.05729398678284569,
        0.03637091440826722,
        0.03771845456985148,
        0.05732385167561417,
        0.03651661888510742,
        0.03735600337125208,
        0.05764195803343612,
        0.0365605112275096,
        0.03761709493378874,
        0.05758403824140025,
        0.0367926428940283,
        0.037516187796101254,
        0.05777182506714152,
        0.05423871775295417,
        0.02965267103048296,
        1.2881909271808938,
        0.04086060328779679,
        0.028973018470812188,
        0.029608778688080782,
        0.040180498229750734,
        0.028885233786007835,
        0.029884802697001667,
        0.040484124639563704
    ],
    "multiply": [],
    "add": [
        0.057123394895365075,
        0.05680438354079257,
        0.057181314687400925,
        0.028525497577660125,
        0.028539977525669093,
        0.028149018929427044,
        0.02869880445539242,
        0.016825699586416786,
        0.016767327296005646,
        0.016854659482434715,
        0.016738367399987717,
        0.01701348641215804,
        0.016927059222479536,
        0.010526922202517212,
        0.010107003710257242,
        0.010251350691971608
    ],
    "squeeze": [],
    "reshape": [],
    "transpose": [],
    "latency": 74.2939805984497,
    "batch_size": 4,
    "model_name": "wide_resnet50_2",
    "sm_partition": 10
}