{
    "nn.conv2d": [
        0.15900987088569982,
        0.024151644887776057,
        0.2653422726208515,
        0.059707029839532466,
        0.03910768964156346,
        0.0583982538931848,
        0.3069888045527425,
        0.05859411267116969,
        0.05857458780856685,
        0.26567480543705635,
        0.05837872903058196,
        0.10972911767609222,
        0.6463504414529759,
        0.06083886171854176,
        0.08661168035431116,
        0.07675162473986907,
        0.43868461296096,
        0.06037087516802956,
        0.07630255290000341,
        0.43583337286898666,
        0.060155491527441804,
        0.07642031222757688,
        0.4342128092729497,
        0.06087791144374748,
        0.10703468663689815,
        2.2588313545243666,
        0.09053678788944147,
        0.2099111876913444,
        0.14061745031380982,
        0.8535293686838333,
        0.09012676577478153,
        0.13954419302260912,
        0.8509905263935056,
        0.08881798982843388,
        0.13930989467137483,
        0.8506781285918601,
        0.08989246742354727,
        0.13940690883243279,
        0.8509319518056973,
        0.08928719668285874,
        0.1394459585576385,
        0.8497610702014821,
        0.08854464175199389,
        0.17302872223455013,
        1.960296205326704,
        0.12732162903322147,
        0.20247282519161272,
        0.24749654820184142,
        1.1820547068394818,
        0.1252709083079653,
        0.2465984045221101,
        1.1675861734988096,
        0.12431419004042539
    ],
    "nn.conv2d_transpose": [],
    "nn.dense": [
        0.015424641456255935
    ],
    "nn.layer_norm": [],
    "nn.relu": [
        0.0131988071195304,
        0.005485876239446089,
        0.005310762627976727,
        0.012886409317884706,
        0.0052711027508146775,
        0.005349202201226099,
        0.012631975952091246,
        0.005232663177565306,
        0.005310762627976727,
        0.012300663439799039,
        0.012281138577196182,
        0.00409961099464334,
        0.005934948079311768,
        0.00396354710837969,
        0.003904362368614784,
        0.00570125988003384,
        0.0038463979327625574,
        0.0038262629182033614,
        0.0056036355670195616,
        0.0038854476579682677,
        0.003943412093820495,
        0.005759834467842408,
        0.005193003300403254,
        0.0033973260928968772,
        0.004119746009202535,
        0.0035925747189254334,
        0.0033973260928968772,
        0.0038262629182033614,
        0.003240517040117692,
        0.003260652054676888,
        0.0038073482075568453,
        0.003436375818102588,
        0.0033973260928968772,
        0.0038463979327625574,
        0.003260652054676888,
        0.003260652054676888,
        0.003865312643409073,
        0.0033973260928968772,
        0.0033973260928968772,
        0.003865312643409073,
        0.0038262629182033614,
        0.003104453153854043,
        0.0033973260928968772,
        0.0029482542530311975,
        0.0029671689636777145,
        0.003240517040117692,
        0.0029482542530311975,
        0.0029482542530311975,
        0.003260652054676888
    ],
    "nn.bias_add": [
        0.003104453153854043
    ],
    "nn.max_pool2d": [
        0.0090003515079601
    ],
    "nn.adaptive_avg_pool2d": [
        0.005095989139345315
    ],
    "nn.batch_matmul": [],
    "nn.softmax": [],
    "nn.batch_norm": [
        0.05554518334534254,
        0.03408491873697885,
        0.033187385209203835,
        0.08196049199113717,
        0.05874543035634183,
        0.03342290386435078,
        0.032993967039044295,
        0.0588040049441504,
        0.03350222361867488,
        0.033032406612293674,
        0.05913653776035529,
        0.052772042703780685,
        0.028873610877885418,
        0.11587578848425369,
        0.035806767557768175,
        0.028347659891520993,
        0.028248815274594042,
        0.035649348353032656,
        0.028151190961579763,
        0.028149360505710746,
        0.03582446196450202,
        0.028325084269136446,
        0.02824698481872502,
        0.03607584457051379,
        0.032680348933485925,
        0.026822890152629245,
        0.2362654811415051,
        0.030494784625878776,
        0.026550762380101945,
        0.026395783783191774,
        0.029693655107205355,
        0.02590583176225137,
        0.026022980937868503,
        0.029440442045324568,
        0.025943051031588064,
        0.026239584882368935,
        0.029831549449338027,
        0.02598454136461913,
        0.02645130761121865,
        0.029516711039866982,
        0.026706351128968443,
        0.026414088341881952,
        0.029927953458439627,
        0.028990149901546216,
        0.025885086595735837,
        0.22742071838241149,
        0.027507480647641865,
        0.025457370074342026,
        0.02547628478498854,
        0.026805195745895405,
        0.025457980226298367,
        0.02572949784686933,
        0.027233522419245555
    ],
    "multiply": [],
    "add": [
        0.018469909870345073,
        0.017396042427188015,
        0.017787149831201467,
        0.008532364957447905,
        0.00819983214124302,
        0.008551279668094422,
        0.008629379118505842,
        0.005349202201226099,
        0.004939790238522471,
        0.004881215650713904,
        0.004919655223963277,
        0.004919655223963277,
        0.004900130361360421,
        0.004256420047422524,
        0.0037097238945425675,
        0.003670674169336856
    ],
    "squeeze": [],
    "reshape": [],
    "transpose": [],
    "latency": 19.569276173909504,
    "batch_size": 2,
    "model_name": "wide_resnet50_2",
    "sm_partition": 60
}