{
    "nn.conv2d": [
        1.2189316077731538,
        0.1503980237109201,
        2.2387779727466435,
        0.4678835375975757,
        0.293698792316341,
        0.45166509532227145,
        2.2353861079319657,
        0.4676323246965032,
        0.4537371111059233,
        2.243550527216826,
        0.4676166238901861,
        0.9060150285247567,
        3.992997170286621,
        0.4290711443818544,
        0.7023598697864392,
        0.41410827596171595,
        2.1292172556161453,
        0.4285378076172725,
        0.41437518966910564,
        2.1216342568152124,
        0.42889892616256436,
        0.4143913811256201,
        2.1145213009033967,
        0.4272655516553949,
        0.8238208168048582,
        7.389537390695628,
        0.5355231018615787,
        1.2253223265943864,
        0.5107781404557272,
        3.1999651440192785,
        0.524265133082064,
        0.5107158278806565,
        3.283478223469809,
        0.5352870991166258,
        0.5085334158025882,
        3.117662007955556,
        0.5321626386595348,
        0.510103496434292,
        3.1938109185931967,
        0.5259922217769384,
        0.5105117173985351,
        3.291092623883375,
        0.5231503758335543,
        1.0112104308489203,
        6.104285086389102,
        0.5221298234229468,
        1.3728628035556052,
        0.5150806520367935,
        3.4925030579685545,
        0.5202928290838531,
        0.5115317791589452,
        3.7562923049011325,
        0.5204027347280724
    ],
    "nn.conv2d_transpose": [],
    "nn.dense": [
        0.04867249958282204
    ],
    "nn.layer_norm": [],
    "nn.relu": [
        0.04853119232596869,
        0.02617324413050463,
        0.02620464574313871,
        0.04722802540165441,
        0.026408756225260212,
        0.025717920747310483,
        0.04904931893443099,
        0.02587443816028347,
        0.02620464574313871,
        0.0479811734546749,
        0.04766764797853151,
        0.014052221653750233,
        0.027193796541112186,
        0.014067922460067273,
        0.013816709558994642,
        0.028747685716301673,
        0.013973717622165037,
        0.013942316009530957,
        0.027664820730623367,
        0.013894722940382432,
        0.013958016815847999,
        0.027758534918328196,
        0.025827335741332353,
        0.008776750731225007,
        0.014052221653750233,
        0.008886656375444281,
        0.008902357181761321,
        0.014052221653750233,
        0.009090276207368388,
        0.008792451537542047,
        0.013942316009530957,
        0.00869824669963981,
        0.00891805798807836,
        0.013958016815847999,
        0.008792451537542047,
        0.008666845087005732,
        0.013800518102480196,
        0.008556939442786456,
        0.008902357181761321,
        0.013926615203213921,
        0.013926615203213921,
        0.005636098817619725,
        0.009043664438614674,
        0.005306872535159307,
        0.005322082691278938,
        0.00891805798807836,
        0.005322082691278938,
        0.005322082691278938,
        0.008839063306295756
    ],
    "nn.bias_add": [
        0.002465026591775181
    ],
    "nn.max_pool2d": [
        0.04336562704766273
    ],
    "nn.adaptive_avg_pool2d": [
        0.010802154746123083
    ],
    "nn.batch_matmul": [],
    "nn.softmax": [],
    "nn.batch_norm": [
        0.1663166787156084,
        0.09363715562383575,
        0.09550604222576084,
        0.4124258364348056,
        0.17416511927333847,
        0.09583526850822126,
        0.09522440901244894,
        0.17397670959753395,
        0.09492314979124077,
        0.09536375366851269,
        0.17480934298253442,
        0.1649345171095115,
        0.06154372621141247,
        0.771440473680228,
        0.10327696005230053,
        0.058655759149472034,
        0.058168052853249004,
        0.1005921221720868,
        0.058609147380718325,
        0.058043427703107504,
        0.10096796022330091,
        0.058530152698935724,
        0.05816854350344642,
        0.10099936183593498,
        0.09495651400466448,
        0.04457311718348254,
        1.2721720606938396,
        0.0672126985922585,
        0.04377139476091872,
        0.044414637169719925,
        0.06514019215840931,
        0.043788076867630574,
        0.04443230057682659,
        0.06493559102609038,
        0.04339506605950718,
        0.044164405569042116,
        0.0648580682949,
        0.04345786928477534,
        0.04421101733779582,
        0.06521722423940227,
        0.04359868589143129,
        0.04444652943255141,
        0.06531437297848895,
        0.06157659977463877,
        0.03268711615128633,
        1.409253838047121,
        0.04761858295879077,
        0.03132114600170391,
        0.03188539372872251,
        0.04771278779669302,
        0.031414369539211326,
        0.03193298679787104,
        0.047069054737694405
    ],
    "multiply": [],
    "add": [
        0.057464460470166685,
        0.056946333861704376,
        0.057637659989851514,
        0.03345792761141349,
        0.03323860697317234,
        0.03308110825980454,
        0.0327832835899782,
        0.020363455143002654,
        0.019798716765786643,
        0.019767315153152564,
        0.019892430953491472,
        0.01987673014717443,
        0.019987126441591115,
        0.011979224569703628,
        0.012073429407605866,
        0.01169710070619433
    ],
    "squeeze": [],
    "reshape": [],
    "transpose": [],
    "latency": 79.63286558787028,
    "batch_size": 2,
    "model_name": "wide_resnet50_2",
    "sm_partition": 5
}