{
    "nn.conv2d": [
        0.10853194544060928,
        0.019990892081705333,
        0.18303009259311134,
        0.04398515732724107,
        0.03344323752089713,
        0.04617310294742568,
        0.18097406621837991,
        0.04381017635917883,
        0.044926363549982154,
        0.17939855398641322,
        0.04453197285243561,
        0.08224037146985001,
        0.5782457980632995,
        0.04989076499934195,
        0.0689206287955179,
        0.07010106681053158,
        0.3787681779917434,
        0.04934394947414743,
        0.06929177983324368,
        0.3710027140145747,
        0.04884156271037495,
        0.06900811927954902,
        0.37159395830119124,
        0.049387694716162986,
        0.08864904942512986,
        2.261803993172617,
        0.08449393495305797,
        0.20929911042345636,
        0.12152359879982468,
        0.8916367118627857,
        0.08300659672452886,
        0.1201025619537254,
        0.8878971771898615,
        0.08287467747907568,
        0.12005881671170987,
        0.8864966459259571,
        0.0830722145875522,
        0.12038690602682657,
        0.8871090793141748,
        0.08278718699504456,
        0.12038690602682657,
        0.8866060090309958,
        0.08311595982956775,
        0.16089500013323696,
        2.213552991229452,
        0.1406183969396175,
        0.21607893941646192,
        0.27548497807359507,
        1.3462379504079123,
        0.13849675270186274,
        0.2736039326669259,
        1.3312982667401914,
        0.13895676126243262
    ],
    "nn.conv2d_transpose": [],
    "nn.dense": [
        0.016513145341468156
    ],
    "nn.layer_norm": [],
    "nn.relu": [
        0.013057954741645249,
        0.0050956371754064785,
        0.005030702831789628,
        0.013166634327277663,
        0.004876910965328668,
        0.00485572186372738,
        0.013013525980223196,
        0.0050956371754064785,
        0.004986957589774067,
        0.012969780738207634,
        0.012969780738207634,
        0.0040020061250174285,
        0.005511216974554317,
        0.0038495812973694545,
        0.003696472950314988,
        0.0050956371754064785,
        0.0038270251569551806,
        0.0038707703989707427,
        0.005248745522460945,
        0.0038270251569551806,
        0.0037402181923305495,
        0.0050956371754064785,
        0.005205000280445382,
        0.0037176620519162756,
        0.004089496609048552,
        0.0036301715678851514,
        0.003521491982252739,
        0.0040020061250174285,
        0.0035426810838540277,
        0.003367700115791779,
        0.0037832799149396185,
        0.0037402181923305495,
        0.0037176620519162756,
        0.003696472950314988,
        0.003367700115791779,
        0.003521491982252739,
        0.0038707703989707427,
        0.0033902562562060532,
        0.003521491982252739,
        0.0040020061250174285,
        0.0038707703989707427,
        0.0032583370107528743,
        0.003696472950314988,
        0.003018421699073777,
        0.0032145917687373122,
        0.0034777467402371774,
        0.0030396108006750648,
        0.0030396108006750648,
        0.003521491982252739
    ],
    "nn.bias_add": [
        0.003521491982252739
    ],
    "nn.max_pool2d": [
        0.008902156750166862
    ],
    "nn.adaptive_avg_pool2d": [
        0.005468155251945247
    ],
    "nn.batch_matmul": [],
    "nn.softmax": [],
    "nn.batch_norm": [
        0.058965168639945074,
        0.036040611265571135,
        0.03448765517401869,
        0.07884943169423748,
        0.06298904738597029,
        0.03492647463298729,
        0.03400919158947347,
        0.06320709007664162,
        0.03468655932130819,
        0.03505702683962748,
        0.06322896269764938,
        0.056887953163612386,
        0.03061756829445443,
        0.0998013520614722,
        0.03895103689841898,
        0.029831520976987297,
        0.02991832794161193,
        0.03868924896573211,
        0.02963330034910428,
        0.02983015393817431,
        0.03835979261180241,
        0.02982947041876782,
        0.029764536075150966,
        0.03849102833784909,
        0.034708431942315966,
        0.02972079083313541,
        0.2376856713751171,
        0.03158269769642276,
        0.02965654000892505,
        0.02911040800313702,
        0.03177750072727331,
        0.029238226132151237,
        0.02886775861383195,
        0.03199485989853814,
        0.02967841262993283,
        0.02928333841297979,
        0.03166677058342142,
        0.0285827310213243,
        0.028803507789621593,
        0.031077576855024325,
        0.028912187375254,
        0.029743346973549682,
        0.03186430769189794,
        0.030376285943962338,
        0.028561541919723012,
        0.2434176651179687,
        0.029983262285228778,
        0.027927919429903858,
        0.028148012678794656,
        0.029830837457580806,
        0.02808171129636482,
        0.028300437506442632,
        0.029744030492956177
    ],
    "multiply": [],
    "add": [
        0.01931284083046412,
        0.018875388410308502,
        0.01942288745490952,
        0.009448972275361388,
        0.008988963714791494,
        0.009098326819830398,
        0.009120882960244672,
        0.005183811178844094,
        0.00507444807380519,
        0.0050081466913753534,
        0.00507444807380519,
        0.005118193315820752,
        0.0052275564208596565,
        0.004265161096517293,
        0.003937071781400579,
        0.003980817023416141
    ],
    "squeeze": [],
    "reshape": [],
    "transpose": [],
    "latency": 19.640498161315918,
    "batch_size": 2,
    "model_name": "wide_resnet50_2",
    "sm_partition": 100
}