{
    "nn.conv2d": [
        0.05673256730570817,
        0.020757318019371553,
        0.22741195502738978,
        0.0471410426718999,
        0.03130518235273843,
        0.0575482688141552,
        0.22459831221646415,
        0.04612932668459112,
        0.05783042418507277,
        0.22476795703449245,
        0.04629721352523054,
        0.08367972371137719,
        0.7339625917730005,
        0.061542393441723464,
        0.10525362222789021,
        0.08297653275581938,
        0.48829492055063595,
        0.06013601153060788,
        0.07946057797803044,
        0.47802833259949223,
        0.061542393441723464,
        0.07903778441600132,
        0.47870339591682765,
        0.0605306774544147,
        0.10992193118409951,
        2.9249640921112725,
        0.10671625941545045,
        0.08632372170427449,
        0.08123261918603607,
        0.1579639372678078,
        0.1048870839423057,
        0.0803887900393667,
        0.15503954188138183,
        0.10511298403677867,
        0.08137237838845317,
        0.15678345545116518,
        0.10502860112211172,
        0.08103572571847988,
        0.1565303067071644,
        0.10539338143030734,
        0.08126074682425836,
        0.15737325686513925,
        0.10530987750433485,
        0.20783511882466088,
        2.938606875637788,
        0.1796503463372101,
        0.2002397775159422,
        0.3503569827084196,
        1.7324928696763702,
        0.17579773888944786,
        0.3522977897457591,
        1.7112011265307745,
        0.17635941266519964
    ],
    "nn.conv2d_transpose": [],
    "nn.dense": [
        0.014597365248685303
    ],
    "nn.layer_norm": [],
    "nn.relu": [
        0.008185142722692692,
        0.005934931664907759,
        0.005680903932212508,
        0.008972716592917419,
        0.005653655282684643,
        0.005709910559129266,
        0.00829765327558194,
        0.005484889453350774,
        0.005709910559129266,
        0.008522674381360434,
        0.007875738702247264,
        0.005033968253099341,
        0.005905925037991001,
        0.004612053679764664,
        0.00486520242376547,
        0.005737159208657131,
        0.00486520242376547,
        0.0045848050302368,
        0.005680903932212508,
        0.0048942090506822284,
        0.0048379537742376045,
        0.0060184355908802474,
        0.005878676388463136,
        0.004612053679764664,
        0.005258989358877832,
        0.00419013910642999,
        0.00419013910642999,
        0.00486520242376547,
        0.0041628904569021245,
        0.0041628904569021245,
        0.0048379537742376045,
        0.004387032573986171,
        0.004387032573986171,
        0.00486520242376547,
        0.0041628904569021245,
        0.0041628904569021245,
        0.004809826136015294,
        0.004528549753792177,
        0.004472294477347553,
        0.004950464327126851,
        0.0048379537742376045,
        0.00419013910642999,
        0.004443287850430794,
        0.0042472733715690604,
        0.003937869351123632,
        0.0041628904569021245,
        0.003994124627568255,
        0.003965118000651496,
        0.004697315583126047
    ],
    "nn.bias_add": [
        0.004387032573986171
    ],
    "nn.max_pool2d": [
        0.007538207043579524
    ],
    "nn.adaptive_avg_pool2d": [
        0.006862264737549598
    ],
    "nn.batch_matmul": [],
    "nn.softmax": [],
    "nn.batch_norm": [
        0.04936048912537916,
        0.04291838098377536,
        0.041202595052214346,
        0.07253414706578619,
        0.05152368030241382,
        0.040922197658685676,
        0.04097581596904695,
        0.05141116974952458,
        0.04075343182935181,
        0.040694539586823834,
        0.05149643165288596,
        0.047867966322207765,
        0.03855683908192815,
        0.14268535578092592,
        0.04274697818835814,
        0.038416200890816585,
        0.03805229957131543,
        0.04305989816358136,
        0.037965279690565165,
        0.037743774539564456,
        0.042637104601552234,
        0.037881775764592666,
        0.037772781166481216,
        0.0431126374852482,
        0.04151024109527087,
        0.03706607425614563,
        0.12195792337716556,
        0.03838983122998318,
        0.03622136612078184,
        0.036306628024143216,
        0.03968282359951506,
        0.03625300971378194,
        0.03611061354528148,
        0.03898139062134617,
        0.03704058358400667,
        0.036474514864782634,
        0.03954745934057019,
        0.03611149253397593,
        0.036362883300587845,
        0.03917828408890235,
        0.0365334071073106,
        0.03684369011645047,
        0.03973819988726525,
        0.038136682485982364,
        0.036564171711616265,
        0.23477700129816317,
        0.03751787444509151,
        0.036084243884448065,
        0.03574583323708588,
        0.0372647257010907,
        0.035550697746918596,
        0.035802088513530506,
        0.037318344011451995
    ],
    "multiply": [],
    "add": [
        0.012037750170454943,
        0.011897111979343386,
        0.012151139712038635,
        0.007368562225551206,
        0.007313185937801032,
        0.007341313576023342,
        0.007341313576023342,
        0.005287995985794592,
        0.005371499911767079,
        0.005344251262239215,
        0.0055974000062400196,
        0.005737159208657131,
        0.005455882826434014,
        0.004977712976654716,
        0.0045848050302368,
        0.004555798403320041
    ],
    "squeeze": [],
    "reshape": [],
    "transpose": [],
    "latency": 19.29736614227295,
    "batch_size": 1,
    "model_name": "wide_resnet50_2",
    "sm_partition": 60
}